{
  "type": "FeatureCollection",
  "features": [
    {
      "type": "Feature",
      "id": 1,
      "geometry": {
        "type": "MultiPolygon",
        "coordinates": [
          [
            [
              [175.3741, -35.8189],
              [175.3789, -35.8252],
              [175.4042, -35.8239],
              [175.4382, -35.8253],
              [175.4618, -35.8286],
              [175.4944, -35.8364],
              [175.5246, -35.8475],
              [175.5423, -35.856],
              [175.5641, -35.8689],
              [175.5815, -35.8817],
              [175.6059, -35.9043],
              [175.6261, -35.9282],
              [175.6388, -35.9476],
              [175.6735, -35.9668],
              [175.704, -35.991],
              [175.7278, -36.0176],
              [175.7422, -36.0398],
              [175.7493, -36.0538],
              [175.7577, -36.0776],
              [175.7634, -36.1097],
              [175.7633, -36.1495],
              [175.759, -36.173],
              [175.755, -36.1857],
              [175.7674, -36.2046],
              [175.779, -36.228],
              [175.8147, -36.231],
              [175.843, -36.2366],
              [175.877, -36.2469],
              [175.9033, -36.2583],
              [175.6281, -36.385],
              [175.4169, -36.3799],
              [175.251, -36.3997],
              [175.1631, -36.5239],
              [175.2666, -36.7038],
              [175.2896, -36.7681],
              [175.311, -36.8384],
              [175.3615, -36.9303],
              [175.3396, -36.9353],
              [175.3278, -36.9363],
              [175.2599, -36.9322],
              [175.2261, -36.9278],
              [175.2028, -36.9193],
              [175.1913, -36.9179],
              [175.182, -36.9201],
              [175.1667, -36.9317],
              [175.1581, -36.9322],
              [175.1524, -36.9297],
              [175.1468, -36.923],
              [175.1288, -36.9199],
              [175.1212, -36.9168],
              [175.1081, -36.8966],
              [175.0876, -36.8763],
              [175.0655, -36.8627],
              [175.0392, -36.8525],
              [175.0069, -36.8443],
              [174.9846, -36.8423],
              [174.9572, -36.8476],
              [174.9376, -36.857],
              [174.9016, -36.8458],
              [174.89, -36.8461],
              [174.8819, -36.8335],
              [174.8204, -36.8345],
              [174.8192, -36.8101],
              [174.8212, -36.7583],
              [174.8261, -36.7354],
              [174.8353, -36.7147],
              [174.8444, -36.7005],
              [174.8597, -36.6829],
              [174.9144, -36.6381],
              [174.947, -36.6044],
              [174.9749, -36.5666],
              [174.9863, -36.5406],
              [174.9889, -36.5264],
              [174.9898, -36.5036],
              [174.9786, -36.154],
              [174.9783, -36.0963],
              [174.9803, -36.0721],
              [174.9866, -36.0413],
              [174.9974, -36.0103],
              [175.0217, -35.9611],
              [175.0723, -35.8478],
              [175.0853, -35.8273],
              [175.1019, -35.8083],
              [175.127, -35.7877],
              [175.1474, -35.775],
              [175.1705, -35.7636],
              [175.1933, -35.7554],
              [175.2281, -35.7456],
              [175.2655, -35.7397],
              [175.3063, -35.7601],
              [175.3327, -35.7777],
              [175.3562, -35.7982],
              [175.3741, -35.8189]
            ]
          ],
          [
            [
              [174.7356, -36.8325],
              [174.763, -36.8328],
              [174.7926, -36.837],
              [174.7894, -36.8477],
              [174.7836, -36.8477],
              [174.7817, -36.85],
              [174.7791, -36.849],
              [174.7759, -36.8511],
              [174.7809, -36.8609],
              [174.7781, -36.8635],
              [174.7711, -36.8641],
              [174.7705, -36.866],
              [174.7609, -36.864],
              [174.7597, -36.8658],
              [174.7486, -36.8702],
              [174.7461, -36.8684],
              [174.7547, -36.8624],
              [174.7528, -36.8597],
              [174.7468, -36.8564],
              [174.7409, -36.8572],
              [174.7383, -36.8546],
              [174.7323, -36.8544],
              [174.7309, -36.8514],
              [174.7248, -36.8509],
              [174.71, -36.8429],
              [174.7107, -36.834],
              [174.7356, -36.8325]
            ]
          ]
        ]
      },
      "properties": { "name": "Auckland Central" }
    },
    {
      "type": "Feature",
      "id": 2,
      "geometry": {
        "type": "Polygon",
        "coordinates": [
          [
            [173.3084, -43.5594],
            [173.3325, -43.5811],
            [173.3565, -43.6104],
            [173.3719, -43.6357],
            [173.3903, -43.675],
            [173.4027, -43.7104],
            [173.4062, -43.731],
            [173.4073, -43.7683],
            [173.4054, -43.7996],
            [173.4015, -43.8178],
            [173.392, -43.8423],
            [173.3749, -43.8708],
            [173.3651, -43.898],
            [173.3482, -43.9265],
            [173.3354, -43.9424],
            [173.3188, -43.959],
            [173.28, -43.9915],
            [173.25, -44.0112],
            [173.1635, -44.0543],
            [173.122, -44.07],
            [173.019, -44.0951],
            [172.9546, -44.1023],
            [172.919, -44.1029],
            [172.8416, -44.0984],
            [172.744, -44.081],
            [172.7133, -44.0728],
            [172.6726, -44.0583],
            [172.6487, -44.0472],
            [172.6228, -44.0321],
            [172.5251, -44.0434],
            [172.457, -44.0486],
            [172.4294, -44.054],
            [172.3615, -43.8597],
            [172.573, -43.7702],
            [172.5741, -43.764],
            [172.573, -43.7577],
            [172.5802, -43.7539],
            [172.586, -43.7532],
            [172.5918, -43.7556],
            [172.6055, -43.7504],
            [172.6045, -43.7373],
            [172.6073, -43.7356],
            [172.6073, -43.7314],
            [172.5993, -43.7289],
            [172.5969, -43.7266],
            [172.5886, -43.7268],
            [172.5842, -43.7234],
            [172.5838, -43.7214],
            [172.5972, -43.716],
            [172.5969, -43.7128],
            [172.6058, -43.7017],
            [172.6052, -43.6993],
            [172.6071, -43.6974],
            [172.6063, -43.6932],
            [172.6088, -43.6902],
            [172.6144, -43.6877],
            [172.6164, -43.6884],
            [172.6186, -43.6865],
            [172.6217, -43.673],
            [172.6247, -43.6667],
            [172.6246, -43.6567],
            [172.6233, -43.655],
            [172.6244, -43.6536],
            [172.6231, -43.6518],
            [172.6273, -43.6478],
            [172.6227, -43.6379],
            [172.6278, -43.6239],
            [172.6217, -43.6231],
            [172.6166, -43.6252],
            [172.6132, -43.6286],
            [172.601, -43.623],
            [172.5977, -43.6196],
            [172.593, -43.6196],
            [172.582, -43.616],
            [172.5698, -43.6215],
            [172.5687, -43.6182],
            [172.5707, -43.6142],
            [172.5683, -43.6069],
            [172.5557, -43.6071],
            [172.5524, -43.6048],
            [172.5609, -43.5985],
            [172.5562, -43.5963],
            [172.5501, -43.599],
            [172.5506, -43.5964],
            [172.5487, -43.5935],
            [172.5401, -43.5903],
            [172.5372, -43.5876],
            [172.5362, -43.5832],
            [172.539, -43.5778],
            [172.5472, -43.5828],
            [172.5538, -43.5772],
            [172.5465, -43.5726],
            [172.5487, -43.5706],
            [172.5482, -43.5687],
            [172.5507, -43.5686],
            [172.5527, -43.5654],
            [172.5714, -43.5717],
            [172.581, -43.5618],
            [172.5905, -43.5703],
            [172.6132, -43.5637],
            [172.6307, -43.552],
            [172.6369, -43.5572],
            [172.6369, -43.5612],
            [172.6388, -43.5606],
            [172.6406, -43.5623],
            [172.6393, -43.5691],
            [172.6437, -43.5703],
            [172.6481, -43.5621],
            [172.6474, -43.557],
            [172.6508, -43.5533],
            [172.658, -43.5529],
            [172.6602, -43.5561],
            [172.6571, -43.559],
            [172.6583, -43.5619],
            [172.661, -43.5628],
            [172.6649, -43.5611],
            [172.6676, -43.5529],
            [172.6602, -43.5488],
            [172.6731, -43.5336],
            [172.6848, -43.5409],
            [172.6875, -43.5407],
            [172.6877, -43.5384],
            [172.6931, -43.5393],
            [172.6991, -43.5433],
            [172.6955, -43.5464],
            [172.7035, -43.5507],
            [172.7142, -43.5523],
            [172.7279, -43.5484],
            [172.7343, -43.5486],
            [172.74, -43.5516],
            [172.7466, -43.5623],
            [172.7564, -43.5614],
            [172.9889, -43.4247],
            [173.0374, -43.4381],
            [173.0762, -43.446],
            [173.1046, -43.4548],
            [173.1431, -43.4628],
            [173.1814, -43.4755],
            [173.2066, -43.487],
            [173.2316, -43.5014],
            [173.2655, -43.5278],
            [173.2927, -43.5462],
            [173.3084, -43.5594]
          ]
        ]
      },
      "properties": { "name": "Banks Peninsula" }
    },
    {
      "type": "Feature",
      "id": 3,
      "geometry": {
        "type": "Polygon",
        "coordinates": [
          [
            [176.512, -37.6442],
            [176.4122, -37.7516],
            [176.406, -37.7505],
            [176.4029, -37.7525],
            [176.3956, -37.7515],
            [176.3752, -37.7455],
            [176.3675, -37.7472],
            [176.3604, -37.7446],
            [176.3555, -37.7403],
            [176.3535, -37.741],
            [176.3146, -37.7329],
            [176.2982, -37.7329],
            [176.2958, -37.7279],
            [176.2859, -37.7241],
            [176.276, -37.724],
            [176.2711, -37.7204],
            [176.2673, -37.7199],
            [176.2655, -37.7169],
            [176.2527, -37.7188],
            [176.2498, -37.7208],
            [176.239, -37.7181],
            [176.2372, -37.7163],
            [176.223, -37.7196],
            [176.2172, -37.719],
            [176.2146, -37.7241],
            [176.2096, -37.7261],
            [176.2126, -37.7322],
            [176.2081, -37.7332],
            [176.2061, -37.7387],
            [176.2026, -37.7401],
            [176.2048, -37.744],
            [176.1991, -37.745],
            [176.1945, -37.7434],
            [176.1911, -37.7479],
            [176.1922, -37.7493],
            [176.1839, -37.7503],
            [176.1814, -37.7487],
            [176.1748, -37.7509],
            [176.1768, -37.753],
            [176.1762, -37.7544],
            [176.1702, -37.7582],
            [176.1698, -37.7567],
            [176.1588, -37.7601],
            [176.157, -37.7647],
            [176.158, -37.7657],
            [176.1541, -37.7735],
            [176.1591, -37.7775],
            [176.1595, -37.7813],
            [176.1552, -37.7867],
            [176.1552, -37.7923],
            [176.1575, -37.7971],
            [176.1559, -37.7979],
            [176.1573, -37.7996],
            [176.1566, -37.8018],
            [176.1536, -37.8034],
            [176.1548, -37.8049],
            [176.1531, -37.8072],
            [176.1542, -37.8117],
            [176.1581, -37.8162],
            [176.16, -37.8238],
            [176.1672, -37.8248],
            [176.1701, -37.8277],
            [176.1746, -37.8246],
            [176.1779, -37.8256],
            [176.1802, -37.8233],
            [176.1843, -37.8269],
            [176.1843, -37.8295],
            [176.1808, -37.8289],
            [176.1787, -37.8298],
            [176.1778, -37.8324],
            [176.1703, -37.8328],
            [176.1665, -37.8409],
            [176.1581, -37.8473],
            [176.1568, -37.8448],
            [176.1535, -37.8462],
            [176.1543, -37.8417],
            [176.1515, -37.8403],
            [176.1507, -37.8378],
            [176.1479, -37.84],
            [176.1398, -37.8383],
            [176.1345, -37.8393],
            [176.1301, -37.8324],
            [176.1304, -37.8286],
            [176.128, -37.822],
            [176.1259, -37.8294],
            [176.1223, -37.8324],
            [176.1216, -37.8304],
            [176.1197, -37.8324],
            [176.1182, -37.8314],
            [176.1161, -37.836],
            [176.1058, -37.8372],
            [176.1043, -37.8349],
            [176.1029, -37.8395],
            [176.1005, -37.8401],
            [176.0987, -37.838],
            [176.0953, -37.8382],
            [176.0949, -37.8368],
            [176.09, -37.8447],
            [176.0881, -37.8451],
            [176.0912, -37.8485],
            [176.0914, -37.8512],
            [176.0945, -37.8522],
            [176.0939, -37.8555],
            [176.0975, -37.8589],
            [176.0974, -37.8633],
            [176.1011, -37.8682],
            [176.0999, -37.8686],
            [176.0998, -37.8736],
            [176.0966, -37.8827],
            [176.0919, -37.8879],
            [176.097, -37.8936],
            [176.0949, -37.8973],
            [176.0936, -37.8971],
            [176.0957, -37.905],
            [176.0881, -37.9136],
            [176.1175, -37.927],
            [176.1029, -37.9636],
            [176.0983, -37.9619],
            [176.0623, -38.0268],
            [176.0548, -38.0196],
            [176.0331, -38.0085],
            [176.023, -37.9989],
            [176.0135, -37.9936],
            [175.9713, -37.9863],
            [175.9701, -37.9835],
            [175.9726, -37.9749],
            [175.9716, -37.9708],
            [175.9653, -37.9655],
            [175.9593, -37.9675],
            [175.9533, -37.9628],
            [175.9494, -37.9567],
            [175.9422, -37.9355],
            [175.9414, -37.9278],
            [175.9469, -37.9227],
            [175.9772, -37.9137],
            [175.958, -37.9058],
            [175.9542, -37.9019],
            [175.9718, -37.8828],
            [175.9677, -37.8833],
            [175.9609, -37.8894],
            [175.9478, -37.8788],
            [175.943, -37.8791],
            [175.9396, -37.8826],
            [175.9363, -37.8814],
            [175.9379, -37.8737],
            [175.9365, -37.8701],
            [175.9399, -37.868],
            [175.9319, -37.8616],
            [175.9279, -37.8521],
            [175.9281, -37.8472],
            [175.935, -37.8426],
            [175.9059, -37.8286],
            [175.9276, -37.7762],
            [175.9348, -37.7788],
            [175.9343, -37.7769],
            [175.9364, -37.7745],
            [175.9391, -37.7757],
            [175.9407, -37.7745],
            [175.9432, -37.7752],
            [175.9433, -37.777],
            [175.947, -37.7762],
            [175.9472, -37.7776],
            [175.9501, -37.7783],
            [175.9561, -37.7748],
            [175.9562, -37.7779],
            [175.9586, -37.7784],
            [175.9569, -37.7815],
            [175.9596, -37.7816],
            [175.9594, -37.7864],
            [175.9617, -37.7871],
            [175.9618, -37.7899],
            [175.9664, -37.7896],
            [175.9675, -37.7924],
            [175.9725, -37.7958],
            [175.9811, -37.7955],
            [175.9818, -37.7986],
            [175.9849, -37.7969],
            [175.9857, -37.7986],
            [175.9881, -37.7976],
            [175.9889, -37.7993],
            [175.9919, -37.7991],
            [175.9925, -37.8026],
            [176.0042, -37.7894],
            [176.0145, -37.7863],
            [176.0196, -37.7586],
            [176.0217, -37.7577],
            [176.0162, -37.7487],
            [176.0158, -37.7376],
            [176.0118, -37.7345],
            [176.0132, -37.7338],
            [176.0118, -37.7272],
            [176.0168, -37.7132],
            [176.0156, -37.7125],
            [176.0155, -37.7069],
            [176.0236, -37.6989],
            [176.0259, -37.6915],
            [176.0361, -37.6844],
            [176.036, -37.6825],
            [176.0415, -37.6805],
            [176.0443, -37.6828],
            [176.0462, -37.6794],
            [176.0498, -37.679],
            [176.0505, -37.6816],
            [176.0514, -37.6798],
            [176.0535, -37.6797],
            [176.0534, -37.6745],
            [176.0497, -37.6718],
            [176.052, -37.6686],
            [176.0473, -37.6633],
            [176.0478, -37.6596],
            [176.0554, -37.6553],
            [176.0751, -37.6491],
            [176.0941, -37.6325],
            [176.1024, -37.6397],
            [176.1104, -37.6428],
            [176.1383, -37.6448],
            [176.1045, -37.6696],
            [176.1061, -37.6777],
            [176.0969, -37.6836],
            [176.0932, -37.6882],
            [176.0914, -37.6936],
            [176.094, -37.6983],
            [176.099, -37.7003],
            [176.1026, -37.7104],
            [176.0943, -37.7285],
            [176.0845, -37.7357],
            [176.0827, -37.7396],
            [176.1016, -37.7478],
            [176.1037, -37.7473],
            [176.103, -37.7538],
            [176.1054, -37.7547],
            [176.1086, -37.7537],
            [176.1061, -37.7524],
            [176.1113, -37.749],
            [176.1109, -37.7504],
            [176.1206, -37.7521],
            [176.1188, -37.7544],
            [176.1326, -37.7567],
            [176.1319, -37.7516],
            [176.1367, -37.7455],
            [176.1353, -37.7451],
            [176.1384, -37.7414],
            [176.1418, -37.7411],
            [176.141, -37.7392],
            [176.1423, -37.7392],
            [176.1423, -37.7371],
            [176.1462, -37.7365],
            [176.1473, -37.7349],
            [176.1441, -37.732],
            [176.1467, -37.729],
            [176.1461, -37.7264],
            [176.1739, -37.711],
            [176.1791, -37.702],
            [176.1779, -37.6748],
            [176.1926, -37.6845],
            [176.1981, -37.6846],
            [176.2026, -37.6787],
            [176.2108, -37.6769],
            [176.2144, -37.6703],
            [176.2081, -37.6647],
            [176.2158, -37.6588],
            [176.5229, -37.2216],
            [176.5299, -37.252],
            [176.5307, -37.2844],
            [176.5264, -37.3117],
            [176.5146, -37.3531],
            [176.5428, -37.363],
            [176.5704, -37.3762],
            [176.6014, -37.3965],
            [176.6198, -37.412],
            [176.6328, -37.4256],
            [176.6616, -37.4381],
            [176.6896, -37.4545],
            [176.512, -37.6442]
          ]
        ]
      },
      "properties": { "name": "Bay of Plenty" }
    },
    {
      "type": "Feature",
      "id": 4,
      "geometry": {
        "type": "Polygon",
        "coordinates": [
          [
            [174.9602, -36.9054],
            [174.9572, -36.91],
            [174.941, -36.9167],
            [174.9371, -36.9198],
            [174.9328, -36.931],
            [174.937, -36.9379],
            [174.9356, -36.9471],
            [174.9344, -36.9491],
            [174.9288, -36.9482],
            [174.9277, -36.9493],
            [174.9283, -36.9516],
            [174.9306, -36.9518],
            [174.9291, -36.9553],
            [174.9259, -36.9556],
            [174.9268, -36.9601],
            [174.9247, -36.9673],
            [174.9067, -36.9646],
            [174.9046, -36.9718],
            [174.9137, -36.9735],
            [174.911, -36.9832],
            [174.9031, -36.9814],
            [174.8979, -36.9782],
            [174.8951, -36.9832],
            [174.8836, -36.9794],
            [174.8918, -36.9506],
            [174.8804, -36.9493],
            [174.8798, -36.9475],
            [174.8763, -36.946],
            [174.8651, -36.9483],
            [174.8591, -36.9435],
            [174.8597, -36.9404],
            [174.8684, -36.9335],
            [174.8651, -36.9265],
            [174.8868, -36.9265],
            [174.8961, -36.9174],
            [174.8998, -36.9202],
            [174.9041, -36.9158],
            [174.9051, -36.9109],
            [174.9035, -36.9084],
            [174.9074, -36.9061],
            [174.9077, -36.9039],
            [174.9115, -36.9052],
            [174.9188, -36.9016],
            [174.9208, -36.9037],
            [174.9287, -36.9062],
            [174.939, -36.9057],
            [174.9443, -36.897],
            [174.9422, -36.8933],
            [174.9434, -36.891],
            [174.9376, -36.857],
            [174.9617, -36.8646],
            [174.9624, -36.8863],
            [174.9602, -36.9054]
          ]
        ]
      },
      "properties": { "name": "Botany" }
    },
    {
      "type": "Feature",
      "id": 5,
      "geometry": {
        "type": "Polygon",
        "coordinates": [
          [
            [172.6294, -43.4647],
            [172.6309, -43.466],
            [172.6339, -43.4648],
            [172.6323, -43.4718],
            [172.6336, -43.4718],
            [172.6334, -43.4744],
            [172.635, -43.4745],
            [172.634, -43.488],
            [172.6447, -43.488],
            [172.6542, -43.4899],
            [172.6523, -43.4935],
            [172.6481, -43.495],
            [172.6516, -43.4999],
            [172.6517, -43.518],
            [172.6501, -43.5261],
            [172.6604, -43.5252],
            [172.6731, -43.5336],
            [172.6602, -43.5488],
            [172.6676, -43.5529],
            [172.6649, -43.5611],
            [172.661, -43.5628],
            [172.6583, -43.5619],
            [172.6571, -43.559],
            [172.6602, -43.5561],
            [172.658, -43.5529],
            [172.6515, -43.553],
            [172.6483, -43.5551],
            [172.6481, -43.5621],
            [172.6452, -43.5693],
            [172.6425, -43.5706],
            [172.6387, -43.5682],
            [172.6406, -43.5623],
            [172.6388, -43.5606],
            [172.6369, -43.5612],
            [172.6369, -43.5572],
            [172.6262, -43.5479],
            [172.6218, -43.5474],
            [172.6218, -43.5412],
            [172.6117, -43.5404],
            [172.6132, -43.5239],
            [172.6281, -43.5209],
            [172.6079, -43.497],
            [172.5936, -43.4903],
            [172.5996, -43.4842],
            [172.6071, -43.4841],
            [172.6119, -43.4736],
            [172.6205, -43.4666],
            [172.6205, -43.4644],
            [172.6254, -43.465],
            [172.6282, -43.4633],
            [172.6294, -43.4647]
          ]
        ]
      },
      "properties": { "name": "Christchurch Central" }
    },
    {
      "type": "Feature",
      "id": 6,
      "geometry": {
        "type": "Polygon",
        "coordinates": [
          [
            [172.9863, -43.3873],
            [172.9889, -43.4247],
            [172.7564, -43.5614],
            [172.7466, -43.5623],
            [172.74, -43.5516],
            [172.7343, -43.5486],
            [172.7279, -43.5484],
            [172.7142, -43.5523],
            [172.7035, -43.5507],
            [172.6955, -43.5464],
            [172.6991, -43.5433],
            [172.6931, -43.5393],
            [172.6877, -43.5384],
            [172.6875, -43.5407],
            [172.6848, -43.5409],
            [172.6604, -43.5252],
            [172.6502, -43.5262],
            [172.6517, -43.518],
            [172.6516, -43.4999],
            [172.6481, -43.495],
            [172.6523, -43.4935],
            [172.6542, -43.4899],
            [172.6447, -43.488],
            [172.634, -43.488],
            [172.635, -43.4745],
            [172.6334, -43.4744],
            [172.6336, -43.4718],
            [172.6323, -43.4718],
            [172.6339, -43.4648],
            [172.6392, -43.468],
            [172.647, -43.4687],
            [172.6582, -43.4624],
            [172.6557, -43.4416],
            [172.6497, -43.4326],
            [172.6488, -43.4272],
            [172.6527, -43.4209],
            [172.6529, -43.4152],
            [172.6512, -43.4128],
            [172.6732, -43.3987],
            [172.681, -43.3906],
            [172.7012, -43.3909],
            [172.986, -43.3794],
            [172.9863, -43.3873]
          ]
        ]
      },
      "properties": { "name": "Christchurch East" }
    },
    {
      "type": "Feature",
      "id": 7,
      "geometry": {
        "type": "Polygon",
        "coordinates": [
          [
            [176.0218, -36.3713],
            [176.0329, -36.4028],
            [176.0555, -36.4116],
            [176.0844, -36.4265],
            [176.1095, -36.4437],
            [176.1291, -36.461],
            [176.1455, -36.4793],
            [176.158, -36.497],
            [176.173, -36.5268],
            [176.1918, -36.5829],
            [176.1961, -36.607],
            [176.1974, -36.6279],
            [176.1952, -36.6546],
            [176.1896, -36.6778],
            [176.181, -36.6995],
            [176.1682, -36.7223],
            [176.1663, -36.7312],
            [176.2003, -36.7438],
            [176.2267, -36.7574],
            [176.2499, -36.773],
            [176.2814, -36.7983],
            [176.2956, -36.8105],
            [176.3139, -36.8299],
            [176.3317, -36.8551],
            [176.3431, -36.878],
            [176.3487, -36.8936],
            [176.3544, -36.9193],
            [176.356, -36.9535],
            [176.3545, -36.9738],
            [176.3494, -36.9982],
            [176.3402, -37.0225],
            [176.33, -37.0413],
            [176.3134, -37.0668],
            [176.3567, -37.0761],
            [176.3999, -37.0925],
            [176.4352, -37.1131],
            [176.4584, -37.1307],
            [176.4761, -37.1471],
            [176.1499, -37.6242],
            [176.1592, -37.6365],
            [176.1583, -37.6394],
            [176.1505, -37.6443],
            [176.1442, -37.6404],
            [176.1383, -37.6448],
            [176.1188, -37.6442],
            [176.1043, -37.6407],
            [176.0941, -37.6325],
            [176.0751, -37.6491],
            [176.0554, -37.6553],
            [176.0472, -37.6602],
            [176.0478, -37.6643],
            [176.052, -37.6686],
            [176.0497, -37.6718],
            [176.0534, -37.6745],
            [176.0535, -37.6797],
            [176.0514, -37.6798],
            [176.0505, -37.6816],
            [176.0498, -37.679],
            [176.0462, -37.6794],
            [176.0443, -37.6828],
            [176.0415, -37.6805],
            [176.036, -37.6825],
            [176.0361, -37.6844],
            [176.0259, -37.6915],
            [176.0236, -37.6989],
            [176.0155, -37.7069],
            [176.0156, -37.7125],
            [176.0168, -37.7132],
            [176.0118, -37.7272],
            [176.0132, -37.7338],
            [176.0118, -37.7345],
            [176.0158, -37.7376],
            [176.0162, -37.7487],
            [176.0217, -37.7577],
            [176.0196, -37.7586],
            [176.0145, -37.7863],
            [176.0042, -37.7894],
            [175.9925, -37.8026],
            [175.9919, -37.7991],
            [175.9889, -37.7993],
            [175.9881, -37.7976],
            [175.9857, -37.7986],
            [175.9849, -37.7969],
            [175.9818, -37.7986],
            [175.9811, -37.7955],
            [175.9725, -37.7958],
            [175.9675, -37.7924],
            [175.9664, -37.7896],
            [175.9618, -37.7899],
            [175.9617, -37.7871],
            [175.9594, -37.7864],
            [175.9596, -37.7816],
            [175.9569, -37.7815],
            [175.9586, -37.7784],
            [175.9562, -37.7779],
            [175.9561, -37.7748],
            [175.9501, -37.7783],
            [175.9472, -37.7776],
            [175.947, -37.7762],
            [175.9433, -37.777],
            [175.9432, -37.7752],
            [175.9407, -37.7745],
            [175.9392, -37.7757],
            [175.9364, -37.7745],
            [175.9343, -37.7769],
            [175.9348, -37.7788],
            [175.9276, -37.7762],
            [175.8952, -37.7242],
            [175.8996, -37.7222],
            [175.8978, -37.7213],
            [175.9002, -37.7184],
            [175.8957, -37.7167],
            [175.898, -37.7142],
            [175.8968, -37.7118],
            [175.8921, -37.7112],
            [175.8899, -37.7092],
            [175.8897, -37.7011],
            [175.8795, -37.6993],
            [175.8721, -37.6863],
            [175.8709, -37.6775],
            [175.8648, -37.6722],
            [175.8652, -37.6681],
            [175.8563, -37.6628],
            [175.8521, -37.662],
            [175.8481, -37.6519],
            [175.8445, -37.6486],
            [175.8432, -37.6432],
            [175.8408, -37.6419],
            [175.8415, -37.6388],
            [175.8375, -37.6354],
            [175.8371, -37.6322],
            [175.8336, -37.6275],
            [175.8358, -37.6267],
            [175.8367, -37.6228],
            [175.8408, -37.6206],
            [175.8398, -37.6181],
            [175.8415, -37.6133],
            [175.8356, -37.6035],
            [175.8346, -37.5982],
            [175.8328, -37.5976],
            [175.823, -37.5826],
            [175.8217, -37.5716],
            [175.7647, -37.5232],
            [175.7435, -37.5334],
            [175.7533, -37.5266],
            [175.7513, -37.523],
            [175.7539, -37.5179],
            [175.7526, -37.5029],
            [175.7509, -37.5],
            [175.7522, -37.4964],
            [175.7506, -37.4938],
            [175.7551, -37.4867],
            [175.7534, -37.482],
            [175.7553, -37.4787],
            [175.7549, -37.4631],
            [175.7121, -37.4625],
            [175.7062, -37.4593],
            [175.7076, -37.4687],
            [175.7061, -37.4693],
            [175.7017, -37.4586],
            [175.6904, -37.4631],
            [175.6847, -37.4571],
            [175.6721, -37.4509],
            [175.6464, -37.4547],
            [175.6398, -37.4537],
            [175.6386, -37.4498],
            [175.6403, -37.4493],
            [175.6402, -37.4471],
            [175.6372, -37.4435],
            [175.6401, -37.4418],
            [175.6403, -37.4396],
            [175.6348, -37.4351],
            [175.6295, -37.4333],
            [175.6292, -37.4266],
            [175.6326, -37.425],
            [175.6314, -37.4188],
            [175.5981, -37.419],
            [175.5877, -37.4241],
            [175.5839, -37.4192],
            [175.5207, -37.4198],
            [175.5205, -37.423],
            [175.5112, -37.429],
            [175.5115, -37.4303],
            [175.4692, -37.4361],
            [175.437, -37.4501],
            [175.438, -37.4406],
            [175.4309, -37.4417],
            [175.4087, -37.438],
            [175.4125, -37.4286],
            [175.4117, -37.4248],
            [175.3959, -37.4392],
            [175.3904, -37.4322],
            [175.3913, -37.4258],
            [175.3952, -37.4243],
            [175.3969, -37.4218],
            [175.3949, -37.4108],
            [175.3886, -37.4047],
            [175.3879, -37.4008],
            [175.3859, -37.4006],
            [175.3847, -37.3974],
            [175.3774, -37.3931],
            [175.3763, -37.3896],
            [175.3817, -37.3816],
            [175.382, -37.3764],
            [175.3839, -37.3742],
            [175.3791, -37.3703],
            [175.3757, -37.3698],
            [175.3602, -37.3539],
            [175.3417, -37.3248],
            [175.3224, -37.2841],
            [175.3163, -37.287],
            [175.3054, -37.285],
            [175.2957, -37.2789],
            [175.2837, -37.2748],
            [175.2793, -37.2689],
            [175.2645, -37.2633],
            [175.2464, -37.2538],
            [175.2362, -37.2538],
            [175.2277, -37.2502],
            [175.2091, -37.2458],
            [175.1951, -37.2461],
            [175.1889, -37.2481],
            [175.185, -37.2472],
            [175.1883, -37.2429],
            [175.1843, -37.2442],
            [175.1808, -37.2395],
            [175.176, -37.2399],
            [175.1725, -37.2342],
            [175.1746, -37.2292],
            [175.1794, -37.2286],
            [175.1736, -37.2228],
            [175.1775, -37.2232],
            [175.1769, -37.2207],
            [175.1742, -37.2192],
            [175.1757, -37.2149],
            [175.1705, -37.2145],
            [175.1695, -37.2064],
            [175.1638, -37.206],
            [175.1636, -37.2012],
            [175.1574, -37.1946],
            [175.1519, -37.1941],
            [175.1505, -37.1807],
            [175.1476, -37.175],
            [175.1411, -37.1756],
            [175.1402, -37.1719],
            [175.1339, -37.1682],
            [175.1442, -37.1677],
            [175.1463, -37.1523],
            [175.1452, -37.1446],
            [175.1482, -37.1428],
            [175.1522, -37.143],
            [175.1539, -37.1362],
            [175.1524, -37.1275],
            [175.1542, -37.121],
            [175.15, -37.1197],
            [175.1473, -37.1099],
            [175.1434, -37.1086],
            [175.1446, -37.1013],
            [175.1408, -37.0987],
            [175.1464, -37.0899],
            [175.1445, -37.0872],
            [175.1448, -37.0789],
            [175.146, -37.0759],
            [175.1483, -37.0759],
            [175.1505, -37.0703],
            [175.1466, -37.0712],
            [175.1477, -37.0702],
            [175.1457, -37.0695],
            [175.1455, -37.0684],
            [175.149, -37.0673],
            [175.1466, -37.0632],
            [175.1476, -37.0549],
            [175.1556, -37.047],
            [175.1535, -37.0432],
            [175.1548, -37.0379],
            [175.1531, -37.0373],
            [175.1556, -37.0298],
            [175.1516, -37.0245],
            [175.1521, -37.0216],
            [175.1563, -37.0181],
            [175.1639, -37.0161],
            [175.166, -37.0214],
            [175.1677, -37.0211],
            [175.173, -37.027],
            [175.1757, -37.0274],
            [175.1785, -37.0303],
            [175.1787, -37.034],
            [175.1848, -37.0408],
            [175.1904, -37.0386],
            [175.1929, -37.0395],
            [175.1971, -37.0359],
            [175.2021, -37.0387],
            [175.2064, -37.0375],
            [175.2027, -37.036],
            [175.2077, -37.0301],
            [175.2678, -37.0274],
            [175.2911, -37.024],
            [175.3886, -37.0219],
            [175.3793, -36.9626],
            [175.311, -36.8384],
            [175.2896, -36.7681],
            [175.2666, -36.7038],
            [175.1631, -36.5239],
            [175.251, -36.3997],
            [175.4169, -36.3799],
            [175.6281, -36.385],
            [175.9033, -36.2583],
            [175.9193, -36.2668],
            [175.9396, -36.2803],
            [175.9667, -36.3007],
            [175.9813, -36.3141],
            [176.0058, -36.3431],
            [176.0218, -36.3713]
          ]
        ]
      },
      "properties": { "name": "Coromandel" }
    },
    {
      "type": "Feature",
      "id": 8,
      "geometry": {
        "type": "Polygon",
        "coordinates": [
          [
            [170.5553, -45.5123],
            [170.5556, -45.5143],
            [170.5514, -45.5124],
            [170.5557, -45.5155],
            [170.5537, -45.5179],
            [170.5546, -45.5241],
            [170.5624, -45.5383],
            [170.5603, -45.542],
            [170.5628, -45.546],
            [170.5632, -45.5511],
            [170.5618, -45.5539],
            [170.5729, -45.5546],
            [170.5753, -45.557],
            [170.5756, -45.5607],
            [170.5801, -45.5635],
            [170.5798, -45.5675],
            [170.5881, -45.5719],
            [170.5905, -45.5724],
            [170.5978, -45.5694],
            [170.6035, -45.5714],
            [170.6048, -45.574],
            [170.6137, -45.5757],
            [170.6302, -45.571],
            [170.6272, -45.5693],
            [170.6281, -45.5671],
            [170.6368, -45.5598],
            [170.678, -45.56],
            [170.6806, -45.5586],
            [170.7156, -45.5595],
            [170.7088, -45.551],
            [170.7153, -45.5488],
            [170.716, -45.5504],
            [170.7226, -45.5528],
            [170.7237, -45.5514],
            [170.7214, -45.5508],
            [170.7269, -45.5488],
            [170.7257, -45.554],
            [170.7287, -45.5562],
            [170.7283, -45.5577],
            [170.726, -45.5569],
            [170.7282, -45.5609],
            [170.7267, -45.5693],
            [171.0076, -45.636],
            [170.9986, -45.6577],
            [170.9878, -45.676],
            [171.0059, -45.6998],
            [171.0186, -45.7232],
            [171.0273, -45.7451],
            [171.0343, -45.7714],
            [171.0384, -45.8048],
            [171.0377, -45.8205],
            [171.034, -45.8405],
            [171.0359, -45.8685],
            [171.0353, -45.8871],
            [171.0284, -45.9188],
            [171.0159, -45.9465],
            [170.998, -45.9723],
            [170.9689, -46.0014],
            [170.9253, -46.0315],
            [170.8909, -46.049],
            [170.8586, -46.061],
            [170.8295, -46.0689],
            [170.8026, -46.0823],
            [170.7756, -46.0928],
            [170.741, -46.1028],
            [170.7083, -46.109],
            [170.5388, -45.9077],
            [170.5411, -45.9042],
            [170.5406, -45.9006],
            [170.5426, -45.8961],
            [170.5361, -45.8923],
            [170.5309, -45.8915],
            [170.5291, -45.893],
            [170.5163, -45.8941],
            [170.5091, -45.8971],
            [170.5044, -45.894],
            [170.5, -45.8878],
            [170.494, -45.8919],
            [170.4894, -45.8918],
            [170.4803, -45.895],
            [170.4625, -45.8968],
            [170.4619, -45.8953],
            [170.4546, -45.8933],
            [170.4626, -45.8829],
            [170.4625, -45.8814],
            [170.4574, -45.8798],
            [170.4526, -45.8799],
            [170.458, -45.8753],
            [170.4578, -45.871],
            [170.4485, -45.8701],
            [170.4529, -45.8649],
            [170.449, -45.8632],
            [170.442, -45.8646],
            [170.4344, -45.864],
            [170.4386, -45.8627],
            [170.4465, -45.8547],
            [170.4501, -45.854],
            [170.4491, -45.8509],
            [170.4582, -45.8494],
            [170.47, -45.8517],
            [170.4882, -45.8411],
            [170.4811, -45.8349],
            [170.4875, -45.8313],
            [170.4873, -45.8222],
            [170.4941, -45.8172],
            [170.4967, -45.8097],
            [170.4967, -45.801],
            [170.4516, -45.7457],
            [170.424, -45.6652],
            [170.4224, -45.6633],
            [170.4196, -45.6633],
            [170.4208, -45.6548],
            [170.4197, -45.632],
            [170.4087, -45.6369],
            [170.4142, -45.6216],
            [170.416, -45.611],
            [170.4124, -45.6062],
            [170.4085, -45.5961],
            [170.4024, -45.5934],
            [170.4065, -45.5866],
            [170.4037, -45.584],
            [170.4041, -45.5826],
            [170.3998, -45.5815],
            [170.3975, -45.5719],
            [170.3898, -45.562],
            [170.3877, -45.5541],
            [170.4193, -45.5187],
            [170.4313, -45.5232],
            [170.4558, -45.5286],
            [170.4672, -45.5289],
            [170.4764, -45.533],
            [170.4816, -45.5092],
            [170.5529, -45.5094],
            [170.5558, -45.5104],
            [170.5553, -45.5123]
          ]
        ]
      },
      "properties": { "name": "Dunedin" }
    },
    {
      "type": "Feature",
      "id": 9,
      "geometry": {
        "type": "Polygon",
        "coordinates": [
          [
            [177.4281, -37.6038],
            [177.4163, -37.6234],
            [177.4063, -37.6365],
            [177.3812, -37.6627],
            [177.3528, -37.6864],
            [177.3291, -37.701],
            [177.3014, -37.7143],
            [177.2723, -37.7245],
            [177.2337, -37.7329],
            [177.1904, -37.7366],
            [177.2105, -37.761],
            [177.2237, -37.7838],
            [177.2475, -37.79],
            [177.3114, -37.7893],
            [177.3487, -37.766],
            [177.3575, -37.7499],
            [177.3762, -37.7237],
            [177.4273, -37.674],
            [177.4411, -37.6471],
            [177.4626, -37.619],
            [177.4837, -37.599],
            [177.5002, -37.5863],
            [177.5222, -37.5595],
            [177.5579, -37.5283],
            [177.5936, -37.5063],
            [177.6295, -37.4911],
            [177.6643, -37.4815],
            [177.7023, -37.476],
            [177.727, -37.4573],
            [177.7584, -37.44],
            [177.7699, -37.4241],
            [177.7919, -37.4009],
            [177.8078, -37.3878],
            [177.826, -37.3755],
            [177.8488, -37.3627],
            [177.8794, -37.35],
            [177.9074, -37.3418],
            [177.9326, -37.3367],
            [177.9525, -37.3343],
            [177.9875, -37.3331],
            [178.0163, -37.3351],
            [178.0451, -37.3398],
            [178.0649, -37.3381],
            [178.1016, -37.3392],
            [178.1317, -37.3339],
            [178.1593, -37.3316],
            [178.2334, -37.3333],
            [178.2714, -37.338],
            [178.2986, -37.3443],
            [178.33, -37.355],
            [178.3589, -37.3578],
            [178.396, -37.3653],
            [178.4346, -37.3786],
            [178.4662, -37.3938],
            [178.5006, -37.4169],
            [178.5238, -37.4386],
            [178.5582, -37.446],
            [178.604, -37.4615],
            [178.6325, -37.475],
            [178.6639, -37.4952],
            [178.6905, -37.5036],
            [178.7233, -37.5182],
            [178.7558, -37.5384],
            [178.7783, -37.5576],
            [178.7962, -37.5769],
            [178.8117, -37.5989],
            [178.8277, -37.6334],
            [178.8332, -37.6532],
            [178.836, -37.6751],
            [178.8361, -37.6946],
            [178.8303, -37.7287],
            [178.8243, -37.7469],
            [178.816, -37.7642],
            [178.795, -37.7955],
            [178.7802, -37.8128],
            [178.7622, -37.8299],
            [178.7254, -37.8549],
            [178.7041, -37.8777],
            [178.6954, -37.9001],
            [178.6805, -37.9274],
            [178.6653, -37.9492],
            [178.6544, -37.9614],
            [178.6518, -37.9771],
            [178.6456, -37.9975],
            [178.6298, -38.0303],
            [178.6336, -38.0519],
            [178.6341, -38.0764],
            [178.6307, -38.1017],
            [178.6206, -38.1456],
            [178.6235, -38.1681],
            [178.623, -38.1907],
            [178.6163, -38.2245],
            [178.6224, -38.2392],
            [178.6296, -38.2646],
            [178.6322, -38.2882],
            [178.6317, -38.3113],
            [178.6244, -38.3448],
            [178.6179, -38.3616],
            [178.6081, -38.3803],
            [178.6037, -38.3944],
            [178.6051, -38.4245],
            [178.601, -38.4531],
            [178.5938, -38.4756],
            [178.583, -38.498],
            [178.5711, -38.5166],
            [178.5548, -38.5357],
            [178.5527, -38.559],
            [178.5501, -38.5702],
            [178.5435, -38.5917],
            [178.538, -38.604],
            [178.5086, -38.6521],
            [178.4892, -38.6751],
            [178.4701, -38.6925],
            [178.4545, -38.7043],
            [178.4365, -38.7155],
            [178.4118, -38.7279],
            [178.3927, -38.7532],
            [178.3757, -38.7702],
            [178.355, -38.7867],
            [178.3027, -38.8202],
            [178.2881, -38.8278],
            [177.9403, -38.7228],
            [177.9358, -38.7225],
            [177.9355, -38.7201],
            [177.9341, -38.7202],
            [177.9317, -38.7161],
            [177.9221, -38.7084],
            [177.918, -38.7078],
            [177.9085, -38.7099],
            [177.9007, -38.7088],
            [177.8971, -38.7042],
            [177.8928, -38.7061],
            [177.8832, -38.691],
            [177.8769, -38.6947],
            [177.874, -38.6905],
            [177.8705, -38.6888],
            [177.8698, -38.6858],
            [177.8656, -38.6839],
            [177.8706, -38.6825],
            [177.8671, -38.6808],
            [177.8685, -38.6786],
            [177.8602, -38.679],
            [177.8578, -38.6782],
            [177.8558, -38.6739],
            [177.8377, -38.6712],
            [177.8439, -38.6648],
            [177.8493, -38.6641],
            [177.8507, -38.6586],
            [177.8465, -38.6487],
            [177.8574, -38.6455],
            [177.8696, -38.6546],
            [177.8759, -38.645],
            [177.886, -38.6491],
            [177.8883, -38.6421],
            [177.8833, -38.6425],
            [177.8803, -38.6265],
            [177.8824, -38.6236],
            [177.8913, -38.619],
            [177.8923, -38.6149],
            [177.8891, -38.6143],
            [177.8837, -38.6096],
            [177.8905, -38.6044],
            [177.8959, -38.6052],
            [177.8995, -38.6006],
            [177.9004, -38.5953],
            [177.8974, -38.5851],
            [177.9001, -38.581],
            [177.9042, -38.5787],
            [177.9041, -38.575],
            [177.9078, -38.5684],
            [177.8991, -38.5623],
            [177.8915, -38.5624],
            [177.8898, -38.5583],
            [177.8842, -38.555],
            [177.8833, -38.5577],
            [177.8803, -38.5596],
            [177.88, -38.566],
            [177.8727, -38.569],
            [177.8665, -38.5744],
            [177.8573, -38.5714],
            [177.851, -38.5774],
            [177.845, -38.5792],
            [177.8335, -38.578],
            [177.8194, -38.5636],
            [177.8414, -38.5333],
            [177.8252, -38.5246],
            [177.8195, -38.5095],
            [177.8494, -38.4938],
            [177.8496, -38.4923],
            [177.84, -38.4797],
            [177.8373, -38.4783],
            [177.8379, -38.4767],
            [177.8325, -38.4758],
            [177.8331, -38.4733],
            [177.8291, -38.4591],
            [177.8309, -38.4544],
            [177.8295, -38.4472],
            [177.832, -38.4452],
            [177.8335, -38.4392],
            [177.83, -38.4301],
            [177.8315, -38.4282],
            [177.8294, -38.4258],
            [177.8299, -38.4233],
            [177.8232, -38.4241],
            [177.8213, -38.4215],
            [177.8181, -38.4233],
            [177.8184, -38.4205],
            [177.8085, -38.4173],
            [177.807, -38.416],
            [177.8085, -38.4088],
            [177.8038, -38.4064],
            [177.8051, -38.4051],
            [177.8019, -38.4009],
            [177.7922, -38.4016],
            [177.7853, -38.3993],
            [177.7795, -38.401],
            [177.7775, -38.4001],
            [177.7755, -38.4023],
            [177.7693, -38.4016],
            [177.7624, -38.4049],
            [177.7631, -38.4059],
            [177.7577, -38.4059],
            [177.7561, -38.4075],
            [177.7566, -38.3875],
            [177.752, -38.3849],
            [177.7475, -38.3852],
            [177.7459, -38.386],
            [177.7469, -38.3871],
            [177.74, -38.3871],
            [177.733, -38.3848],
            [177.7326, -38.3823],
            [177.7271, -38.3794],
            [177.7204, -38.3805],
            [177.7157, -38.3767],
            [177.7125, -38.3772],
            [177.7035, -38.3721],
            [177.7005, -38.3689],
            [177.7011, -38.3662],
            [177.6367, -38.3383],
            [177.6183, -38.3246],
            [177.6244, -38.3504],
            [177.6222, -38.3534],
            [177.6196, -38.3529],
            [177.6149, -38.3553],
            [177.6218, -38.3586],
            [177.5973, -38.3676],
            [177.6008, -38.3712],
            [177.6067, -38.3728],
            [177.5742, -38.3849],
            [177.5728, -38.3753],
            [177.5688, -38.3699],
            [177.5716, -38.3677],
            [177.5743, -38.3592],
            [177.5714, -38.3564],
            [177.5617, -38.3522],
            [177.5607, -38.3425],
            [177.5542, -38.3367],
            [177.5608, -38.3284],
            [177.5596, -38.3249],
            [177.5502, -38.316],
            [177.5296, -38.3229],
            [177.5275, -38.3262],
            [177.5315, -38.3305],
            [177.5301, -38.3325],
            [177.5326, -38.3334],
            [177.5315, -38.3374],
            [177.51, -38.3334],
            [177.5082, -38.331],
            [177.5061, -38.3324],
            [177.504, -38.329],
            [177.5024, -38.329],
            [177.5016, -38.326],
            [177.5001, -38.3266],
            [177.4999, -38.3245],
            [177.4977, -38.3235],
            [177.4944, -38.3268],
            [177.4901, -38.3253],
            [177.4891, -38.3266],
            [177.482, -38.3271],
            [177.4805, -38.3215],
            [177.4712, -38.3212],
            [177.4637, -38.3335],
            [177.2369, -38.4263],
            [177.2574, -38.5083],
            [177.2547, -38.513],
            [177.2512, -38.5137],
            [177.2409, -38.5102],
            [177.2379, -38.5195],
            [177.2302, -38.5272],
            [177.2258, -38.5341],
            [177.2025, -38.5243],
            [177.1965, -38.5326],
            [177.1892, -38.537],
            [177.177, -38.5609],
            [177.1665, -38.5674],
            [177.164, -38.573],
            [177.167, -38.5778],
            [177.1591, -38.5781],
            [177.1506, -38.5843],
            [177.1456, -38.5836],
            [177.1417, -38.5786],
            [177.1382, -38.5768],
            [177.1199, -38.5854],
            [177.1163, -38.5932],
            [177.106, -38.6041],
            [177.1033, -38.6103],
            [177.1018, -38.6242],
            [177.0997, -38.6274],
            [177.0965, -38.6259],
            [177.0971, -38.6201],
            [177.0936, -38.6182],
            [177.0859, -38.6205],
            [177.0779, -38.6106],
            [177.0714, -38.6125],
            [177.0652, -38.6195],
            [177.0608, -38.6221],
            [177.0506, -38.62],
            [177.0455, -38.6211],
            [177.0418, -38.6266],
            [177.035, -38.6291],
            [177.0271, -38.6393],
            [177.0255, -38.6458],
            [177.022, -38.6495],
            [177.0209, -38.6608],
            [177.017, -38.6672],
            [177.0064, -38.6759],
            [176.9913, -38.6938],
            [176.9856, -38.6942],
            [176.9734, -38.7039],
            [176.9701, -38.705],
            [176.9658, -38.7039],
            [176.9642, -38.6983],
            [176.9619, -38.6968],
            [176.9542, -38.6975],
            [176.9434, -38.6949],
            [176.9324, -38.6985],
            [176.9292, -38.6982],
            [176.9234, -38.6905],
            [176.9141, -38.6894],
            [176.8995, -38.6826],
            [176.8934, -38.6701],
            [176.8868, -38.6665],
            [176.8765, -38.668],
            [176.8614, -38.6801],
            [176.8596, -38.6794],
            [176.8566, -38.6725],
            [176.8456, -38.6725],
            [176.8403, -38.6781],
            [176.8326, -38.6801],
            [176.8225, -38.6914],
            [176.8196, -38.6908],
            [176.8158, -38.6869],
            [176.8106, -38.6868],
            [176.8036, -38.6816],
            [176.7994, -38.6805],
            [176.7948, -38.6822],
            [176.7857, -38.6809],
            [176.7733, -38.6845],
            [176.7667, -38.6893],
            [176.7654, -38.6963],
            [176.7672, -38.7003],
            [176.7609, -38.7073],
            [176.7585, -38.7094],
            [176.7528, -38.7108],
            [176.748, -38.7097],
            [176.7442, -38.7119],
            [176.7448, -38.7155],
            [176.7427, -38.719],
            [176.7445, -38.7244],
            [176.7429, -38.7278],
            [176.7339, -38.7281],
            [176.7268, -38.7218],
            [176.7165, -38.7249],
            [176.7139, -38.7283],
            [176.714, -38.736],
            [176.7109, -38.7394],
            [176.71, -38.7437],
            [176.7111, -38.7482],
            [176.7071, -38.7554],
            [176.7104, -38.7586],
            [176.7097, -38.7691],
            [176.707, -38.7723],
            [176.7036, -38.7838],
            [176.7041, -38.7864],
            [176.7079, -38.789],
            [176.7, -38.7941],
            [176.7017, -38.8001],
            [176.7002, -38.8035],
            [176.692, -38.8063],
            [176.6965, -38.8109],
            [176.6958, -38.8213],
            [176.7012, -38.8233],
            [176.7041, -38.8271],
            [176.7002, -38.8381],
            [176.7042, -38.8451],
            [176.6977, -38.856],
            [176.6482, -38.783],
            [176.6372, -38.7633],
            [176.6242, -38.7543],
            [176.6175, -38.7013],
            [176.6459, -38.6059],
            [176.6178, -38.5947],
            [176.6172, -38.5977],
            [176.6122, -38.6026],
            [176.6122, -38.607],
            [176.6056, -38.6087],
            [176.5522, -38.5809],
            [176.553, -38.5778],
            [176.5407, -38.5602],
            [176.5432, -38.5544],
            [176.5364, -38.5523],
            [176.5295, -38.5443],
            [176.5334, -38.5351],
            [176.5028, -38.5265],
            [176.5022, -38.5108],
            [176.4763, -38.5101],
            [176.4999, -38.4325],
            [176.5053, -38.4022],
            [176.5215, -38.4194],
            [176.5781, -38.427],
            [176.5817, -38.3229],
            [176.584, -38.1247],
            [176.6036, -38.1206],
            [176.6034, -38.0656],
            [176.6055, -38.0647],
            [176.6077, -38.0666],
            [176.6077, -38.064],
            [176.6152, -38.0587],
            [176.6031, -38.052],
            [176.6029, -38.0113],
            [176.6, -38.0114],
            [176.5987, -38.0088],
            [176.5531, -38.0092],
            [176.5539, -38.0073],
            [176.5526, -38.0067],
            [176.5543, -38.0043],
            [176.5532, -38.0023],
            [176.5407, -37.9984],
            [176.5362, -37.9921],
            [176.5309, -37.9905],
            [176.5283, -37.9918],
            [176.5249, -37.9906],
            [176.5136, -37.9954],
            [176.5087, -37.9945],
            [176.509, -37.9931],
            [176.5035, -37.9881],
            [176.505, -37.9838],
            [176.5015, -37.978],
            [176.5022, -37.9764],
            [176.4981, -37.9625],
            [176.5, -37.9588],
            [176.4724, -37.9588],
            [176.4717, -37.9646],
            [176.4693, -37.9669],
            [176.4403, -37.9578],
            [176.3841, -37.9549],
            [176.3843, -37.9492],
            [176.371, -37.9492],
            [176.3709, -37.9476],
            [176.3515, -37.9402],
            [176.351, -37.9372],
            [176.2862, -37.937],
            [176.3036, -37.9249],
            [176.3055, -37.9219],
            [176.3192, -37.9165],
            [176.3222, -37.9133],
            [176.3221, -37.9109],
            [176.3243, -37.9106],
            [176.3254, -37.9084],
            [176.329, -37.9087],
            [176.3323, -37.9046],
            [176.336, -37.9029],
            [176.3362, -37.9004],
            [176.34, -37.9003],
            [176.3406, -37.8977],
            [176.3442, -37.8957],
            [176.3448, -37.893],
            [176.3433, -37.8922],
            [176.3454, -37.89],
            [176.3443, -37.8884],
            [176.349, -37.8833],
            [176.3199, -37.8635],
            [176.3224, -37.8589],
            [176.3303, -37.8527],
            [176.3296, -37.8498],
            [176.3336, -37.8412],
            [176.3368, -37.8387],
            [176.3461, -37.8358],
            [176.3488, -37.8322],
            [176.3548, -37.8225],
            [176.3579, -37.8103],
            [176.3756, -37.8135],
            [176.3769, -37.8101],
            [176.3703, -37.8004],
            [176.3701, -37.7979],
            [176.3639, -37.7942],
            [176.3675, -37.7925],
            [176.3705, -37.7884],
            [176.3553, -37.7907],
            [176.3487, -37.79],
            [176.3412, -37.7862],
            [176.3379, -37.78],
            [176.3416, -37.7759],
            [176.3408, -37.77],
            [176.3441, -37.767],
            [176.3473, -37.7557],
            [176.3544, -37.7489],
            [176.3538, -37.7449],
            [176.3558, -37.7437],
            [176.3538, -37.7432],
            [176.3537, -37.741],
            [176.3555, -37.7403],
            [176.3604, -37.7446],
            [176.3675, -37.7472],
            [176.3752, -37.7455],
            [176.4021, -37.7525],
            [176.406, -37.7505],
            [176.4132, -37.7512],
            [176.4149, -37.7475],
            [176.6896, -37.4545],
            [176.7197, -37.4786],
            [176.7352, -37.4948],
            [176.7467, -37.5098],
            [176.7592, -37.5301],
            [176.7655, -37.5435],
            [176.7789, -37.5599],
            [176.7908, -37.5782],
            [176.8006, -37.5979],
            [176.8086, -37.6231],
            [176.8469, -37.6165],
            [176.8758, -37.6149],
            [176.9154, -37.6166],
            [176.9502, -37.6226],
            [176.9239, -37.5981],
            [176.9076, -37.5778],
            [176.8929, -37.5529],
            [176.881, -37.521],
            [176.8762, -37.4925],
            [176.8771, -37.4599],
            [176.8834, -37.4313],
            [176.8927, -37.4077],
            [176.9053, -37.3857],
            [176.924, -37.3612],
            [176.947, -37.3395],
            [176.9713, -37.3216],
            [176.9962, -37.3076],
            [177.0334, -37.2921],
            [177.0634, -37.2835],
            [177.1011, -37.2772],
            [177.1409, -37.2757],
            [177.1703, -37.2778],
            [177.2064, -37.2843],
            [177.2413, -37.295],
            [177.2799, -37.3134],
            [177.3157, -37.3382],
            [177.3345, -37.3471],
            [177.3556, -37.3596],
            [177.3747, -37.3736],
            [177.3928, -37.3898],
            [177.4137, -37.4144],
            [177.4301, -37.4411],
            [177.4403, -37.4669],
            [177.4459, -37.4912],
            [177.4478, -37.5255],
            [177.4464, -37.5469],
            [177.441, -37.5724],
            [177.4281, -37.6038]
          ]
        ]
      },
      "properties": { "name": "East Coast" }
    },
    {
      "type": "Feature",
      "id": 10,
      "geometry": {
        "type": "Polygon",
        "coordinates": [
          [
            [174.89, -36.6585],
            [174.8699, -36.6736],
            [174.852, -36.6911],
            [174.8389, -36.7086],
            [174.8273, -36.7319],
            [174.7532, -36.7329],
            [174.7469, -36.7357],
            [174.743, -36.7344],
            [174.737, -36.7367],
            [174.7422, -36.7391],
            [174.7393, -36.7448],
            [174.7283, -36.7502],
            [174.708, -36.7542],
            [174.6957, -36.7642],
            [174.6937, -36.7648],
            [174.6893, -36.761],
            [174.6808, -36.7639],
            [174.6732, -36.7591],
            [174.6763, -36.7537],
            [174.679, -36.7432],
            [174.6872, -36.7352],
            [174.6896, -36.7278],
            [174.6911, -36.7264],
            [174.6929, -36.7277],
            [174.6927, -36.7226],
            [174.6982, -36.7229],
            [174.7031, -36.7209],
            [174.7032, -36.718],
            [174.7082, -36.7183],
            [174.7087, -36.7205],
            [174.7126, -36.7185],
            [174.7064, -36.7085],
            [174.7029, -36.6898],
            [174.7007, -36.6853],
            [174.6964, -36.6813],
            [174.6892, -36.6788],
            [174.6846, -36.6753],
            [174.6863, -36.6747],
            [174.6881, -36.6772],
            [174.6895, -36.6723],
            [174.6927, -36.6714],
            [174.714, -36.6753],
            [174.7195, -36.6716],
            [174.724, -36.6711],
            [174.7362, -36.6614],
            [174.7438, -36.6607],
            [174.89, -36.6585]
          ]
        ]
      },
      "properties": { "name": "East Coast Bays" }
    },
    {
      "type": "Feature",
      "id": 11,
      "geometry": {
        "type": "Polygon",
        "coordinates": [
          [
            [174.7874, -36.8476],
            [174.7924, -36.8483],
            [174.8043, -36.859],
            [174.8181, -36.8651],
            [174.8188, -36.8709],
            [174.8168, -36.8747],
            [174.8179, -36.8796],
            [174.8122, -36.8802],
            [174.7907, -36.8927],
            [174.7823, -36.893],
            [174.7775, -36.9045],
            [174.7747, -36.9059],
            [174.7731, -36.8995],
            [174.7721, -36.9027],
            [174.757, -36.8987],
            [174.7599, -36.8898],
            [174.7474, -36.887],
            [174.7536, -36.8681],
            [174.7609, -36.864],
            [174.7705, -36.866],
            [174.7711, -36.8641],
            [174.7781, -36.8635],
            [174.7809, -36.8609],
            [174.7759, -36.8511],
            [174.7784, -36.8492],
            [174.7817, -36.85],
            [174.7836, -36.8477],
            [174.7874, -36.8476]
          ]
        ]
      },
      "properties": { "name": "Epsom" }
    },
    {
      "type": "Feature",
      "id": 12,
      "geometry": {
        "type": "Polygon",
        "coordinates": [
          [
            [175.2793, -37.7199],
            [175.2864, -37.7226],
            [175.2899, -37.7218],
            [175.2874, -37.7328],
            [175.2934, -37.7482],
            [175.3067, -37.7451],
            [175.3159, -37.7594],
            [175.3305, -37.7702],
            [175.3364, -37.785],
            [175.3449, -37.7929],
            [175.3413, -37.7957],
            [175.3352, -37.7958],
            [175.3334, -37.7974],
            [175.3344, -37.799],
            [175.3323, -37.8005],
            [175.3317, -37.8059],
            [175.3303, -37.8063],
            [175.3315, -37.8097],
            [175.3286, -37.8124],
            [175.3281, -37.8151],
            [175.3249, -37.8136],
            [175.3224, -37.8084],
            [175.3159, -37.8076],
            [175.3132, -37.8047],
            [175.3008, -37.8078],
            [175.2887, -37.803],
            [175.2869, -37.8001],
            [175.2909, -37.7943],
            [175.2906, -37.7919],
            [175.2847, -37.7865],
            [175.2793, -37.7784],
            [175.2696, -37.7718],
            [175.2661, -37.7641],
            [175.2626, -37.7606],
            [175.266, -37.7551],
            [175.2652, -37.7507],
            [175.245, -37.7368],
            [175.2487, -37.7307],
            [175.2479, -37.7268],
            [175.2514, -37.7261],
            [175.2541, -37.7231],
            [175.2793, -37.7199]
          ]
        ]
      },
      "properties": { "name": "Hamilton East" }
    },
    {
      "type": "Feature",
      "id": 13,
      "geometry": {
        "type": "Polygon",
        "coordinates": [
          [
            [175.2278, -37.7229],
            [175.2327, -37.7187],
            [175.2464, -37.7198],
            [175.2541, -37.7231],
            [175.2514, -37.7261],
            [175.2479, -37.7268],
            [175.2487, -37.7307],
            [175.245, -37.7368],
            [175.2652, -37.7507],
            [175.266, -37.7551],
            [175.2626, -37.7606],
            [175.2661, -37.7641],
            [175.2696, -37.7718],
            [175.2793, -37.7784],
            [175.2847, -37.7865],
            [175.2906, -37.7919],
            [175.2909, -37.7943],
            [175.2869, -37.8001],
            [175.2887, -37.803],
            [175.2997, -37.8077],
            [175.3132, -37.8047],
            [175.3159, -37.8076],
            [175.3232, -37.8092],
            [175.3233, -37.8145],
            [175.3296, -37.8207],
            [175.3303, -37.8236],
            [175.3202, -37.8334],
            [175.3145, -37.8361],
            [175.309, -37.842],
            [175.3081, -37.8459],
            [175.3068, -37.846],
            [175.3055, -37.8408],
            [175.2977, -37.8319],
            [175.2968, -37.8278],
            [175.2945, -37.8284],
            [175.2923, -37.8318],
            [175.2897, -37.8318],
            [175.283, -37.8289],
            [175.2847, -37.8264],
            [175.2796, -37.824],
            [175.2719, -37.8243],
            [175.2712, -37.8203],
            [175.2681, -37.822],
            [175.2659, -37.809],
            [175.2461, -37.8042],
            [175.2403, -37.8066],
            [175.2268, -37.8175],
            [175.2334, -37.8193],
            [175.2325, -37.8219],
            [175.2273, -37.8246],
            [175.2256, -37.8322],
            [175.2118, -37.8324],
            [175.2113, -37.8144],
            [175.2183, -37.8144],
            [175.2197, -37.8114],
            [175.2283, -37.807],
            [175.2316, -37.8032],
            [175.2331, -37.7973],
            [175.2281, -37.7967],
            [175.2295, -37.7872],
            [175.2236, -37.7847],
            [175.2211, -37.7852],
            [175.2214, -37.783],
            [175.2184, -37.7823],
            [175.2198, -37.78],
            [175.2176, -37.7742],
            [175.2182, -37.7672],
            [175.2138, -37.7659],
            [175.2085, -37.7699],
            [175.2048, -37.7686],
            [175.2025, -37.7635],
            [175.2096, -37.7625],
            [175.2066, -37.7572],
            [175.203, -37.7534],
            [175.1994, -37.7537],
            [175.1981, -37.751],
            [175.1908, -37.7502],
            [175.191, -37.7458],
            [175.1843, -37.743],
            [175.2056, -37.7406],
            [175.2066, -37.7359],
            [175.2098, -37.7328],
            [175.2072, -37.7252],
            [175.2085, -37.7202],
            [175.2073, -37.7086],
            [175.2111, -37.6993],
            [175.2161, -37.7027],
            [175.2188, -37.7134],
            [175.2226, -37.719],
            [175.2278, -37.7229]
          ]
        ]
      },
      "properties": { "name": "Hamilton West" }
    },
    {
      "type": "Feature",
      "id": 14,
      "geometry": {
        "type": "Polygon",
        "coordinates": [
          [
            [174.9227, -41.1483],
            [174.9272, -41.1492],
            [174.9266, -41.151],
            [174.9278, -41.1515],
            [174.9397, -41.1514],
            [174.9367, -41.1589],
            [174.9658, -41.1645],
            [174.9487, -41.1791],
            [174.9471, -41.1788],
            [174.9286, -41.1907],
            [174.9327, -41.1951],
            [174.9379, -41.1972],
            [174.9337, -41.2003],
            [174.9395, -41.2019],
            [174.9342, -41.205],
            [174.9416, -41.2059],
            [174.9419, -41.2081],
            [174.9399, -41.2097],
            [174.9465, -41.2121],
            [174.9489, -41.2194],
            [174.9599, -41.2175],
            [174.9629, -41.2215],
            [174.9716, -41.2235],
            [174.9729, -41.2149],
            [174.9871, -41.215],
            [174.9888, -41.2068],
            [174.9911, -41.2038],
            [174.9924, -41.2074],
            [174.9982, -41.2118],
            [174.9994, -41.2146],
            [175.0065, -41.2152],
            [175.0154, -41.2131],
            [175.02, -41.2177],
            [175.0287, -41.217],
            [175.0312, -41.2187],
            [175.0369, -41.2186],
            [175.041, -41.2221],
            [175.0481, -41.2168],
            [175.0525, -41.2156],
            [175.0601, -41.2181],
            [175.0674, -41.2185],
            [175.0688, -41.2157],
            [175.0765, -41.2124],
            [175.0819, -41.2179],
            [175.0798, -41.2206],
            [175.0835, -41.2281],
            [175.0796, -41.2374],
            [175.0802, -41.2409],
            [175.0742, -41.2446],
            [175.0761, -41.2525],
            [175.0871, -41.2627],
            [175.0808, -41.269],
            [175.0818, -41.2723],
            [175.087, -41.2776],
            [175.086, -41.2801],
            [175.0823, -41.2811],
            [175.083, -41.2844],
            [175.0768, -41.286],
            [175.0726, -41.2912],
            [175.0731, -41.2945],
            [175.0654, -41.2966],
            [175.062, -41.3022],
            [175.0562, -41.3058],
            [175.0554, -41.3094],
            [175.0474, -41.3136],
            [175.0481, -41.3189],
            [175.0454, -41.3225],
            [175.0423, -41.3226],
            [175.0408, -41.325],
            [175.0443, -41.3297],
            [175.0398, -41.3316],
            [175.0333, -41.3315],
            [175.0296, -41.3363],
            [175.023, -41.3405],
            [175.024, -41.3461],
            [175.0221, -41.3485],
            [175.0144, -41.3506],
            [175.0033, -41.3444],
            [174.9934, -41.345],
            [174.9892, -41.3528],
            [174.9846, -41.3566],
            [174.9805, -41.3652],
            [174.9707, -41.3705],
            [174.9587, -41.3829],
            [174.9865, -41.3962],
            [174.9825, -41.6783],
            [174.8001, -41.6208],
            [174.768, -41.607],
            [174.735, -41.5874],
            [174.6372, -41.5584],
            [174.8353, -41.352],
            [174.8508, -41.3315],
            [174.8527, -41.2937],
            [174.8497, -41.2716],
            [174.8274, -41.2621],
            [174.8272, -41.2563],
            [174.8577, -41.2382],
            [174.8498, -41.2266],
            [174.8575, -41.224],
            [174.8571, -41.2224],
            [174.8618, -41.2143],
            [174.859, -41.2099],
            [174.8603, -41.2058],
            [174.8625, -41.206],
            [174.8633, -41.2029],
            [174.8608, -41.2026],
            [174.8645, -41.1958],
            [174.8664, -41.1961],
            [174.8673, -41.1894],
            [174.8655, -41.1891],
            [174.8757, -41.1765],
            [174.8789, -41.1779],
            [174.8803, -41.1737],
            [174.8793, -41.1735],
            [174.8992, -41.1479],
            [174.9077, -41.1496],
            [174.9113, -41.14],
            [174.9155, -41.1409],
            [174.916, -41.147],
            [174.9227, -41.1483]
          ]
        ]
      },
      "properties": { "name": "Hutt South" }
    },
    {
      "type": "Feature",
      "id": 15,
      "geometry": {
        "type": "Polygon",
        "coordinates": [
          [
            [172.5517, -43.4356],
            [172.5701, -43.4717],
            [172.5996, -43.4842],
            [172.5936, -43.4903],
            [172.6079, -43.497],
            [172.6281, -43.5209],
            [172.6141, -43.5233],
            [172.6123, -43.5288],
            [172.572, -43.5319],
            [172.5089, -43.5126],
            [172.4882, -43.5102],
            [172.48, -43.5118],
            [172.4665, -43.5077],
            [172.4296, -43.5009],
            [172.4282, -43.5005],
            [172.439, -43.4685],
            [172.4099, -43.4669],
            [172.3986, -43.4627],
            [172.393, -43.463],
            [172.3957, -43.4557],
            [172.4148, -43.4532],
            [172.4324, -43.4476],
            [172.4631, -43.4474],
            [172.5148, -43.4419],
            [172.5227, -43.4423],
            [172.5517, -43.4356]
          ]
        ]
      },
      "properties": { "name": "Ilam" }
    },
    {
      "type": "Feature",
      "id": 16,
      "geometry": {
        "type": "Polygon",
        "coordinates": [
          [
            [167.9315, -45.672],
            [167.9443, -45.6784],
            [167.9522, -45.6898],
            [167.9672, -45.6916],
            [167.9679, -45.6942],
            [167.9817, -45.6965],
            [167.9789, -45.6983],
            [167.9818, -45.6984],
            [167.9818, -45.7001],
            [167.9851, -45.7014],
            [167.985, -45.7042],
            [167.9929, -45.7045],
            [167.9981, -45.7091],
            [168.0004, -45.7079],
            [168.011, -45.7111],
            [168.0134, -45.7164],
            [168.0119, -45.7181],
            [168.0137, -45.7189],
            [168.0101, -45.7249],
            [168.0145, -45.7251],
            [168.0127, -45.7276],
            [168.0154, -45.7365],
            [168.0146, -45.7387],
            [168.0181, -45.7399],
            [168.0179, -45.7424],
            [168.0204, -45.7456],
            [168.0176, -45.7442],
            [168.0061, -45.7484],
            [167.9999, -45.7638],
            [168.0204, -45.7686],
            [168.0168, -45.7814],
            [168.0118, -45.7826],
            [168.0119, -45.7846],
            [168.0076, -45.7908],
            [168.009, -45.7929],
            [168.0152, -45.7926],
            [168.0157, -45.7944],
            [168.0186, -45.792],
            [168.0443, -45.7935],
            [168.044, -45.7916],
            [168.0547, -45.7847],
            [168.0715, -45.7838],
            [168.0714, -45.7825],
            [168.106, -45.782],
            [168.1476, -45.8052],
            [168.1557, -45.805],
            [168.1521, -45.8085],
            [168.1514, -45.8118],
            [168.1463, -45.8123],
            [168.1443, -45.8152],
            [168.145, -45.8172],
            [168.1419, -45.8212],
            [168.1432, -45.8267],
            [168.1407, -45.8293],
            [168.1422, -45.8315],
            [168.1404, -45.8357],
            [168.1364, -45.8372],
            [168.1315, -45.8443],
            [168.1323, -45.8463],
            [168.1302, -45.8471],
            [168.1314, -45.8496],
            [168.1286, -45.8516],
            [168.1315, -45.8543],
            [168.1317, -45.8568],
            [168.1354, -45.8574],
            [168.1347, -45.8608],
            [168.1322, -45.8625],
            [168.1366, -45.8661],
            [168.1334, -45.8717],
            [168.1372, -45.8753],
            [168.1254, -45.885],
            [168.1271, -45.8894],
            [168.1262, -45.893],
            [168.1225, -45.8955],
            [168.123, -45.8992],
            [168.1255, -45.9008],
            [168.1242, -45.9034],
            [168.1286, -45.9069],
            [168.1273, -45.9115],
            [168.13, -45.914],
            [168.1248, -45.92],
            [168.1272, -45.9247],
            [168.1218, -45.9265],
            [168.1221, -45.9299],
            [168.1168, -45.9339],
            [168.1194, -45.9376],
            [168.1168, -45.9399],
            [168.1194, -45.9418],
            [168.1179, -45.9477],
            [168.1203, -45.9529],
            [168.114, -45.9595],
            [168.1135, -45.9652],
            [168.1149, -45.9684],
            [168.1133, -45.9713],
            [168.1165, -45.9742],
            [168.1178, -45.9797],
            [168.1226, -45.982],
            [168.1228, -45.9896],
            [168.1247, -45.9921],
            [168.1215, -45.9935],
            [168.1203, -45.9966],
            [168.1218, -45.9992],
            [168.118, -46.0023],
            [168.1181, -46.0061],
            [168.1149, -46.011],
            [168.12, -46.0174],
            [168.1164, -46.0206],
            [168.1162, -46.0254],
            [168.1131, -46.0282],
            [168.1147, -46.0363],
            [168.1121, -46.0399],
            [168.113, -46.0428],
            [168.1087, -46.0441],
            [168.1118, -46.047],
            [168.1082, -46.0507],
            [168.1107, -46.055],
            [168.1079, -46.057],
            [168.1107, -46.0607],
            [168.1096, -46.0642],
            [168.1057, -46.0664],
            [168.1045, -46.0692],
            [168.1012, -46.0692],
            [168.1, -46.0768],
            [168.09, -46.0809],
            [168.0861, -46.0804],
            [168.0836, -46.0828],
            [168.0794, -46.083],
            [168.0765, -46.0852],
            [168.0718, -46.0854],
            [168.063, -46.0918],
            [168.0518, -46.0929],
            [168.0452, -46.0974],
            [168.0401, -46.0974],
            [168.0335, -46.1034],
            [168.0354, -46.107],
            [168.0293, -46.107],
            [168.0289, -46.1101],
            [168.0218, -46.1136],
            [168.0156, -46.1143],
            [168.0111, -46.1181],
            [168.0127, -46.1191],
            [168.0119, -46.1204],
            [168.0034, -46.1217],
            [167.9957, -46.1281],
            [168.0117, -46.1406],
            [168.0112, -46.144],
            [168.0049, -46.1508],
            [168.01, -46.1542],
            [168.0113, -46.1594],
            [168.0137, -46.1617],
            [168.0198, -46.1623],
            [168.0185, -46.1672],
            [168.0228, -46.1667],
            [168.0241, -46.1713],
            [168.0288, -46.1722],
            [168.0297, -46.1754],
            [168.0349, -46.1754],
            [168.0373, -46.1737],
            [168.0407, -46.1745],
            [168.0414, -46.1766],
            [168.0446, -46.1778],
            [168.0453, -46.1851],
            [168.0531, -46.1859],
            [168.0563, -46.1886],
            [168.0583, -46.1953],
            [168.0624, -46.1975],
            [168.0617, -46.2095],
            [168.0603, -46.2106],
            [168.0653, -46.2105],
            [168.0739, -46.2062],
            [168.182, -46.2055],
            [168.1788, -46.1994],
            [168.18, -46.1907],
            [168.1818, -46.1884],
            [168.1907, -46.1884],
            [168.1907, -46.1854],
            [168.2015, -46.1832],
            [168.2279, -46.1855],
            [168.2345, -46.1906],
            [168.2524, -46.1964],
            [168.2622, -46.1978],
            [168.2686, -46.1963],
            [168.27, -46.1986],
            [168.2667, -46.2025],
            [168.2697, -46.204],
            [168.2792, -46.202],
            [168.2841, -46.2053],
            [168.4799, -46.2055],
            [168.4858, -46.2094],
            [168.4969, -46.2081],
            [168.4974, -46.2117],
            [168.5017, -46.2148],
            [168.5082, -46.2096],
            [168.5069, -46.2078],
            [168.5126, -46.2057],
            [168.5118, -46.2013],
            [168.5133, -46.1993],
            [168.5083, -46.1979],
            [168.5079, -46.1957],
            [168.5122, -46.1959],
            [168.512, -46.1938],
            [168.5145, -46.1932],
            [168.5134, -46.1915],
            [168.5164, -46.1911],
            [168.5177, -46.1885],
            [168.5218, -46.188],
            [168.5221, -46.1815],
            [168.5205, -46.1801],
            [168.5176, -46.1827],
            [168.5148, -46.1814],
            [168.5174, -46.1791],
            [168.5161, -46.1776],
            [168.5246, -46.1733],
            [168.5235, -46.1683],
            [168.5246, -46.1668],
            [168.5379, -46.169],
            [168.5353, -46.1764],
            [168.5428, -46.1774],
            [168.5421, -46.1792],
            [168.5468, -46.18],
            [168.5497, -46.1788],
            [168.5527, -46.1819],
            [168.558, -46.1803],
            [168.5555, -46.1789],
            [168.559, -46.1763],
            [168.5734, -46.1796],
            [168.5733, -46.1811],
            [168.5782, -46.184],
            [168.5883, -46.1807],
            [168.5894, -46.177],
            [168.5987, -46.1766],
            [168.6034, -46.1791],
            [168.6087, -46.1774],
            [168.6142, -46.1783],
            [168.6191, -46.1875],
            [168.6222, -46.1898],
            [168.6219, -46.1553],
            [168.6747, -46.1551],
            [168.6749, -46.1737],
            [168.6886, -46.1736],
            [168.6887, -46.1844],
            [168.6983, -46.1806],
            [168.7034, -46.1804],
            [168.7078, -46.1776],
            [168.7211, -46.1795],
            [168.7301, -46.1786],
            [168.7548, -46.1809],
            [168.7627, -46.185],
            [168.7745, -46.182],
            [168.7961, -46.1894],
            [168.7908, -46.1943],
            [168.7929, -46.1976],
            [168.7812, -46.2066],
            [168.7827, -46.2106],
            [168.7809, -46.2165],
            [168.7819, -46.2229],
            [168.7764, -46.228],
            [168.7718, -46.229],
            [168.77, -46.2338],
            [168.7669, -46.2351],
            [168.796, -46.244],
            [168.8023, -46.2429],
            [168.802, -46.2442],
            [168.8147, -46.248],
            [168.8329, -46.2513],
            [168.8328, -46.25],
            [168.8404, -46.248],
            [168.8403, -46.2431],
            [168.8376, -46.2431],
            [168.8373, -46.2417],
            [168.9129, -46.2427],
            [168.9125, -46.2605],
            [168.919, -46.259],
            [168.9285, -46.2612],
            [168.9418, -46.2594],
            [168.9564, -46.261],
            [168.9686, -46.2572],
            [168.9953, -46.2623],
            [168.9975, -46.2639],
            [168.9985, -46.2674],
            [168.9934, -46.2717],
            [168.9948, -46.2749],
            [168.9912, -46.2785],
            [168.9989, -46.2798],
            [169.0012, -46.2838],
            [169.0113, -46.2865],
            [169.0119, -46.2889],
            [169.0148, -46.2888],
            [169.0182, -46.2921],
            [169.0342, -46.2957],
            [169.038, -46.2988],
            [169.0414, -46.2987],
            [169.0457, -46.2959],
            [169.0461, -46.2938],
            [169.0533, -46.2874],
            [169.0531, -46.2857],
            [169.0552, -46.2846],
            [169.0543, -46.2834],
            [169.0611, -46.2807],
            [169.0629, -46.2777],
            [169.0783, -46.2764],
            [169.0823, -46.2738],
            [169.1066, -46.2743],
            [169.1196, -46.2727],
            [169.1204, -46.2708],
            [169.1223, -46.2722],
            [169.1225, -46.2705],
            [169.1274, -46.272],
            [169.1312, -46.271],
            [169.1308, -46.2698],
            [169.1352, -46.2672],
            [169.1549, -46.2686],
            [169.1839, -46.2914],
            [169.1855, -46.2954],
            [169.185, -46.2991],
            [169.1894, -46.3013],
            [169.1886, -46.3024],
            [169.1969, -46.3043],
            [169.1884, -46.3135],
            [169.1774, -46.3219],
            [169.1907, -46.3264],
            [169.1736, -46.3359],
            [169.1613, -46.3449],
            [169.1603, -46.3479],
            [169.1556, -46.3482],
            [169.1424, -46.3535],
            [169.1466, -46.356],
            [169.1463, -46.3591],
            [169.1374, -46.3662],
            [169.1362, -46.3741],
            [169.1341, -46.3754],
            [169.1442, -46.3824],
            [169.1611, -46.3818],
            [169.175, -46.3864],
            [169.1787, -46.3884],
            [169.1778, -46.3918],
            [169.1867, -46.3956],
            [169.196, -46.4044],
            [169.194, -46.4084],
            [169.1995, -46.4164],
            [169.1996, -46.4192],
            [169.1947, -46.4243],
            [169.1881, -46.4274],
            [169.1908, -46.4341],
            [169.1968, -46.4388],
            [169.1858, -46.4431],
            [169.1832, -46.4488],
            [169.1799, -46.4515],
            [169.1648, -46.4559],
            [169.1631, -46.4589],
            [169.1639, -46.4625],
            [169.1614, -46.4669],
            [169.1652, -46.472],
            [169.1782, -46.4778],
            [169.1786, -46.4808],
            [169.173, -46.4854],
            [169.1777, -46.4899],
            [169.2025, -46.4949],
            [169.2054, -46.4993],
            [169.2148, -46.5023],
            [169.2331, -46.5118],
            [169.2364, -46.5125],
            [169.2464, -46.5099],
            [169.2507, -46.5143],
            [169.2457, -46.5215],
            [169.2446, -46.5299],
            [169.236, -46.5363],
            [169.2262, -46.5494],
            [169.2162, -46.5542],
            [169.1941, -46.555],
            [169.1905, -46.5569],
            [169.1961, -46.5606],
            [169.2009, -46.5607],
            [169.2303, -46.573],
            [169.2345, -46.5731],
            [169.2379, -46.5752],
            [169.2451, -46.5752],
            [169.2511, -46.581],
            [169.2542, -46.5806],
            [169.2649, -46.5859],
            [169.2642, -46.5939],
            [169.2665, -46.5936],
            [169.2672, -46.5959],
            [169.2616, -46.5986],
            [169.2741, -46.6113],
            [169.2653, -46.6155],
            [169.2754, -46.6217],
            [169.2792, -46.6224],
            [169.3421, -46.8392],
            [169.3017, -46.852],
            [169.2531, -46.8612],
            [169.2165, -46.8643],
            [169.1609, -46.8627],
            [169.1215, -46.869],
            [169.0785, -46.8716],
            [169.0343, -46.8767],
            [169.0038, -46.8774],
            [168.9724, -46.8759],
            [168.9067, -46.8679],
            [168.8748, -46.8698],
            [168.8381, -46.869],
            [168.8201, -46.8886],
            [168.7997, -46.9061],
            [168.7517, -46.9395],
            [168.7237, -46.9555],
            [168.688, -46.9709],
            [168.6443, -46.9837],
            [168.6076, -46.9988],
            [168.5787, -47.0074],
            [168.5441, -47.015],
            [168.5545, -47.0346],
            [168.5634, -47.061],
            [168.5668, -47.0824],
            [168.5668, -47.1028],
            [168.5632, -47.1264],
            [168.5555, -47.1489],
            [168.5494, -47.1617],
            [168.5334, -47.1862],
            [168.5196, -47.2021],
            [168.5031, -47.2176],
            [168.4709, -47.2408],
            [168.4403, -47.2574],
            [168.4089, -47.2701],
            [168.3889, -47.2816],
            [168.3609, -47.2947],
            [168.3236, -47.3076],
            [168.2936, -47.3149],
            [168.1955, -47.3279],
            [168.2029, -47.3567],
            [168.2043, -47.379],
            [168.2024, -47.3994],
            [168.1956, -47.425],
            [168.1831, -47.4513],
            [168.1716, -47.4682],
            [168.1513, -47.4911],
            [168.1303, -47.5092],
            [168.1304, -47.5276],
            [168.1282, -47.5451],
            [168.1189, -47.5754],
            [168.1093, -47.594],
            [168.0996, -47.6085],
            [168.0789, -47.6322],
            [168.0553, -47.6525],
            [168.0245, -47.6726],
            [167.9898, -47.6894],
            [167.9531, -47.7032],
            [167.9123, -47.7144],
            [167.8708, -47.7213],
            [167.8342, -47.7239],
            [167.7959, -47.7234],
            [167.7624, -47.72],
            [167.7306, -47.7144],
            [167.6778, -47.6987],
            [167.6476, -47.6857],
            [167.6275, -47.6748],
            [167.6062, -47.661],
            [167.5849, -47.6437],
            [167.5699, -47.6288],
            [167.5533, -47.6077],
            [167.5403, -47.5848],
            [167.5344, -47.5701],
            [167.5288, -47.5496],
            [167.5267, -47.5307],
            [167.5271, -47.512],
            [167.5312, -47.4893],
            [167.4767, -47.4889],
            [167.4252, -47.4832],
            [167.3532, -47.4684],
            [167.3196, -47.4641],
            [167.2922, -47.4584],
            [167.2601, -47.4491],
            [167.2252, -47.4351],
            [167.1943, -47.4184],
            [167.1608, -47.3947],
            [167.1218, -47.3743],
            [167.1053, -47.3632],
            [167.0817, -47.3435],
            [167.0636, -47.3242],
            [167.0449, -47.2966],
            [167.0348, -47.2741],
            [167.0285, -47.2513],
            [167.026, -47.2271],
            [167.0289, -47.1972],
            [167.0376, -47.1698],
            [167.0483, -47.1488],
            [167.0583, -47.1341],
            [167.0786, -47.1103],
            [167.0969, -47.0931],
            [167.1228, -47.074],
            [167.1415, -47.0458],
            [167.1663, -47.0196],
            [167.2031, -46.9912],
            [167.2474, -46.9674],
            [167.2973, -46.9496],
            [167.3306, -46.9421],
            [167.3617, -46.9377],
            [167.3654, -46.9346],
            [167.3694, -46.9097],
            [167.3431, -46.8806],
            [167.3285, -46.8572],
            [167.3222, -46.8432],
            [167.3064, -46.7971],
            [167.3005, -46.7648],
            [167.3001, -46.748],
            [167.3028, -46.7245],
            [167.3107, -46.6978],
            [167.3202, -46.6785],
            [167.3351, -46.6564],
            [167.3491, -46.6404],
            [167.3676, -46.6234],
            [167.3872, -46.6088],
            [167.4153, -46.5921],
            [167.4417, -46.5798],
            [167.4835, -46.5656],
            [167.5056, -46.5499],
            [167.5408, -46.5306],
            [167.5334, -46.5128],
            [167.2924, -46.4591],
            [167.2459, -46.4641],
            [167.1914, -46.4657],
            [167.1546, -46.465],
            [167.1718, -46.4886],
            [167.1873, -46.5212],
            [167.1928, -46.5434],
            [167.1963, -46.5693],
            [167.1955, -46.5965],
            [167.1902, -46.6215],
            [167.1757, -46.6544],
            [167.1532, -46.6854],
            [167.1243, -46.7125],
            [167.0879, -46.7366],
            [167.0512, -46.754],
            [167.0047, -46.7689],
            [166.9634, -46.777],
            [166.9171, -46.7814],
            [166.8601, -46.7809],
            [166.8171, -46.7755],
            [166.7736, -46.7651],
            [166.6978, -46.736],
            [166.6671, -46.7196],
            [166.6392, -46.6999],
            [166.6173, -46.6798],
            [166.598, -46.656],
            [166.5849, -46.6336],
            [166.5755, -46.609],
            [166.5706, -46.5858],
            [166.5702, -46.5603],
            [166.5757, -46.5301],
            [166.5856, -46.5051],
            [166.5982, -46.4837],
            [166.6156, -46.4621],
            [166.642, -46.4379],
            [166.6703, -46.4185],
            [166.6592, -46.4153],
            [166.6163, -46.4096],
            [166.565, -46.396],
            [166.4998, -46.3706],
            [166.4653, -46.3541],
            [166.442, -46.3408],
            [166.4222, -46.3269],
            [166.4057, -46.3129],
            [166.363, -46.2654],
            [166.3255, -46.2463],
            [166.3046, -46.2324],
            [166.2885, -46.2195],
            [166.2607, -46.1904],
            [166.2418, -46.1601],
            [166.2282, -46.1484],
            [166.2109, -46.1301],
            [166.4535, -45.9898],
            [166.7015, -45.8439],
            [166.9228, -45.9094],
            [167.0562, -45.7254],
            [167.4063, -45.8213],
            [167.4243, -45.7889],
            [167.4186, -45.7743],
            [167.423, -45.7791],
            [167.4311, -45.7836],
            [167.4508, -45.7902],
            [167.4788, -45.7849],
            [167.493, -45.7767],
            [167.4982, -45.779],
            [167.5063, -45.7775],
            [167.5141, -45.7822],
            [167.521, -45.7824],
            [167.531, -45.7778],
            [167.5353, -45.7714],
            [167.537, -45.772],
            [167.5372, -45.7749],
            [167.5434, -45.7742],
            [167.5477, -45.7759],
            [167.552, -45.7738],
            [167.5668, -45.7714],
            [167.5766, -45.7721],
            [167.5921, -45.77],
            [167.5991, -45.7655],
            [167.6041, -45.7647],
            [167.602, -45.7629],
            [167.6018, -45.7604],
            [167.6036, -45.7528],
            [167.607, -45.7499],
            [167.6072, -45.7472],
            [167.6027, -45.7453],
            [167.5892, -45.7475],
            [167.5857, -45.7401],
            [167.592, -45.7343],
            [167.6159, -45.7278],
            [167.6219, -45.7216],
            [167.6199, -45.7068],
            [167.6125, -45.7029],
            [167.6108, -45.7005],
            [167.611, -45.6911],
            [167.6202, -45.6862],
            [167.6277, -45.6922],
            [167.6324, -45.692],
            [167.6388, -45.6945],
            [167.6516, -45.6937],
            [167.6573, -45.6961],
            [167.6746, -45.7115],
            [167.6919, -45.719],
            [167.7153, -45.7171],
            [167.7226, -45.7191],
            [167.739, -45.7197],
            [167.7444, -45.7179],
            [167.758, -45.7178],
            [167.7734, -45.7212],
            [167.7814, -45.7196],
            [167.7878, -45.7212],
            [167.7949, -45.7186],
            [167.8088, -45.7168],
            [167.8184, -45.7124],
            [167.8214, -45.7076],
            [167.8214, -45.7013],
            [167.8248, -45.6926],
            [167.8361, -45.6873],
            [167.8365, -45.6836],
            [167.8349, -45.6801],
            [167.8469, -45.6741],
            [167.8545, -45.6735],
            [167.8615, -45.6709],
            [167.8807, -45.6718],
            [167.8844, -45.6741],
            [167.8882, -45.6734],
            [167.894, -45.6749],
            [167.8939, -45.6768],
            [167.8961, -45.6778],
            [167.911, -45.6788],
            [167.9145, -45.6782],
            [167.9213, -45.6733],
            [167.9301, -45.6709],
            [167.9315, -45.672]
          ]
        ]
      },
      "properties": { "name": "Invercargill" }
    },
    {
      "type": "Feature",
      "id": 17,
      "geometry": {
        "type": "Polygon",
        "coordinates": [
          [
            [174.5396, -41.1055],
            [174.5148, -41.2157],
            [174.388, -41.4272],
            [174.413, -41.4694],
            [174.395, -41.4804],
            [174.4063, -41.5052],
            [174.4126, -41.5282],
            [174.4202, -41.5434],
            [174.4461, -41.5561],
            [174.4645, -41.5674],
            [174.4993, -41.5958],
            [174.5139, -41.6118],
            [174.5374, -41.6419],
            [174.5477, -41.659],
            [174.5573, -41.6803],
            [174.562, -41.6955],
            [174.5659, -41.7162],
            [174.5676, -41.7511],
            [174.5659, -41.7665],
            [174.5607, -41.7886],
            [174.5482, -41.8178],
            [174.5289, -41.8467],
            [174.5015, -41.877],
            [174.4771, -41.8964],
            [174.4477, -41.9142],
            [174.4272, -41.9443],
            [174.3763, -41.9971],
            [174.3403, -42.0237],
            [174.3288, -42.0385],
            [174.2974, -42.0732],
            [174.2738, -42.0926],
            [174.2458, -42.1102],
            [174.2301, -42.1276],
            [174.2079, -42.1467],
            [174.2085, -42.1748],
            [174.205, -42.1983],
            [174.1958, -42.2254],
            [174.1815, -42.2516],
            [174.1642, -42.274],
            [174.1393, -42.2989],
            [174.1165, -42.3167],
            [174.096, -42.3294],
            [174.0467, -42.3746],
            [174.0117, -42.3978],
            [173.9949, -42.4117],
            [173.9951, -42.4304],
            [173.9925, -42.4514],
            [173.9838, -42.4801],
            [173.9656, -42.5135],
            [173.9436, -42.5399],
            [173.9243, -42.5573],
            [173.9018, -42.5745],
            [173.8615, -42.5991],
            [173.8182, -42.6175],
            [173.7704, -42.6298],
            [173.7467, -42.6648],
            [173.7299, -42.6838],
            [173.716, -42.6965],
            [173.6761, -42.7686],
            [173.6577, -42.7978],
            [173.6393, -42.8343],
            [173.6326, -42.8553],
            [173.6223, -42.8769],
            [173.6034, -42.9041],
            [173.583, -42.9254],
            [173.5716, -42.9547],
            [173.5562, -42.9797],
            [173.5451, -42.9936],
            [173.5285, -43.0105],
            [173.491, -43.0425],
            [173.4714, -43.0669],
            [173.4544, -43.0832],
            [173.4317, -43.1005],
            [173.4083, -43.1146],
            [173.3659, -43.1365],
            [173.3233, -43.1536],
            [173.3019, -43.1796],
            [173.2824, -43.1975],
            [173.2602, -43.2135],
            [173.2269, -43.2319],
            [173.1989, -43.2434],
            [173.1646, -43.2535],
            [173.1239, -43.2608],
            [173.0837, -43.2634],
            [173.0447, -43.2745],
            [173.0351, -43.2782],
            [173.0063, -43.2958],
            [172.7254, -43.2776],
            [172.6966, -43.2787],
            [172.6711, -43.2757],
            [172.658, -43.2759],
            [172.6259, -43.2822],
            [172.6032, -43.2826],
            [172.5889, -43.2803],
            [172.548, -43.2837],
            [172.516, -43.2829],
            [172.489, -43.2774],
            [172.4636, -43.2629],
            [172.4427, -43.2558],
            [172.4092, -43.2555],
            [172.377, -43.2595],
            [172.3626, -43.2564],
            [172.3362, -43.2449],
            [172.3221, -43.241],
            [172.2908, -43.2435],
            [172.2645, -43.2418],
            [172.2484, -43.2441],
            [172.2311, -43.2379],
            [172.2297, -43.2354],
            [172.2299, -43.2301],
            [172.2263, -43.227],
            [172.2233, -43.2272],
            [172.22, -43.2299],
            [172.2106, -43.2289],
            [172.2072, -43.2303],
            [172.2075, -43.2327],
            [172.2049, -43.2363],
            [172.2016, -43.2356],
            [172.2045, -43.2343],
            [172.2052, -43.2319],
            [172.2014, -43.2344],
            [172.1965, -43.2327],
            [172.1964, -43.2282],
            [172.1921, -43.2277],
            [172.1958, -43.2222],
            [172.2033, -43.2228],
            [172.1995, -43.2196],
            [172.1998, -43.2138],
            [172.1982, -43.214],
            [172.196, -43.2182],
            [172.1885, -43.2147],
            [172.1856, -43.2163],
            [172.1861, -43.2201],
            [172.1848, -43.2217],
            [172.1776, -43.2209],
            [172.1752, -43.2228],
            [172.1623, -43.2238],
            [172.1603, -43.227],
            [172.1562, -43.2233],
            [172.1528, -43.2229],
            [172.1526, -43.2167],
            [172.1467, -43.2171],
            [172.1493, -43.2157],
            [172.1493, -43.2089],
            [172.1416, -43.2038],
            [172.1412, -43.1986],
            [172.1383, -43.1947],
            [172.141, -43.1879],
            [172.1524, -43.1843],
            [172.165, -43.1753],
            [172.1748, -43.1877],
            [172.1839, -43.1848],
            [172.1959, -43.1864],
            [172.2035, -43.1855],
            [172.211, -43.1806],
            [172.2247, -43.1786],
            [172.2254, -43.1734],
            [172.2291, -43.1726],
            [172.2316, -43.1687],
            [172.2262, -43.1601],
            [172.2333, -43.1504],
            [172.2318, -43.1452],
            [172.2443, -43.1371],
            [172.2475, -43.1297],
            [172.2461, -43.1255],
            [172.2482, -43.1243],
            [172.2548, -43.1244],
            [172.2567, -43.1278],
            [172.2592, -43.1289],
            [172.2692, -43.1258],
            [172.2907, -43.1275],
            [172.3289, -43.1444],
            [172.3358, -43.1407],
            [172.3451, -43.1315],
            [172.3559, -43.1303],
            [172.3509, -43.1295],
            [172.3481, -43.1255],
            [172.3499, -43.1251],
            [172.3543, -43.1282],
            [172.3574, -43.1251],
            [172.3651, -43.1253],
            [172.3642, -43.1231],
            [172.3604, -43.1222],
            [172.3618, -43.1202],
            [172.3602, -43.1186],
            [172.3631, -43.1166],
            [172.3591, -43.1156],
            [172.3604, -43.1132],
            [172.3575, -43.1085],
            [172.3611, -43.1086],
            [172.3631, -43.1054],
            [172.3685, -43.109],
            [172.3738, -43.1001],
            [172.3767, -43.1024],
            [172.3801, -43.1013],
            [172.3771, -43.0966],
            [172.3822, -43.0936],
            [172.3817, -43.0874],
            [172.3845, -43.0859],
            [172.3841, -43.0832],
            [172.3867, -43.0829],
            [172.3853, -43.0809],
            [172.3861, -43.0789],
            [172.3796, -43.0755],
            [172.3811, -43.0737],
            [172.3762, -43.0732],
            [172.369, -43.0696],
            [172.3657, -43.0643],
            [172.3587, -43.0606],
            [172.3575, -43.0563],
            [172.3536, -43.0557],
            [172.3472, -43.0504],
            [172.3338, -43.0448],
            [172.3285, -43.0363],
            [172.3347, -43.028],
            [172.3319, -43.018],
            [172.3266, -43.0184],
            [172.3114, -43.0276],
            [172.2893, -43.0291],
            [172.281, -43.0231],
            [172.2698, -43.0197],
            [172.267, -43.0172],
            [172.2655, -43.007],
            [172.2573, -43.0028],
            [172.2579, -42.9992],
            [172.261, -42.9957],
            [172.2714, -42.9919],
            [172.2665, -42.9838],
            [172.2666, -42.9813],
            [172.2639, -42.983],
            [172.2621, -42.9794],
            [172.2616, -42.9821],
            [172.26, -42.9823],
            [172.2592, -42.9803],
            [172.2612, -42.9766],
            [172.2585, -42.9782],
            [172.2541, -42.9774],
            [172.2434, -42.9821],
            [172.2344, -42.9814],
            [172.2317, -42.9826],
            [172.2287, -42.9821],
            [172.2239, -42.9752],
            [172.2198, -42.974],
            [172.2166, -42.9705],
            [172.2138, -42.9704],
            [172.2117, -42.9735],
            [172.2094, -42.9673],
            [172.2106, -42.9661],
            [172.215, -42.9671],
            [172.2128, -42.9647],
            [172.2182, -42.9572],
            [172.2231, -42.9566],
            [172.227, -42.9522],
            [172.2335, -42.9516],
            [172.2414, -42.9466],
            [172.2474, -42.9371],
            [172.244, -42.9166],
            [172.2362, -42.9139],
            [172.2308, -42.91],
            [172.2439, -42.8945],
            [172.2539, -42.8864],
            [172.2583, -42.8783],
            [172.2575, -42.8709],
            [172.2504, -42.8666],
            [172.242, -42.8661],
            [172.2389, -42.8638],
            [172.2311, -42.8683],
            [172.2163, -42.8691],
            [172.2097, -42.8737],
            [172.2026, -42.8705],
            [172.1945, -42.8636],
            [172.189, -42.8616],
            [172.1774, -42.868],
            [172.1727, -42.8683],
            [172.1693, -42.8657],
            [172.1669, -42.8659],
            [172.1537, -42.8726],
            [172.1483, -42.8722],
            [172.1398, -42.8685],
            [172.1371, -42.8704],
            [172.1294, -42.8717],
            [172.1266, -42.8751],
            [172.1246, -42.8711],
            [172.1196, -42.8694],
            [172.1089, -42.8702],
            [172.1055, -42.873],
            [172.0994, -42.866],
            [172.0999, -42.8585],
            [172.0845, -42.8424],
            [172.0832, -42.8375],
            [172.0783, -42.8355],
            [172.074, -42.8363],
            [172.0714, -42.8294],
            [172.0619, -42.8293],
            [172.0578, -42.8265],
            [172.0547, -42.8207],
            [172.049, -42.8185],
            [172.0465, -42.8075],
            [172.0372, -42.8058],
            [172.0357, -42.798],
            [172.0283, -42.7948],
            [172.0298, -42.7889],
            [172.0274, -42.7857],
            [172.0251, -42.7846],
            [172.0165, -42.7857],
            [172.0037, -42.7908],
            [172.0009, -42.7819],
            [171.997, -42.781],
            [171.9917, -42.7829],
            [171.9739, -42.7759],
            [171.966, -42.7757],
            [171.9604, -42.7723],
            [171.9498, -42.7709],
            [171.941, -42.7626],
            [171.9325, -42.7636],
            [171.9197, -42.7564],
            [171.9146, -42.751],
            [171.9149, -42.7458],
            [171.9076, -42.7408],
            [171.8844, -42.7496],
            [171.883, -42.7468],
            [171.8841, -42.7393],
            [171.8824, -42.733],
            [171.8851, -42.7187],
            [171.9006, -42.7112],
            [171.908, -42.7047],
            [171.9134, -42.6905],
            [171.9158, -42.6879],
            [171.9156, -42.6817],
            [171.9231, -42.6772],
            [171.9279, -42.6713],
            [171.926, -42.6661],
            [171.9421, -42.6637],
            [171.9589, -42.6535],
            [171.9729, -42.6532],
            [171.9754, -42.6454],
            [171.9744, -42.6391],
            [171.9897, -42.6372],
            [171.9966, -42.6336],
            [172.0078, -42.6349],
            [172.0155, -42.6318],
            [172.0285, -42.6368],
            [172.0408, -42.6309],
            [172.0473, -42.6324],
            [172.0508, -42.6298],
            [172.0756, -42.6227],
            [172.0793, -42.6221],
            [172.0856, -42.624],
            [172.0937, -42.6211],
            [172.098, -42.6099],
            [172.1027, -42.6061],
            [172.0984, -42.5936],
            [172.1031, -42.5878],
            [172.1072, -42.5858],
            [172.1083, -42.5807],
            [172.1243, -42.5635],
            [172.1284, -42.5615],
            [172.1328, -42.5553],
            [172.1406, -42.5544],
            [172.1439, -42.5523],
            [172.1496, -42.5549],
            [172.1561, -42.553],
            [172.1781, -42.5357],
            [172.1828, -42.5265],
            [172.1805, -42.5202],
            [172.1809, -42.5134],
            [172.1867, -42.5041],
            [172.1933, -42.4999],
            [172.1957, -42.4963],
            [172.2052, -42.493],
            [172.2107, -42.4887],
            [172.2199, -42.4863],
            [172.2273, -42.4794],
            [172.2316, -42.473],
            [172.2315, -42.4652],
            [172.236, -42.4563],
            [172.2411, -42.457],
            [172.2548, -42.4513],
            [172.2572, -42.4535],
            [172.2617, -42.452],
            [172.2658, -42.4551],
            [172.2729, -42.4509],
            [172.2788, -42.4499],
            [172.2933, -42.4404],
            [172.2961, -42.4337],
            [172.3007, -42.4285],
            [172.2998, -42.4217],
            [172.3175, -42.4198],
            [172.3247, -42.4165],
            [172.329, -42.4103],
            [172.3337, -42.4083],
            [172.3373, -42.3997],
            [172.3445, -42.3973],
            [172.3451, -42.3935],
            [172.3472, -42.3918],
            [172.356, -42.3907],
            [172.3686, -42.385],
            [172.3932, -42.3779],
            [172.4168, -42.3838],
            [172.4293, -42.372],
            [172.4381, -42.3701],
            [172.4436, -42.3668],
            [172.4495, -42.3557],
            [172.4431, -42.3448],
            [172.4487, -42.3286],
            [172.454, -42.323],
            [172.461, -42.3236],
            [172.4661, -42.3195],
            [172.4631, -42.3174],
            [172.4645, -42.3138],
            [172.462, -42.3114],
            [172.4617, -42.3075],
            [172.4655, -42.3013],
            [172.4746, -42.2967],
            [172.478, -42.2914],
            [172.4776, -42.2881],
            [172.4798, -42.2857],
            [172.4789, -42.2829],
            [172.48, -42.2814],
            [172.4784, -42.273],
            [172.4868, -42.2658],
            [172.5023, -42.2684],
            [172.5151, -42.2641],
            [172.5171, -42.2571],
            [172.5249, -42.2503],
            [172.5304, -42.2481],
            [172.5339, -42.2414],
            [172.5453, -42.2385],
            [172.5592, -42.2201],
            [172.5692, -42.215],
            [172.575, -42.2157],
            [172.5782, -42.2144],
            [172.5831, -42.2168],
            [172.5893, -42.2152],
            [172.5967, -42.208],
            [172.6059, -42.2038],
            [172.6091, -42.1972],
            [172.6147, -42.1955],
            [172.617, -42.1931],
            [172.6172, -42.1893],
            [172.6114, -42.1802],
            [172.6121, -42.174],
            [172.6096, -42.1661],
            [172.6121, -42.1611],
            [172.6119, -42.1579],
            [172.6199, -42.1477],
            [172.6269, -42.1429],
            [172.6292, -42.1393],
            [172.6348, -42.1374],
            [172.6409, -42.1329],
            [172.6317, -42.1219],
            [172.6328, -42.1078],
            [172.6357, -42.1023],
            [172.658, -42.0983],
            [172.669, -42.0943],
            [172.6731, -42.0901],
            [172.679, -42.0879],
            [172.6814, -42.0885],
            [172.6846, -42.0924],
            [172.6867, -42.1042],
            [172.691, -42.1066],
            [172.7017, -42.1013],
            [172.7177, -42.1016],
            [172.7215, -42.1035],
            [172.7274, -42.0947],
            [172.7235, -42.0828],
            [172.7262, -42.0775],
            [172.7255, -42.0741],
            [172.7316, -42.0696],
            [172.7319, -42.0643],
            [172.7353, -42.0579],
            [172.7315, -42.0538],
            [172.7324, -42.0438],
            [172.734, -42.0408],
            [172.733, -42.0344],
            [172.7393, -42.032],
            [172.7458, -42.0337],
            [172.7502, -42.0327],
            [172.7573, -42.0359],
            [172.7642, -42.0261],
            [172.7732, -42.0224],
            [172.7833, -42.0089],
            [172.7814, -42.0044],
            [172.7782, -42.0024],
            [172.7788, -41.9983],
            [172.7873, -41.9916],
            [172.7918, -41.9926],
            [172.8031, -41.9851],
            [172.8039, -41.9814],
            [172.8094, -41.975],
            [172.8087, -41.9712],
            [172.8116, -41.9653],
            [172.8081, -41.9581],
            [172.8224, -41.9507],
            [172.8366, -41.9474],
            [172.8472, -41.9426],
            [172.8501, -41.932],
            [172.853, -41.9272],
            [172.8611, -41.9225],
            [172.8618, -41.9161],
            [172.8647, -41.9095],
            [172.8599, -41.8974],
            [172.8532, -41.8948],
            [172.8517, -41.8918],
            [172.8446, -41.8907],
            [172.8476, -41.8742],
            [172.8594, -41.8667],
            [172.8641, -41.8688],
            [172.8674, -41.867],
            [172.869, -41.8595],
            [172.868, -41.8553],
            [172.8727, -41.8502],
            [172.8724, -41.8442],
            [172.8911, -41.8181],
            [172.8968, -41.8163],
            [172.9078, -41.8087],
            [172.9173, -41.7983],
            [172.9263, -41.7939],
            [172.93, -41.7874],
            [172.9457, -41.7809],
            [172.9415, -41.7723],
            [172.9391, -41.7726],
            [172.9445, -41.7694],
            [172.9444, -41.7661],
            [172.9358, -41.7701],
            [172.9358, -41.7713],
            [172.9357, -41.7697],
            [172.9331, -41.7692],
            [172.933, -41.7619],
            [172.9262, -41.7577],
            [172.926, -41.7484],
            [172.9306, -41.7438],
            [172.9424, -41.7488],
            [172.9498, -41.7502],
            [172.9579, -41.7495],
            [172.964, -41.7443],
            [173.0038, -41.7248],
            [173.0574, -41.6685],
            [173.0582, -41.6602],
            [173.054, -41.6519],
            [173.0553, -41.646],
            [173.0536, -41.6377],
            [173.0582, -41.6318],
            [173.0576, -41.6275],
            [173.0589, -41.6255],
            [173.0667, -41.6236],
            [173.0756, -41.6253],
            [173.0893, -41.6242],
            [173.0986, -41.6179],
            [173.103, -41.6105],
            [173.1216, -41.608],
            [173.1259, -41.6031],
            [173.1291, -41.5919],
            [173.1322, -41.5896],
            [173.1398, -41.5901],
            [173.1517, -41.5854],
            [173.1546, -41.5789],
            [173.1535, -41.5732],
            [173.1553, -41.568],
            [173.1595, -41.5649],
            [173.1655, -41.5498],
            [173.1698, -41.548],
            [173.1746, -41.5425],
            [173.1687, -41.5313],
            [173.1724, -41.5241],
            [173.1784, -41.5273],
            [173.1865, -41.5288],
            [173.1968, -41.5259],
            [173.2032, -41.5204],
            [173.2155, -41.5182],
            [173.2256, -41.5188],
            [173.23, -41.5206],
            [173.2336, -41.5195],
            [173.2378, -41.5228],
            [173.2494, -41.5245],
            [173.2554, -41.5211],
            [173.2644, -41.5219],
            [173.2792, -41.5165],
            [173.2871, -41.5183],
            [173.2987, -41.5156],
            [173.304, -41.5087],
            [173.3041, -41.5059],
            [173.2884, -41.493],
            [173.2747, -41.4888],
            [173.2734, -41.4848],
            [173.2699, -41.4811],
            [173.2626, -41.4764],
            [173.2563, -41.469],
            [173.2508, -41.4666],
            [173.2606, -41.4579],
            [173.2602, -41.4545],
            [173.2627, -41.4521],
            [173.2735, -41.4489],
            [173.2764, -41.4395],
            [173.2819, -41.4371],
            [173.2835, -41.4335],
            [173.2949, -41.4256],
            [173.2889, -41.4172],
            [173.2896, -41.4142],
            [173.2854, -41.4054],
            [173.2861, -41.4011],
            [173.2974, -41.3931],
            [173.3045, -41.3934],
            [173.3217, -41.3869],
            [173.3376, -41.3855],
            [173.3405, -41.3784],
            [173.3572, -41.361],
            [173.3607, -41.3532],
            [173.376, -41.3423],
            [173.4068, -41.331],
            [173.4148, -41.3231],
            [173.4175, -41.3175],
            [173.4166, -41.3134],
            [173.4208, -41.3084],
            [173.4191, -41.3052],
            [173.421, -41.2998],
            [173.4154, -41.2889],
            [173.4369, -41.273],
            [173.44, -41.2698],
            [173.4417, -41.2642],
            [173.4556, -41.2562],
            [173.4605, -41.2501],
            [173.4711, -41.2429],
            [173.4727, -41.234],
            [173.4763, -41.2288],
            [173.4834, -41.2259],
            [173.4877, -41.2216],
            [173.5158, -41.2139],
            [173.5192, -41.2105],
            [173.5204, -41.2066],
            [173.522, -41.2066],
            [173.5201, -41.2],
            [173.5223, -41.1983],
            [173.5343, -41.1959],
            [173.5439, -41.1898],
            [173.557, -41.1917],
            [173.5582, -41.1898],
            [173.5625, -41.191],
            [173.5674, -41.19],
            [173.5691, -41.187],
            [173.5744, -41.1837],
            [173.5763, -41.1714],
            [173.5809, -41.164],
            [173.5793, -41.1593],
            [173.5813, -41.1553],
            [173.5782, -41.1517],
            [173.5819, -41.1466],
            [173.5786, -41.1359],
            [173.5808, -41.1313],
            [173.5791, -41.1241],
            [173.5799, -41.1208],
            [173.5844, -41.1177],
            [173.59, -41.1085],
            [173.5873, -41.1039],
            [173.5882, -41.1],
            [173.5966, -41.0894],
            [173.594, -41.0805],
            [173.5919, -41.0782],
            [173.5986, -41.0713],
            [173.5987, -41.068],
            [173.5961, -41.0633],
            [173.597, -41.0581],
            [173.5007, -40.8629],
            [173.5031, -40.8585],
            [173.5077, -40.8375],
            [173.5186, -40.8065],
            [173.5255, -40.7776],
            [173.5358, -40.7533],
            [173.5471, -40.7346],
            [173.5728, -40.7005],
            [173.5826, -40.6788],
            [173.595, -40.659],
            [173.6069, -40.6441],
            [173.624, -40.6267],
            [173.6482, -40.6074],
            [173.7184, -40.5633],
            [173.7386, -40.5535],
            [173.7714, -40.5412],
            [173.7926, -40.5279],
            [173.8224, -40.5133],
            [173.8616, -40.4907],
            [173.8846, -40.481],
            [173.9156, -40.4713],
            [173.9509, -40.4643],
            [173.982, -40.4612],
            [174.0119, -40.461],
            [174.037, -40.4628],
            [174.0707, -40.4683],
            [174.0987, -40.4756],
            [174.1269, -40.4859],
            [174.1488, -40.4963],
            [174.1724, -40.5102],
            [174.2004, -40.5313],
            [174.2182, -40.5484],
            [174.2353, -40.5677],
            [174.2503, -40.59],
            [174.261, -40.6123],
            [174.2679, -40.6346],
            [174.2715, -40.6567],
            [174.2858, -40.6737],
            [174.2979, -40.692],
            [174.3075, -40.7108],
            [174.3146, -40.7305],
            [174.3468, -40.7559],
            [174.373, -40.7855],
            [174.4011, -40.7902],
            [174.4263, -40.7966],
            [174.4695, -40.813],
            [174.5039, -40.8324],
            [174.5248, -40.8479],
            [174.5426, -40.8643],
            [174.5733, -40.8778],
            [174.6035, -40.8959],
            [174.5592, -41.0242],
            [174.5396, -41.1055]
          ]
        ]
      },
      "properties": { "name": "Kaikōura" }
    },
    {
      "type": "Feature",
      "id": 18,
      "geometry": {
        "type": "MultiPolygon",
        "coordinates": [
          [
            [
              [175.0838, -35.6998],
              [175.1435, -35.7004],
              [175.1812, -35.7061],
              [175.2245, -35.7192],
              [175.2408, -35.7262],
              [175.2655, -35.7397],
              [175.2208, -35.7473],
              [175.1705, -35.7636],
              [175.1303, -35.7854],
              [175.1092, -35.8016],
              [175.0971, -35.8132],
              [175.0816, -35.8324],
              [175.0687, -35.8548],
              [175.0217, -35.9611],
              [174.9992, -36.0061],
              [174.9912, -36.0264],
              [174.9817, -36.0632],
              [174.9781, -36.1071],
              [174.9898, -36.5036],
              [174.9872, -36.5367],
              [174.7158, -36.5428],
              [174.7104, -36.5412],
              [174.7066, -36.5422],
              [174.6958, -36.5397],
              [174.6937, -36.5379],
              [174.6883, -36.5404],
              [174.681, -36.5382],
              [174.6805, -36.5598],
              [174.6722, -36.567],
              [174.6657, -36.5802],
              [174.6601, -36.6096],
              [174.6629, -36.6209],
              [174.6571, -36.621],
              [174.6492, -36.6256],
              [174.6418, -36.6277],
              [174.6207, -36.6326],
              [174.6123, -36.6327],
              [174.6027, -36.6375],
              [174.5842, -36.6416],
              [174.5885, -36.6465],
              [174.5871, -36.6474],
              [174.5891, -36.6481],
              [174.5843, -36.6523],
              [174.588, -36.6551],
              [174.5867, -36.656],
              [174.5883, -36.6579],
              [174.585, -36.661],
              [174.5871, -36.6634],
              [174.5803, -36.6713],
              [174.5688, -36.6704],
              [174.5659, -36.6721],
              [174.5652, -36.6766],
              [174.5746, -36.6813],
              [174.5742, -36.6862],
              [174.5715, -36.6889],
              [174.5726, -36.6907],
              [174.5769, -36.6931],
              [174.5829, -36.6931],
              [174.5839, -36.6984],
              [174.5928, -36.7025],
              [174.5966, -36.7085],
              [174.6008, -36.7093],
              [174.6064, -36.7147],
              [174.6106, -36.7112],
              [174.6159, -36.7107],
              [174.6188, -36.7068],
              [174.6257, -36.7038],
              [174.6275, -36.7137],
              [174.6392, -36.7172],
              [174.6387, -36.7191],
              [174.6353, -36.7201],
              [174.6368, -36.7209],
              [174.6348, -36.7238],
              [174.6367, -36.7254],
              [174.6339, -36.7312],
              [174.627, -36.7346],
              [174.6342, -36.7374],
              [174.6381, -36.7344],
              [174.6415, -36.7355],
              [174.6362, -36.7397],
              [174.6451, -36.7455],
              [174.6384, -36.7468],
              [174.6394, -36.7498],
              [174.6372, -36.751],
              [174.6388, -36.7521],
              [174.6353, -36.7528],
              [174.6358, -36.7551],
              [174.6327, -36.7624],
              [174.6324, -36.7736],
              [174.6588, -36.7724],
              [174.6609, -36.7728],
              [174.6639, -36.7765],
              [174.6634, -36.7815],
              [174.6503, -36.7857],
              [174.653, -36.7912],
              [174.6521, -36.7929],
              [174.614, -36.8127],
              [174.6136, -36.8155],
              [174.621, -36.8397],
              [174.6173, -36.8376],
              [174.6048, -36.8359],
              [174.6035, -36.8342],
              [174.6016, -36.8366],
              [174.597, -36.8365],
              [174.5969, -36.841],
              [174.5937, -36.8434],
              [174.6049, -36.8464],
              [174.602, -36.8505],
              [174.606, -36.8557],
              [174.6046, -36.858],
              [174.6015, -36.854],
              [174.5957, -36.854],
              [174.595, -36.8577],
              [174.5881, -36.8592],
              [174.589, -36.8631],
              [174.5834, -36.8605],
              [174.5791, -36.8622],
              [174.5766, -36.8588],
              [174.5652, -36.8575],
              [174.566, -36.8537],
              [174.5612, -36.8554],
              [174.558, -36.8545],
              [174.5574, -36.8424],
              [174.5396, -36.8402],
              [174.5384, -36.8443],
              [174.533, -36.8376],
              [174.5234, -36.8424],
              [174.5194, -36.8378],
              [174.5126, -36.8421],
              [174.5109, -36.8393],
              [174.5116, -36.8359],
              [174.5036, -36.8334],
              [174.5006, -36.8351],
              [174.4872, -36.8359],
              [174.4809, -36.8329],
              [174.4696, -36.8369],
              [174.4605, -36.8485],
              [174.4559, -36.8474],
              [174.4542, -36.8487],
              [174.4576, -36.8526],
              [174.4559, -36.8565],
              [174.4567, -36.8605],
              [174.4535, -36.8631],
              [174.4541, -36.8644],
              [174.4474, -36.8668],
              [174.4518, -36.8732],
              [174.4463, -36.875],
              [174.4455, -36.8766],
              [174.1729, -36.8795],
              [174.1702, -36.8672],
              [174.1554, -36.8477],
              [174.1407, -36.8221],
              [174.1201, -36.7981],
              [174.0878, -36.7471],
              [174.0738, -36.7313],
              [174.0593, -36.7102],
              [174.0416, -36.694],
              [174.0098, -36.6597],
              [173.9939, -36.639],
              [173.9813, -36.6269],
              [173.9676, -36.6105],
              [173.8966, -36.5585],
              [174.123, -36.4351],
              [174.1931, -36.4016],
              [174.2019, -36.3854],
              [174.2147, -36.3459],
              [174.235, -36.3014],
              [174.2391, -36.2963],
              [174.2446, -36.2952],
              [174.2937, -36.3018],
              [174.3002, -36.3048],
              [174.3071, -36.3144],
              [174.3125, -36.3179],
              [174.324, -36.3151],
              [174.3341, -36.3194],
              [174.3438, -36.3196],
              [174.3577, -36.3151],
              [174.3649, -36.3039],
              [174.3718, -36.299],
              [174.3908, -36.2957],
              [174.399, -36.2926],
              [174.4032, -36.2893],
              [174.4111, -36.2783],
              [174.4266, -36.2728],
              [174.4293, -36.2676],
              [174.4396, -36.265],
              [174.4539, -36.2532],
              [174.4566, -36.2534],
              [174.4579, -36.2581],
              [174.4611, -36.2605],
              [174.4678, -36.2601],
              [174.4732, -36.2494],
              [174.4727, -36.2367],
              [174.4779, -36.2299],
              [174.4832, -36.228],
              [174.4835, -36.2302],
              [174.4851, -36.2296],
              [174.4857, -36.2259],
              [174.4885, -36.2229],
              [174.4893, -36.2241],
              [174.4985, -36.2243],
              [174.5176, -36.211],
              [174.523, -36.2101],
              [174.5254, -36.2078],
              [174.5232, -36.2047],
              [174.5245, -36.2028],
              [174.5223, -36.1972],
              [174.5346, -36.1835],
              [174.5397, -36.1828],
              [174.5459, -36.1795],
              [174.548, -36.1802],
              [174.5519, -36.1774],
              [174.5628, -36.1791],
              [174.5641, -36.1738],
              [174.5658, -36.1741],
              [174.5656, -36.1713],
              [174.5703, -36.1719],
              [174.5711, -36.1662],
              [174.5802, -36.167],
              [174.5867, -36.1577],
              [174.5839, -36.1558],
              [174.5827, -36.1494],
              [174.5847, -36.1431],
              [174.5884, -36.1405],
              [174.5937, -36.1418],
              [174.5986, -36.1403],
              [174.6017, -36.1367],
              [174.6008, -36.1332],
              [174.6068, -36.1328],
              [174.6069, -36.1302],
              [174.6045, -36.1272],
              [174.6069, -36.1228],
              [174.6059, -36.1216],
              [174.6168, -36.1175],
              [174.7826, -36.0071],
              [174.8094, -35.9857],
              [174.8296, -35.9663],
              [174.8575, -35.93],
              [174.8713, -35.9095],
              [174.8873, -35.8796],
              [174.8983, -35.8512],
              [174.9081, -35.8154],
              [174.9121, -35.7881],
              [174.9137, -35.7359],
              [174.9114, -35.7133],
              [174.932, -35.7247],
              [174.9716, -35.71],
              [175.0074, -35.702],
              [175.0391, -35.6987],
              [175.0838, -35.6998]
            ]
          ],
          [
            [
              [174.7178, -36.5447],
              [174.719, -36.5453],
              [174.7178, -36.5447]
            ]
          ]
        ]
      },
      "properties": { "name": "Kaipara ki Mahurangi" }
    },
    {
      "type": "Feature",
      "id": 19,
      "geometry": {
        "type": "Polygon",
        "coordinates": [
          [
            [174.6616, -36.8611],
            [174.6771, -36.8712],
            [174.698, -36.8713],
            [174.6996, -36.8729],
            [174.7048, -36.8732],
            [174.7051, -36.8755],
            [174.7021, -36.8861],
            [174.7004, -36.8861],
            [174.6948, -36.8931],
            [174.6835, -36.8981],
            [174.6826, -36.902],
            [174.6759, -36.9112],
            [174.6655, -36.9105],
            [174.6583, -36.9131],
            [174.6577, -36.9198],
            [174.6607, -36.9217],
            [174.6555, -36.9244],
            [174.6548, -36.9367],
            [174.6529, -36.9399],
            [174.65, -36.9403],
            [174.6448, -36.9374],
            [174.6444, -36.9354],
            [174.6408, -36.9365],
            [174.6374, -36.9353],
            [174.6357, -36.9275],
            [174.6331, -36.9279],
            [174.6305, -36.9257],
            [174.6294, -36.9237],
            [174.6303, -36.9207],
            [174.6276, -36.9202],
            [174.6288, -36.9191],
            [174.6253, -36.9161],
            [174.6258, -36.915],
            [174.6211, -36.9125],
            [174.6237, -36.9099],
            [174.6221, -36.9076],
            [174.6228, -36.9062],
            [174.6252, -36.9086],
            [174.6266, -36.9053],
            [174.6169, -36.9015],
            [174.6129, -36.898],
            [174.628, -36.8877],
            [174.6314, -36.8882],
            [174.6312, -36.8853],
            [174.6375, -36.8886],
            [174.6515, -36.8838],
            [174.654, -36.8846],
            [174.6554, -36.8814],
            [174.6616, -36.8787],
            [174.6586, -36.8629],
            [174.6594, -36.8603],
            [174.6616, -36.8611]
          ]
        ]
      },
      "properties": { "name": "Kelston" }
    },
    {
      "type": "Feature",
      "id": 20,
      "geometry": {
        "type": "Polygon",
        "coordinates": [
          [
            [174.9791, -40.9056],
            [175.0025, -40.922],
            [175.0108, -40.9115],
            [175.0152, -40.9127],
            [175.0185, -40.9089],
            [175.0207, -40.9101],
            [175.0225, -40.9135],
            [175.0214, -40.9165],
            [175.0235, -40.9201],
            [175.0277, -40.9206],
            [175.0332, -40.9275],
            [175.0376, -40.9255],
            [175.0409, -40.9296],
            [175.0398, -40.9294],
            [175.0385, -40.9331],
            [175.036, -40.934],
            [175.035, -40.937],
            [175.063, -40.9664],
            [175.0396, -41.0356],
            [175.0397, -41.0373],
            [175.0414, -41.0376],
            [175.0402, -41.0398],
            [175.0382, -41.04],
            [175.0393, -41.0412],
            [175.0445, -41.0405],
            [175.0448, -41.0423],
            [175.0417, -41.0426],
            [175.0445, -41.0438],
            [175.0445, -41.0462],
            [175.0549, -41.0455],
            [175.0544, -41.0505],
            [175.0562, -41.0572],
            [175.0553, -41.0619],
            [175.0524, -41.0619],
            [175.0515, -41.066],
            [175.0539, -41.0729],
            [175.0268, -41.0728],
            [175.0268, -41.0825],
            [175.0294, -41.0835],
            [175.0338, -41.0892],
            [175.0343, -41.0951],
            [175.032, -41.0966],
            [175.0358, -41.098],
            [175.035, -41.1021],
            [175.018, -41.1023],
            [175.0088, -41.1063],
            [175.0121, -41.1079],
            [175.0089, -41.1098],
            [175.0089, -41.1137],
            [174.9978, -41.1134],
            [174.9907, -41.1151],
            [174.9888, -41.1181],
            [174.9902, -41.1222],
            [174.9872, -41.1228],
            [174.9862, -41.1257],
            [174.9837, -41.1265],
            [174.9851, -41.1278],
            [174.9817, -41.1304],
            [174.9821, -41.1322],
            [174.9798, -41.135],
            [174.9778, -41.1361],
            [174.9743, -41.1328],
            [174.9723, -41.1365],
            [174.9737, -41.141],
            [174.9646, -41.1475],
            [174.9517, -41.145],
            [174.9487, -41.1531],
            [174.939, -41.1509],
            [174.9367, -41.1523],
            [174.9329, -41.1505],
            [174.9269, -41.1512],
            [174.9272, -41.1492],
            [174.916, -41.147],
            [174.9155, -41.1409],
            [174.911, -41.14],
            [174.9077, -41.1496],
            [174.8992, -41.1479],
            [174.8954, -41.1528],
            [174.8833, -41.1474],
            [174.8801, -41.1515],
            [174.8758, -41.1496],
            [174.8708, -41.1561],
            [174.8691, -41.1541],
            [174.8669, -41.1568],
            [174.8621, -41.1553],
            [174.857, -41.162],
            [174.8455, -41.157],
            [174.8432, -41.1612],
            [174.8459, -41.1611],
            [174.8457, -41.1646],
            [174.8428, -41.1657],
            [174.8426, -41.1677],
            [174.8384, -41.1673],
            [174.836, -41.1687],
            [174.8351, -41.1702],
            [174.8376, -41.1725],
            [174.8311, -41.1722],
            [174.8345, -41.1638],
            [174.8276, -41.1633],
            [174.8268, -41.1594],
            [174.8247, -41.1604],
            [174.8238, -41.1573],
            [174.8139, -41.1641],
            [174.81, -41.1636],
            [174.8108, -41.1592],
            [174.8125, -41.1582],
            [174.8035, -41.1556],
            [174.8061, -41.1498],
            [174.7902, -41.1435],
            [174.7873, -41.1478],
            [174.7781, -41.1439],
            [174.5592, -41.0242],
            [174.6035, -40.8959],
            [174.6026, -40.8713],
            [174.6041, -40.8557],
            [174.6079, -40.8377],
            [174.614, -40.8199],
            [174.7991, -40.9027],
            [174.9775, -40.9037],
            [174.9791, -40.9056]
          ]
        ]
      },
      "properties": { "name": "Mana" }
    },
    {
      "type": "Feature",
      "id": 21,
      "geometry": {
        "type": "Polygon",
        "coordinates": [
          [
            [174.7704, -36.9351],
            [174.7895, -36.9336],
            [174.8212, -36.9358],
            [174.8243, -36.9405],
            [174.8167, -36.9489],
            [174.8159, -36.9518],
            [174.8287, -36.9556],
            [174.8288, -36.9542],
            [174.8322, -36.9539],
            [174.8342, -36.9516],
            [174.8354, -36.9574],
            [174.8499, -36.9785],
            [174.8475, -36.9772],
            [174.8441, -36.9795],
            [174.8412, -36.9773],
            [174.8393, -36.981],
            [174.8357, -36.9812],
            [174.8328, -36.9788],
            [174.8296, -36.982],
            [174.8433, -36.9934],
            [174.8488, -36.9921],
            [174.8509, -36.9967],
            [174.8507, -36.998],
            [174.8479, -36.9983],
            [174.847, -37.0022],
            [174.8452, -37.0027],
            [174.8442, -37.0091],
            [174.8397, -37.0113],
            [174.8393, -37.0144],
            [174.8371, -37.0153],
            [174.8421, -37.0196],
            [174.8464, -37.0194],
            [174.848, -37.0219],
            [174.8528, -37.0227],
            [174.8547, -37.0256],
            [174.8529, -37.0303],
            [174.8419, -37.0455],
            [174.8262, -37.0395],
            [174.7983, -37.0342],
            [174.7789, -37.0338],
            [174.7682, -37.0367],
            [174.7434, -37.0399],
            [174.6971, -37.0366],
            [174.6807, -37.0316],
            [174.6643, -37.029],
            [174.6527, -37.0303],
            [174.633, -37.0247],
            [174.6218, -37.0262],
            [174.6235, -37.0164],
            [174.6286, -37.0118],
            [174.6405, -37.0065],
            [174.6771, -36.995],
            [174.6941, -36.9816],
            [174.7178, -36.9692],
            [174.7301, -36.9523],
            [174.7309, -36.9416],
            [174.7337, -36.9382],
            [174.7399, -36.9359],
            [174.7478, -36.9355],
            [174.7547, -36.9325],
            [174.7704, -36.9351]
          ]
        ]
      },
      "properties": { "name": "Māngere" }
    },
    {
      "type": "Feature",
      "id": 22,
      "geometry": {
        "type": "Polygon",
        "coordinates": [
          [
            [174.8746, -36.9794],
            [174.8776, -36.9816],
            [174.8818, -36.9802],
            [174.8908, -36.9977],
            [174.8971, -37.0058],
            [174.9044, -37.0112],
            [174.9095, -37.0198],
            [174.8896, -37.0267],
            [174.8947, -37.0363],
            [174.8814, -37.0395],
            [174.8834, -37.0429],
            [174.887, -37.0404],
            [174.8853, -37.0433],
            [174.8829, -37.0441],
            [174.8757, -37.0435],
            [174.8632, -37.0571],
            [174.8419, -37.0455],
            [174.8529, -37.0303],
            [174.8547, -37.0256],
            [174.8528, -37.0227],
            [174.848, -37.0219],
            [174.8464, -37.0194],
            [174.8421, -37.0196],
            [174.8371, -37.0152],
            [174.8393, -37.0144],
            [174.8397, -37.0113],
            [174.8442, -37.0091],
            [174.8452, -37.0027],
            [174.847, -37.0022],
            [174.8479, -36.9983],
            [174.8507, -36.998],
            [174.8509, -36.9967],
            [174.8488, -36.9921],
            [174.8433, -36.9934],
            [174.8296, -36.982],
            [174.8328, -36.9788],
            [174.8357, -36.9812],
            [174.8393, -36.981],
            [174.8412, -36.9773],
            [174.8441, -36.9795],
            [174.8475, -36.9772],
            [174.8509, -36.9799],
            [174.862, -36.9796],
            [174.8658, -36.9751],
            [174.8746, -36.9794]
          ]
        ]
      },
      "properties": { "name": "Manurewa" }
    },
    {
      "type": "Feature",
      "id": 23,
      "geometry": {
        "type": "Polygon",
        "coordinates": [
          [
            [174.8019, -36.8862],
            [174.8094, -36.8865],
            [174.8114, -36.8889],
            [174.824, -36.8869],
            [174.8314, -36.8881],
            [174.8337, -36.8866],
            [174.8338, -36.8897],
            [174.8415, -36.8966],
            [174.8454, -36.8976],
            [174.8419, -36.9034],
            [174.8434, -36.9038],
            [174.8415, -36.9092],
            [174.8428, -36.9198],
            [174.84, -36.9189],
            [174.8408, -36.9219],
            [174.832, -36.9266],
            [174.83, -36.9299],
            [174.8289, -36.9278],
            [174.8266, -36.9289],
            [174.8212, -36.9358],
            [174.7895, -36.9336],
            [174.7731, -36.9354],
            [174.7716, -36.9257],
            [174.7701, -36.9258],
            [174.7715, -36.9233],
            [174.7582, -36.9177],
            [174.7624, -36.9092],
            [174.7605, -36.9091],
            [174.7631, -36.9008],
            [174.7721, -36.9027],
            [174.7731, -36.8995],
            [174.7748, -36.9059],
            [174.7775, -36.9045],
            [174.7823, -36.893],
            [174.7907, -36.8927],
            [174.8019, -36.8862]
          ]
        ]
      },
      "properties": { "name": "Maungakiekie" }
    },
    {
      "type": "Feature",
      "id": 24,
      "geometry": {
        "type": "Polygon",
        "coordinates": [
          [
            [174.7247, -36.8508],
            [174.7287, -36.8505],
            [174.731, -36.8515],
            [174.7323, -36.8544],
            [174.7383, -36.8546],
            [174.7409, -36.8572],
            [174.7468, -36.8564],
            [174.7528, -36.8597],
            [174.7547, -36.8624],
            [174.7461, -36.8684],
            [174.7486, -36.8702],
            [174.7536, -36.8681],
            [174.7453, -36.8937],
            [174.7363, -36.8919],
            [174.7335, -36.8971],
            [174.7271, -36.8938],
            [174.7232, -36.8947],
            [174.7241, -36.8967],
            [174.7194, -36.8976],
            [174.7166, -36.9016],
            [174.7144, -36.9],
            [174.7113, -36.9004],
            [174.7114, -36.8983],
            [174.7081, -36.8991],
            [174.7089, -36.8972],
            [174.7056, -36.8939],
            [174.7021, -36.8956],
            [174.706, -36.8903],
            [174.7042, -36.8871],
            [174.7019, -36.8875],
            [174.7048, -36.8732],
            [174.6996, -36.8729],
            [174.698, -36.8713],
            [174.6771, -36.8712],
            [174.6676, -36.8662],
            [174.6629, -36.861],
            [174.6594, -36.8603],
            [174.6613, -36.8542],
            [174.6726, -36.8422],
            [174.6885, -36.8362],
            [174.7107, -36.834],
            [174.71, -36.8429],
            [174.7247, -36.8508]
          ]
        ]
      },
      "properties": { "name": "Mt Albert" }
    },
    {
      "type": "Feature",
      "id": 25,
      "geometry": {
        "type": "Polygon",
        "coordinates": [
          [
            [174.759, -36.893],
            [174.757, -36.8987],
            [174.7633, -36.9],
            [174.7605, -36.9091],
            [174.7624, -36.9092],
            [174.7582, -36.9177],
            [174.7715, -36.9233],
            [174.7701, -36.9258],
            [174.7716, -36.9257],
            [174.7731, -36.9354],
            [174.7547, -36.9325],
            [174.7478, -36.9355],
            [174.7387, -36.9362],
            [174.7318, -36.9401],
            [174.7249, -36.9406],
            [174.7177, -36.9395],
            [174.7087, -36.935],
            [174.7108, -36.9253],
            [174.7133, -36.9247],
            [174.7133, -36.9227],
            [174.7089, -36.9218],
            [174.7075, -36.8997],
            [174.7114, -36.8983],
            [174.7113, -36.9004],
            [174.7144, -36.9],
            [174.7166, -36.9016],
            [174.7194, -36.8976],
            [174.7241, -36.8967],
            [174.7232, -36.8947],
            [174.7271, -36.8938],
            [174.7335, -36.8971],
            [174.7363, -36.8919],
            [174.7453, -36.8937],
            [174.7474, -36.887],
            [174.7599, -36.8898],
            [174.759, -36.893]
          ]
        ]
      },
      "properties": { "name": "Mt Roskill" }
    },
    {
      "type": "Feature",
      "id": 26,
      "geometry": {
        "type": "Polygon",
        "coordinates": [
          [
            [177.5542, -38.3363],
            [177.5607, -38.3425],
            [177.5617, -38.3522],
            [177.5714, -38.3564],
            [177.5743, -38.3592],
            [177.5716, -38.3677],
            [177.5688, -38.3699],
            [177.5728, -38.3753],
            [177.5742, -38.3849],
            [177.6067, -38.3728],
            [177.6008, -38.3712],
            [177.5973, -38.3676],
            [177.6218, -38.3586],
            [177.6149, -38.3553],
            [177.6196, -38.3529],
            [177.6222, -38.3534],
            [177.6244, -38.3504],
            [177.6183, -38.3246],
            [177.6367, -38.3383],
            [177.7011, -38.3662],
            [177.7005, -38.3689],
            [177.7035, -38.3721],
            [177.7125, -38.3772],
            [177.7157, -38.3767],
            [177.7204, -38.3805],
            [177.7271, -38.3794],
            [177.7326, -38.3823],
            [177.733, -38.3848],
            [177.74, -38.3871],
            [177.7469, -38.3871],
            [177.7459, -38.386],
            [177.7475, -38.3852],
            [177.752, -38.3849],
            [177.7566, -38.3875],
            [177.7561, -38.4075],
            [177.7577, -38.4059],
            [177.7631, -38.4059],
            [177.7624, -38.4049],
            [177.7693, -38.4016],
            [177.7755, -38.4023],
            [177.7775, -38.4001],
            [177.7795, -38.401],
            [177.7853, -38.3993],
            [177.7922, -38.4016],
            [177.8019, -38.4009],
            [177.8051, -38.4051],
            [177.8038, -38.4064],
            [177.8085, -38.4088],
            [177.807, -38.4156],
            [177.8085, -38.4173],
            [177.8184, -38.4205],
            [177.8181, -38.4233],
            [177.8207, -38.4215],
            [177.8232, -38.4241],
            [177.8299, -38.4233],
            [177.8294, -38.4258],
            [177.8315, -38.4282],
            [177.83, -38.4301],
            [177.8335, -38.4392],
            [177.832, -38.4452],
            [177.8295, -38.4472],
            [177.8309, -38.4544],
            [177.8291, -38.4591],
            [177.8331, -38.4733],
            [177.8325, -38.4758],
            [177.8379, -38.4767],
            [177.8373, -38.4783],
            [177.84, -38.4797],
            [177.8496, -38.4923],
            [177.8494, -38.4938],
            [177.8195, -38.5095],
            [177.8252, -38.5246],
            [177.8414, -38.5333],
            [177.8194, -38.5636],
            [177.8335, -38.578],
            [177.845, -38.5792],
            [177.851, -38.5774],
            [177.8573, -38.5714],
            [177.8665, -38.5744],
            [177.8727, -38.569],
            [177.88, -38.566],
            [177.8803, -38.5596],
            [177.8833, -38.5577],
            [177.8842, -38.555],
            [177.8898, -38.5583],
            [177.8915, -38.5624],
            [177.8991, -38.5623],
            [177.9078, -38.5684],
            [177.9041, -38.575],
            [177.9042, -38.5787],
            [177.9001, -38.581],
            [177.8974, -38.5851],
            [177.9004, -38.5953],
            [177.8995, -38.6006],
            [177.8959, -38.6052],
            [177.8905, -38.6044],
            [177.8837, -38.6096],
            [177.8891, -38.6143],
            [177.8923, -38.6149],
            [177.8913, -38.619],
            [177.8824, -38.6236],
            [177.8803, -38.6265],
            [177.8833, -38.6425],
            [177.8883, -38.6421],
            [177.886, -38.6491],
            [177.8759, -38.645],
            [177.8696, -38.6546],
            [177.8574, -38.6455],
            [177.8465, -38.6487],
            [177.8507, -38.6586],
            [177.8493, -38.6641],
            [177.8439, -38.6648],
            [177.8377, -38.6712],
            [177.8558, -38.6739],
            [177.8578, -38.6782],
            [177.8602, -38.679],
            [177.8685, -38.6786],
            [177.8671, -38.6808],
            [177.8706, -38.6825],
            [177.8656, -38.6839],
            [177.8698, -38.6858],
            [177.8705, -38.6888],
            [177.874, -38.6905],
            [177.8769, -38.6947],
            [177.8832, -38.691],
            [177.8928, -38.7061],
            [177.8971, -38.7042],
            [177.9007, -38.7088],
            [177.9085, -38.7099],
            [177.918, -38.7078],
            [177.9221, -38.7084],
            [177.9317, -38.7161],
            [177.9341, -38.7202],
            [177.9355, -38.7201],
            [177.9358, -38.7225],
            [177.9403, -38.7228],
            [178.2881, -38.8278],
            [178.2669, -38.8375],
            [178.252, -38.8501],
            [178.226, -38.8675],
            [178.1737, -38.8947],
            [178.1694, -38.912],
            [178.1663, -38.9463],
            [178.1915, -38.9643],
            [178.2125, -38.9845],
            [178.2268, -39.0016],
            [178.242, -39.0254],
            [178.2541, -39.0542],
            [178.2593, -39.0731],
            [178.2627, -39.0972],
            [178.2621, -39.1245],
            [178.2554, -39.1554],
            [178.2449, -39.1808],
            [178.2247, -39.2146],
            [178.2022, -39.2407],
            [178.2054, -39.2684],
            [178.2044, -39.2883],
            [178.1999, -39.3127],
            [178.1893, -39.3413],
            [178.1754, -39.3657],
            [178.1608, -39.3842],
            [178.1413, -39.4037],
            [178.1162, -39.4229],
            [178.0837, -39.4415],
            [178.0416, -39.4577],
            [178.0187, -39.4719],
            [177.9997, -39.4814],
            [177.9572, -39.4969],
            [177.932, -39.5027],
            [177.8969, -39.5074],
            [177.8527, -39.508],
            [177.8162, -39.5043],
            [177.7824, -39.4966],
            [177.7339, -39.4795],
            [177.7064, -39.4654],
            [177.6689, -39.4386],
            [177.6411, -39.4091],
            [177.6268, -39.3882],
            [177.6124, -39.3566],
            [177.6067, -39.3355],
            [177.6041, -39.3065],
            [177.5947, -39.2807],
            [177.59, -39.2546],
            [177.4976, -39.2567],
            [177.4311, -39.2662],
            [177.4028, -39.2735],
            [177.3187, -39.3001],
            [177.2955, -39.3096],
            [177.3193, -39.4305],
            [176.9265, -39.5617],
            [176.9171, -39.5613],
            [176.8951, -39.5696],
            [176.8847, -39.5705],
            [176.874, -39.5661],
            [176.8669, -39.5538],
            [176.8591, -39.55],
            [176.8414, -39.5484],
            [176.8268, -39.556],
            [176.821, -39.5564],
            [176.8148, -39.5547],
            [176.8062, -39.5472],
            [176.7995, -39.5242],
            [176.7895, -39.5121],
            [176.7791, -39.5114],
            [176.7733, -39.5082],
            [176.7568, -39.5042],
            [176.7505, -39.5056],
            [176.743, -39.5039],
            [176.7375, -39.5055],
            [176.73, -39.5048],
            [176.7247, -39.5017],
            [176.72, -39.4946],
            [176.7207, -39.4919],
            [176.7178, -39.4878],
            [176.7041, -39.4815],
            [176.6979, -39.4845],
            [176.6954, -39.4884],
            [176.687, -39.4881],
            [176.6822, -39.4832],
            [176.6772, -39.4854],
            [176.674, -39.4842],
            [176.6701, -39.4873],
            [176.6687, -39.4861],
            [176.6693, -39.4838],
            [176.665, -39.4846],
            [176.6643, -39.4829],
            [176.6673, -39.4769],
            [176.6575, -39.4778],
            [176.6604, -39.4754],
            [176.66, -39.4735],
            [176.6539, -39.4729],
            [176.6576, -39.4683],
            [176.6491, -39.4672],
            [176.6489, -39.4626],
            [176.6457, -39.4575],
            [176.6398, -39.4565],
            [176.64, -39.4545],
            [176.6367, -39.45],
            [176.6305, -39.4475],
            [176.6235, -39.4491],
            [176.6216, -39.453],
            [176.6147, -39.4496],
            [176.6125, -39.4502],
            [176.6145, -39.454],
            [176.6082, -39.4546],
            [176.6077, -39.459],
            [176.6041, -39.4591],
            [176.5989, -39.4559],
            [176.5968, -39.4581],
            [176.5907, -39.4587],
            [176.5884, -39.4544],
            [176.5786, -39.4508],
            [176.5779, -39.4495],
            [176.5804, -39.4469],
            [176.5756, -39.4491],
            [176.5725, -39.4482],
            [176.5785, -39.4448],
            [176.5782, -39.4426],
            [176.5748, -39.441],
            [176.5744, -39.4373],
            [176.5709, -39.436],
            [176.5736, -39.4322],
            [176.5698, -39.4317],
            [176.5675, -39.434],
            [176.5652, -39.4336],
            [176.5651, -39.4276],
            [176.559, -39.4252],
            [176.5545, -39.4309],
            [176.5507, -39.4312],
            [176.5452, -39.428],
            [176.5422, -39.4286],
            [176.5393, -39.4262],
            [176.5386, -39.4234],
            [176.5344, -39.4227],
            [176.5301, -39.4176],
            [176.5254, -39.4201],
            [176.5234, -39.4189],
            [176.5172, -39.4201],
            [176.5168, -39.4173],
            [176.5142, -39.4179],
            [176.5102, -39.4146],
            [176.5033, -39.4135],
            [176.5035, -39.4117],
            [176.5012, -39.4111],
            [176.5012, -39.4074],
            [176.5032, -39.4047],
            [176.4931, -39.3977],
            [176.4934, -39.3948],
            [176.4918, -39.3948],
            [176.4931, -39.3918],
            [176.4748, -39.3894],
            [176.4578, -39.3844],
            [176.4541, -39.3823],
            [176.4529, -39.3785],
            [176.4482, -39.378],
            [176.4476, -39.3745],
            [176.4432, -39.3728],
            [176.443, -39.371],
            [176.4294, -39.3696],
            [176.4288, -39.3709],
            [176.4255, -39.3709],
            [176.4231, -39.3729],
            [176.4229, -39.3753],
            [176.4206, -39.3762],
            [176.3868, -39.2695],
            [176.2943, -39.2715],
            [176.2955, -39.2675],
            [176.2927, -39.2638],
            [176.2931, -39.2586],
            [176.288, -39.2591],
            [176.2917, -39.2553],
            [176.2882, -39.2549],
            [176.2873, -39.2514],
            [176.2924, -39.2513],
            [176.2896, -39.2463],
            [176.2789, -39.2427],
            [176.2764, -39.2399],
            [176.2571, -39.2446],
            [176.258, -39.2406],
            [176.2551, -39.24],
            [176.2553, -39.2365],
            [176.2517, -39.2389],
            [176.2493, -39.2371],
            [176.2493, -39.2347],
            [176.2445, -39.2344],
            [176.2421, -39.236],
            [176.2398, -39.2329],
            [176.2297, -39.2323],
            [176.2231, -39.2357],
            [176.2192, -39.2312],
            [176.2098, -39.2318],
            [176.2085, -39.2277],
            [176.2043, -39.2253],
            [176.2001, -39.2258],
            [176.196, -39.2213],
            [176.1961, -39.2149],
            [176.1929, -39.2115],
            [176.1958, -39.2085],
            [176.1932, -39.2019],
            [176.1955, -39.1987],
            [176.1947, -39.1963],
            [176.1905, -39.1949],
            [176.1865, -39.1894],
            [176.1798, -39.1852],
            [176.18, -39.1806],
            [176.1825, -39.1791],
            [176.1801, -39.1768],
            [176.1822, -39.1739],
            [176.1782, -39.1699],
            [176.1809, -39.1691],
            [176.1758, -39.1531],
            [176.1761, -39.1439],
            [176.1847, -39.1336],
            [176.1826, -39.1294],
            [176.1846, -39.1266],
            [176.1886, -39.1266],
            [176.1964, -39.1236],
            [176.1973, -39.1215],
            [176.2078, -39.119],
            [176.2213, -39.1104],
            [176.2258, -39.1107],
            [176.2264, -39.1084],
            [176.2284, -39.1084],
            [176.2318, -39.1044],
            [176.2331, -39.0979],
            [176.3404, -39.1731],
            [176.3953, -39.1619],
            [176.3926, -39.16],
            [176.3909, -39.1561],
            [176.3968, -39.1509],
            [176.3899, -39.1513],
            [176.3862, -39.1466],
            [176.3863, -39.1445],
            [176.3894, -39.1422],
            [176.3869, -39.1409],
            [176.3871, -39.1368],
            [176.3822, -39.1341],
            [176.3783, -39.1384],
            [176.3757, -39.1338],
            [176.3701, -39.134],
            [176.3696, -39.1325],
            [176.4168, -39.1163],
            [176.4434, -39.1208],
            [176.4202, -39.0619],
            [176.4492, -39.0016],
            [176.547, -39.0018],
            [176.541, -38.9992],
            [176.541, -38.9978],
            [176.6104, -38.9983],
            [176.6081, -38.996],
            [176.613, -38.9891],
            [176.6117, -38.987],
            [176.609, -38.9875],
            [176.6058, -38.9857],
            [176.6059, -38.9802],
            [176.6019, -38.9794],
            [176.603, -38.9769],
            [176.5999, -38.976],
            [176.601, -38.9722],
            [176.5988, -38.9694],
            [176.6026, -38.9649],
            [176.5967, -38.9593],
            [176.598, -38.9579],
            [176.5964, -38.9534],
            [176.5981, -38.9469],
            [176.597, -38.9415],
            [176.5996, -38.9342],
            [176.5985, -38.9333],
            [176.7, -38.8538],
            [176.7042, -38.8451],
            [176.7002, -38.8381],
            [176.7041, -38.8271],
            [176.7012, -38.8233],
            [176.6958, -38.8213],
            [176.6965, -38.8109],
            [176.692, -38.8063],
            [176.7002, -38.8035],
            [176.7017, -38.8001],
            [176.7, -38.7941],
            [176.7079, -38.789],
            [176.7041, -38.7864],
            [176.7036, -38.7838],
            [176.707, -38.7723],
            [176.7097, -38.7691],
            [176.7104, -38.7586],
            [176.7071, -38.7554],
            [176.7111, -38.7482],
            [176.71, -38.7437],
            [176.7109, -38.7394],
            [176.714, -38.736],
            [176.7139, -38.7283],
            [176.7165, -38.7249],
            [176.7268, -38.7218],
            [176.7339, -38.7281],
            [176.7429, -38.7278],
            [176.7445, -38.7244],
            [176.7427, -38.719],
            [176.7448, -38.7155],
            [176.7442, -38.7119],
            [176.748, -38.7097],
            [176.7528, -38.7108],
            [176.7592, -38.7089],
            [176.7672, -38.7003],
            [176.7654, -38.6963],
            [176.7667, -38.6893],
            [176.7736, -38.6843],
            [176.7786, -38.684],
            [176.7857, -38.6809],
            [176.7948, -38.6822],
            [176.8001, -38.6806],
            [176.8096, -38.6864],
            [176.8158, -38.6869],
            [176.8196, -38.6908],
            [176.8225, -38.6914],
            [176.8326, -38.6801],
            [176.8403, -38.6781],
            [176.8456, -38.6725],
            [176.8566, -38.6725],
            [176.8596, -38.6794],
            [176.8614, -38.6801],
            [176.8765, -38.668],
            [176.8868, -38.6665],
            [176.8934, -38.6701],
            [176.8995, -38.6826],
            [176.9141, -38.6894],
            [176.9234, -38.6905],
            [176.9292, -38.6982],
            [176.9324, -38.6985],
            [176.9434, -38.6949],
            [176.9542, -38.6975],
            [176.9619, -38.6968],
            [176.9642, -38.6983],
            [176.9658, -38.7039],
            [176.9714, -38.7048],
            [176.9856, -38.6942],
            [176.9913, -38.6938],
            [177.0064, -38.6759],
            [177.017, -38.6672],
            [177.0209, -38.6608],
            [177.022, -38.6495],
            [177.0255, -38.6458],
            [177.0271, -38.6393],
            [177.035, -38.6291],
            [177.0418, -38.6266],
            [177.0455, -38.6211],
            [177.0506, -38.62],
            [177.0608, -38.6221],
            [177.0652, -38.6195],
            [177.0714, -38.6125],
            [177.0779, -38.6106],
            [177.0859, -38.6205],
            [177.0936, -38.6182],
            [177.0971, -38.6201],
            [177.0965, -38.6259],
            [177.0997, -38.6274],
            [177.1018, -38.6242],
            [177.1033, -38.6103],
            [177.106, -38.6041],
            [177.1163, -38.5932],
            [177.1199, -38.5854],
            [177.1382, -38.5768],
            [177.1417, -38.5786],
            [177.1456, -38.5836],
            [177.1506, -38.5843],
            [177.1591, -38.5781],
            [177.167, -38.5778],
            [177.164, -38.573],
            [177.1665, -38.5674],
            [177.177, -38.5609],
            [177.1892, -38.537],
            [177.1965, -38.5326],
            [177.2025, -38.5243],
            [177.2258, -38.5341],
            [177.2302, -38.5272],
            [177.2379, -38.5195],
            [177.2409, -38.5102],
            [177.2512, -38.5137],
            [177.2547, -38.513],
            [177.2574, -38.5083],
            [177.2369, -38.4263],
            [177.4637, -38.3335],
            [177.4712, -38.3212],
            [177.4805, -38.3215],
            [177.482, -38.3271],
            [177.4891, -38.3266],
            [177.4901, -38.3253],
            [177.4944, -38.3268],
            [177.4977, -38.3235],
            [177.4999, -38.3245],
            [177.5001, -38.3266],
            [177.5016, -38.326],
            [177.5024, -38.329],
            [177.504, -38.329],
            [177.5061, -38.3324],
            [177.5082, -38.331],
            [177.51, -38.3334],
            [177.5315, -38.3374],
            [177.5326, -38.3334],
            [177.5301, -38.3325],
            [177.5315, -38.3305],
            [177.5275, -38.3262],
            [177.5296, -38.3229],
            [177.5502, -38.316],
            [177.5596, -38.3249],
            [177.5608, -38.3284],
            [177.5542, -38.3363]
          ]
        ]
      },
      "properties": { "name": "Napier" }
    },
    {
      "type": "Feature",
      "id": 27,
      "geometry": {
        "type": "Polygon",
        "coordinates": [
          [
            [173.361, -40.8054],
            [173.4562, -40.8793],
            [173.5007, -40.8629],
            [173.597, -41.0581],
            [173.5961, -41.0633],
            [173.5987, -41.068],
            [173.5986, -41.0713],
            [173.5919, -41.0782],
            [173.594, -41.0805],
            [173.5966, -41.0894],
            [173.5882, -41.1],
            [173.5873, -41.1039],
            [173.59, -41.1085],
            [173.5844, -41.1177],
            [173.5799, -41.1208],
            [173.5791, -41.1241],
            [173.5808, -41.1313],
            [173.5786, -41.1359],
            [173.5819, -41.1466],
            [173.5782, -41.1517],
            [173.5813, -41.1553],
            [173.5793, -41.1593],
            [173.5809, -41.164],
            [173.5763, -41.1714],
            [173.5744, -41.1837],
            [173.5691, -41.187],
            [173.5674, -41.19],
            [173.5625, -41.191],
            [173.5582, -41.1898],
            [173.557, -41.1917],
            [173.5439, -41.1898],
            [173.5343, -41.1959],
            [173.5223, -41.1983],
            [173.5201, -41.2],
            [173.522, -41.2066],
            [173.5204, -41.2066],
            [173.5192, -41.2105],
            [173.5158, -41.2139],
            [173.4877, -41.2216],
            [173.4834, -41.2259],
            [173.4763, -41.2288],
            [173.4727, -41.234],
            [173.4711, -41.2429],
            [173.4605, -41.2501],
            [173.4556, -41.2562],
            [173.4417, -41.2642],
            [173.44, -41.2698],
            [173.4369, -41.273],
            [173.4154, -41.2889],
            [173.421, -41.2998],
            [173.4191, -41.3052],
            [173.4209, -41.3077],
            [173.4204, -41.3101],
            [173.4166, -41.3134],
            [173.4175, -41.3175],
            [173.4147, -41.3232],
            [173.4068, -41.331],
            [173.376, -41.3423],
            [173.3607, -41.3532],
            [173.3572, -41.361],
            [173.3405, -41.3784],
            [173.3376, -41.3855],
            [173.3217, -41.3869],
            [173.3045, -41.3934],
            [173.2974, -41.3931],
            [173.2861, -41.4011],
            [173.2854, -41.4054],
            [173.2896, -41.4142],
            [173.2853, -41.416],
            [173.2741, -41.4138],
            [173.255, -41.4134],
            [173.2506, -41.4116],
            [173.2498, -41.4096],
            [173.2461, -41.4091],
            [173.2446, -41.4044],
            [173.2383, -41.402],
            [173.2341, -41.3974],
            [173.2263, -41.3984],
            [173.2242, -41.3965],
            [173.2148, -41.4038],
            [173.2121, -41.4032],
            [173.2084, -41.406],
            [173.2087, -41.4072],
            [173.2069, -41.4062],
            [173.208, -41.4028],
            [173.2053, -41.4009],
            [173.1942, -41.411],
            [173.1892, -41.4074],
            [173.1788, -41.407],
            [173.1739, -41.4051],
            [173.1625, -41.4097],
            [173.1572, -41.4055],
            [173.1484, -41.4038],
            [173.1465, -41.4045],
            [173.1463, -41.4086],
            [173.1368, -41.4094],
            [173.1303, -41.4051],
            [173.1329, -41.401],
            [173.1328, -41.3974],
            [173.1293, -41.39],
            [173.1288, -41.3822],
            [173.1225, -41.3788],
            [173.1126, -41.3698],
            [173.1142, -41.365],
            [173.1128, -41.3607],
            [173.1171, -41.3552],
            [173.116, -41.3448],
            [173.1181, -41.3436],
            [173.1268, -41.323],
            [173.128, -41.3113],
            [173.1384, -41.3],
            [173.1362, -41.2964],
            [173.1383, -41.2916],
            [173.1367, -41.285],
            [173.1466, -41.2838],
            [173.1793, -41.2857],
            [173.2058, -41.2993],
            [173.2203, -41.2538],
            [173.2157, -41.2514],
            [173.2146, -41.2473],
            [173.2174, -41.2438],
            [173.2238, -41.2428],
            [173.361, -40.8054]
          ]
        ]
      },
      "properties": { "name": "Nelson" }
    },
    {
      "type": "Feature",
      "id": 28,
      "geometry": {
        "type": "Polygon",
        "coordinates": [
          [
            [174.4815, -36.8334],
            [174.4872, -36.8359],
            [174.5006, -36.8351],
            [174.5036, -36.8334],
            [174.5116, -36.8359],
            [174.5109, -36.8393],
            [174.5126, -36.8421],
            [174.5194, -36.8378],
            [174.5234, -36.8424],
            [174.533, -36.8376],
            [174.5384, -36.8443],
            [174.5396, -36.8402],
            [174.5574, -36.8424],
            [174.558, -36.8545],
            [174.5612, -36.8554],
            [174.566, -36.8537],
            [174.5652, -36.8575],
            [174.5735, -36.8584],
            [174.5734, -36.8611],
            [174.57, -36.8647],
            [174.5734, -36.8656],
            [174.5759, -36.8686],
            [174.5745, -36.8695],
            [174.5751, -36.8725],
            [174.5731, -36.8742],
            [174.5735, -36.876],
            [174.5709, -36.8784],
            [174.5763, -36.8774],
            [174.583, -36.8722],
            [174.5889, -36.8723],
            [174.5906, -36.876],
            [174.5971, -36.875],
            [174.5983, -36.8818],
            [174.6014, -36.8819],
            [174.604, -36.8939],
            [174.6058, -36.8951],
            [174.6075, -36.8935],
            [174.6092, -36.8941],
            [174.6083, -36.8958],
            [174.6159, -36.9009],
            [174.6266, -36.9053],
            [174.6252, -36.9086],
            [174.6228, -36.9062],
            [174.6221, -36.9076],
            [174.6237, -36.9099],
            [174.6211, -36.9125],
            [174.6258, -36.915],
            [174.6253, -36.9161],
            [174.6288, -36.9191],
            [174.6276, -36.9202],
            [174.6303, -36.9207],
            [174.6294, -36.9237],
            [174.6305, -36.9257],
            [174.6331, -36.9279],
            [174.6357, -36.9275],
            [174.6374, -36.9353],
            [174.6408, -36.9365],
            [174.6444, -36.9354],
            [174.6448, -36.9374],
            [174.65, -36.9403],
            [174.6529, -36.9399],
            [174.6548, -36.9367],
            [174.6555, -36.9244],
            [174.6607, -36.9217],
            [174.6577, -36.9198],
            [174.6583, -36.9131],
            [174.6655, -36.9105],
            [174.6759, -36.9112],
            [174.6826, -36.902],
            [174.6835, -36.8981],
            [174.6948, -36.8931],
            [174.7004, -36.8861],
            [174.7022, -36.8861],
            [174.7019, -36.8875],
            [174.7042, -36.8871],
            [174.706, -36.8903],
            [174.7021, -36.8956],
            [174.7056, -36.8939],
            [174.7089, -36.8972],
            [174.7079, -36.8989],
            [174.7092, -36.8993],
            [174.7075, -36.8997],
            [174.7089, -36.9218],
            [174.7133, -36.9227],
            [174.7133, -36.9247],
            [174.7108, -36.9253],
            [174.7087, -36.935],
            [174.721, -36.9404],
            [174.7318, -36.9401],
            [174.7301, -36.9523],
            [174.7178, -36.9692],
            [174.6941, -36.9816],
            [174.6771, -36.995],
            [174.6303, -37.0109],
            [174.6239, -37.0157],
            [174.622, -37.0224],
            [174.6097, -37.0272],
            [174.5602, -37.0326],
            [174.5397, -37.0384],
            [174.5328, -37.0421],
            [174.5238, -37.0501],
            [174.5203, -37.059],
            [174.516, -37.0625],
            [174.4831, -37.0772],
            [174.4448, -37.0879],
            [174.3561, -37.1027],
            [174.3095, -37.1134],
            [174.2779, -37.1223],
            [174.2525, -37.1319],
            [174.2375, -37.0975],
            [174.2319, -37.0719],
            [174.2301, -37.0493],
            [174.2155, -36.998],
            [174.1952, -36.947],
            [174.1847, -36.9111],
            [174.1729, -36.8795],
            [174.4455, -36.8766],
            [174.4463, -36.875],
            [174.4518, -36.8732],
            [174.4474, -36.8668],
            [174.4541, -36.8644],
            [174.4535, -36.8631],
            [174.4567, -36.8605],
            [174.4559, -36.8565],
            [174.4576, -36.8526],
            [174.4542, -36.8487],
            [174.4559, -36.8474],
            [174.4605, -36.8485],
            [174.4696, -36.8369],
            [174.4738, -36.8344],
            [174.4815, -36.8334]
          ]
        ]
      },
      "properties": { "name": "New Lynn" }
    },
    {
      "type": "Feature",
      "id": 29,
      "geometry": {
        "type": "Polygon",
        "coordinates": [
          [
            [174.2354, -38.9878],
            [174.2381, -38.9875],
            [174.2404, -38.9904],
            [174.244, -38.9903],
            [174.247, -38.9941],
            [174.2518, -38.9945],
            [174.2549, -38.9929],
            [174.2579, -38.9967],
            [174.2551, -38.9982],
            [174.2592, -39.0034],
            [174.2544, -39.0058],
            [174.2492, -38.9995],
            [174.2453, -38.9974],
            [174.2434, -38.9983],
            [174.2424, -39.0018],
            [174.2434, -39.01],
            [174.2422, -39.0104],
            [174.2443, -39.0161],
            [174.2528, -39.024],
            [174.2544, -39.0315],
            [174.2519, -39.0366],
            [174.2551, -39.0406],
            [174.2592, -39.0422],
            [174.2549, -39.0474],
            [174.2494, -39.0485],
            [174.2466, -39.0518],
            [174.249, -39.0536],
            [174.2409, -39.0587],
            [174.2412, -39.0631],
            [174.2347, -39.0673],
            [174.2327, -39.0666],
            [174.2269, -39.0742],
            [174.22, -39.0775],
            [174.2191, -39.0799],
            [174.2205, -39.0851],
            [174.2249, -39.087],
            [174.2232, -39.0896],
            [174.2204, -39.0892],
            [174.2163, -39.0855],
            [174.2112, -39.0852],
            [174.193, -39.0901],
            [174.2026, -39.1099],
            [174.1992, -39.1117],
            [174.1997, -39.1162],
            [174.1977, -39.119],
            [174.1988, -39.1219],
            [174.197, -39.1275],
            [174.1997, -39.1354],
            [174.1964, -39.139],
            [174.1832, -39.1364],
            [174.1816, -39.1413],
            [174.1838, -39.1417],
            [174.178, -39.146],
            [174.1745, -39.1513],
            [174.1604, -39.1513],
            [174.1593, -39.1572],
            [174.1564, -39.1619],
            [174.1539, -39.1778],
            [174.1427, -39.1779],
            [174.143, -39.1821],
            [174.1348, -39.1872],
            [174.1339, -39.1919],
            [174.1283, -39.1991],
            [174.1239, -39.21],
            [174.1157, -39.2143],
            [174.1109, -39.2232],
            [174.1078, -39.2251],
            [174.1042, -39.2321],
            [174.101, -39.2347],
            [174.1013, -39.2374],
            [174.1044, -39.2407],
            [174.097, -39.248],
            [174.0966, -39.2537],
            [174.0888, -39.2593],
            [174.085, -39.2659],
            [174.077, -39.2726],
            [174.0638, -39.296],
            [173.9698, -39.3502],
            [173.9697, -39.352],
            [173.9654, -39.3557],
            [173.9599, -39.3577],
            [173.9583, -39.3603],
            [173.9591, -39.3618],
            [173.9543, -39.3664],
            [173.9551, -39.3688],
            [173.9521, -39.3711],
            [173.9523, -39.3728],
            [173.9482, -39.3733],
            [173.9483, -39.3761],
            [173.9455, -39.3768],
            [173.9447, -39.3795],
            [173.9431, -39.3789],
            [173.9402, -39.3821],
            [173.9412, -39.3838],
            [173.9348, -39.3913],
            [173.9328, -39.398],
            [173.9208, -39.4072],
            [173.92, -39.415],
            [173.9175, -39.4152],
            [173.9189, -39.4162],
            [173.9166, -39.4166],
            [173.9172, -39.4184],
            [173.9104, -39.4252],
            [173.9067, -39.4261],
            [173.9057, -39.4297],
            [173.8932, -39.436],
            [173.8945, -39.4404],
            [173.8908, -39.4445],
            [173.8837, -39.446],
            [173.8823, -39.449],
            [173.877, -39.4517],
            [173.8775, -39.4537],
            [173.8752, -39.4525],
            [173.8659, -39.4545],
            [173.865, -39.4558],
            [173.8682, -39.4564],
            [173.8628, -39.4593],
            [173.8655, -39.4597],
            [173.8646, -39.4626],
            [173.8627, -39.4607],
            [173.8617, -39.4631],
            [173.7283, -39.5569],
            [173.6641, -39.5998],
            [173.6067, -39.5544],
            [173.5911, -39.5401],
            [173.577, -39.5244],
            [173.541, -39.4706],
            [173.5267, -39.4383],
            [173.5182, -39.4117],
            [173.5091, -39.3747],
            [173.5008, -39.3549],
            [173.4956, -39.3349],
            [173.4926, -39.3097],
            [173.4934, -39.2673],
            [173.4973, -39.244],
            [173.5054, -39.216],
            [173.5239, -39.1713],
            [173.5384, -39.1417],
            [173.5563, -39.1107],
            [173.5721, -39.0878],
            [173.5872, -39.0706],
            [173.6022, -39.057],
            [173.6472, -39.0218],
            [173.6906, -38.9938],
            [173.734, -38.9687],
            [173.7909, -38.9402],
            [173.8081, -38.9236],
            [173.8357, -38.901],
            [173.8565, -38.8869],
            [173.885, -38.8719],
            [173.9131, -38.8608],
            [173.9392, -38.8533],
            [173.9769, -38.8466],
            [174.0003, -38.8449],
            [174.0477, -38.8215],
            [174.093, -38.804],
            [174.1239, -38.7948],
            [174.1621, -38.7876],
            [174.2354, -38.9878]
          ]
        ]
      },
      "properties": { "name": "New Plymouth" }
    },
    {
      "type": "Feature",
      "id": 30,
      "geometry": {
        "type": "Polygon",
        "coordinates": [
          [
            [174.7535, -36.7329],
            [174.8273, -36.7319],
            [174.8229, -36.7479],
            [174.8207, -36.764],
            [174.8192, -36.8101],
            [174.8204, -36.8345],
            [174.8046, -36.839],
            [174.763, -36.8328],
            [174.763, -36.7991],
            [174.7613, -36.7994],
            [174.754, -36.7902],
            [174.7373, -36.7611],
            [174.726, -36.7508],
            [174.7393, -36.7448],
            [174.7422, -36.7391],
            [174.7375, -36.7361],
            [174.743, -36.7344],
            [174.7491, -36.7354],
            [174.7504, -36.7334],
            [174.7535, -36.7329]
          ]
        ]
      },
      "properties": { "name": "North Shore" }
    },
    {
      "type": "Feature",
      "id": 31,
      "geometry": {
        "type": "Polygon",
        "coordinates": [
          [
            [174.7476, -36.7799],
            [174.7562, -36.7931],
            [174.7613, -36.7994],
            [174.763, -36.7991],
            [174.763, -36.8328],
            [174.7356, -36.8325],
            [174.6948, -36.8357],
            [174.6746, -36.8147],
            [174.6761, -36.7917],
            [174.6819, -36.7859],
            [174.6955, -36.781],
            [174.7029, -36.7851],
            [174.706, -36.7852],
            [174.7128, -36.7796],
            [174.7189, -36.7787],
            [174.7199, -36.7771],
            [174.7248, -36.7768],
            [174.7261, -36.7792],
            [174.7337, -36.7804],
            [174.7336, -36.7781],
            [174.7427, -36.7718],
            [174.7476, -36.7799]
          ]
        ]
      },
      "properties": { "name": "Northcote" }
    },
    {
      "type": "Feature",
      "id": 32,
      "geometry": {
        "type": "MultiPolygon",
        "coordinates": [
          [
            [
              [173.1296, -34.2139],
              [173.1445, -34.2203],
              [173.197, -34.2487],
              [173.2242, -34.2676],
              [173.2384, -34.2799],
              [173.2616, -34.3054],
              [173.2684, -34.3157],
              [173.278, -34.3314],
              [173.2904, -34.3622],
              [173.2947, -34.3779],
              [173.2979, -34.4092],
              [173.2964, -34.4353],
              [173.2936, -34.4496],
              [173.2865, -34.4736],
              [173.2796, -34.4883],
              [173.2712, -34.504],
              [173.2496, -34.5323],
              [173.2421, -34.5626],
              [173.2459, -34.5667],
              [173.3607, -34.5678],
              [173.4336, -34.5753],
              [173.4756, -34.584],
              [173.5112, -34.5966],
              [173.5315, -34.6067],
              [173.5594, -34.6248],
              [173.5821, -34.6447],
              [173.6027, -34.6681],
              [173.6208, -34.6811],
              [173.6411, -34.6986],
              [173.6627, -34.7205],
              [173.695, -34.7424],
              [173.726, -34.7452],
              [173.7527, -34.7504],
              [173.7988, -34.7526],
              [173.8386, -34.76],
              [173.8756, -34.7721],
              [173.8929, -34.769],
              [173.9299, -34.7658],
              [173.9537, -34.7662],
              [173.9799, -34.7689],
              [174.0336, -34.7806],
              [174.0592, -34.7882],
              [174.0864, -34.7994],
              [174.1171, -34.8158],
              [174.1453, -34.8366],
              [174.1586, -34.8497],
              [174.1855, -34.8818],
              [174.1953, -34.8984],
              [174.2052, -34.9179],
              [174.2133, -34.9449],
              [174.2321, -34.9563],
              [174.3533, -34.9631],
              [174.4162, -34.9726],
              [174.4445, -34.9818],
              [174.4719, -34.9942],
              [174.4968, -35.0092],
              [174.5177, -35.0252],
              [174.5355, -35.0424],
              [174.5544, -35.0661],
              [174.5723, -35.0994],
              [174.5782, -35.1158],
              [174.5838, -35.1415],
              [174.5866, -35.1924],
              [174.5857, -35.2104],
              [174.6217, -35.2673],
              [174.6471, -35.2577],
              [174.6734, -35.2505],
              [174.7001, -35.246],
              [174.7262, -35.2439],
              [174.7541, -35.2442],
              [174.7801, -35.2467],
              [174.8085, -35.2524],
              [174.8373, -35.2611],
              [174.8624, -35.2719],
              [174.886, -35.285],
              [174.9045, -35.2978],
              [174.9263, -35.3169],
              [174.9416, -35.3325],
              [174.9569, -35.3519],
              [174.9682, -35.3702],
              [174.981, -35.4008],
              [174.9868, -35.425],
              [174.9923, -35.4651],
              [174.993, -35.4984],
              [174.7111, -35.5029],
              [174.4709, -35.5457],
              [174.47, -35.5474],
              [174.4604, -35.5519],
              [174.462, -35.5535],
              [174.4606, -35.5552],
              [174.4574, -35.5549],
              [174.4507, -35.5575],
              [174.4556, -35.5633],
              [174.4236, -35.5642],
              [174.4238, -35.576],
              [174.4314, -35.576],
              [174.4314, -35.5917],
              [174.428, -35.592],
              [174.4295, -35.5953],
              [174.4285, -35.597],
              [174.432, -35.598],
              [174.4337, -35.6019],
              [174.438, -35.6001],
              [174.4391, -35.6023],
              [174.4336, -35.6063],
              [174.4333, -35.6092],
              [174.4284, -35.6103],
              [174.4244, -35.6082],
              [174.4221, -35.614],
              [174.4172, -35.6169],
              [174.4165, -35.6092],
              [174.4064, -35.6128],
              [174.3547, -35.6108],
              [174.3525, -35.6145],
              [174.3352, -35.616],
              [174.3296, -35.6209],
              [174.2946, -35.5723],
              [174.2874, -35.5758],
              [174.2841, -35.5671],
              [174.2748, -35.5685],
              [174.274, -35.5721],
              [174.2659, -35.5751],
              [174.2702, -35.5814],
              [174.2671, -35.5839],
              [174.2679, -35.5858],
              [174.251, -35.5943],
              [174.2455, -35.5928],
              [174.2478, -35.5949],
              [174.2472, -35.5966],
              [174.2493, -35.5975],
              [174.2441, -35.5989],
              [174.2469, -35.6011],
              [174.2476, -35.5993],
              [174.249, -35.5997],
              [174.2467, -35.6052],
              [174.2451, -35.6058],
              [174.2442, -35.6033],
              [174.24, -35.6031],
              [174.2386, -35.6007],
              [174.2373, -35.6011],
              [174.2365, -35.6029],
              [174.2387, -35.6036],
              [174.2394, -35.6061],
              [174.2376, -35.6076],
              [174.2382, -35.6103],
              [174.2347, -35.6103],
              [174.2318, -35.6186],
              [174.225, -35.6213],
              [174.2223, -35.6207],
              [174.2176, -35.6233],
              [174.2185, -35.6249],
              [174.2012, -35.6309],
              [174.1945, -35.6361],
              [174.1866, -35.6365],
              [174.1831, -35.6349],
              [174.1817, -35.6362],
              [174.1823, -35.6378],
              [174.1794, -35.639],
              [174.1777, -35.6378],
              [174.1745, -35.6419],
              [174.17, -35.641],
              [174.1639, -35.6462],
              [174.1609, -35.6461],
              [174.1586, -35.6488],
              [174.1526, -35.65],
              [174.1517, -35.6539],
              [174.1449, -35.6524],
              [174.1411, -35.6548],
              [174.1404, -35.6585],
              [174.1422, -35.6605],
              [174.1365, -35.6642],
              [174.14, -35.6648],
              [174.1397, -35.6707],
              [174.1411, -35.6715],
              [174.14, -35.6751],
              [174.1363, -35.6771],
              [174.1297, -35.6773],
              [174.1266, -35.6796],
              [174.1258, -35.6869],
              [174.1219, -35.6895],
              [174.1217, -35.6922],
              [174.1188, -35.6944],
              [174.1213, -35.6948],
              [174.1197, -35.6986],
              [174.1177, -35.6965],
              [174.1167, -35.6994],
              [174.1124, -35.6986],
              [174.1108, -35.6997],
              [174.1142, -35.7013],
              [174.1137, -35.7037],
              [174.1158, -35.7048],
              [174.1171, -35.7025],
              [174.1201, -35.7045],
              [174.121, -35.7021],
              [174.1291, -35.7029],
              [174.1328, -35.7002],
              [174.1356, -35.7046],
              [174.1321, -35.7057],
              [174.1381, -35.7085],
              [174.138, -35.7212],
              [174.1449, -35.7201],
              [174.1487, -35.7241],
              [174.1527, -35.7228],
              [174.158, -35.7312],
              [174.1539, -35.734],
              [174.1588, -35.7322],
              [174.1613, -35.7299],
              [174.161, -35.7264],
              [174.1627, -35.7261],
              [174.1689, -35.7326],
              [174.1693, -35.7359],
              [174.1784, -35.7354],
              [174.1805, -35.7373],
              [174.1793, -35.7397],
              [174.1911, -35.7407],
              [174.1963, -35.7479],
              [174.1944, -35.7514],
              [174.1971, -35.752],
              [174.197, -35.7544],
              [174.2013, -35.7545],
              [174.1983, -35.7609],
              [174.1996, -35.7618],
              [174.1975, -35.7619],
              [174.1978, -35.764],
              [174.2013, -35.7636],
              [174.2138, -35.7693],
              [174.2193, -35.7749],
              [174.2226, -35.7743],
              [174.2208, -35.7806],
              [174.2178, -35.78],
              [174.2149, -35.7902],
              [174.2081, -35.7889],
              [174.2075, -35.8057],
              [174.2259, -35.8133],
              [174.2291, -35.8062],
              [174.2369, -35.8015],
              [174.244, -35.8109],
              [174.246, -35.8099],
              [174.2472, -35.8111],
              [174.2366, -35.8196],
              [174.2337, -35.8247],
              [174.2373, -35.8276],
              [174.2448, -35.829],
              [174.249, -35.8347],
              [174.2533, -35.8367],
              [174.2565, -35.8431],
              [174.2479, -35.8464],
              [174.2478, -35.8489],
              [174.2447, -35.8505],
              [174.2461, -35.8538],
              [174.2449, -35.8568],
              [174.2511, -35.8606],
              [174.2466, -35.8658],
              [174.2677, -35.893],
              [174.2674, -35.9011],
              [174.2619, -35.9069],
              [174.2647, -35.9139],
              [174.264, -35.9192],
              [174.2693, -35.9205],
              [174.2709, -35.9255],
              [174.2804, -35.9243],
              [174.2822, -35.929],
              [174.3097, -35.9531],
              [174.3272, -35.9576],
              [174.3271, -35.9817],
              [174.319, -35.9848],
              [174.3112, -35.9842],
              [174.3105, -35.9862],
              [174.3131, -35.988],
              [174.3134, -35.9907],
              [174.3171, -35.9931],
              [174.3178, -35.9965],
              [174.3152, -36.0007],
              [174.3202, -36.0067],
              [174.3245, -36.0268],
              [174.3314, -36.0262],
              [174.3307, -36.0251],
              [174.3404, -36.0214],
              [174.3426, -36.0245],
              [174.3424, -36.0275],
              [174.3461, -36.0295],
              [174.3443, -36.0345],
              [174.3591, -36.0435],
              [174.3588, -36.0536],
              [174.3682, -36.0536],
              [174.3731, -36.0486],
              [174.3783, -36.0521],
              [174.3814, -36.051],
              [174.3821, -36.0458],
              [174.3846, -36.0457],
              [174.3905, -36.0552],
              [174.3875, -36.056],
              [174.3909, -36.0582],
              [174.3905, -36.0653],
              [174.388, -36.0678],
              [174.3849, -36.0673],
              [174.3901, -36.0709],
              [174.3958, -36.0718],
              [174.4006, -36.0758],
              [174.4002, -36.0772],
              [174.4042, -36.0759],
              [174.408, -36.0768],
              [174.408, -36.0787],
              [174.4172, -36.0773],
              [174.4228, -36.0798],
              [174.4338, -36.0816],
              [174.4355, -36.084],
              [174.441, -36.0862],
              [174.447, -36.0866],
              [174.4517, -36.0857],
              [174.4546, -36.0822],
              [174.4716, -36.0766],
              [174.4729, -36.072],
              [174.4774, -36.0708],
              [174.4816, -36.0705],
              [174.4847, -36.073],
              [174.493, -36.072],
              [174.4955, -36.0741],
              [174.502, -36.0741],
              [174.5055, -36.0712],
              [174.5102, -36.0726],
              [174.517, -36.0692],
              [174.5185, -36.0664],
              [174.5235, -36.0635],
              [174.5304, -36.0673],
              [174.5363, -36.0664],
              [174.5422, -36.0696],
              [174.5562, -36.0662],
              [174.5625, -36.0669],
              [174.5653, -36.0652],
              [174.5642, -36.0614],
              [174.5558, -36.0555],
              [174.5655, -36.0612],
              [174.5686, -36.0609],
              [174.5701, -36.0591],
              [174.5732, -36.0611],
              [174.5804, -36.0532],
              [174.583, -36.0432],
              [174.7826, -36.0071],
              [174.6168, -36.1175],
              [174.6059, -36.1216],
              [174.6069, -36.1228],
              [174.6045, -36.1272],
              [174.6069, -36.1302],
              [174.6068, -36.1328],
              [174.6008, -36.1332],
              [174.6017, -36.1367],
              [174.5986, -36.1403],
              [174.5937, -36.1418],
              [174.5884, -36.1405],
              [174.5847, -36.1431],
              [174.5827, -36.1494],
              [174.5839, -36.1558],
              [174.5867, -36.1577],
              [174.5802, -36.167],
              [174.5711, -36.1662],
              [174.5703, -36.1719],
              [174.5656, -36.1713],
              [174.5658, -36.1741],
              [174.5641, -36.1738],
              [174.5628, -36.1791],
              [174.5519, -36.1774],
              [174.548, -36.1802],
              [174.5459, -36.1795],
              [174.5397, -36.1828],
              [174.5346, -36.1835],
              [174.5223, -36.1972],
              [174.5245, -36.2028],
              [174.5232, -36.2047],
              [174.5254, -36.2078],
              [174.523, -36.2101],
              [174.5176, -36.211],
              [174.4985, -36.2243],
              [174.4893, -36.2241],
              [174.4885, -36.2229],
              [174.4857, -36.2259],
              [174.4851, -36.2296],
              [174.4835, -36.2302],
              [174.4832, -36.228],
              [174.4779, -36.2299],
              [174.4727, -36.2367],
              [174.4732, -36.2494],
              [174.4678, -36.2601],
              [174.4611, -36.2605],
              [174.4579, -36.2581],
              [174.4566, -36.2534],
              [174.4539, -36.2532],
              [174.4396, -36.265],
              [174.4293, -36.2676],
              [174.4266, -36.2728],
              [174.4111, -36.2783],
              [174.4032, -36.2893],
              [174.399, -36.2926],
              [174.3908, -36.2957],
              [174.3718, -36.299],
              [174.3649, -36.3039],
              [174.3577, -36.3151],
              [174.3438, -36.3196],
              [174.3341, -36.3194],
              [174.324, -36.3151],
              [174.3125, -36.3179],
              [174.3071, -36.3144],
              [174.3002, -36.3048],
              [174.2937, -36.3018],
              [174.2446, -36.2952],
              [174.2391, -36.2963],
              [174.235, -36.3014],
              [174.2147, -36.3459],
              [174.2019, -36.3854],
              [174.1931, -36.4016],
              [174.123, -36.4351],
              [173.8966, -36.5585],
              [173.8655, -36.5354],
              [173.8527, -36.5239],
              [173.8301, -36.4995],
              [173.8155, -36.4783],
              [173.7984, -36.4473],
              [173.7887, -36.4232],
              [173.7828, -36.3985],
              [173.7807, -36.3712],
              [173.7748, -36.3512],
              [173.7625, -36.3332],
              [173.7541, -36.3172],
              [173.7194, -36.2716],
              [173.6799, -36.229],
              [173.6389, -36.1783],
              [173.5902, -36.1264],
              [173.5584, -36.0863],
              [173.5228, -36.0487],
              [173.4984, -36.026],
              [173.4614, -35.9803],
              [173.4434, -35.9634],
              [173.4089, -35.9243],
              [173.3703, -35.8942],
              [173.3468, -35.8718],
              [173.3277, -35.8479],
              [173.3158, -35.8269],
              [173.2895, -35.7986],
              [173.2672, -35.7834],
              [173.2394, -35.7577],
              [173.2257, -35.741],
              [173.2081, -35.7117],
              [173.1845, -35.691],
              [173.1669, -35.6714],
              [173.1491, -35.6447],
              [173.1331, -35.6135],
              [173.1073, -35.5832],
              [173.0765, -35.5533],
              [173.0643, -35.5394],
              [173.0322, -35.5127],
              [172.9528, -35.4179],
              [172.9389, -35.3957],
              [172.9341, -35.3853],
              [172.9178, -35.3699],
              [172.9025, -35.3515],
              [172.8691, -35.3249],
              [172.857, -35.3122],
              [172.8413, -35.2919],
              [172.8242, -35.2603],
              [172.8149, -35.2311],
              [172.8102, -35.2037],
              [172.8103, -35.1669],
              [172.8174, -35.1327],
              [172.8282, -35.1047],
              [172.8426, -35.0772],
              [172.8505, -35.0654],
              [172.8664, -35.0459],
              [172.891, -35.0224],
              [172.8844, -35.0126],
              [172.8337, -34.953],
              [172.7804, -34.8947],
              [172.7408, -34.8457],
              [172.7207, -34.8321],
              [172.7041, -34.8171],
              [172.6869, -34.799],
              [172.6729, -34.7789],
              [172.6371, -34.7571],
              [172.6194, -34.7428],
              [172.5977, -34.7203],
              [172.5812, -34.6973],
              [172.564, -34.6878],
              [172.5427, -34.6734],
              [172.5132, -34.6468],
              [172.4748, -34.6242],
              [172.4484, -34.6019],
              [172.4214, -34.5684],
              [172.4143, -34.5566],
              [172.4039, -34.533],
              [172.3961, -34.5042],
              [172.3934, -34.4836],
              [172.3924, -34.4679],
              [172.3935, -34.4512],
              [172.395, -34.4369],
              [172.4017, -34.4115],
              [172.4084, -34.3941],
              [172.4168, -34.3785],
              [172.4247, -34.3658],
              [172.4426, -34.3433],
              [172.4598, -34.3267],
              [172.4723, -34.317],
              [172.48, -34.3062],
              [172.5036, -34.2828],
              [172.5274, -34.2643],
              [172.5641, -34.2439],
              [172.5902, -34.2337],
              [172.6138, -34.2274],
              [172.6464, -34.2218],
              [172.6641, -34.2203],
              [172.6966, -34.2204],
              [172.7332, -34.225],
              [172.7585, -34.2309],
              [172.7845, -34.2231],
              [172.8202, -34.2167],
              [172.8597, -34.2148],
              [172.8963, -34.2159],
              [172.9241, -34.2061],
              [172.9524, -34.1992],
              [172.9845, -34.1953],
              [173.0175, -34.1935],
              [173.0541, -34.1949],
              [173.0699, -34.1973],
              [173.1037, -34.2047],
              [173.1296, -34.2139]
            ]
          ],
          [
            [
              [172.0644, -34.3903],
              [172.0257, -34.3899],
              [171.9925, -34.3866],
              [171.96, -34.3798],
              [171.9274, -34.3686],
              [171.8963, -34.3527],
              [171.8677, -34.334],
              [171.8464, -34.315],
              [171.8266, -34.2913],
              [171.8145, -34.2716],
              [171.8066, -34.254],
              [171.7895, -34.1928],
              [171.8016, -34.1238],
              [171.8302, -34.0627],
              [171.8769, -34.0232],
              [171.9196, -34.0037],
              [171.9762, -33.9845],
              [172.0373, -33.9706],
              [172.1142, -33.9616],
              [172.1766, -33.9585],
              [172.2172, -33.9612],
              [172.2736, -33.9701],
              [172.3184, -33.9849],
              [172.3546, -34.0055],
              [172.3765, -34.0286],
              [172.3929, -34.064],
              [172.4019, -34.0902],
              [172.4081, -34.1147],
              [172.4071, -34.1632],
              [172.3968, -34.2062],
              [172.3833, -34.2402],
              [172.3659, -34.2676],
              [172.3449, -34.2912],
              [172.3209, -34.3114],
              [172.2913, -34.3306],
              [172.2595, -34.3458],
              [172.2186, -34.3595],
              [172.1322, -34.381],
              [172.0946, -34.3877],
              [172.0644, -34.3903]
            ]
          ]
        ]
      },
      "properties": { "name": "Northland" }
    },
    {
      "type": "Feature",
      "id": 33,
      "geometry": {
        "type": "Polygon",
        "coordinates": [
          [
            [174.7871, -41.1477],
            [174.7902, -41.1435],
            [174.8061, -41.1498],
            [174.8035, -41.1556],
            [174.8125, -41.1582],
            [174.8102, -41.1614],
            [174.81, -41.1636],
            [174.8113, -41.1641],
            [174.8139, -41.1641],
            [174.8238, -41.1573],
            [174.8247, -41.1604],
            [174.8268, -41.1594],
            [174.8276, -41.1633],
            [174.8345, -41.1638],
            [174.8311, -41.1722],
            [174.8371, -41.1725],
            [174.8371, -41.1708],
            [174.8351, -41.1702],
            [174.836, -41.1687],
            [174.8384, -41.1673],
            [174.8426, -41.1677],
            [174.8428, -41.1657],
            [174.8457, -41.1646],
            [174.8459, -41.1611],
            [174.8432, -41.1612],
            [174.8455, -41.157],
            [174.857, -41.162],
            [174.8621, -41.1553],
            [174.8669, -41.1568],
            [174.8691, -41.1541],
            [174.8708, -41.1561],
            [174.8758, -41.1496],
            [174.8801, -41.1515],
            [174.8833, -41.1474],
            [174.8954, -41.1528],
            [174.8793, -41.1735],
            [174.8803, -41.1737],
            [174.8789, -41.1779],
            [174.8757, -41.1765],
            [174.8655, -41.1891],
            [174.8673, -41.1894],
            [174.8664, -41.1961],
            [174.8645, -41.1958],
            [174.8608, -41.2026],
            [174.8633, -41.2029],
            [174.8625, -41.206],
            [174.8603, -41.2058],
            [174.859, -41.2099],
            [174.8618, -41.2143],
            [174.8571, -41.2224],
            [174.8575, -41.224],
            [174.8498, -41.2266],
            [174.8577, -41.2382],
            [174.8272, -41.2563],
            [174.8274, -41.2621],
            [174.8497, -41.2716],
            [174.7961, -41.2738],
            [174.7894, -41.2634],
            [174.786, -41.2626],
            [174.78, -41.2678],
            [174.7729, -41.2649],
            [174.7693, -41.2678],
            [174.7683, -41.2719],
            [174.7644, -41.2693],
            [174.7667, -41.2679],
            [174.7646, -41.2663],
            [174.7603, -41.268],
            [174.7603, -41.2663],
            [174.7534, -41.2615],
            [174.7487, -41.2587],
            [174.7472, -41.2598],
            [174.7493, -41.2486],
            [174.7455, -41.2489],
            [174.739, -41.2453],
            [174.7413, -41.2427],
            [174.7354, -41.2395],
            [174.7441, -41.2297],
            [174.7197, -41.2168],
            [174.7252, -41.2106],
            [174.5397, -41.1054],
            [174.5592, -41.0242],
            [174.7871, -41.1477]
          ]
        ]
      },
      "properties": { "name": "Ōhāriu" }
    },
    {
      "type": "Feature",
      "id": 34,
      "geometry": {
        "type": "Polygon",
        "coordinates": [
          [
            [175.2273, -40.3911],
            [175.2797, -40.386],
            [175.2786, -40.3964],
            [175.3106, -40.4025],
            [175.4264, -40.4375],
            [175.4239, -40.4432],
            [175.4128, -40.4469],
            [175.4149, -40.4531],
            [175.4141, -40.4548],
            [175.4033, -40.459],
            [175.3941, -40.4677],
            [175.3964, -40.4746],
            [175.3898, -40.4752],
            [175.3887, -40.4703],
            [175.3857, -40.4691],
            [175.3772, -40.4782],
            [175.368, -40.4796],
            [175.3645, -40.482],
            [175.3663, -40.4875],
            [175.3733, -40.4911],
            [175.377, -40.4897],
            [175.3762, -40.4854],
            [175.3773, -40.4834],
            [175.3818, -40.4826],
            [175.3893, -40.4883],
            [175.3893, -40.4909],
            [175.3852, -40.4952],
            [175.3925, -40.4943],
            [175.4018, -40.4977],
            [175.403, -40.5003],
            [175.3988, -40.5149],
            [175.4047, -40.5212],
            [175.3989, -40.5277],
            [175.3872, -40.5273],
            [175.3865, -40.5293],
            [175.3895, -40.5336],
            [175.3878, -40.5357],
            [175.3828, -40.5366],
            [175.3755, -40.5351],
            [175.3691, -40.5435],
            [175.3677, -40.5431],
            [175.3668, -40.5383],
            [175.3588, -40.5629],
            [175.3987, -40.5704],
            [175.4008, -40.5733],
            [175.3986, -40.5805],
            [175.4066, -40.5851],
            [175.4027, -40.5886],
            [175.402, -40.5964],
            [175.4002, -40.5983],
            [175.436, -40.6107],
            [175.4356, -40.6138],
            [175.4384, -40.6168],
            [175.437, -40.6194],
            [175.4723, -40.6327],
            [175.475, -40.6306],
            [175.506, -40.6542],
            [175.4477, -40.7252],
            [175.4463, -40.7307],
            [175.4428, -40.7354],
            [175.4424, -40.7406],
            [175.4396, -40.7442],
            [175.4341, -40.7465],
            [175.4261, -40.7452],
            [175.4228, -40.7486],
            [175.4188, -40.7499],
            [175.4081, -40.751],
            [175.4, -40.7549],
            [175.3957, -40.7588],
            [175.3928, -40.7643],
            [175.3931, -40.7674],
            [175.3888, -40.7706],
            [175.3848, -40.7781],
            [175.3801, -40.7806],
            [175.3791, -40.7883],
            [175.376, -40.7939],
            [175.377, -40.8091],
            [175.3597, -40.8122],
            [175.3566, -40.8148],
            [175.3577, -40.8182],
            [175.3541, -40.8234],
            [175.3539, -40.8268],
            [175.3578, -40.834],
            [175.3554, -40.8387],
            [175.3561, -40.8479],
            [175.3583, -40.8596],
            [175.3605, -40.8612],
            [175.3587, -40.8686],
            [175.3611, -40.8731],
            [175.3565, -40.8886],
            [175.3493, -40.8973],
            [175.3374, -40.9005],
            [175.3341, -40.908],
            [175.3334, -40.9144],
            [175.3177, -40.9179],
            [175.3104, -40.9256],
            [175.2999, -40.9258],
            [175.2851, -40.9341],
            [175.2709, -40.9374],
            [175.2702, -40.939],
            [175.2726, -40.941],
            [175.271, -40.9444],
            [175.2758, -40.9451],
            [175.2817, -40.9521],
            [175.2806, -40.9572],
            [175.2764, -40.9616],
            [175.2673, -40.9672],
            [175.2619, -40.9675],
            [175.2611, -40.9709],
            [175.2557, -40.9717],
            [175.2452, -40.9718],
            [175.2388, -40.9694],
            [175.2336, -40.9729],
            [175.2267, -40.9732],
            [175.2187, -40.9665],
            [175.2159, -40.966],
            [175.2074, -40.9685],
            [175.2028, -40.979],
            [175.1983, -40.9799],
            [175.1935, -40.9735],
            [175.187, -40.9696],
            [175.1816, -40.973],
            [175.1786, -40.9729],
            [175.1737, -40.971],
            [175.1693, -40.9651],
            [175.1643, -40.9656],
            [175.1647, -40.9677],
            [175.1625, -40.967],
            [175.1572, -40.9688],
            [175.1537, -40.9666],
            [175.1473, -40.9672],
            [175.1448, -40.9645],
            [175.1345, -40.9646],
            [175.1292, -40.9493],
            [175.1116, -40.9528],
            [175.1141, -40.9569],
            [175.0917, -40.9613],
            [175.0988, -40.9821],
            [175.075, -40.9821],
            [175.0744, -40.9833],
            [175.0671, -40.9732],
            [175.0617, -40.9703],
            [175.063, -40.9664],
            [175.035, -40.937],
            [175.036, -40.934],
            [175.0385, -40.9331],
            [175.0398, -40.9294],
            [175.0409, -40.9296],
            [175.0376, -40.9255],
            [175.0332, -40.9275],
            [175.0277, -40.9206],
            [175.0235, -40.9201],
            [175.0214, -40.9165],
            [175.0225, -40.9135],
            [175.0189, -40.909],
            [175.0152, -40.9127],
            [175.0108, -40.9115],
            [175.0025, -40.922],
            [174.9775, -40.9037],
            [174.7991, -40.9027],
            [174.614, -40.8199],
            [174.6278, -40.7927],
            [174.6474, -40.7665],
            [174.6896, -40.7275],
            [174.7132, -40.6994],
            [174.7456, -40.6727],
            [174.7792, -40.6532],
            [174.8133, -40.6391],
            [174.8514, -40.6286],
            [174.8939, -40.6224],
            [174.9077, -40.5957],
            [174.9416, -40.5012],
            [174.9464, -40.4815],
            [174.9496, -40.4544],
            [174.9598, -40.414],
            [174.9653, -40.3784],
            [175.2273, -40.3911]
          ]
        ]
      },
      "properties": { "name": "Ōtaki" }
    },
    {
      "type": "Feature",
      "id": 35,
      "geometry": {
        "type": "Polygon",
        "coordinates": [
          [
            [174.9022, -36.8463],
            [174.9376, -36.857],
            [174.944, -36.8984],
            [174.939, -36.9057],
            [174.9373, -36.9061],
            [174.9287, -36.9062],
            [174.9208, -36.9037],
            [174.9188, -36.9016],
            [174.9115, -36.9052],
            [174.9077, -36.9039],
            [174.9074, -36.9061],
            [174.9035, -36.9084],
            [174.9051, -36.9109],
            [174.9039, -36.9162],
            [174.8992, -36.9204],
            [174.898, -36.9177],
            [174.8957, -36.9176],
            [174.8875, -36.9263],
            [174.8786, -36.9274],
            [174.8651, -36.9265],
            [174.8568, -36.9163],
            [174.8576, -36.909],
            [174.8603, -36.9064],
            [174.8699, -36.9034],
            [174.8736, -36.8909],
            [174.8934, -36.8766],
            [174.8956, -36.87],
            [174.8899, -36.8606],
            [174.8891, -36.8484],
            [174.89, -36.8461],
            [174.9022, -36.8463]
          ]
        ]
      },
      "properties": { "name": "Pakuranga" }
    },
    {
      "type": "Feature",
      "id": 36,
      "geometry": {
        "type": "Polygon",
        "coordinates": [
          [
            [175.6135, -40.3111],
            [175.6176, -40.3145],
            [175.6281, -40.3073],
            [175.6466, -40.3232],
            [175.6567, -40.3185],
            [175.6676, -40.3328],
            [175.6473, -40.34],
            [175.646, -40.3422],
            [175.6519, -40.35],
            [175.6437, -40.3552],
            [175.6438, -40.3574],
            [175.6473, -40.3602],
            [175.6473, -40.3671],
            [175.6392, -40.3776],
            [175.6261, -40.3736],
            [175.6041, -40.3741],
            [175.6001, -40.3769],
            [175.596, -40.3847],
            [175.587, -40.3864],
            [175.5826, -40.3894],
            [175.5844, -40.3964],
            [175.5812, -40.3971],
            [175.5726, -40.3927],
            [175.5519, -40.3656],
            [175.5695, -40.3578],
            [175.5679, -40.3562],
            [175.5784, -40.3516],
            [175.5766, -40.35],
            [175.5799, -40.3479],
            [175.5783, -40.3465],
            [175.5989, -40.3333],
            [175.5973, -40.3313],
            [175.6002, -40.3299],
            [175.5899, -40.321],
            [175.6094, -40.3077],
            [175.6135, -40.3111]
          ]
        ]
      },
      "properties": { "name": "Palmerston North" }
    },
    {
      "type": "Feature",
      "id": 37,
      "geometry": {
        "type": "Polygon",
        "coordinates": [
          [
            [174.8769, -36.8764],
            [174.887, -36.8808],
            [174.8736, -36.8909],
            [174.8699, -36.9034],
            [174.8603, -36.9064],
            [174.8576, -36.909],
            [174.8568, -36.9163],
            [174.8684, -36.9322],
            [174.8666, -36.9356],
            [174.8597, -36.9404],
            [174.859, -36.9431],
            [174.8651, -36.9483],
            [174.8763, -36.946],
            [174.8798, -36.9475],
            [174.8804, -36.9493],
            [174.8918, -36.9506],
            [174.8836, -36.9794],
            [174.8776, -36.9816],
            [174.8658, -36.9751],
            [174.862, -36.9796],
            [174.8509, -36.9799],
            [174.8354, -36.9574],
            [174.8342, -36.9516],
            [174.8322, -36.9539],
            [174.8288, -36.9542],
            [174.8287, -36.9556],
            [174.8159, -36.9518],
            [174.8167, -36.9489],
            [174.8243, -36.9405],
            [174.8212, -36.9358],
            [174.8266, -36.9289],
            [174.8289, -36.9278],
            [174.83, -36.9299],
            [174.832, -36.9266],
            [174.8408, -36.9219],
            [174.84, -36.9189],
            [174.843, -36.9193],
            [174.8415, -36.9092],
            [174.8434, -36.9038],
            [174.8419, -36.9034],
            [174.8454, -36.8976],
            [174.8415, -36.8966],
            [174.8377, -36.8928],
            [174.8391, -36.8913],
            [174.8434, -36.8919],
            [174.8492, -36.8875],
            [174.8548, -36.8885],
            [174.8548, -36.881],
            [174.8563, -36.8799],
            [174.8656, -36.8813],
            [174.8661, -36.8795],
            [174.8707, -36.8779],
            [174.8727, -36.8787],
            [174.8769, -36.8764]
          ]
        ]
      },
      "properties": { "name": "Panmure-Ōtāhuhu" }
    },
    {
      "type": "Feature",
      "id": 38,
      "geometry": {
        "type": "Polygon",
        "coordinates": [
          [
            [175.1081, -36.8966],
            [175.1212, -36.9168],
            [175.1288, -36.9199],
            [175.1468, -36.923],
            [175.1529, -36.9301],
            [175.1593, -36.9324],
            [175.1667, -36.9317],
            [175.182, -36.9201],
            [175.1913, -36.9179],
            [175.2028, -36.9193],
            [175.2261, -36.9278],
            [175.2599, -36.9322],
            [175.3278, -36.9363],
            [175.3396, -36.9353],
            [175.3615, -36.9303],
            [175.3793, -36.9626],
            [175.3886, -37.0219],
            [175.2911, -37.024],
            [175.2678, -37.0274],
            [175.2077, -37.0301],
            [175.2027, -37.036],
            [175.2064, -37.0375],
            [175.2021, -37.0387],
            [175.1971, -37.0359],
            [175.1929, -37.0395],
            [175.1904, -37.0386],
            [175.1848, -37.0408],
            [175.1787, -37.034],
            [175.1785, -37.0303],
            [175.1757, -37.0274],
            [175.173, -37.027],
            [175.1677, -37.0211],
            [175.166, -37.0214],
            [175.1639, -37.0161],
            [175.1563, -37.0181],
            [175.1521, -37.0216],
            [175.1516, -37.0245],
            [175.1556, -37.0298],
            [175.1531, -37.0372],
            [175.1548, -37.0379],
            [175.1535, -37.0432],
            [175.1556, -37.047],
            [175.1476, -37.0549],
            [175.1466, -37.0632],
            [175.149, -37.0673],
            [175.1455, -37.0684],
            [175.1457, -37.0695],
            [175.1477, -37.0702],
            [175.1466, -37.0712],
            [175.1505, -37.0703],
            [175.1483, -37.0759],
            [175.146, -37.0759],
            [175.1448, -37.0789],
            [175.1445, -37.0872],
            [175.1464, -37.0899],
            [175.1408, -37.0987],
            [175.1446, -37.1013],
            [175.1434, -37.1086],
            [175.1473, -37.1099],
            [175.15, -37.1197],
            [175.1542, -37.121],
            [175.1524, -37.1275],
            [175.1539, -37.1362],
            [175.1522, -37.143],
            [175.1482, -37.1428],
            [175.1452, -37.1446],
            [175.1463, -37.1523],
            [175.1442, -37.1677],
            [175.1339, -37.1682],
            [175.1402, -37.1719],
            [175.1398, -37.1736],
            [175.1419, -37.1758],
            [175.1317, -37.1817],
            [175.1326, -37.1854],
            [175.1271, -37.1864],
            [175.1233, -37.1848],
            [175.1209, -37.1896],
            [175.1135, -37.1864],
            [175.1103, -37.1879],
            [175.1052, -37.1814],
            [175.0963, -37.1822],
            [175.0956, -37.1796],
            [175.092, -37.1808],
            [175.0895, -37.1795],
            [175.0871, -37.1823],
            [175.0812, -37.1817],
            [175.0833, -37.1824],
            [175.0823, -37.1835],
            [175.0834, -37.1847],
            [175.0811, -37.1868],
            [175.0857, -37.1897],
            [175.0844, -37.1915],
            [175.0863, -37.1925],
            [175.0738, -37.1947],
            [175.0722, -37.1923],
            [175.0667, -37.1909],
            [175.0661, -37.1819],
            [175.0545, -37.1808],
            [175.0453, -37.1828],
            [175.045, -37.1881],
            [175.0379, -37.1884],
            [175.0373, -37.1921],
            [175.0327, -37.1908],
            [175.0326, -37.1887],
            [175.0292, -37.1888],
            [175.0296, -37.1962],
            [175.0205, -37.1996],
            [175.0184, -37.1955],
            [175.0142, -37.1969],
            [175.0111, -37.2012],
            [175.0075, -37.203],
            [175.0071, -37.2055],
            [174.9903, -37.2166],
            [174.9812, -37.2081],
            [174.9796, -37.2092],
            [174.9733, -37.1948],
            [174.9665, -37.1964],
            [174.9647, -37.1847],
            [174.9661, -37.1842],
            [174.9639, -37.1795],
            [174.9569, -37.1812],
            [174.9517, -37.1798],
            [174.9497, -37.1678],
            [174.9616, -37.1649],
            [174.9611, -37.1633],
            [174.9587, -37.1638],
            [174.9582, -37.1626],
            [174.9608, -37.1621],
            [174.9599, -37.1577],
            [174.9525, -37.1597],
            [174.9522, -37.1557],
            [174.9542, -37.1556],
            [174.9543, -37.1524],
            [174.954, -37.15],
            [174.9512, -37.1475],
            [174.9519, -37.1457],
            [174.9419, -37.1518],
            [174.9373, -37.149],
            [174.9349, -37.1382],
            [174.9269, -37.1347],
            [174.9281, -37.1332],
            [174.9238, -37.1345],
            [174.9222, -37.1323],
            [174.9232, -37.1316],
            [174.9188, -37.1274],
            [174.9199, -37.1244],
            [174.9187, -37.1238],
            [174.9051, -37.1257],
            [174.8999, -37.1302],
            [174.8659, -37.1476],
            [174.8489, -37.15],
            [174.8367, -37.1555],
            [174.8223, -37.1656],
            [174.8061, -37.1675],
            [174.7923, -37.1386],
            [174.7929, -37.1366],
            [174.7907, -37.1353],
            [174.7917, -37.1343],
            [174.7903, -37.1339],
            [174.7905, -37.1319],
            [174.7872, -37.1307],
            [174.7863, -37.1276],
            [174.7883, -37.1228],
            [174.7879, -37.1168],
            [174.7901, -37.1066],
            [174.7963, -37.0904],
            [174.779, -37.0338],
            [174.7983, -37.0342],
            [174.8262, -37.0395],
            [174.8447, -37.0468],
            [174.8661, -37.0585],
            [174.8752, -37.0606],
            [174.9129, -37.0562],
            [174.924, -37.0506],
            [174.9274, -37.0462],
            [174.932, -37.0492],
            [174.9524, -37.0428],
            [174.9349, -37.0075],
            [174.9243, -36.999],
            [174.9306, -37.0005],
            [174.9327, -36.998],
            [174.9372, -36.9974],
            [174.9363, -37.0003],
            [174.9435, -37.0015],
            [174.9409, -36.9963],
            [174.9535, -36.9999],
            [174.9526, -36.9912],
            [174.9501, -36.9904],
            [174.952, -36.9856],
            [174.9638, -36.9855],
            [174.9647, -36.9834],
            [174.9684, -36.9829],
            [174.9627, -36.9766],
            [174.9562, -36.9758],
            [174.9549, -36.9775],
            [174.9491, -36.9775],
            [174.949, -36.9745],
            [174.946, -36.9704],
            [174.9468, -36.968],
            [174.9439, -36.9636],
            [174.9487, -36.9575],
            [174.9398, -36.9536],
            [174.9375, -36.9502],
            [174.9341, -36.9491],
            [174.9371, -36.9393],
            [174.9328, -36.9313],
            [174.9341, -36.9258],
            [174.9397, -36.9174],
            [174.9484, -36.9145],
            [174.9589, -36.9085],
            [174.9607, -36.9038],
            [174.9624, -36.8863],
            [174.9617, -36.8646],
            [174.9376, -36.857],
            [174.9509, -36.8497],
            [174.9786, -36.8428],
            [174.9957, -36.8426],
            [175.0157, -36.8463],
            [175.0475, -36.8552],
            [175.0724, -36.8664],
            [175.0876, -36.8763],
            [175.1081, -36.8966]
          ]
        ]
      },
      "properties": { "name": "Papakura" }
    },
    {
      "type": "Feature",
      "id": 39,
      "geometry": {
        "type": "Polygon",
        "coordinates": [
          [
            [174.622, -37.0263],
            [174.633, -37.0247],
            [174.6527, -37.0303],
            [174.6643, -37.029],
            [174.6807, -37.0316],
            [174.6971, -37.0366],
            [174.7434, -37.0399],
            [174.7682, -37.0367],
            [174.779, -37.0338],
            [174.7963, -37.0904],
            [174.7901, -37.1066],
            [174.7879, -37.1168],
            [174.7883, -37.1228],
            [174.7863, -37.1276],
            [174.7872, -37.1307],
            [174.7905, -37.1319],
            [174.7903, -37.1339],
            [174.7917, -37.1343],
            [174.7907, -37.1353],
            [174.7929, -37.1366],
            [174.7923, -37.1386],
            [174.8061, -37.1675],
            [174.8223, -37.1656],
            [174.8367, -37.1555],
            [174.8489, -37.15],
            [174.8659, -37.1476],
            [174.8999, -37.1302],
            [174.9051, -37.1257],
            [174.9187, -37.1238],
            [174.9199, -37.1244],
            [174.9188, -37.1274],
            [174.9232, -37.1316],
            [174.9222, -37.1323],
            [174.9238, -37.1345],
            [174.9281, -37.1332],
            [174.9269, -37.1347],
            [174.9349, -37.1382],
            [174.9373, -37.149],
            [174.9419, -37.1518],
            [174.9519, -37.1457],
            [174.9512, -37.1475],
            [174.954, -37.15],
            [174.9543, -37.1524],
            [174.9542, -37.1556],
            [174.9522, -37.1557],
            [174.9525, -37.1597],
            [174.9599, -37.1577],
            [174.9608, -37.1621],
            [174.9582, -37.1626],
            [174.9587, -37.1638],
            [174.9611, -37.1633],
            [174.9616, -37.1649],
            [174.9497, -37.1678],
            [174.9517, -37.1798],
            [174.9569, -37.1812],
            [174.9639, -37.1795],
            [174.9661, -37.1842],
            [174.9647, -37.1847],
            [174.9665, -37.1964],
            [174.9733, -37.1948],
            [174.9796, -37.2092],
            [174.9812, -37.2081],
            [174.9903, -37.2166],
            [175.0071, -37.2055],
            [175.0075, -37.203],
            [175.0111, -37.2012],
            [175.0142, -37.1969],
            [175.0184, -37.1955],
            [175.0205, -37.1996],
            [175.0296, -37.1962],
            [175.0292, -37.1888],
            [175.0326, -37.1887],
            [175.0327, -37.1908],
            [175.0373, -37.1921],
            [175.0379, -37.1884],
            [175.045, -37.1881],
            [175.0453, -37.1828],
            [175.0584, -37.1803],
            [175.0661, -37.1819],
            [175.0667, -37.1909],
            [175.0722, -37.1923],
            [175.0739, -37.1947],
            [175.0863, -37.1925],
            [175.0844, -37.1915],
            [175.0857, -37.1897],
            [175.0811, -37.1868],
            [175.0834, -37.1847],
            [175.0823, -37.1835],
            [175.0833, -37.1824],
            [175.0813, -37.1816],
            [175.0871, -37.1823],
            [175.0895, -37.1795],
            [175.092, -37.1808],
            [175.0956, -37.1796],
            [175.0963, -37.1822],
            [175.1052, -37.1814],
            [175.1103, -37.1879],
            [175.1135, -37.1864],
            [175.1209, -37.1896],
            [175.1233, -37.1848],
            [175.1307, -37.1864],
            [175.1326, -37.1854],
            [175.1317, -37.1817],
            [175.1334, -37.1805],
            [175.1404, -37.176],
            [175.1476, -37.175],
            [175.1505, -37.1807],
            [175.1519, -37.1941],
            [175.1574, -37.1946],
            [175.1636, -37.2012],
            [175.1638, -37.206],
            [175.1695, -37.2064],
            [175.1705, -37.2145],
            [175.1757, -37.2149],
            [175.1742, -37.2192],
            [175.1769, -37.2207],
            [175.1775, -37.2232],
            [175.1736, -37.2228],
            [175.1794, -37.2286],
            [175.1746, -37.2292],
            [175.1725, -37.2342],
            [175.176, -37.2399],
            [175.1808, -37.2395],
            [175.1843, -37.2442],
            [175.1883, -37.2429],
            [175.185, -37.2472],
            [175.1889, -37.2481],
            [175.1951, -37.2461],
            [175.2091, -37.2458],
            [175.2277, -37.2502],
            [175.2362, -37.2538],
            [175.2464, -37.2538],
            [175.2645, -37.2633],
            [175.2793, -37.2689],
            [175.2837, -37.2748],
            [175.2957, -37.2789],
            [175.3054, -37.285],
            [175.3163, -37.287],
            [175.3224, -37.2841],
            [175.3415, -37.3243],
            [175.3321, -37.3211],
            [175.3276, -37.3321],
            [175.3166, -37.3264],
            [175.3154, -37.3278],
            [175.2991, -37.3276],
            [175.2898, -37.3305],
            [175.2805, -37.3298],
            [175.2794, -37.3322],
            [175.2759, -37.3336],
            [175.2705, -37.3319],
            [175.2693, -37.3297],
            [175.2617, -37.326],
            [175.253, -37.33],
            [175.2575, -37.3363],
            [175.2551, -37.3391],
            [175.2449, -37.344],
            [175.2504, -37.3521],
            [175.235, -37.3594],
            [175.2446, -37.3683],
            [175.2088, -37.3861],
            [175.2067, -37.3894],
            [175.2165, -37.3961],
            [175.2228, -37.4036],
            [175.2224, -37.4058],
            [175.2257, -37.4075],
            [175.2237, -37.4114],
            [175.2263, -37.4172],
            [175.2221, -37.4231],
            [175.2243, -37.4269],
            [175.1671, -37.432],
            [175.1649, -37.4333],
            [175.1598, -37.4326],
            [175.1463, -37.436],
            [175.1439, -37.4343],
            [175.1309, -37.4336],
            [175.1294, -37.4309],
            [175.1235, -37.427],
            [175.1169, -37.4253],
            [175.1062, -37.4254],
            [175.1056, -37.4272],
            [175.0911, -37.4307],
            [175.0863, -37.4305],
            [175.0858, -37.438],
            [175.0895, -37.4408],
            [175.0874, -37.4457],
            [175.0882, -37.4473],
            [175.0832, -37.4545],
            [175.0796, -37.4554],
            [175.0805, -37.4533],
            [175.0781, -37.4539],
            [175.0782, -37.4568],
            [175.0759, -37.4601],
            [175.0763, -37.4657],
            [175.0724, -37.4697],
            [175.0732, -37.4715],
            [175.0709, -37.4721],
            [175.072, -37.4744],
            [175.0698, -37.4789],
            [175.0606, -37.4725],
            [175.0625, -37.4717],
            [175.0634, -37.4664],
            [175.0586, -37.4714],
            [175.0615, -37.4741],
            [175.0601, -37.475],
            [175.0532, -37.4784],
            [175.0459, -37.4759],
            [175.0471, -37.478],
            [175.045, -37.4807],
            [175.0456, -37.4845],
            [175.0491, -37.488],
            [175.0468, -37.4898],
            [175.0487, -37.4949],
            [175.0466, -37.4981],
            [175.0478, -37.5041],
            [175.0394, -37.5004],
            [175.0399, -37.4975],
            [175.0387, -37.4968],
            [175.04, -37.4933],
            [175.0376, -37.4958],
            [175.0385, -37.5016],
            [175.0347, -37.5031],
            [175.0355, -37.5002],
            [175.034, -37.499],
            [175.03, -37.5042],
            [175.0298, -37.5074],
            [175.0273, -37.5077],
            [175.0247, -37.5155],
            [175.0226, -37.5156],
            [175.0227, -37.5177],
            [175.0255, -37.5176],
            [175.0268, -37.5224],
            [175.0341, -37.5224],
            [175.0383, -37.5358],
            [175.0391, -37.5351],
            [175.0472, -37.5438],
            [175.0373, -37.5461],
            [175.0241, -37.5563],
            [175.0231, -37.5549],
            [175.0157, -37.5572],
            [175.009, -37.5571],
            [175.0243, -37.5732],
            [174.9912, -37.5882],
            [174.9915, -37.6046],
            [174.9888, -37.6071],
            [174.9802, -37.6099],
            [174.9769, -37.609],
            [174.9757, -37.6161],
            [174.9717, -37.6226],
            [174.963, -37.6241],
            [174.9681, -37.6266],
            [174.9768, -37.6421],
            [174.9758, -37.6446],
            [174.9769, -37.6476],
            [174.9742, -37.6518],
            [174.9596, -37.656],
            [174.9548, -37.6532],
            [174.9466, -37.6548],
            [174.943, -37.6534],
            [174.9407, -37.6556],
            [174.9338, -37.6563],
            [174.9315, -37.6547],
            [174.9245, -37.654],
            [174.9202, -37.6579],
            [174.9059, -37.6595],
            [174.8984, -37.6408],
            [174.8923, -37.6413],
            [174.885, -37.6448],
            [174.8785, -37.6428],
            [174.874, -37.6436],
            [174.8709, -37.6487],
            [174.8514, -37.658],
            [174.8462, -37.6571],
            [174.8404, -37.652],
            [174.8391, -37.6483],
            [174.8345, -37.6479],
            [174.8277, -37.642],
            [174.8193, -37.6414],
            [174.8156, -37.6379],
            [174.8131, -37.6393],
            [174.8094, -37.6377],
            [174.8068, -37.6386],
            [174.8017, -37.6366],
            [174.8019, -37.6345],
            [174.7994, -37.6334],
            [174.799, -37.6314],
            [174.7968, -37.6313],
            [174.795, -37.6355],
            [174.7933, -37.6346],
            [174.5501, -37.6959],
            [174.5357, -37.6716],
            [174.5192, -37.6557],
            [174.5024, -37.6347],
            [174.4904, -37.6156],
            [174.4815, -37.5963],
            [174.4718, -37.5599],
            [174.4702, -37.5309],
            [174.4719, -37.5146],
            [174.4615, -37.4909],
            [174.4557, -37.4707],
            [174.4495, -37.4421],
            [174.4474, -37.41],
            [174.4288, -37.3692],
            [174.3943, -37.3081],
            [174.3852, -37.2864],
            [174.3785, -37.2746],
            [174.3615, -37.2519],
            [174.3392, -37.2142],
            [174.3145, -37.1992],
            [174.2877, -37.1769],
            [174.267, -37.1537],
            [174.2525, -37.1319],
            [174.2779, -37.1223],
            [174.3289, -37.1088],
            [174.3561, -37.1027],
            [174.4448, -37.0879],
            [174.473, -37.0807],
            [174.5145, -37.0635],
            [174.5203, -37.059],
            [174.5231, -37.0509],
            [174.5296, -37.0446],
            [174.5377, -37.0393],
            [174.548, -37.0355],
            [174.5646, -37.0319],
            [174.6026, -37.0286],
            [174.622, -37.0224],
            [174.622, -37.0263]
          ]
        ]
      },
      "properties": { "name": "Port Waikato" }
    },
    {
      "type": "Feature",
      "id": 40,
      "geometry": {
        "type": "Polygon",
        "coordinates": [
          [
            [171.1196, -43.0965],
            [171.1228, -43.0993],
            [171.1402, -43.1056],
            [171.1539, -43.1062],
            [171.1516, -43.1081],
            [171.151, -43.1115],
            [171.1524, -43.1138],
            [171.1505, -43.1247],
            [171.15, -43.1432],
            [171.1418, -43.156],
            [171.137, -43.1836],
            [171.1448, -43.1993],
            [171.1543, -43.2085],
            [171.156, -43.2174],
            [171.1587, -43.221],
            [171.1835, -43.2288],
            [171.2379, -43.2579],
            [171.2444, -43.2628],
            [171.2708, -43.2736],
            [171.3041, -43.2795],
            [171.338, -43.2749],
            [171.3537, -43.2784],
            [171.4101, -43.3194],
            [171.4268, -43.3351],
            [171.4722, -43.3527],
            [171.5052, -43.3607],
            [171.5155, -43.3673],
            [171.5275, -43.3816],
            [171.5405, -43.3897],
            [171.5526, -43.3916],
            [171.564, -43.3956],
            [171.5742, -43.4099],
            [171.5827, -43.415],
            [171.5858, -43.4262],
            [171.5989, -43.4345],
            [171.6118, -43.4535],
            [171.6234, -43.4644],
            [171.6244, -43.4668],
            [171.6234, -43.4696],
            [171.6088, -43.4762],
            [171.6067, -43.4791],
            [171.622, -43.4838],
            [171.6221, -43.4886],
            [171.6251, -43.4918],
            [171.6244, -43.4948],
            [171.6322, -43.4997],
            [171.6316, -43.5046],
            [171.6431, -43.5079],
            [171.6403, -43.5135],
            [171.6556, -43.5174],
            [171.6619, -43.5282],
            [171.6855, -43.5423],
            [171.7091, -43.5415],
            [171.7137, -43.5431],
            [171.7395, -43.5657],
            [171.7928, -43.604],
            [171.8075, -43.6184],
            [171.8401, -43.6451],
            [171.8713, -43.6677],
            [171.8962, -43.6822],
            [171.9251, -43.6961],
            [171.9538, -43.7072],
            [172.0371, -43.7439],
            [172.0307, -43.7494],
            [172.0391, -43.7507],
            [172.0455, -43.7565],
            [172.0514, -43.7586],
            [172.053, -43.7606],
            [172.0523, -43.7622],
            [172.0572, -43.7681],
            [172.0641, -43.7724],
            [172.0622, -43.7742],
            [172.0669, -43.7762],
            [172.068, -43.7803],
            [172.075, -43.7851],
            [172.0838, -43.7982],
            [172.0867, -43.7974],
            [172.0929, -43.8033],
            [172.0942, -43.8075],
            [172.0972, -43.809],
            [172.0985, -43.8122],
            [172.1022, -43.8136],
            [172.1048, -43.823],
            [172.1127, -43.8271],
            [172.1136, -43.8302],
            [172.1174, -43.8335],
            [172.121, -43.8352],
            [172.1235, -43.834],
            [172.1359, -43.8471],
            [172.1429, -43.8495],
            [172.1458, -43.8549],
            [172.1448, -43.8571],
            [172.1496, -43.8646],
            [172.1725, -43.8761],
            [172.1745, -43.881],
            [172.1787, -43.8836],
            [172.1818, -43.8893],
            [172.1883, -43.8934],
            [172.1885, -43.896],
            [172.1939, -43.9017],
            [172.3041, -44.0866],
            [172.2567, -44.0994],
            [172.232, -44.109],
            [172.1977, -44.1187],
            [172.1715, -44.1301],
            [172.1383, -44.1408],
            [172.1211, -44.1501],
            [172.0942, -44.1618],
            [172.0586, -44.1732],
            [172.0265, -44.1908],
            [171.9868, -44.2061],
            [171.9524, -44.2236],
            [171.9097, -44.2387],
            [171.8912, -44.2479],
            [171.8356, -44.271],
            [171.7994, -44.283],
            [171.7346, -44.3149],
            [171.7136, -44.3276],
            [171.6865, -44.3406],
            [171.6561, -44.3588],
            [171.6161, -44.3758],
            [171.5961, -44.3904],
            [171.5714, -44.4049],
            [171.5445, -44.4261],
            [171.5351, -44.4821],
            [171.5291, -44.4995],
            [171.5204, -44.5175],
            [171.2511, -44.4249],
            [171.2425, -44.4185],
            [171.2417, -44.4158],
            [171.2374, -44.4147],
            [171.2316, -44.4105],
            [171.2239, -44.4094],
            [171.2232, -44.408],
            [171.2245, -44.4073],
            [171.2089, -44.4039],
            [171.1986, -44.406],
            [171.1762, -44.4003],
            [171.1724, -44.398],
            [171.1738, -44.3964],
            [171.1659, -44.395],
            [171.1672, -44.387],
            [171.1604, -44.3888],
            [171.1478, -44.3855],
            [171.1384, -44.3854],
            [171.1401, -44.3839],
            [171.1386, -44.3763],
            [171.1403, -44.3742],
            [171.139, -44.3722],
            [171.1403, -44.3631],
            [171.1338, -44.3556],
            [171.1214, -44.3461],
            [171.1088, -44.345],
            [171.1106, -44.3399],
            [171.1138, -44.3387],
            [171.1047, -44.3284],
            [171.1046, -44.3264],
            [171.0913, -44.3289],
            [171.0871, -44.3316],
            [171.0753, -44.322],
            [171.0701, -44.3254],
            [171.0617, -44.326],
            [171.0464, -44.3191],
            [171.0429, -44.316],
            [171.0411, -44.3113],
            [171.0489, -44.2998],
            [171.048, -44.2867],
            [171.0449, -44.2794],
            [171.0965, -44.2648],
            [171.089, -44.2555],
            [171.0952, -44.252],
            [171.1062, -44.2492],
            [171.1124, -44.2454],
            [171.1368, -44.2475],
            [171.166, -44.2582],
            [171.1976, -44.2632],
            [171.2002, -44.2535],
            [171.2031, -44.2283],
            [171.1974, -44.2274],
            [171.1983, -44.2196],
            [171.2087, -44.2021],
            [171.2013, -44.1962],
            [171.2012, -44.1931],
            [171.2058, -44.1903],
            [171.2045, -44.1879],
            [171.2083, -44.1833],
            [171.2075, -44.1791],
            [171.2105, -44.1717],
            [171.2396, -44.1714],
            [171.2439, -44.1739],
            [171.256, -44.1761],
            [171.2682, -44.1741],
            [171.2669, -44.1713],
            [171.2716, -44.1699],
            [171.2687, -44.1657],
            [171.2658, -44.1647],
            [171.2688, -44.1586],
            [171.2659, -44.1551],
            [171.264, -44.146],
            [171.266, -44.1441],
            [171.2739, -44.1444],
            [171.2819, -44.1269],
            [171.2895, -44.1272],
            [171.2836, -44.1174],
            [171.2929, -44.1133],
            [171.2956, -44.121],
            [171.3032, -44.1268],
            [171.3229, -44.0956],
            [171.3713, -44.0665],
            [171.4063, -44.051],
            [171.39, -44.0468],
            [171.3769, -44.0367],
            [171.3393, -44.0145],
            [171.3208, -44.0003],
            [171.3054, -43.98],
            [171.3001, -43.9703],
            [171.296, -43.9524],
            [171.2889, -43.9414],
            [171.2747, -43.9113],
            [171.2723, -43.9011],
            [171.2736, -43.8922],
            [171.2633, -43.8718],
            [171.2648, -43.8624],
            [171.2585, -43.8513],
            [171.2619, -43.8391],
            [171.2577, -43.8356],
            [171.2607, -43.8295],
            [171.2592, -43.8241],
            [171.2638, -43.8161],
            [171.2592, -43.8121],
            [171.2611, -43.8058],
            [171.2498, -43.8018],
            [171.2495, -43.7985],
            [171.2546, -43.7922],
            [171.2496, -43.7903],
            [171.2482, -43.7834],
            [171.2456, -43.7799],
            [171.2375, -43.777],
            [171.2396, -43.7709],
            [171.2373, -43.766],
            [171.2334, -43.7642],
            [171.2218, -43.7639],
            [171.2126, -43.7547],
            [171.2055, -43.7505],
            [171.2019, -43.7487],
            [171.1932, -43.7483],
            [171.192, -43.7449],
            [171.1815, -43.7383],
            [171.1817, -43.733],
            [171.175, -43.7331],
            [171.1518, -43.7389],
            [171.1443, -43.7376],
            [171.1319, -43.7301],
            [171.1189, -43.7263],
            [171.1026, -43.7131],
            [171.0846, -43.7109],
            [171.0649, -43.7033],
            [171.0283, -43.7003],
            [170.9944, -43.6815],
            [170.9724, -43.6714],
            [170.9648, -43.6657],
            [170.9427, -43.6342],
            [170.9286, -43.6273],
            [170.9232, -43.6227],
            [170.9222, -43.6209],
            [170.9248, -43.616],
            [170.9242, -43.614],
            [170.9126, -43.6007],
            [170.9006, -43.5825],
            [170.8813, -43.5584],
            [170.854, -43.5319],
            [170.8245, -43.5257],
            [170.8003, -43.5181],
            [170.7745, -43.5164],
            [170.7641, -43.5128],
            [170.7542, -43.5066],
            [170.7393, -43.4909],
            [170.7161, -43.4777],
            [170.7075, -43.4692],
            [170.7045, -43.461],
            [170.6916, -43.4522],
            [170.6823, -43.452],
            [170.6719, -43.4566],
            [170.6422, -43.4643],
            [170.6301, -43.462],
            [170.6202, -43.455],
            [170.6135, -43.4547],
            [170.6125, -43.4557],
            [170.6136, -43.4649],
            [170.6016, -43.4667],
            [170.5973, -43.4641],
            [170.6031, -43.4547],
            [170.6033, -43.4506],
            [170.6148, -43.4423],
            [170.6154, -43.4318],
            [170.6172, -43.4298],
            [170.6136, -43.4235],
            [170.6158, -43.4175],
            [170.6351, -43.4013],
            [170.6329, -43.3968],
            [170.6399, -43.3931],
            [170.648, -43.3924],
            [170.6517, -43.3887],
            [170.6568, -43.3866],
            [170.6576, -43.3774],
            [170.646, -43.374],
            [170.6465, -43.3695],
            [170.6683, -43.3563],
            [170.6708, -43.3507],
            [170.6774, -43.3476],
            [170.7124, -43.345],
            [170.7161, -43.3432],
            [170.7147, -43.3386],
            [170.7168, -43.3328],
            [170.7103, -43.3266],
            [170.7053, -43.3188],
            [170.7168, -43.3165],
            [170.7247, -43.3184],
            [170.7309, -43.3152],
            [170.7438, -43.3163],
            [170.7519, -43.3187],
            [170.7595, -43.3184],
            [170.762, -43.3176],
            [170.7642, -43.3133],
            [170.7688, -43.3129],
            [170.7771, -43.3073],
            [170.7816, -43.3065],
            [170.7823, -43.3043],
            [170.7885, -43.303],
            [170.7924, -43.2992],
            [170.7991, -43.3003],
            [170.8057, -43.3045],
            [170.8119, -43.3011],
            [170.8199, -43.2997],
            [170.8242, -43.2936],
            [170.8227, -43.2895],
            [170.8308, -43.2832],
            [170.8605, -43.2813],
            [170.8644, -43.2763],
            [170.8707, -43.2725],
            [170.8689, -43.2673],
            [170.8652, -43.2648],
            [170.8679, -43.2589],
            [170.8758, -43.2525],
            [170.8729, -43.246],
            [170.8881, -43.2412],
            [170.8921, -43.239],
            [170.8935, -43.2354],
            [170.8967, -43.233],
            [170.9054, -43.2297],
            [170.91, -43.226],
            [170.913, -43.216],
            [170.9214, -43.2132],
            [170.9287, -43.2065],
            [170.9372, -43.2041],
            [170.9483, -43.2061],
            [170.948, -43.2116],
            [170.9443, -43.2214],
            [170.9485, -43.2273],
            [170.9646, -43.2251],
            [170.9705, -43.2223],
            [170.9797, -43.2226],
            [170.9878, -43.2178],
            [170.9919, -43.2175],
            [170.9932, -43.2113],
            [171.0042, -43.1953],
            [171.0139, -43.1913],
            [171.0134, -43.186],
            [171.017, -43.1835],
            [171.02, -43.1745],
            [171.0473, -43.1636],
            [171.0471, -43.1592],
            [171.0444, -43.1583],
            [171.0379, -43.1514],
            [171.0374, -43.1459],
            [171.0411, -43.1399],
            [171.0567, -43.1317],
            [171.0676, -43.1283],
            [171.069, -43.1256],
            [171.0629, -43.1185],
            [171.0636, -43.1146],
            [171.0671, -43.1126],
            [171.0766, -43.1119],
            [171.0793, -43.1023],
            [171.0847, -43.1011],
            [171.0952, -43.1008],
            [171.0967, -43.1058],
            [171.1, -43.1068],
            [171.1002, -43.109],
            [171.1054, -43.1121],
            [171.1082, -43.1104],
            [171.1154, -43.0996],
            [171.1135, -43.0957],
            [171.1196, -43.0965]
          ]
        ]
      },
      "properties": { "name": "Rangitata" }
    },
    {
      "type": "Feature",
      "id": 41,
      "geometry": {
        "type": "Polygon",
        "coordinates": [
          [
            [175.4704, -38.8119],
            [175.4744, -38.8123],
            [175.4966, -38.8042],
            [175.4964, -38.8026],
            [175.5122, -38.7924],
            [175.5351, -38.7855],
            [175.5391, -38.7827],
            [175.5417, -38.7951],
            [175.5534, -38.7893],
            [175.5555, -38.7902],
            [175.5637, -38.8037],
            [175.5746, -38.8163],
            [175.5776, -38.8255],
            [175.577, -38.8309],
            [175.5698, -38.833],
            [175.5615, -38.8386],
            [175.5604, -38.8434],
            [175.5462, -38.8601],
            [175.5447, -38.8643],
            [175.549, -38.8726],
            [175.5549, -38.8768],
            [175.5607, -38.8842],
            [175.5613, -38.8924],
            [175.58, -38.9107],
            [175.5761, -38.9185],
            [175.566, -38.9299],
            [175.5649, -38.9385],
            [175.5539, -38.9556],
            [175.5608, -38.9727],
            [175.5675, -38.9687],
            [175.5694, -38.97],
            [175.565, -38.9725],
            [175.5656, -38.9772],
            [175.5626, -38.9868],
            [175.6063, -38.9818],
            [175.6269, -38.974],
            [175.6412, -38.9803],
            [175.682, -38.9797],
            [175.6725, -38.9909],
            [175.6481, -39.0144],
            [175.648, -39.0279],
            [175.6358, -39.0453],
            [175.6312, -39.0489],
            [175.6318, -39.0456],
            [175.6136, -39.0506],
            [175.615, -39.0551],
            [175.6246, -39.0599],
            [175.6172, -39.0749],
            [175.6187, -39.0826],
            [175.622, -39.087],
            [175.626, -39.0858],
            [175.6324, -39.0889],
            [175.6354, -39.0887],
            [175.6374, -39.0901],
            [175.6399, -39.0974],
            [175.6418, -39.0966],
            [175.6456, -39.1001],
            [175.6478, -39.1],
            [175.6462, -39.1027],
            [175.6428, -39.1043],
            [175.6372, -39.1291],
            [175.6347, -39.1584],
            [175.5579, -39.276],
            [175.6692, -39.2969],
            [175.7048, -39.2883],
            [175.7409, -39.2974],
            [175.741, -39.2926],
            [175.7518, -39.2879],
            [175.7653, -39.2914],
            [175.7696, -39.295],
            [175.7801, -39.2934],
            [175.7836, -39.2943],
            [175.7909, -39.2998],
            [175.8126, -39.3003],
            [175.8286, -39.289],
            [175.8335, -39.2833],
            [175.836, -39.2768],
            [175.8423, -39.2709],
            [175.8627, -39.2665],
            [175.8681, -39.263],
            [175.8691, -39.2592],
            [175.8566, -39.252],
            [175.8547, -39.2442],
            [175.8582, -39.2445],
            [175.8726, -39.2391],
            [175.8854, -39.2295],
            [175.8864, -39.2271],
            [175.893, -39.2233],
            [175.8929, -39.2138],
            [175.888, -39.2112],
            [175.886, -39.2059],
            [175.8984, -39.2041],
            [175.9039, -39.1998],
            [175.9196, -39.1987],
            [175.9189, -39.191],
            [175.9213, -39.1897],
            [175.945, -39.1869],
            [175.9505, -39.1879],
            [175.9597, -39.1842],
            [175.9647, -39.1794],
            [175.9677, -39.1704],
            [175.9638, -39.1624],
            [175.964, -39.1595],
            [175.9715, -39.1578],
            [175.976, -39.15],
            [176.0441, -39.1569],
            [176.0775, -39.156],
            [176.081, -39.1572],
            [176.0961, -39.1546],
            [176.1027, -39.1512],
            [176.1116, -39.1521],
            [176.1162, -39.1471],
            [176.1344, -39.143],
            [176.1356, -39.1398],
            [176.14, -39.1389],
            [176.1414, -39.1365],
            [176.1466, -39.1345],
            [176.1546, -39.1383],
            [176.1624, -39.1363],
            [176.1769, -39.1446],
            [176.1758, -39.1531],
            [176.1809, -39.1691],
            [176.1782, -39.1699],
            [176.1822, -39.1739],
            [176.1801, -39.1768],
            [176.1825, -39.1791],
            [176.18, -39.1806],
            [176.1798, -39.1852],
            [176.1865, -39.1894],
            [176.1905, -39.1949],
            [176.1947, -39.1963],
            [176.1955, -39.1987],
            [176.1932, -39.2019],
            [176.1958, -39.2085],
            [176.1929, -39.2115],
            [176.1961, -39.2149],
            [176.196, -39.2213],
            [176.2001, -39.2258],
            [176.2051, -39.2257],
            [176.2093, -39.2284],
            [176.2094, -39.2314],
            [176.2115, -39.2324],
            [176.2153, -39.2308],
            [176.2195, -39.2313],
            [176.2231, -39.2357],
            [176.231, -39.2321],
            [176.2398, -39.2329],
            [176.2421, -39.236],
            [176.2445, -39.2344],
            [176.249, -39.2346],
            [176.2496, -39.2376],
            [176.2517, -39.2389],
            [176.2553, -39.2365],
            [176.2551, -39.24],
            [176.258, -39.2406],
            [176.2571, -39.2446],
            [176.2764, -39.2399],
            [176.2785, -39.2425],
            [176.2903, -39.2469],
            [176.2924, -39.2513],
            [176.2876, -39.2511],
            [176.2876, -39.2533],
            [176.2882, -39.2549],
            [176.2917, -39.2555],
            [176.288, -39.2591],
            [176.2931, -39.2586],
            [176.2927, -39.2638],
            [176.2955, -39.2675],
            [176.2933, -39.2772],
            [176.2993, -39.276],
            [176.301, -39.2841],
            [176.2992, -39.2851],
            [176.3043, -39.2857],
            [176.3051, -39.2919],
            [176.3016, -39.2976],
            [176.3026, -39.3007],
            [176.2989, -39.3053],
            [176.2938, -39.3079],
            [176.2913, -39.3069],
            [176.2869, -39.3102],
            [176.2814, -39.3094],
            [176.2799, -39.3128],
            [176.2823, -39.3145],
            [176.2816, -39.3186],
            [176.2774, -39.3194],
            [176.2774, -39.327],
            [176.2725, -39.3288],
            [176.2763, -39.3299],
            [176.2711, -39.3343],
            [176.2728, -39.3377],
            [176.2638, -39.3373],
            [176.2664, -39.3413],
            [176.2661, -39.3446],
            [176.2701, -39.3461],
            [176.2654, -39.3495],
            [176.2715, -39.3525],
            [176.2706, -39.3581],
            [176.2732, -39.3596],
            [176.2758, -39.3586],
            [176.2759, -39.3623],
            [176.2783, -39.3617],
            [176.2785, -39.3593],
            [176.2804, -39.3585],
            [176.283, -39.3603],
            [176.2849, -39.3596],
            [176.2865, -39.3623],
            [176.2916, -39.363],
            [176.2932, -39.3581],
            [176.2984, -39.3587],
            [176.3024, -39.3566],
            [176.3033, -39.3598],
            [176.3067, -39.3612],
            [176.3049, -39.3653],
            [176.3115, -39.3665],
            [176.3107, -39.3702],
            [176.3215, -39.3707],
            [176.3282, -39.3685],
            [176.3291, -39.373],
            [176.332, -39.3747],
            [176.3314, -39.3772],
            [176.3276, -39.3783],
            [176.3285, -39.3799],
            [176.3306, -39.3783],
            [176.3319, -39.379],
            [176.3331, -39.3841],
            [176.3306, -39.3855],
            [176.3317, -39.3873],
            [176.3272, -39.3886],
            [176.3236, -39.3868],
            [176.3204, -39.3893],
            [176.3218, -39.3941],
            [176.326, -39.3921],
            [176.3286, -39.3934],
            [176.3275, -39.3966],
            [176.3238, -39.3982],
            [176.3258, -39.4003],
            [176.3229, -39.402],
            [176.3263, -39.406],
            [176.3196, -39.4068],
            [176.3203, -39.4085],
            [176.3236, -39.4082],
            [176.3234, -39.4116],
            [176.3201, -39.4117],
            [176.3228, -39.4141],
            [176.3184, -39.4146],
            [176.3156, -39.4127],
            [176.3104, -39.417],
            [176.3102, -39.4186],
            [176.317, -39.4195],
            [176.3115, -39.4228],
            [176.3082, -39.4283],
            [176.3065, -39.4281],
            [176.3062, -39.43],
            [176.309, -39.4312],
            [176.3025, -39.4371],
            [176.3065, -39.4383],
            [176.3087, -39.441],
            [176.3038, -39.4413],
            [176.3062, -39.4421],
            [176.3057, -39.4447],
            [176.3106, -39.4454],
            [176.3119, -39.4511],
            [176.3144, -39.4535],
            [176.3103, -39.4546],
            [176.3135, -39.4589],
            [176.3093, -39.4599],
            [176.3094, -39.4619],
            [176.3071, -39.463],
            [176.3118, -39.469],
            [176.3086, -39.4708],
            [176.3145, -39.4718],
            [176.3127, -39.4745],
            [176.315, -39.4756],
            [176.3178, -39.4743],
            [176.3216, -39.4789],
            [176.3188, -39.4811],
            [176.3163, -39.4791],
            [176.3138, -39.4824],
            [176.3194, -39.4877],
            [176.3153, -39.4932],
            [176.3181, -39.4935],
            [176.3159, -39.4972],
            [176.3209, -39.4976],
            [176.3219, -39.4933],
            [176.3257, -39.4935],
            [176.3252, -39.4878],
            [176.3307, -39.4877],
            [176.334, -39.4893],
            [176.3372, -39.4883],
            [176.3376, -39.4903],
            [176.3352, -39.491],
            [176.3363, -39.4926],
            [176.332, -39.4983],
            [176.3336, -39.4993],
            [176.339, -39.4966],
            [176.3396, -39.4984],
            [176.3378, -39.5013],
            [176.3421, -39.5012],
            [176.3397, -39.5038],
            [176.338, -39.5029],
            [176.333, -39.5044],
            [176.324, -39.5014],
            [176.3233, -39.5062],
            [176.3185, -39.5081],
            [176.3127, -39.5077],
            [176.3122, -39.5058],
            [176.3155, -39.5043],
            [176.3144, -39.5023],
            [176.3105, -39.5017],
            [176.3075, -39.5039],
            [176.3031, -39.5014],
            [176.2994, -39.504],
            [176.3019, -39.5051],
            [176.3003, -39.5075],
            [176.2916, -39.5008],
            [176.2854, -39.5054],
            [176.282, -39.5039],
            [176.282, -39.5024],
            [176.2795, -39.5026],
            [176.2789, -39.5074],
            [176.2712, -39.5068],
            [176.2715, -39.5099],
            [176.2682, -39.514],
            [176.2658, -39.5129],
            [176.2646, -39.5153],
            [176.2612, -39.5121],
            [176.2569, -39.5119],
            [176.2572, -39.5145],
            [176.2531, -39.515],
            [176.2543, -39.5169],
            [176.2509, -39.5171],
            [176.2494, -39.5211],
            [176.2432, -39.5248],
            [176.2378, -39.5253],
            [176.2373, -39.5282],
            [176.2353, -39.5304],
            [176.2323, -39.5302],
            [176.2321, -39.532],
            [176.2289, -39.5319],
            [176.2269, -39.5338],
            [176.2244, -39.5318],
            [176.2214, -39.5336],
            [176.2196, -39.5321],
            [176.2103, -39.5335],
            [176.2066, -39.5405],
            [176.1999, -39.5464],
            [176.2001, -39.5535],
            [176.1981, -39.5545],
            [176.1992, -39.5571],
            [176.1895, -39.5597],
            [176.1868, -39.5646],
            [176.1823, -39.5685],
            [176.1823, -39.5718],
            [176.1741, -39.5766],
            [176.1745, -39.5786],
            [176.1703, -39.5816],
            [176.1663, -39.5828],
            [176.1603, -39.5807],
            [176.1547, -39.5836],
            [176.1448, -39.5824],
            [176.1427, -39.5847],
            [176.1527, -39.5983],
            [176.1576, -39.5968],
            [176.1614, -39.6029],
            [176.1653, -39.6016],
            [176.1735, -39.6021],
            [176.179, -39.6053],
            [176.1813, -39.6169],
            [176.1651, -39.6487],
            [176.1959, -39.6636],
            [176.2009, -39.673],
            [176.1927, -39.6798],
            [176.1842, -39.6838],
            [176.1805, -39.7111],
            [176.1691, -39.7179],
            [176.1769, -39.744],
            [176.138, -39.8239],
            [176.135, -39.8506],
            [176.1268, -39.8615],
            [176.1172, -39.8868],
            [176.1231, -39.888],
            [176.1269, -39.8916],
            [176.1261, -39.9048],
            [176.1203, -39.9097],
            [176.1068, -39.9171],
            [176.1136, -39.9247],
            [176.1154, -39.9294],
            [176.1117, -39.938],
            [176.1096, -39.9392],
            [176.1097, -39.9419],
            [176.1245, -39.9478],
            [176.1171, -39.9577],
            [176.1211, -39.9624],
            [176.1162, -39.9696],
            [176.1121, -39.9705],
            [176.1032, -39.9772],
            [176.1016, -39.9843],
            [176.0958, -39.9916],
            [176.0895, -40.0055],
            [176.0777, -40.0129],
            [176.0766, -40.0167],
            [176.0775, -40.0273],
            [176.0741, -40.036],
            [176.0811, -40.0478],
            [176.077, -40.0509],
            [176.0698, -40.0615],
            [176.033, -40.08],
            [176.0172, -40.1054],
            [176.0034, -40.1147],
            [175.9877, -40.1281],
            [175.9794, -40.1425],
            [175.9575, -40.156],
            [175.9385, -40.1553],
            [175.9274, -40.1753],
            [175.9186, -40.1735],
            [175.8983, -40.1847],
            [175.8985, -40.1919],
            [175.8932, -40.2012],
            [175.8738, -40.2161],
            [175.8733, -40.2217],
            [175.8693, -40.2274],
            [175.8722, -40.2335],
            [175.8641, -40.2408],
            [175.8625, -40.244],
            [175.867, -40.2463],
            [175.8595, -40.2544],
            [175.8415, -40.2461],
            [175.8275, -40.262],
            [175.8275, -40.2472],
            [175.815, -40.2472],
            [175.8146, -40.2722],
            [175.8079, -40.269],
            [175.8051, -40.265],
            [175.7711, -40.3057],
            [175.7812, -40.3116],
            [175.7906, -40.3135],
            [175.7841, -40.3323],
            [175.7795, -40.3359],
            [175.7793, -40.3386],
            [175.7815, -40.3391],
            [175.776, -40.339],
            [175.7792, -40.3454],
            [175.7739, -40.3503],
            [175.7736, -40.3554],
            [175.7697, -40.3571],
            [175.7706, -40.3591],
            [175.7648, -40.3599],
            [175.7604, -40.3658],
            [175.7615, -40.3688],
            [175.7673, -40.3705],
            [175.7664, -40.3726],
            [175.7569, -40.3744],
            [175.7579, -40.3768],
            [175.7525, -40.3767],
            [175.7533, -40.3783],
            [175.751, -40.3784],
            [175.7512, -40.3819],
            [175.7482, -40.3827],
            [175.7466, -40.3867],
            [175.7396, -40.3885],
            [175.7401, -40.3903],
            [175.7382, -40.39],
            [175.7371, -40.3921],
            [175.7359, -40.3908],
            [175.7333, -40.3917],
            [175.7326, -40.3992],
            [175.7237, -40.4024],
            [175.7249, -40.4048],
            [175.7229, -40.4053],
            [175.7252, -40.4077],
            [175.7252, -40.41],
            [175.7288, -40.4106],
            [175.7297, -40.4125],
            [175.7228, -40.4187],
            [175.7243, -40.4212],
            [175.7223, -40.4223],
            [175.7224, -40.4245],
            [175.7151, -40.4267],
            [175.715, -40.4287],
            [175.712, -40.431],
            [175.7056, -40.4327],
            [175.7146, -40.4378],
            [175.6892, -40.4656],
            [175.683, -40.4667],
            [175.6253, -40.5101],
            [175.506, -40.6542],
            [175.475, -40.6306],
            [175.4723, -40.6327],
            [175.437, -40.6194],
            [175.4384, -40.6168],
            [175.4356, -40.6138],
            [175.436, -40.6107],
            [175.4002, -40.5983],
            [175.402, -40.5964],
            [175.4027, -40.5886],
            [175.4066, -40.5851],
            [175.3986, -40.5805],
            [175.4008, -40.5733],
            [175.3987, -40.5704],
            [175.3588, -40.5629],
            [175.3668, -40.5383],
            [175.3677, -40.5431],
            [175.3691, -40.5435],
            [175.3755, -40.5351],
            [175.3828, -40.5366],
            [175.3878, -40.5357],
            [175.3895, -40.5336],
            [175.3865, -40.5293],
            [175.3872, -40.5273],
            [175.3989, -40.5277],
            [175.4047, -40.5212],
            [175.3988, -40.5149],
            [175.403, -40.5003],
            [175.4018, -40.4977],
            [175.3925, -40.4943],
            [175.3852, -40.4952],
            [175.3893, -40.4909],
            [175.3893, -40.4883],
            [175.3818, -40.4826],
            [175.3773, -40.4834],
            [175.3762, -40.4854],
            [175.377, -40.4897],
            [175.3733, -40.4911],
            [175.3663, -40.4875],
            [175.3645, -40.482],
            [175.368, -40.4796],
            [175.3772, -40.4782],
            [175.3857, -40.4691],
            [175.3887, -40.4703],
            [175.3898, -40.4752],
            [175.3964, -40.4746],
            [175.3941, -40.4677],
            [175.4033, -40.459],
            [175.4141, -40.4548],
            [175.4149, -40.4531],
            [175.4128, -40.4469],
            [175.4239, -40.4432],
            [175.4264, -40.4375],
            [175.3106, -40.4025],
            [175.2786, -40.3964],
            [175.2797, -40.386],
            [175.2273, -40.3911],
            [174.9653, -40.3784],
            [174.9655, -40.3362],
            [174.9636, -40.3166],
            [174.9573, -40.2767],
            [174.9467, -40.2288],
            [174.9385, -40.2116],
            [174.9274, -40.1964],
            [174.8865, -40.1565],
            [175.0989, -40.0411],
            [175.1101, -40.0287],
            [175.1138, -40.0279],
            [175.1166, -40.0293],
            [175.1148, -40.0347],
            [175.116, -40.037],
            [175.1222, -40.0371],
            [175.1219, -40.0225],
            [175.1272, -40.0161],
            [175.1324, -40.0166],
            [175.1336, -40.0119],
            [175.1438, -40.0069],
            [175.1469, -40.0067],
            [175.1472, -40.0097],
            [175.1494, -40.0108],
            [175.1596, -40.006],
            [175.1597, -40.0099],
            [175.1618, -40.0109],
            [175.1649, -40.005],
            [175.1716, -40.0072],
            [175.1756, -40.003],
            [175.1847, -40.0046],
            [175.1884, -39.998],
            [175.1942, -40.0007],
            [175.1991, -39.9982],
            [175.2104, -39.9976],
            [175.2095, -39.9933],
            [175.2119, -39.9913],
            [175.2224, -39.9929],
            [175.2232, -39.9909],
            [175.2195, -39.9876],
            [175.2239, -39.9873],
            [175.2267, -39.9853],
            [175.2261, -39.9797],
            [175.232, -39.9799],
            [175.2343, -39.9781],
            [175.2341, -39.9694],
            [175.2367, -39.9666],
            [175.2463, -39.9668],
            [175.2456, -39.9713],
            [175.2469, -39.9725],
            [175.2549, -39.9705],
            [175.2593, -39.9722],
            [175.2619, -39.9753],
            [175.2649, -39.9751],
            [175.2682, -39.9696],
            [175.2624, -39.9703],
            [175.2618, -39.9688],
            [175.2719, -39.9645],
            [175.2727, -39.9613],
            [175.2717, -39.9587],
            [175.2663, -39.9571],
            [175.2655, -39.9554],
            [175.2742, -39.9558],
            [175.2741, -39.9541],
            [175.2693, -39.9508],
            [175.2696, -39.9486],
            [175.2717, -39.9468],
            [175.2773, -39.9482],
            [175.2781, -39.9433],
            [175.2811, -39.9417],
            [175.281, -39.9383],
            [175.2859, -39.9366],
            [175.2828, -39.935],
            [175.2765, -39.9379],
            [175.2686, -39.9315],
            [175.2778, -39.929],
            [175.2738, -39.9231],
            [175.2784, -39.9222],
            [175.2777, -39.9179],
            [175.2846, -39.9187],
            [175.2904, -39.9249],
            [175.2928, -39.9238],
            [175.2877, -39.9162],
            [175.2786, -39.9089],
            [175.2846, -39.9049],
            [175.284, -39.8995],
            [175.2887, -39.9002],
            [175.291, -39.8954],
            [175.2954, -39.8952],
            [175.2874, -39.8866],
            [175.2871, -39.8826],
            [175.2879, -39.8809],
            [175.2947, -39.8812],
            [175.2951, -39.8798],
            [175.2868, -39.8765],
            [175.2851, -39.877],
            [175.2869, -39.8787],
            [175.2855, -39.8801],
            [175.2766, -39.88],
            [175.2737, -39.8783],
            [175.2928, -39.8698],
            [175.2957, -39.8649],
            [175.2902, -39.8623],
            [175.2897, -39.8604],
            [175.301, -39.8593],
            [175.3079, -39.8561],
            [175.3271, -39.8731],
            [175.3346, -39.8753],
            [175.3377, -39.8736],
            [175.3486, -39.8733],
            [175.3512, -39.8702],
            [175.3511, -39.8679],
            [175.3532, -39.8667],
            [175.352, -39.86],
            [175.3563, -39.8587],
            [175.3575, -39.8564],
            [175.3628, -39.8575],
            [175.366, -39.8557],
            [175.3671, -39.8575],
            [175.3718, -39.8546],
            [175.3759, -39.8496],
            [175.3735, -39.8457],
            [175.377, -39.8427],
            [175.3757, -39.8395],
            [175.3832, -39.8356],
            [175.3862, -39.8321],
            [175.4003, -39.8343],
            [175.414, -39.8335],
            [175.4179, -39.8274],
            [175.4378, -39.8276],
            [175.4378, -39.8187],
            [175.4393, -39.8182],
            [175.4522, -39.8225],
            [175.4528, -39.8107],
            [175.4511, -39.8101],
            [175.4505, -39.8045],
            [175.4533, -39.7994],
            [175.4527, -39.7969],
            [175.4568, -39.7959],
            [175.4594, -39.7856],
            [175.4617, -39.7834],
            [175.4602, -39.7789],
            [175.4754, -39.7704],
            [175.4782, -39.7678],
            [175.4813, -39.7609],
            [175.4856, -39.7588],
            [175.4803, -39.7568],
            [175.4814, -39.7551],
            [175.4799, -39.7528],
            [175.4825, -39.7464],
            [175.4796, -39.7418],
            [175.4801, -39.7388],
            [175.4855, -39.7361],
            [175.4873, -39.7314],
            [175.4982, -39.7247],
            [175.4969, -39.7193],
            [175.501, -39.7155],
            [175.5012, -39.7082],
            [175.507, -39.7034],
            [175.5102, -39.6972],
            [175.5068, -39.6881],
            [175.5105, -39.6869],
            [175.5154, -39.68],
            [175.5104, -39.6766],
            [175.5109, -39.6715],
            [175.491, -39.6715],
            [175.4876, -39.6676],
            [175.4885, -39.6669],
            [175.4861, -39.6647],
            [175.4864, -39.6606],
            [175.4944, -39.6609],
            [175.4957, -39.6572],
            [175.4618, -39.6421],
            [175.4621, -39.6402],
            [175.4661, -39.6383],
            [175.4652, -39.6355],
            [175.4693, -39.6357],
            [175.4705, -39.6327],
            [175.4694, -39.6313],
            [175.475, -39.6315],
            [175.4792, -39.6281],
            [175.4793, -39.6261],
            [175.4824, -39.6253],
            [175.4814, -39.6243],
            [175.4832, -39.6223],
            [175.4888, -39.6204],
            [175.4892, -39.6166],
            [175.4925, -39.6161],
            [175.494, -39.6141],
            [175.492, -39.6114],
            [175.4926, -39.6094],
            [175.4953, -39.608],
            [175.4945, -39.6068],
            [175.4968, -39.6054],
            [175.4974, -39.601],
            [175.4996, -39.5999],
            [175.4972, -39.5968],
            [175.4985, -39.5913],
            [175.5027, -39.5885],
            [175.5034, -39.5824],
            [175.5056, -39.5809],
            [175.5023, -39.5805],
            [175.4983, -39.5834],
            [175.494, -39.5836],
            [175.4882, -39.5792],
            [175.4882, -39.5447],
            [175.4808, -39.5473],
            [175.4669, -39.5449],
            [175.4193, -39.5456],
            [175.4181, -39.5473],
            [175.4213, -39.5482],
            [175.4204, -39.5508],
            [175.418, -39.551],
            [175.4199, -39.5569],
            [175.4173, -39.5584],
            [175.424, -39.5597],
            [175.4258, -39.5625],
            [175.4298, -39.5638],
            [175.4275, -39.5663],
            [175.4307, -39.5688],
            [175.4297, -39.5709],
            [175.4332, -39.5735],
            [175.4273, -39.5762],
            [175.4306, -39.579],
            [175.4292, -39.5812],
            [175.4338, -39.5863],
            [175.43, -39.5871],
            [175.4279, -39.5855],
            [175.4215, -39.5872],
            [175.4167, -39.5845],
            [175.4116, -39.5874],
            [175.4137, -39.5893],
            [175.4095, -39.5891],
            [175.4085, -39.5914],
            [175.4111, -39.5908],
            [175.4109, -39.5927],
            [175.4078, -39.5943],
            [175.4065, -39.5931],
            [175.4032, -39.5939],
            [175.4031, -39.5922],
            [175.4054, -39.5916],
            [175.4043, -39.5893],
            [175.4025, -39.5901],
            [175.3926, -39.5879],
            [175.3755, -39.5745],
            [175.3646, -39.5734],
            [175.3602, -39.579],
            [175.3609, -39.5898],
            [175.3464, -39.6065],
            [175.3415, -39.6029],
            [175.3367, -39.6058],
            [175.3131, -39.6127],
            [175.3082, -39.616],
            [175.3053, -39.6228],
            [175.308, -39.625],
            [175.3119, -39.6231],
            [175.3133, -39.6263],
            [175.2833, -39.6193],
            [175.2587, -39.6178],
            [175.2499, -39.6191],
            [175.2422, -39.606],
            [175.234, -39.6014],
            [175.2302, -39.587],
            [175.2194, -39.5825],
            [175.217, -39.5833],
            [175.2154, -39.5821],
            [175.2174, -39.5847],
            [175.2164, -39.5856],
            [175.2071, -39.5866],
            [175.2087, -39.5914],
            [175.2055, -39.5925],
            [175.2035, -39.5909],
            [175.2034, -39.5544],
            [175.2154, -39.5577],
            [175.2276, -39.5531],
            [175.2243, -39.5439],
            [175.2274, -39.5418],
            [175.2232, -39.5386],
            [175.2203, -39.5399],
            [175.2, -39.5348],
            [175.1973, -39.5367],
            [175.1929, -39.5355],
            [175.1777, -39.5383],
            [175.1557, -39.5378],
            [175.1375, -39.5438],
            [175.1508, -39.5351],
            [175.1637, -39.5343],
            [175.165, -39.5325],
            [175.1534, -39.5281],
            [175.1446, -39.52],
            [175.1399, -39.5195],
            [175.1377, -39.5213],
            [175.1339, -39.4968],
            [175.124, -39.498],
            [175.1212, -39.4943],
            [175.121, -39.4894],
            [175.1183, -39.4867],
            [175.1176, -39.4818],
            [175.1102, -39.485],
            [175.1064, -39.4833],
            [175.1043, -39.4843],
            [175.1021, -39.4821],
            [175.0992, -39.4849],
            [175.0953, -39.484],
            [175.0872, -39.486],
            [175.0813, -39.4924],
            [175.0811, -39.4974],
            [175.078, -39.503],
            [175.0793, -39.5056],
            [175.0781, -39.5088],
            [175.0732, -39.5121],
            [175.0729, -39.5143],
            [175.0685, -39.5144],
            [175.0577, -39.5254],
            [175.0528, -39.5212],
            [175.0473, -39.5116],
            [175.0448, -39.5036],
            [175.0512, -39.4967],
            [175.0479, -39.484],
            [175.0439, -39.4801],
            [175.038, -39.4806],
            [175.0358, -39.4794],
            [175.0352, -39.476],
            [175.0378, -39.471],
            [175.0324, -39.4642],
            [175.0332, -39.4557],
            [175.0275, -39.447],
            [175.0259, -39.4396],
            [175.023, -39.437],
            [175.0169, -39.4369],
            [175.0148, -39.4351],
            [175.0206, -39.427],
            [175.0372, -39.4249],
            [175.0396, -39.4204],
            [175.0398, -39.4087],
            [175.0445, -39.4046],
            [175.0312, -39.402],
            [175.0197, -39.3947],
            [175.0133, -39.3851],
            [175.0128, -39.3772],
            [175.0142, -39.3737],
            [175.0055, -39.3629],
            [175.0044, -39.3545],
            [174.9967, -39.3516],
            [174.9922, -39.3454],
            [174.9932, -39.3407],
            [174.9919, -39.3372],
            [175.003, -39.3249],
            [175.0075, -39.3171],
            [175.0077, -39.3131],
            [175.0007, -39.3106],
            [174.9883, -39.3113],
            [174.972, -39.3089],
            [174.9636, -39.3053],
            [174.9614, -39.3025],
            [174.9619, -39.2983],
            [174.9703, -39.2844],
            [174.9685, -39.2814],
            [174.9641, -39.2827],
            [174.9607, -39.2918],
            [174.9525, -39.2955],
            [174.9407, -39.2903],
            [174.9308, -39.2929],
            [174.9287, -39.2922],
            [174.9271, -39.2886],
            [174.928, -39.2791],
            [174.9249, -39.2763],
            [174.9158, -39.2795],
            [174.9118, -39.2836],
            [174.91, -39.2884],
            [174.9059, -39.2886],
            [174.9028, -39.2767],
            [174.8906, -39.2718],
            [174.8834, -39.2632],
            [174.885, -39.259],
            [174.8924, -39.2538],
            [174.8934, -39.2485],
            [174.8902, -39.2467],
            [174.8794, -39.2463],
            [174.8775, -39.2444],
            [174.877, -39.2403],
            [174.8781, -39.2384],
            [174.8807, -39.238],
            [174.8875, -39.2411],
            [174.8907, -39.2405],
            [174.8947, -39.233],
            [174.893, -39.2288],
            [174.8964, -39.2266],
            [174.9101, -39.234],
            [174.9146, -39.2336],
            [174.915, -39.225],
            [174.923, -39.2196],
            [174.9344, -39.1988],
            [174.9411, -39.194],
            [174.9504, -39.1837],
            [174.9496, -39.1811],
            [174.9414, -39.1805],
            [174.9408, -39.1779],
            [174.9456, -39.1741],
            [174.9588, -39.1711],
            [174.9578, -39.1687],
            [174.9504, -39.1661],
            [174.9499, -39.1632],
            [174.9632, -39.1627],
            [174.9834, -39.1556],
            [174.9844, -39.1489],
            [174.9784, -39.1421],
            [174.9779, -39.1396],
            [174.9804, -39.1387],
            [174.9899, -39.1402],
            [174.994, -39.1375],
            [174.989, -39.1324],
            [174.9915, -39.1253],
            [174.9817, -39.1168],
            [174.9829, -39.1121],
            [174.9924, -39.1136],
            [174.994, -39.1255],
            [174.9964, -39.1282],
            [175.0003, -39.1288],
            [175.0036, -39.1268],
            [175.0046, -39.1232],
            [174.9966, -39.1116],
            [175.0003, -39.1103],
            [175.006, -39.1157],
            [175.0104, -39.1165],
            [175.0197, -39.1089],
            [175.0246, -39.1023],
            [175.0297, -39.1018],
            [175.0464, -39.1064],
            [175.0573, -39.1122],
            [175.0641, -39.111],
            [175.0695, -39.1077],
            [175.0661, -39.1006],
            [175.043, -39.0834],
            [175.0425, -39.0764],
            [175.0467, -39.0728],
            [175.0472, -39.0697],
            [175.0451, -39.0653],
            [175.0383, -39.0594],
            [175.0381, -39.0572],
            [175.0438, -39.0542],
            [175.0604, -39.0508],
            [175.068, -39.0311],
            [175.0718, -39.027],
            [175.0764, -39.026],
            [175.0847, -39.0299],
            [175.0891, -39.0299],
            [175.0921, -39.0273],
            [175.0885, -39.0227],
            [175.0891, -39.0194],
            [175.0967, -39.0206],
            [175.1049, -39.019],
            [175.1064, -39.0168],
            [175.1059, -39.0132],
            [175.0976, -39.0088],
            [175.0974, -39.0043],
            [175.1118, -39.0002],
            [175.1141, -39.0015],
            [175.1157, -39.0075],
            [175.1215, -39.0074],
            [175.1233, -39.0021],
            [175.1195, -38.9886],
            [175.1234, -38.9853],
            [175.1304, -38.9843],
            [175.1319, -38.9828],
            [175.1288, -38.9714],
            [175.1293, -38.9678],
            [175.1386, -38.9578],
            [175.1474, -38.9558],
            [175.15, -38.953],
            [175.1451, -38.9499],
            [175.1271, -38.9482],
            [175.1237, -38.9399],
            [175.117, -38.9326],
            [175.1197, -38.9308],
            [175.1246, -38.931],
            [175.1418, -38.9396],
            [175.1453, -38.943],
            [175.15, -38.9387],
            [175.1556, -38.9438],
            [175.1603, -38.9406],
            [175.1618, -38.9419],
            [175.1658, -38.936],
            [175.1646, -38.9327],
            [175.1657, -38.9297],
            [175.1738, -38.9239],
            [175.1732, -38.9224],
            [175.169, -38.924],
            [175.1781, -38.9091],
            [175.1835, -38.9105],
            [175.188, -38.9072],
            [175.1872, -38.9038],
            [175.1846, -38.901],
            [175.1795, -38.8991],
            [175.179, -38.8973],
            [175.1794, -38.8943],
            [175.1832, -38.8901],
            [175.1812, -38.8847],
            [175.1835, -38.8807],
            [175.1855, -38.8782],
            [175.1949, -38.8763],
            [175.1959, -38.8748],
            [175.1949, -38.8737],
            [175.1993, -38.8706],
            [175.203, -38.872],
            [175.2037, -38.87],
            [175.2082, -38.8679],
            [175.2079, -38.866],
            [175.2043, -38.8663],
            [175.2006, -38.8628],
            [175.2016, -38.8605],
            [175.2044, -38.8596],
            [175.2021, -38.8571],
            [175.2028, -38.8561],
            [175.2, -38.8544],
            [175.2007, -38.8533],
            [175.1968, -38.8509],
            [175.1984, -38.8506],
            [175.1977, -38.8485],
            [175.2017, -38.8473],
            [175.2026, -38.8431],
            [175.1983, -38.8395],
            [175.1983, -38.8373],
            [175.2064, -38.8366],
            [175.2109, -38.8318],
            [175.2151, -38.8326],
            [175.219, -38.8302],
            [175.2252, -38.8299],
            [175.2331, -38.8349],
            [175.2323, -38.8396],
            [175.2354, -38.8405],
            [175.2377, -38.8436],
            [175.2348, -38.852],
            [175.2374, -38.8568],
            [175.2424, -38.8584],
            [175.2463, -38.8577],
            [175.2445, -38.8569],
            [175.2447, -38.8551],
            [175.2473, -38.8542],
            [175.2483, -38.85],
            [175.2495, -38.8518],
            [175.2533, -38.8505],
            [175.2509, -38.8456],
            [175.2557, -38.8416],
            [175.2547, -38.8391],
            [175.2564, -38.8391],
            [175.2558, -38.8365],
            [175.2588, -38.8359],
            [175.2588, -38.834],
            [175.2604, -38.8359],
            [175.2618, -38.8301],
            [175.2731, -38.8304],
            [175.2802, -38.8286],
            [175.2814, -38.8266],
            [175.2909, -38.8278],
            [175.2941, -38.8266],
            [175.2942, -38.8248],
            [175.3, -38.8255],
            [175.3013, -38.8217],
            [175.3045, -38.8208],
            [175.3051, -38.8182],
            [175.3097, -38.8187],
            [175.3106, -38.8202],
            [175.3126, -38.8184],
            [175.3154, -38.8186],
            [175.3141, -38.8173],
            [175.3152, -38.8167],
            [175.3196, -38.8184],
            [175.3226, -38.8233],
            [175.3236, -38.8223],
            [175.3259, -38.824],
            [175.3316, -38.8243],
            [175.3324, -38.8278],
            [175.3394, -38.8287],
            [175.3412, -38.8321],
            [175.3472, -38.831],
            [175.3532, -38.8275],
            [175.3566, -38.8279],
            [175.3573, -38.8296],
            [175.3635, -38.8285],
            [175.3657, -38.8295],
            [175.3891, -38.7727],
            [175.4441, -38.784],
            [175.4434, -38.7874],
            [175.4702, -38.7872],
            [175.4704, -38.8119]
          ],
          [
            [175.5991, -40.3308],
            [175.5973, -40.3313],
            [175.5989, -40.3333],
            [175.5783, -40.3465],
            [175.5799, -40.3479],
            [175.5766, -40.35],
            [175.5784, -40.3516],
            [175.5679, -40.3562],
            [175.5695, -40.3578],
            [175.5519, -40.3656],
            [175.5726, -40.3927],
            [175.5812, -40.3971],
            [175.5844, -40.3964],
            [175.5826, -40.3894],
            [175.587, -40.3864],
            [175.596, -40.3847],
            [175.6001, -40.3769],
            [175.6041, -40.3741],
            [175.6261, -40.3736],
            [175.6392, -40.3776],
            [175.6473, -40.3671],
            [175.6473, -40.3602],
            [175.6438, -40.3574],
            [175.6437, -40.3552],
            [175.6519, -40.35],
            [175.646, -40.3422],
            [175.6473, -40.34],
            [175.6676, -40.3328],
            [175.6567, -40.3185],
            [175.6466, -40.3232],
            [175.6281, -40.3073],
            [175.6176, -40.3145],
            [175.6094, -40.3077],
            [175.5899, -40.321],
            [175.6002, -40.3299],
            [175.5991, -40.3308]
          ]
        ]
      },
      "properties": { "name": "Rangitīkei" }
    },
    {
      "type": "Feature",
      "id": 42,
      "geometry": {
        "type": "Polygon",
        "coordinates": [
          [
            [175.1353, -40.9646],
            [175.1448, -40.9645],
            [175.1473, -40.9672],
            [175.1537, -40.9666],
            [175.1572, -40.9688],
            [175.1625, -40.967],
            [175.1647, -40.9677],
            [175.1643, -40.9656],
            [175.1693, -40.9651],
            [175.1737, -40.971],
            [175.1786, -40.9729],
            [175.1816, -40.973],
            [175.187, -40.9696],
            [175.1935, -40.9735],
            [175.1983, -40.9799],
            [175.2028, -40.979],
            [175.2074, -40.9685],
            [175.2164, -40.9659],
            [175.2244, -40.9723],
            [175.2282, -40.9734],
            [175.2339, -40.9728],
            [175.2388, -40.9694],
            [175.2461, -40.9719],
            [175.2608, -40.9708],
            [175.2632, -40.972],
            [175.2638, -40.9769],
            [175.2716, -40.9858],
            [175.2804, -40.9868],
            [175.297, -40.9838],
            [175.3047, -40.9871],
            [175.3063, -40.9896],
            [175.2951, -41.0015],
            [175.2933, -41.0057],
            [175.2795, -41.0167],
            [175.2749, -41.0229],
            [175.2648, -41.0265],
            [175.2615, -41.033],
            [175.2616, -41.0368],
            [175.2589, -41.0394],
            [175.2559, -41.052],
            [175.2428, -41.0641],
            [175.2418, -41.0712],
            [175.2499, -41.0889],
            [175.2456, -41.0906],
            [175.229, -41.1043],
            [175.2328, -41.1175],
            [175.2303, -41.1191],
            [175.225, -41.1182],
            [175.2215, -41.123],
            [175.2214, -41.1266],
            [175.2079, -41.1385],
            [175.2057, -41.1497],
            [175.2017, -41.1511],
            [175.1991, -41.1494],
            [175.189, -41.1496],
            [175.1835, -41.1553],
            [175.1775, -41.166],
            [175.1682, -41.1709],
            [175.1657, -41.1789],
            [175.1624, -41.1777],
            [175.1581, -41.1828],
            [175.1517, -41.203],
            [175.1423, -41.206],
            [175.1371, -41.2115],
            [175.1291, -41.2155],
            [175.1274, -41.2154],
            [175.1242, -41.2107],
            [175.1151, -41.211],
            [175.1103, -41.2134],
            [175.1043, -41.2113],
            [175.0956, -41.2123],
            [175.0837, -41.222],
            [175.0816, -41.2262],
            [175.0804, -41.2238],
            [175.0812, -41.2213],
            [175.0798, -41.2205],
            [175.0819, -41.2179],
            [175.0765, -41.2124],
            [175.0688, -41.2157],
            [175.0674, -41.2185],
            [175.0601, -41.2181],
            [175.0525, -41.2156],
            [175.0481, -41.2168],
            [175.041, -41.2221],
            [175.0369, -41.2186],
            [175.0312, -41.2187],
            [175.0287, -41.217],
            [175.02, -41.2177],
            [175.0154, -41.2131],
            [175.0065, -41.2152],
            [174.9994, -41.2146],
            [174.9982, -41.2118],
            [174.9924, -41.2074],
            [174.9911, -41.2038],
            [174.9888, -41.2068],
            [174.9871, -41.215],
            [174.9729, -41.2149],
            [174.9716, -41.2235],
            [174.9629, -41.2215],
            [174.9599, -41.2175],
            [174.9489, -41.2194],
            [174.9465, -41.2121],
            [174.9399, -41.2097],
            [174.9419, -41.2081],
            [174.9416, -41.2059],
            [174.9342, -41.205],
            [174.9395, -41.2019],
            [174.9337, -41.2003],
            [174.9379, -41.1972],
            [174.9327, -41.1951],
            [174.9286, -41.1907],
            [174.9471, -41.1788],
            [174.9487, -41.1791],
            [174.9658, -41.1645],
            [174.9367, -41.1589],
            [174.9397, -41.1514],
            [174.9487, -41.1531],
            [174.9517, -41.145],
            [174.9646, -41.1475],
            [174.9737, -41.141],
            [174.9723, -41.1365],
            [174.9743, -41.1328],
            [174.9778, -41.1361],
            [174.9798, -41.135],
            [174.9821, -41.1322],
            [174.9817, -41.1304],
            [174.9851, -41.1278],
            [174.9837, -41.1265],
            [174.9862, -41.1257],
            [174.9872, -41.1228],
            [174.9902, -41.1222],
            [174.9888, -41.1181],
            [174.9907, -41.1151],
            [174.9978, -41.1134],
            [175.0089, -41.1137],
            [175.0089, -41.1098],
            [175.0121, -41.1079],
            [175.0088, -41.1063],
            [175.018, -41.1023],
            [175.035, -41.1021],
            [175.0358, -41.098],
            [175.032, -41.0966],
            [175.0343, -41.0951],
            [175.0338, -41.0892],
            [175.0294, -41.0835],
            [175.0268, -41.0825],
            [175.0268, -41.0728],
            [175.0539, -41.0729],
            [175.0515, -41.066],
            [175.0524, -41.0619],
            [175.0553, -41.0619],
            [175.0562, -41.0572],
            [175.0544, -41.0505],
            [175.0549, -41.0455],
            [175.0445, -41.0462],
            [175.0445, -41.0438],
            [175.0417, -41.0431],
            [175.0448, -41.0423],
            [175.0445, -41.0405],
            [175.0393, -41.0412],
            [175.0382, -41.04],
            [175.0402, -41.0398],
            [175.0414, -41.0376],
            [175.0397, -41.0373],
            [175.0396, -41.0356],
            [175.0617, -40.9703],
            [175.0671, -40.9732],
            [175.0744, -40.9833],
            [175.075, -40.9821],
            [175.0988, -40.9821],
            [175.0917, -40.9613],
            [175.1141, -40.9569],
            [175.1116, -40.9528],
            [175.1292, -40.9493],
            [175.1353, -40.9646]
          ]
        ]
      },
      "properties": { "name": "Remutaka" }
    },
    {
      "type": "Feature",
      "id": 43,
      "geometry": {
        "type": "MultiPolygon",
        "coordinates": [
          [
            [
              [174.8527, -41.2937],
              [174.8508, -41.3315],
              [174.8353, -41.352],
              [174.6372, -41.5584],
              [174.5698, -41.5363],
              [174.7501, -41.349],
              [174.7538, -41.3412],
              [174.753, -41.3356],
              [174.7551, -41.3349],
              [174.7541, -41.332],
              [174.7482, -41.3316],
              [174.7477, -41.3299],
              [174.7514, -41.3267],
              [174.7582, -41.3279],
              [174.7626, -41.3087],
              [174.7727, -41.3104],
              [174.7738, -41.3074],
              [174.7779, -41.3073],
              [174.7798, -41.3011],
              [174.7891, -41.3029],
              [174.7933, -41.2977],
              [174.7966, -41.2962],
              [174.7955, -41.2955],
              [174.7985, -41.2922],
              [174.7989, -41.289],
              [174.7961, -41.2738],
              [174.8497, -41.2716],
              [174.8527, -41.2937]
            ]
          ],
          [
            [
              [-176.3746, -43.555],
              [-176.361, -43.5576],
              [-176.3234, -43.5493],
              [-176.2846, -43.5449],
              [-176.2453, -43.5444],
              [-176.2063, -43.5479],
              [-176.1684, -43.5553],
              [-176.1322, -43.5664],
              [-176.0985, -43.5811],
              [-176.0828, -43.5897],
              [-176.0679, -43.5991],
              [-176.041, -43.62],
              [-176.0184, -43.6433],
              [-176.0005, -43.6688],
              [-175.9876, -43.6958],
              [-175.9799, -43.7238],
              [-175.9778, -43.7523],
              [-175.9796, -43.7726],
              [-175.9628, -43.7639],
              [-175.9268, -43.749],
              [-175.8883, -43.7379],
              [-175.8684, -43.7338],
              [-175.8481, -43.7308],
              [-175.807, -43.7278],
              [-175.7656, -43.7289],
              [-175.7451, -43.7311],
              [-175.7249, -43.7342],
              [-175.6855, -43.7436],
              [-175.6666, -43.7497],
              [-175.6308, -43.7648],
              [-175.6141, -43.7736],
              [-175.5833, -43.7937],
              [-175.5567, -43.8167],
              [-175.5452, -43.8292],
              [-175.5348, -43.8422],
              [-175.5179, -43.8696],
              [-175.5065, -43.8985],
              [-175.5007, -43.9282],
              [-175.5, -43.9432],
              [-175.5029, -43.9731],
              [-175.5065, -43.9879],
              [-175.518, -44.0167],
              [-175.5349, -44.0442],
              [-175.557, -44.0696],
              [-175.5838, -44.0926],
              [-175.5988, -44.103],
              [-175.6148, -44.1126],
              [-175.6494, -44.1294],
              [-175.6868, -44.1424],
              [-175.7103, -44.1484],
              [-175.6775, -44.1651],
              [-175.6482, -44.1849],
              [-175.623, -44.2075],
              [-175.6121, -44.2196],
              [-175.6024, -44.2323],
              [-175.5869, -44.259],
              [-175.581, -44.2728],
              [-175.5735, -44.3012],
              [-175.5718, -44.3156],
              [-175.5726, -44.3446],
              [-175.5791, -44.3731],
              [-175.5844, -44.3871],
              [-175.5989, -44.414],
              [-175.6082, -44.4269],
              [-175.6186, -44.4393],
              [-175.6431, -44.4623],
              [-175.6717, -44.4827],
              [-175.6875, -44.4917],
              [-175.7215, -44.5073],
              [-175.7582, -44.5194],
              [-175.7774, -44.5241],
              [-175.8168, -44.5304],
              [-175.8369, -44.5321],
              [-175.8773, -44.5324],
              [-175.9174, -44.5286],
              [-175.9564, -44.5209],
              [-176.0026, -44.5059],
              [-176.0366, -44.5334],
              [-176.0555, -44.5458],
              [-176.0968, -44.5676],
              [-176.1419, -44.5851],
              [-176.1901, -44.5979],
              [-176.215, -44.6024],
              [-176.2402, -44.6057],
              [-176.2915, -44.6085],
              [-176.3427, -44.6061],
              [-176.393, -44.5987],
              [-176.4414, -44.5862],
              [-176.4868, -44.5691],
              [-176.5284, -44.5476],
              [-176.5654, -44.5222],
              [-176.6204, -44.4741],
              [-176.6416, -44.4539],
              [-176.6609, -44.4327],
              [-176.678, -44.4105],
              [-176.6929, -44.3876],
              [-176.7055, -44.364],
              [-176.7174, -44.3353],
              [-176.7508, -44.3242],
              [-176.7831, -44.3113],
              [-176.8435, -44.281],
              [-176.8713, -44.2636],
              [-176.8973, -44.2449],
              [-176.9215, -44.2248],
              [-176.9436, -44.2037],
              [-176.9636, -44.1814],
              [-176.9814, -44.1582],
              [-176.9969, -44.1342],
              [-177.017, -44.0935],
              [-177.0377, -44.0952],
              [-177.0794, -44.0954],
              [-177.1207, -44.0914],
              [-177.1409, -44.0878],
              [-177.1802, -44.0777],
              [-177.1989, -44.0712],
              [-177.2344, -44.0554],
              [-177.2508, -44.0462],
              [-177.2809, -44.0254],
              [-177.3066, -44.0018],
              [-177.3177, -43.9891],
              [-177.3361, -43.9621],
              [-177.349, -43.9336],
              [-177.3534, -43.9189],
              [-177.3578, -43.889],
              [-177.3579, -43.874],
              [-177.3537, -43.8441],
              [-177.3438, -43.8149],
              [-177.3367, -43.8008],
              [-177.3187, -43.7738],
              [-177.2956, -43.7488],
              [-177.268, -43.7264],
              [-177.2526, -43.7163],
              [-177.2364, -43.707],
              [-177.2014, -43.691],
              [-177.1534, -43.676],
              [-177.1768, -43.6544],
              [-177.1957, -43.6306],
              [-177.21, -43.6051],
              [-177.2192, -43.5784],
              [-177.2218, -43.5648],
              [-177.2232, -43.5373],
              [-177.2193, -43.51],
              [-177.2102, -43.4833],
              [-177.2037, -43.4703],
              [-177.1872, -43.4456],
              [-177.1772, -43.4339],
              [-177.154, -43.4122],
              [-177.1409, -43.4023],
              [-177.1121, -43.3846],
              [-177.0802, -43.3699],
              [-177.0458, -43.3587],
              [-177.0096, -43.351],
              [-176.9723, -43.3471],
              [-176.9346, -43.347],
              [-176.9158, -43.3483],
              [-176.8789, -43.3539],
              [-176.8434, -43.3632],
              [-176.8242, -43.37],
              [-176.7713, -43.3733],
              [-176.7371, -43.38],
              [-176.7044, -43.39],
              [-176.674, -43.4032],
              [-176.6464, -43.4194],
              [-176.6141, -43.4415],
              [-176.576, -43.4729],
              [-176.5593, -43.4899],
              [-176.5334, -43.5226],
              [-176.5069, -43.5266],
              [-176.4815, -43.5333],
              [-176.4576, -43.5425],
              [-176.4412, -43.5508],
              [-176.4077, -43.5512],
              [-176.3746, -43.555]
            ]
          ]
        ]
      },
      "properties": { "name": "Rongotai" }
    },
    {
      "type": "Feature",
      "id": 44,
      "geometry": {
        "type": "Polygon",
        "coordinates": [
          [
            [176.2401, -37.7182],
            [176.2503, -37.7208],
            [176.2527, -37.7188],
            [176.2655, -37.7169],
            [176.2673, -37.7199],
            [176.2711, -37.7204],
            [176.276, -37.724],
            [176.2859, -37.7241],
            [176.2958, -37.7279],
            [176.2982, -37.7329],
            [176.3146, -37.7329],
            [176.3535, -37.7407],
            [176.3538, -37.7432],
            [176.3558, -37.7437],
            [176.3538, -37.7449],
            [176.3544, -37.7489],
            [176.3473, -37.7557],
            [176.3441, -37.767],
            [176.3408, -37.77],
            [176.3416, -37.7759],
            [176.3379, -37.78],
            [176.3412, -37.7862],
            [176.3487, -37.79],
            [176.3553, -37.7907],
            [176.3705, -37.7884],
            [176.3675, -37.7925],
            [176.3639, -37.7942],
            [176.3701, -37.7979],
            [176.3703, -37.8004],
            [176.3769, -37.8098],
            [176.3756, -37.8135],
            [176.3579, -37.8103],
            [176.3548, -37.8225],
            [176.3488, -37.8322],
            [176.3461, -37.8358],
            [176.3368, -37.8387],
            [176.3336, -37.8412],
            [176.3296, -37.8498],
            [176.3303, -37.8527],
            [176.3224, -37.8589],
            [176.3199, -37.8635],
            [176.349, -37.8833],
            [176.3443, -37.8884],
            [176.3454, -37.89],
            [176.3433, -37.8922],
            [176.3448, -37.893],
            [176.3442, -37.8957],
            [176.3406, -37.8977],
            [176.34, -37.9003],
            [176.3362, -37.9004],
            [176.336, -37.9029],
            [176.3323, -37.9046],
            [176.329, -37.9087],
            [176.3254, -37.9084],
            [176.3243, -37.9106],
            [176.3221, -37.9109],
            [176.3222, -37.9133],
            [176.3192, -37.9165],
            [176.3055, -37.9219],
            [176.3036, -37.9249],
            [176.2862, -37.937],
            [176.351, -37.9372],
            [176.3515, -37.9402],
            [176.3709, -37.9476],
            [176.371, -37.9492],
            [176.3843, -37.9492],
            [176.3841, -37.9549],
            [176.4403, -37.9578],
            [176.4693, -37.9669],
            [176.4717, -37.9646],
            [176.4724, -37.9588],
            [176.5, -37.9588],
            [176.4981, -37.9625],
            [176.5022, -37.9764],
            [176.5015, -37.978],
            [176.505, -37.9838],
            [176.5035, -37.9881],
            [176.509, -37.9931],
            [176.5087, -37.9945],
            [176.5136, -37.9954],
            [176.5249, -37.9906],
            [176.5283, -37.9918],
            [176.5309, -37.9905],
            [176.5362, -37.9921],
            [176.5407, -37.9984],
            [176.5532, -38.0023],
            [176.5543, -38.0043],
            [176.5526, -38.0067],
            [176.5539, -38.0073],
            [176.5531, -38.0092],
            [176.5987, -38.0088],
            [176.6, -38.0114],
            [176.6029, -38.0113],
            [176.6031, -38.052],
            [176.6152, -38.0587],
            [176.6077, -38.064],
            [176.6077, -38.0666],
            [176.6055, -38.0647],
            [176.6034, -38.0656],
            [176.6036, -38.1206],
            [176.584, -38.1247],
            [176.5817, -38.3229],
            [176.5781, -38.427],
            [176.5215, -38.4194],
            [176.5053, -38.4022],
            [176.4999, -38.4325],
            [176.4747, -38.5163],
            [176.4775, -38.5281],
            [176.4764, -38.5333],
            [176.4685, -38.5309],
            [176.4598, -38.5315],
            [176.4549, -38.5275],
            [176.3868, -38.5065],
            [176.359, -38.5687],
            [176.3022, -38.553],
            [176.2999, -38.551],
            [176.304, -38.5468],
            [176.2985, -38.5372],
            [176.3041, -38.5362],
            [176.3026, -38.5339],
            [176.3112, -38.5273],
            [176.311, -38.5228],
            [176.3187, -38.5129],
            [176.3178, -38.5081],
            [176.3232, -38.5074],
            [176.3212, -38.5022],
            [176.3165, -38.5047],
            [176.3147, -38.4981],
            [176.3091, -38.4976],
            [176.3085, -38.4921],
            [176.3022, -38.4855],
            [176.2985, -38.4892],
            [176.2962, -38.4885],
            [176.2948, -38.4852],
            [176.2864, -38.4859],
            [176.2766, -38.489],
            [176.2647, -38.5053],
            [176.26, -38.5037],
            [176.2549, -38.5082],
            [176.2462, -38.5085],
            [176.2406, -38.5138],
            [176.2311, -38.5189],
            [176.2292, -38.5222],
            [176.2232, -38.5191],
            [176.2132, -38.5198],
            [176.2029, -38.5247],
            [176.1922, -38.5172],
            [176.1791, -38.5188],
            [176.1709, -38.5061],
            [176.1702, -38.5023],
            [176.1724, -38.4982],
            [176.1602, -38.4914],
            [176.1546, -38.4931],
            [176.1539, -38.4903],
            [176.1479, -38.4873],
            [176.1451, -38.4761],
            [176.147, -38.466],
            [176.1465, -38.4636],
            [176.1425, -38.4614],
            [176.1414, -38.4584],
            [176.1424, -38.4511],
            [176.1376, -38.442],
            [176.1392, -38.4388],
            [176.1319, -38.4326],
            [176.1301, -38.4259],
            [176.1187, -38.4132],
            [176.1126, -38.4112],
            [176.1062, -38.4134],
            [176.0968, -38.4124],
            [176.0883, -38.4067],
            [176.0831, -38.4086],
            [176.0741, -38.408],
            [176.0687, -38.4054],
            [176.0684, -38.4012],
            [176.0653, -38.3978],
            [176.0631, -38.3961],
            [176.0616, -38.3968],
            [176.0592, -38.3935],
            [176.0527, -38.3894],
            [176.0428, -38.3852],
            [176.0297, -38.3865],
            [176.026, -38.385],
            [176.0313, -38.3798],
            [176.0276, -38.3736],
            [176.0272, -38.369],
            [176.0248, -38.3687],
            [176.0237, -38.3651],
            [176.0311, -38.3636],
            [176.0377, -38.3581],
            [176.0398, -38.3588],
            [176.0466, -38.3564],
            [176.0478, -38.3541],
            [176.0501, -38.3544],
            [176.0488, -38.3498],
            [176.0571, -38.3453],
            [176.0555, -38.3431],
            [176.0606, -38.3429],
            [176.063, -38.3404],
            [176.0586, -38.3344],
            [176.0642, -38.3347],
            [176.0734, -38.3269],
            [176.0881, -38.3223],
            [176.0929, -38.3176],
            [176.0996, -38.3172],
            [176.1091, -38.3134],
            [176.1171, -38.3146],
            [176.1265, -38.3088],
            [176.1311, -38.3036],
            [176.1311, -38.3016],
            [176.1292, -38.3016],
            [176.1308, -38.2999],
            [176.1301, -38.2978],
            [176.1281, -38.2969],
            [176.1377, -38.2944],
            [176.1361, -38.2925],
            [176.1378, -38.2877],
            [176.1356, -38.2879],
            [176.133, -38.2841],
            [176.1312, -38.2855],
            [176.1299, -38.2828],
            [176.123, -38.2809],
            [176.121, -38.2818],
            [176.1198, -38.2802],
            [176.114, -38.2804],
            [176.1135, -38.2778],
            [176.1086, -38.2758],
            [176.1293, -38.2732],
            [176.116, -38.2691],
            [176.1205, -38.2679],
            [176.1503, -38.2182],
            [176.1101, -38.1669],
            [176.09, -38.167],
            [176.0887, -38.1643],
            [176.0732, -38.1642],
            [176.0583, -38.1642],
            [176.0583, -38.1667],
            [176.0307, -38.1666],
            [176.0307, -38.1392],
            [176.022, -38.1393],
            [176.0197, -38.1425],
            [175.9845, -38.142],
            [175.9817, -38.1386],
            [175.9991, -38.1315],
            [176.0051, -38.1229],
            [176.0568, -38.037],
            [176.0983, -37.9619],
            [176.1029, -37.9636],
            [176.1175, -37.927],
            [176.0881, -37.9136],
            [176.0957, -37.905],
            [176.0936, -37.8971],
            [176.0949, -37.8973],
            [176.097, -37.8936],
            [176.0919, -37.8879],
            [176.0966, -37.8827],
            [176.0998, -37.8736],
            [176.0999, -37.8686],
            [176.1011, -37.8685],
            [176.0974, -37.8633],
            [176.0975, -37.8589],
            [176.0939, -37.8555],
            [176.0945, -37.8522],
            [176.0914, -37.8512],
            [176.0912, -37.8485],
            [176.0881, -37.8451],
            [176.09, -37.8447],
            [176.0949, -37.8368],
            [176.0953, -37.8382],
            [176.0987, -37.838],
            [176.1005, -37.8401],
            [176.1029, -37.8395],
            [176.1043, -37.8349],
            [176.1058, -37.8372],
            [176.1161, -37.836],
            [176.1182, -37.8314],
            [176.1197, -37.8324],
            [176.1216, -37.8304],
            [176.1223, -37.8324],
            [176.1259, -37.8294],
            [176.128, -37.822],
            [176.1304, -37.8286],
            [176.1301, -37.8324],
            [176.1345, -37.8393],
            [176.1398, -37.8383],
            [176.1479, -37.84],
            [176.1507, -37.8378],
            [176.1515, -37.8403],
            [176.1542, -37.8414],
            [176.1535, -37.8462],
            [176.1568, -37.8448],
            [176.1581, -37.8473],
            [176.1665, -37.8409],
            [176.1703, -37.8328],
            [176.1778, -37.8324],
            [176.1787, -37.8298],
            [176.1808, -37.8289],
            [176.1843, -37.8295],
            [176.1843, -37.8269],
            [176.1802, -37.8233],
            [176.1779, -37.8256],
            [176.1746, -37.8246],
            [176.1701, -37.8277],
            [176.1672, -37.8248],
            [176.16, -37.8238],
            [176.1581, -37.8162],
            [176.1542, -37.8117],
            [176.1531, -37.8072],
            [176.1548, -37.8049],
            [176.1536, -37.8034],
            [176.1566, -37.8018],
            [176.1573, -37.7996],
            [176.1559, -37.7979],
            [176.1575, -37.7971],
            [176.1552, -37.7923],
            [176.1552, -37.7867],
            [176.1595, -37.7813],
            [176.1591, -37.7775],
            [176.1541, -37.7735],
            [176.158, -37.7657],
            [176.157, -37.7647],
            [176.1588, -37.7601],
            [176.1698, -37.7567],
            [176.1702, -37.7582],
            [176.1762, -37.7544],
            [176.1768, -37.753],
            [176.1748, -37.7509],
            [176.1814, -37.7487],
            [176.1839, -37.7503],
            [176.1922, -37.7493],
            [176.1911, -37.7479],
            [176.1945, -37.7434],
            [176.1991, -37.745],
            [176.2048, -37.744],
            [176.2026, -37.7401],
            [176.2061, -37.7387],
            [176.2081, -37.7332],
            [176.2126, -37.7322],
            [176.2096, -37.7261],
            [176.2146, -37.7241],
            [176.2172, -37.719],
            [176.223, -37.7196],
            [176.2372, -37.7163],
            [176.2401, -37.7182]
          ]
        ]
      },
      "properties": { "name": "Rotorua" }
    },
    {
      "type": "Feature",
      "id": 45,
      "geometry": {
        "type": "Polygon",
        "coordinates": [
          [
            [171.9151, -42.7516],
            [171.9197, -42.7564],
            [171.9317, -42.7633],
            [171.941, -42.7626],
            [171.9498, -42.7709],
            [171.9604, -42.7723],
            [171.966, -42.7757],
            [171.9739, -42.7759],
            [171.9917, -42.7829],
            [171.997, -42.781],
            [172.0009, -42.7819],
            [172.0037, -42.7908],
            [172.0165, -42.7857],
            [172.0271, -42.7855],
            [172.0298, -42.7889],
            [172.0283, -42.7948],
            [172.0357, -42.798],
            [172.0372, -42.8058],
            [172.0465, -42.8075],
            [172.049, -42.8185],
            [172.0547, -42.8207],
            [172.0578, -42.8265],
            [172.0619, -42.8293],
            [172.0714, -42.8294],
            [172.074, -42.8363],
            [172.0783, -42.8355],
            [172.0832, -42.8375],
            [172.0845, -42.8424],
            [172.0999, -42.8585],
            [172.0994, -42.866],
            [172.1055, -42.873],
            [172.1089, -42.8702],
            [172.1196, -42.8694],
            [172.1246, -42.8711],
            [172.1266, -42.8751],
            [172.1294, -42.8717],
            [172.1371, -42.8704],
            [172.1398, -42.8685],
            [172.1483, -42.8722],
            [172.1537, -42.8726],
            [172.1669, -42.8659],
            [172.1693, -42.8657],
            [172.1727, -42.8683],
            [172.1774, -42.868],
            [172.189, -42.8616],
            [172.1945, -42.8636],
            [172.2026, -42.8705],
            [172.2097, -42.8737],
            [172.2169, -42.8689],
            [172.2311, -42.8683],
            [172.2371, -42.8643],
            [172.2403, -42.8639],
            [172.2417, -42.866],
            [172.2495, -42.8663],
            [172.2575, -42.8709],
            [172.2584, -42.8778],
            [172.2539, -42.8864],
            [172.2439, -42.8945],
            [172.2308, -42.91],
            [172.2441, -42.9169],
            [172.2474, -42.9371],
            [172.2418, -42.9463],
            [172.2335, -42.9516],
            [172.227, -42.9522],
            [172.2231, -42.9566],
            [172.219, -42.9542],
            [172.1979, -42.9562],
            [172.1906, -42.9593],
            [172.1842, -42.9598],
            [172.1817, -42.9625],
            [172.1731, -42.9649],
            [172.1665, -42.9704],
            [172.1662, -42.9749],
            [172.1618, -42.9822],
            [172.1618, -42.9896],
            [172.1561, -42.9939],
            [172.1494, -42.9935],
            [172.1351, -42.986],
            [172.1246, -42.9865],
            [172.1196, -42.994],
            [172.1178, -43.0031],
            [172.1194, -43.0067],
            [172.1138, -43.0092],
            [172.1096, -43.0141],
            [172.1007, -43.0198],
            [172.0975, -43.0285],
            [172.0924, -43.0324],
            [172.0967, -43.0418],
            [172.0926, -43.0476],
            [172.0843, -43.0538],
            [172.0783, -43.054],
            [172.0701, -43.0473],
            [172.0608, -43.0516],
            [172.0542, -43.0712],
            [172.0497, -43.0763],
            [172.0193, -43.0972],
            [172.0206, -43.1039],
            [172.0186, -43.1133],
            [172.0243, -43.1198],
            [172.0257, -43.1257],
            [172.0232, -43.1337],
            [172.0262, -43.1381],
            [172.02, -43.1464],
            [172.0106, -43.1488],
            [172.0032, -43.1538],
            [171.9986, -43.1718],
            [171.9952, -43.1753],
            [171.9962, -43.1786],
            [171.9526, -43.1784],
            [171.9505, -43.1824],
            [171.9517, -43.1852],
            [171.9494, -43.1878],
            [171.9509, -43.1954],
            [171.9466, -43.1967],
            [171.9443, -43.2028],
            [171.9314, -43.2037],
            [171.931, -43.2055],
            [171.9335, -43.2079],
            [171.9284, -43.218],
            [171.9289, -43.2204],
            [171.9421, -43.2238],
            [171.9499, -43.2278],
            [171.9557, -43.2285],
            [171.9591, -43.233],
            [171.9604, -43.2389],
            [171.9665, -43.2404],
            [171.9618, -43.2444],
            [171.9584, -43.2416],
            [171.9568, -43.2421],
            [171.9574, -43.2447],
            [171.9615, -43.2487],
            [171.9536, -43.2501],
            [171.9484, -43.2547],
            [171.9456, -43.2592],
            [171.949, -43.2613],
            [171.9494, -43.264],
            [171.9406, -43.2708],
            [171.9396, -43.2747],
            [171.9456, -43.2744],
            [171.9492, -43.2826],
            [171.9577, -43.2832],
            [171.9577, -43.2852],
            [171.9527, -43.2867],
            [171.9532, -43.291],
            [171.9842, -43.3144],
            [171.986, -43.3261],
            [172.0034, -43.3419],
            [172.0269, -43.3539],
            [172.041, -43.357],
            [172.0471, -43.3602],
            [172.0584, -43.3611],
            [172.0666, -43.3647],
            [172.0818, -43.3749],
            [172.0839, -43.381],
            [172.1042, -43.4029],
            [172.1403, -43.4224],
            [172.176, -43.4358],
            [172.1803, -43.4387],
            [172.2055, -43.4456],
            [172.2931, -43.4598],
            [172.3277, -43.4607],
            [172.3957, -43.4557],
            [172.393, -43.463],
            [172.3986, -43.4627],
            [172.4099, -43.4669],
            [172.439, -43.4685],
            [172.4282, -43.5005],
            [172.4665, -43.5077],
            [172.48, -43.5118],
            [172.4882, -43.5102],
            [172.5089, -43.5126],
            [172.5284, -43.5186],
            [172.5231, -43.5278],
            [172.5203, -43.5274],
            [172.5191, -43.5291],
            [172.5065, -43.5281],
            [172.5016, -43.5251],
            [172.4969, -43.5332],
            [172.5044, -43.5355],
            [172.5063, -43.5419],
            [172.4959, -43.5458],
            [172.4968, -43.5472],
            [172.4868, -43.5503],
            [172.4967, -43.5583],
            [172.5218, -43.5699],
            [172.5186, -43.5741],
            [172.5329, -43.5865],
            [172.5327, -43.5882],
            [172.5374, -43.5865],
            [172.5401, -43.5903],
            [172.5487, -43.5935],
            [172.5506, -43.5964],
            [172.5501, -43.599],
            [172.5562, -43.5963],
            [172.5609, -43.5985],
            [172.5524, -43.6048],
            [172.5557, -43.6071],
            [172.5683, -43.6069],
            [172.5707, -43.6142],
            [172.5687, -43.6182],
            [172.5698, -43.6215],
            [172.582, -43.616],
            [172.593, -43.6196],
            [172.5977, -43.6196],
            [172.601, -43.623],
            [172.6132, -43.6286],
            [172.6166, -43.6252],
            [172.6217, -43.6231],
            [172.6278, -43.6239],
            [172.6227, -43.6379],
            [172.6273, -43.6478],
            [172.6231, -43.6518],
            [172.6244, -43.6536],
            [172.6233, -43.655],
            [172.6246, -43.6567],
            [172.6247, -43.6667],
            [172.6217, -43.673],
            [172.6186, -43.6865],
            [172.6164, -43.6884],
            [172.6144, -43.6877],
            [172.6088, -43.6902],
            [172.6063, -43.6932],
            [172.6071, -43.6974],
            [172.6052, -43.6993],
            [172.6058, -43.7017],
            [172.5969, -43.7128],
            [172.5972, -43.716],
            [172.5838, -43.7214],
            [172.5842, -43.7234],
            [172.5886, -43.7268],
            [172.5969, -43.7266],
            [172.5993, -43.7289],
            [172.6073, -43.7314],
            [172.6073, -43.7356],
            [172.6045, -43.7373],
            [172.605, -43.751],
            [172.5918, -43.7556],
            [172.586, -43.7532],
            [172.5802, -43.7539],
            [172.573, -43.7577],
            [172.5726, -43.7611],
            [172.5741, -43.7635],
            [172.573, -43.7702],
            [172.3615, -43.8597],
            [172.4294, -44.054],
            [172.4012, -44.0573],
            [172.3843, -44.0618],
            [172.3474, -44.0758],
            [172.3041, -44.0866],
            [172.1939, -43.9017],
            [172.1885, -43.896],
            [172.1883, -43.8934],
            [172.1818, -43.8893],
            [172.1787, -43.8836],
            [172.1745, -43.881],
            [172.1725, -43.8761],
            [172.1496, -43.8646],
            [172.1448, -43.8571],
            [172.1458, -43.8549],
            [172.1429, -43.8495],
            [172.1359, -43.8471],
            [172.1235, -43.834],
            [172.121, -43.8352],
            [172.1174, -43.8335],
            [172.1136, -43.8302],
            [172.1127, -43.8271],
            [172.1048, -43.823],
            [172.1022, -43.8136],
            [172.0985, -43.8122],
            [172.0972, -43.809],
            [172.0942, -43.8075],
            [172.0929, -43.8033],
            [172.0867, -43.7974],
            [172.0838, -43.7982],
            [172.075, -43.7851],
            [172.068, -43.7803],
            [172.0669, -43.7762],
            [172.0622, -43.7742],
            [172.0641, -43.7724],
            [172.0572, -43.7681],
            [172.0523, -43.7622],
            [172.053, -43.7606],
            [172.0514, -43.7586],
            [172.0455, -43.7565],
            [172.0391, -43.7507],
            [172.0307, -43.7494],
            [172.0371, -43.7439],
            [171.9538, -43.7072],
            [171.9251, -43.6961],
            [171.8962, -43.6822],
            [171.8713, -43.6677],
            [171.8401, -43.6451],
            [171.8075, -43.6184],
            [171.7928, -43.604],
            [171.7395, -43.5657],
            [171.7137, -43.5431],
            [171.7091, -43.5415],
            [171.6855, -43.5423],
            [171.6619, -43.5282],
            [171.6556, -43.5174],
            [171.6403, -43.5135],
            [171.6431, -43.5079],
            [171.6316, -43.5046],
            [171.6322, -43.4997],
            [171.6244, -43.4948],
            [171.6251, -43.4918],
            [171.6221, -43.4886],
            [171.622, -43.4838],
            [171.6067, -43.4791],
            [171.6088, -43.4762],
            [171.6234, -43.4696],
            [171.6244, -43.4678],
            [171.6234, -43.4644],
            [171.6118, -43.4535],
            [171.5989, -43.4345],
            [171.5858, -43.4262],
            [171.5827, -43.415],
            [171.5742, -43.4099],
            [171.564, -43.3956],
            [171.5526, -43.3916],
            [171.5405, -43.3897],
            [171.5275, -43.3816],
            [171.5155, -43.3673],
            [171.5052, -43.3607],
            [171.4722, -43.3527],
            [171.4268, -43.3351],
            [171.4101, -43.3194],
            [171.3537, -43.2784],
            [171.338, -43.2749],
            [171.3041, -43.2795],
            [171.2708, -43.2736],
            [171.2444, -43.2628],
            [171.2379, -43.2579],
            [171.1835, -43.2288],
            [171.1602, -43.222],
            [171.1564, -43.2184],
            [171.1543, -43.2085],
            [171.1448, -43.1993],
            [171.137, -43.1836],
            [171.1418, -43.156],
            [171.15, -43.1432],
            [171.1505, -43.1247],
            [171.1524, -43.1138],
            [171.151, -43.1115],
            [171.1516, -43.1081],
            [171.1539, -43.1062],
            [171.1402, -43.1056],
            [171.1228, -43.0993],
            [171.1185, -43.0957],
            [171.1135, -43.0957],
            [171.1163, -43.0864],
            [171.1299, -43.0812],
            [171.1407, -43.0825],
            [171.1457, -43.0889],
            [171.1585, -43.0771],
            [171.1757, -43.0743],
            [171.1783, -43.068],
            [171.1845, -43.0643],
            [171.1907, -43.0665],
            [171.1977, -43.0743],
            [171.2039, -43.0728],
            [171.2113, -43.0657],
            [171.2196, -43.0647],
            [171.222, -43.0583],
            [171.2227, -43.0433],
            [171.227, -43.0402],
            [171.2336, -43.0395],
            [171.2407, -43.031],
            [171.2408, -43.0287],
            [171.2368, -43.0264],
            [171.2366, -43.0247],
            [171.2435, -43.0159],
            [171.2393, -43.013],
            [171.2404, -43.008],
            [171.2376, -43.0026],
            [171.2418, -42.9988],
            [171.254, -42.9975],
            [171.2569, -42.9919],
            [171.2561, -42.9899],
            [171.2605, -42.9854],
            [171.2736, -42.98],
            [171.282, -42.9732],
            [171.2876, -42.9722],
            [171.2984, -42.9661],
            [171.3083, -42.9663],
            [171.3095, -42.9614],
            [171.3031, -42.9581],
            [171.3124, -42.949],
            [171.3361, -42.9433],
            [171.3401, -42.9449],
            [171.3403, -42.9489],
            [171.3457, -42.9496],
            [171.3528, -42.9457],
            [171.3624, -42.9372],
            [171.3722, -42.9389],
            [171.3822, -42.9461],
            [171.3902, -42.9413],
            [171.3932, -42.9426],
            [171.3948, -42.9444],
            [171.3947, -42.9509],
            [171.3924, -42.9565],
            [171.3961, -42.9593],
            [171.3977, -42.9551],
            [171.4015, -42.9525],
            [171.4051, -42.9532],
            [171.4114, -42.9509],
            [171.4185, -42.9459],
            [171.4214, -42.9387],
            [171.4256, -42.9355],
            [171.4374, -42.9358],
            [171.4409, -42.9302],
            [171.4352, -42.9269],
            [171.4359, -42.9241],
            [171.4344, -42.9214],
            [171.4424, -42.9136],
            [171.4492, -42.9092],
            [171.4546, -42.9092],
            [171.4629, -42.9124],
            [171.4655, -42.9153],
            [171.4688, -42.9142],
            [171.4837, -42.9056],
            [171.491, -42.8959],
            [171.4953, -42.898],
            [171.5007, -42.8977],
            [171.5077, -42.902],
            [171.5117, -42.9111],
            [171.5171, -42.9142],
            [171.5266, -42.9067],
            [171.5398, -42.9046],
            [171.5596, -42.9075],
            [171.5663, -42.9054],
            [171.5739, -42.8996],
            [171.5869, -42.8957],
            [171.5911, -42.8962],
            [171.5916, -42.9014],
            [171.5999, -42.8988],
            [171.6058, -42.8987],
            [171.6106, -42.9002],
            [171.6141, -42.9036],
            [171.6188, -42.9015],
            [171.6341, -42.9026],
            [171.6444, -42.8981],
            [171.653, -42.897],
            [171.6544, -42.8935],
            [171.6602, -42.891],
            [171.6651, -42.8863],
            [171.6724, -42.8916],
            [171.6787, -42.8935],
            [171.6804, -42.8991],
            [171.6903, -42.8999],
            [171.6869, -42.9061],
            [171.6945, -42.9083],
            [171.6995, -42.9068],
            [171.7035, -42.9035],
            [171.7101, -42.9038],
            [171.7107, -42.8958],
            [171.7266, -42.8884],
            [171.7303, -42.8847],
            [171.7354, -42.8825],
            [171.7374, -42.8784],
            [171.7401, -42.8785],
            [171.7464, -42.8741],
            [171.7433, -42.8722],
            [171.7413, -42.8685],
            [171.7336, -42.8645],
            [171.733, -42.8632],
            [171.737, -42.8608],
            [171.7374, -42.8587],
            [171.733, -42.8533],
            [171.737, -42.8471],
            [171.7515, -42.8464],
            [171.7601, -42.8407],
            [171.7626, -42.8373],
            [171.7611, -42.8342],
            [171.7628, -42.8285],
            [171.7615, -42.825],
            [171.7565, -42.8228],
            [171.7545, -42.8188],
            [171.7595, -42.8142],
            [171.7571, -42.809],
            [171.7616, -42.8022],
            [171.764, -42.7915],
            [171.769, -42.7891],
            [171.7764, -42.7903],
            [171.7832, -42.7843],
            [171.7888, -42.7828],
            [171.7944, -42.788],
            [171.8017, -42.7866],
            [171.8063, -42.7893],
            [171.8126, -42.79],
            [171.8145, -42.7872],
            [171.8125, -42.7838],
            [171.827, -42.7814],
            [171.8326, -42.7751],
            [171.8434, -42.7748],
            [171.842, -42.7705],
            [171.8463, -42.767],
            [171.8482, -42.7613],
            [171.856, -42.7575],
            [171.8577, -42.7546],
            [171.8637, -42.7505],
            [171.8718, -42.7482],
            [171.8743, -42.7481],
            [171.8802, -42.7515],
            [171.9076, -42.7408],
            [171.9149, -42.7458],
            [171.9151, -42.7516]
          ]
        ]
      },
      "properties": { "name": "Selwyn" }
    },
    {
      "type": "Feature",
      "id": 46,
      "geometry": {
        "type": "Polygon",
        "coordinates": [
          [
            [168.0579, -44.26],
            [168.0695, -44.2593],
            [168.0797, -44.2614],
            [168.1314, -44.2811],
            [168.151, -44.2807],
            [168.1581, -44.2822],
            [168.1653, -44.2798],
            [168.1693, -44.2754],
            [168.1798, -44.2774],
            [168.1951, -44.2743],
            [168.2023, -44.2667],
            [168.2116, -44.2648],
            [168.2219, -44.2602],
            [168.2258, -44.2564],
            [168.2436, -44.2581],
            [168.2503, -44.2551],
            [168.2551, -44.2567],
            [168.2612, -44.2627],
            [168.2721, -44.2601],
            [168.2811, -44.2603],
            [168.3067, -44.2796],
            [168.3221, -44.2776],
            [168.3292, -44.2822],
            [168.3454, -44.2821],
            [168.3473, -44.2842],
            [168.3477, -44.2904],
            [168.3505, -44.2954],
            [168.3488, -44.3023],
            [168.3536, -44.3053],
            [168.35, -44.313],
            [168.3506, -44.3172],
            [168.345, -44.3211],
            [168.3488, -44.3302],
            [168.3583, -44.3373],
            [168.367, -44.3405],
            [168.3814, -44.3381],
            [168.3706, -44.3465],
            [168.3684, -44.3545],
            [168.4094, -44.3603],
            [168.4117, -44.3637],
            [168.4081, -44.3683],
            [168.4074, -44.3751],
            [168.4049, -44.3771],
            [168.3977, -44.3795],
            [168.3855, -44.3788],
            [168.3856, -44.3855],
            [168.384, -44.3883],
            [168.3662, -44.3944],
            [168.3518, -44.4042],
            [168.3517, -44.4076],
            [168.3555, -44.4135],
            [168.366, -44.418],
            [168.3661, -44.4244],
            [168.3597, -44.433],
            [168.361, -44.4392],
            [168.3539, -44.4437],
            [168.3487, -44.4519],
            [168.3531, -44.4584],
            [168.3527, -44.4609],
            [168.3436, -44.4728],
            [168.3368, -44.4761],
            [168.3375, -44.4781],
            [168.3337, -44.4892],
            [168.337, -44.4952],
            [168.3345, -44.4968],
            [168.3396, -44.4956],
            [168.3449, -44.4971],
            [168.3585, -44.4919],
            [168.3666, -44.495],
            [168.3769, -44.4957],
            [168.3902, -44.4991],
            [168.3991, -44.4961],
            [168.4155, -44.4974],
            [168.4416, -44.4922],
            [168.452, -44.4925],
            [168.4606, -44.4955],
            [168.4888, -44.4784],
            [168.5009, -44.4754],
            [168.5037, -44.4695],
            [168.5068, -44.4668],
            [168.5244, -44.4601],
            [168.5478, -44.4565],
            [168.5574, -44.4517],
            [168.5736, -44.4513],
            [168.5861, -44.4538],
            [168.5902, -44.4502],
            [168.5939, -44.4415],
            [168.6069, -44.4362],
            [168.6255, -44.4339],
            [168.6348, -44.4219],
            [168.6424, -44.416],
            [168.6548, -44.4114],
            [168.6656, -44.401],
            [168.678, -44.397],
            [168.6871, -44.3918],
            [168.6937, -44.3956],
            [168.6982, -44.4037],
            [168.703, -44.4061],
            [168.5479, -44.5378],
            [168.5516, -44.5405],
            [168.5976, -44.5404],
            [168.6403, -44.53],
            [168.7426, -44.5307],
            [168.8044, -44.5231],
            [168.8013, -44.527],
            [168.8031, -44.5314],
            [168.7989, -44.5381],
            [168.8013, -44.5426],
            [168.8094, -44.55],
            [168.8133, -44.5614],
            [168.8214, -44.5732],
            [168.8266, -44.5771],
            [168.8283, -44.5812],
            [168.8336, -44.5846],
            [168.8329, -44.5917],
            [168.8359, -44.6011],
            [168.8506, -44.6158],
            [168.8602, -44.6161],
            [168.8643, -44.6198],
            [168.8676, -44.626],
            [168.8735, -44.6294],
            [168.8745, -44.6323],
            [168.871, -44.6653],
            [168.8645, -44.6743],
            [168.8601, -44.6788],
            [168.8527, -44.6782],
            [168.8501, -44.6809],
            [168.8438, -44.6833],
            [168.8395, -44.6875],
            [168.8373, -44.6923],
            [168.8275, -44.6981],
            [168.8174, -44.6986],
            [168.8216, -44.7021],
            [168.8227, -44.7052],
            [168.8192, -44.7129],
            [168.8153, -44.7157],
            [168.8262, -44.7225],
            [168.8281, -44.7296],
            [168.8327, -44.733],
            [168.8343, -44.7391],
            [168.8374, -44.7419],
            [168.8447, -44.8054],
            [168.854, -44.7994],
            [168.8711, -44.795],
            [168.9115, -44.81],
            [168.8997, -44.8217],
            [168.8946, -44.8321],
            [168.9394, -44.8514],
            [168.9461, -44.8563],
            [168.9454, -44.8584],
            [168.9428, -44.8586],
            [168.9437, -44.869],
            [168.9512, -44.8767],
            [168.9536, -44.8841],
            [168.9462, -44.8928],
            [168.9438, -44.8983],
            [168.944, -44.9024],
            [168.9533, -44.9066],
            [168.9691, -44.9097],
            [168.974, -44.9139],
            [168.9759, -44.9119],
            [168.9851, -44.9148],
            [168.9951, -44.914],
            [169.0135, -44.9216],
            [169.0213, -44.9156],
            [169.0398, -44.9111],
            [169.0501, -44.9178],
            [169.0547, -44.918],
            [169.0577, -44.9206],
            [169.0542, -44.9215],
            [169.051, -44.9274],
            [169.0427, -44.9267],
            [169.048, -44.9314],
            [169.0503, -44.9358],
            [169.0468, -44.9453],
            [169.044, -44.9664],
            [169.0523, -44.9728],
            [169.0545, -44.977],
            [169.066, -44.9884],
            [169.0706, -45.0016],
            [169.0649, -45.006],
            [169.0654, -45.0143],
            [169.0622, -45.0184],
            [169.0472, -45.024],
            [169.045, -45.0307],
            [169.0393, -45.0352],
            [169.0477, -45.0536],
            [169.0458, -45.0593],
            [169.0429, -45.0614],
            [169.0369, -45.0609],
            [169.0346, -45.0655],
            [169.0278, -45.065],
            [169.0248, -45.0676],
            [169.0281, -45.0728],
            [169.0263, -45.0774],
            [169.0204, -45.0812],
            [169.0182, -45.0933],
            [169.0191, -45.0966],
            [169.015, -45.0976],
            [169.0128, -45.1007],
            [169.0038, -45.1063],
            [169.0008, -45.1128],
            [168.9959, -45.1157],
            [168.9971, -45.1199],
            [168.9906, -45.1357],
            [168.9947, -45.146],
            [168.9983, -45.1473],
            [168.997, -45.154],
            [169.0008, -45.1557],
            [168.9996, -45.1583],
            [169.0033, -45.163],
            [169.0, -45.1671],
            [169.0001, -45.1706],
            [168.995, -45.173],
            [168.9942, -45.1783],
            [168.9861, -45.1903],
            [168.9862, -45.1966],
            [169.0097, -45.1981],
            [169.0151, -45.2004],
            [169.0218, -45.1974],
            [169.0507, -45.1997],
            [169.0582, -45.204],
            [169.0722, -45.2048],
            [169.0898, -45.2121],
            [169.1157, -45.2159],
            [169.1352, -45.2245],
            [169.1725, -45.2336],
            [169.1807, -45.237],
            [169.186, -45.2319],
            [169.1858, -45.2304],
            [169.1833, -45.2296],
            [169.1835, -45.2258],
            [169.1915, -45.2183],
            [169.1876, -45.2118],
            [169.1919, -45.2049],
            [169.1912, -45.2014],
            [169.1943, -45.1983],
            [169.194, -45.1921],
            [169.1996, -45.1857],
            [169.2158, -45.1828],
            [169.2179, -45.1854],
            [169.226, -45.1886],
            [169.2306, -45.1895],
            [169.2333, -45.188],
            [169.229, -45.1844],
            [169.22, -45.1825],
            [169.2185, -45.1785],
            [169.2106, -45.1686],
            [169.2071, -45.1676],
            [169.2017, -45.1589],
            [169.2386, -45.1495],
            [169.2493, -45.149],
            [169.2721, -45.137],
            [169.2998, -45.1347],
            [169.3117, -45.1299],
            [169.3179, -45.1347],
            [169.3145, -45.1453],
            [169.331, -45.1453],
            [169.3301, -45.1422],
            [169.3319, -45.1379],
            [169.3432, -45.1284],
            [169.3447, -45.1219],
            [169.3473, -45.119],
            [169.3432, -45.1135],
            [169.3397, -45.1029],
            [169.3422, -45.1],
            [169.34, -45.094],
            [169.3412, -45.0846],
            [169.3501, -45.0765],
            [169.3684, -45.094],
            [169.3648, -45.1006],
            [169.3689, -45.1064],
            [169.372, -45.1158],
            [169.3876, -45.1186],
            [169.3903, -45.1219],
            [169.3987, -45.1154],
            [169.3988, -45.1134],
            [169.4097, -45.1144],
            [169.4093, -45.1098],
            [169.4209, -45.1306],
            [169.4266, -45.1595],
            [169.4237, -45.1656],
            [169.4274, -45.1788],
            [169.435, -45.1964],
            [169.4411, -45.1942],
            [169.4489, -45.1998],
            [169.4557, -45.1962],
            [169.4678, -45.1937],
            [169.4721, -45.1895],
            [169.4825, -45.1858],
            [169.4862, -45.1799],
            [169.4911, -45.1775],
            [169.492, -45.1783],
            [169.4876, -45.1809],
            [169.4861, -45.1851],
            [169.4825, -45.1887],
            [169.4847, -45.1909],
            [169.4935, -45.1919],
            [169.4924, -45.1962],
            [169.4841, -45.2026],
            [169.4931, -45.2008],
            [169.5183, -45.2001],
            [169.5419, -45.2069],
            [169.5752, -45.2096],
            [169.5689, -45.212],
            [169.5677, -45.2144],
            [169.5643, -45.2147],
            [169.5251, -45.2525],
            [169.5248, -45.261],
            [169.5525, -45.2699],
            [169.5566, -45.273],
            [169.5628, -45.2825],
            [169.5736, -45.292],
            [169.5797, -45.3044],
            [169.5897, -45.3101],
            [169.5915, -45.3143],
            [169.5933, -45.315],
            [169.5965, -45.3261],
            [169.6024, -45.3271],
            [169.6068, -45.3298],
            [169.6169, -45.3388],
            [169.6181, -45.348],
            [169.6195, -45.3462],
            [169.6184, -45.3442],
            [169.6206, -45.3411],
            [169.6196, -45.3376],
            [169.6209, -45.3275],
            [169.6279, -45.3206],
            [169.6323, -45.3094],
            [169.6263, -45.3047],
            [169.6306, -45.2836],
            [169.6334, -45.2836],
            [169.642, -45.2726],
            [169.6415, -45.2703],
            [169.6475, -45.2663],
            [169.6589, -45.2504],
            [169.6642, -45.2456],
            [169.6668, -45.2397],
            [169.6757, -45.237],
            [169.6767, -45.2342],
            [169.6841, -45.2342],
            [169.684, -45.229],
            [169.6896, -45.2281],
            [169.6903, -45.2389],
            [169.6931, -45.2449],
            [169.7093, -45.2603],
            [169.7098, -45.2626],
            [169.7196, -45.27],
            [169.7298, -45.283],
            [169.7271, -45.289],
            [169.7277, -45.2919],
            [169.7306, -45.2947],
            [169.736, -45.2963],
            [169.7389, -45.2942],
            [169.7526, -45.3004],
            [169.7568, -45.2998],
            [169.7566, -45.3045],
            [169.7676, -45.3076],
            [169.7942, -45.3094],
            [169.7964, -45.3149],
            [169.793, -45.3141],
            [169.792, -45.3164],
            [169.7938, -45.3204],
            [169.7916, -45.3236],
            [169.7957, -45.3268],
            [169.7985, -45.3327],
            [169.7955, -45.3366],
            [169.7898, -45.3397],
            [169.7883, -45.3434],
            [169.7813, -45.3447],
            [169.7767, -45.3479],
            [169.773, -45.353],
            [169.7727, -45.3572],
            [169.77, -45.3612],
            [169.7643, -45.3659],
            [169.7586, -45.3649],
            [169.7525, -45.3661],
            [169.7389, -45.3761],
            [169.7321, -45.384],
            [169.7244, -45.3887],
            [169.7177, -45.3892],
            [169.7073, -45.3941],
            [169.7029, -45.399],
            [169.698, -45.4013],
            [169.6917, -45.4064],
            [169.6787, -45.4313],
            [169.6713, -45.4404],
            [169.6578, -45.449],
            [169.6472, -45.4526],
            [169.6527, -45.4588],
            [169.6489, -45.4774],
            [169.6496, -45.487],
            [169.6685, -45.4977],
            [169.6649, -45.5073],
            [169.6663, -45.5243],
            [169.6646, -45.5289],
            [169.668, -45.535],
            [169.6726, -45.5388],
            [169.6797, -45.5401],
            [169.6874, -45.556],
            [169.6884, -45.5601],
            [169.6871, -45.5661],
            [169.6912, -45.577],
            [169.6835, -45.5853],
            [169.6827, -45.5889],
            [169.6841, -45.5918],
            [169.6947, -45.6004],
            [169.6938, -45.6038],
            [169.6972, -45.6088],
            [169.7018, -45.6099],
            [169.6997, -45.6036],
            [169.7015, -45.6005],
            [169.7104, -45.5936],
            [169.7098, -45.5873],
            [169.7199, -45.5784],
            [169.724, -45.5768],
            [169.7274, -45.57],
            [169.7302, -45.5693],
            [169.7308, -45.5669],
            [169.733, -45.5658],
            [169.7341, -45.5633],
            [169.7331, -45.5605],
            [169.7373, -45.5568],
            [169.7375, -45.5543],
            [169.7461, -45.5623],
            [169.7496, -45.5632],
            [169.7534, -45.5617],
            [169.7621, -45.5686],
            [169.7624, -45.5709],
            [169.7702, -45.5721],
            [169.7741, -45.5709],
            [169.7753, -45.5724],
            [169.7904, -45.5681],
            [169.7938, -45.5567],
            [169.8011, -45.5601],
            [169.8147, -45.5601],
            [169.8116, -45.5638],
            [169.813, -45.5665],
            [169.8119, -45.5713],
            [169.8159, -45.5724],
            [169.8189, -45.5757],
            [169.812, -45.5817],
            [169.8092, -45.5898],
            [169.8092, -45.5947],
            [169.8043, -45.5968],
            [169.804, -45.6013],
            [169.8017, -45.6034],
            [169.8042, -45.611],
            [169.8017, -45.6138],
            [169.8016, -45.616],
            [169.8033, -45.617],
            [169.803, -45.6216],
            [169.7991, -45.6248],
            [169.798, -45.6297],
            [169.7937, -45.6329],
            [169.7953, -45.6352],
            [169.794, -45.6367],
            [169.7965, -45.638],
            [169.7957, -45.6422],
            [169.7887, -45.6458],
            [169.7871, -45.6499],
            [169.7801, -45.6532],
            [169.778, -45.6558],
            [169.7782, -45.6606],
            [169.7822, -45.6624],
            [169.7818, -45.6667],
            [169.7798, -45.6687],
            [169.7717, -45.6694],
            [169.7615, -45.6744],
            [169.7572, -45.6795],
            [169.7583, -45.6835],
            [169.7569, -45.6849],
            [169.7573, -45.6887],
            [169.7538, -45.6906],
            [169.7541, -45.6934],
            [169.7504, -45.6972],
            [169.751, -45.6989],
            [169.741, -45.7022],
            [169.7397, -45.7039],
            [169.7415, -45.7081],
            [169.737, -45.7116],
            [169.7365, -45.7137],
            [169.7405, -45.7169],
            [169.7394, -45.7198],
            [169.7322, -45.721],
            [169.7309, -45.7182],
            [169.7179, -45.7148],
            [169.7146, -45.7083],
            [169.6944, -45.7108],
            [169.6925, -45.7067],
            [169.688, -45.7084],
            [169.6831, -45.7073],
            [169.6741, -45.6975],
            [169.6754, -45.6927],
            [169.673, -45.6934],
            [169.6731, -45.6952],
            [169.667, -45.6993],
            [169.6639, -45.7051],
            [169.666, -45.7127],
            [169.6632, -45.7186],
            [169.664, -45.7215],
            [169.6617, -45.725],
            [169.662, -45.7295],
            [169.6597, -45.735],
            [169.6564, -45.7369],
            [169.6562, -45.7394],
            [169.6526, -45.7426],
            [169.6537, -45.7456],
            [169.6503, -45.7468],
            [169.6514, -45.7486],
            [169.649, -45.7489],
            [169.651, -45.7504],
            [169.6479, -45.7562],
            [169.6487, -45.7572],
            [169.6468, -45.7582],
            [169.6485, -45.7589],
            [169.6466, -45.7659],
            [169.6427, -45.7694],
            [169.6396, -45.7689],
            [169.6367, -45.7704],
            [169.6342, -45.7694],
            [169.6331, -45.7709],
            [169.6255, -45.772],
            [169.6215, -45.7686],
            [169.62, -45.7709],
            [169.6209, -45.7722],
            [169.6131, -45.7699],
            [169.6093, -45.7737],
            [169.6031, -45.7744],
            [169.6001, -45.777],
            [169.595, -45.7753],
            [169.5939, -45.7784],
            [169.5867, -45.781],
            [169.59, -45.7838],
            [169.5874, -45.7843],
            [169.5865, -45.7893],
            [169.5812, -45.7943],
            [169.5779, -45.7953],
            [169.5777, -45.7968],
            [169.5748, -45.7968],
            [169.5767, -45.7984],
            [169.5729, -45.8003],
            [169.5629, -45.8033],
            [169.5577, -45.803],
            [169.5574, -45.8052],
            [169.5496, -45.8058],
            [169.5475, -45.8087],
            [169.5345, -45.8093],
            [169.5315, -45.8123],
            [169.5245, -45.8132],
            [169.5026, -45.7969],
            [169.4843, -45.7968],
            [169.4801, -45.7931],
            [169.4801, -45.7901],
            [169.4776, -45.7875],
            [169.4687, -45.7864],
            [169.4727, -45.7907],
            [169.4767, -45.7915],
            [169.4756, -45.8376],
            [169.4648, -45.8427],
            [169.4614, -45.8429],
            [169.4521, -45.8385],
            [169.4498, -45.8395],
            [169.4449, -45.8378],
            [169.445, -45.8346],
            [169.441, -45.8338],
            [169.4373, -45.8363],
            [169.4383, -45.8387],
            [169.4359, -45.8404],
            [169.4289, -45.8397],
            [169.4281, -45.8406],
            [169.4313, -45.8437],
            [169.4288, -45.8462],
            [169.4297, -45.8491],
            [169.4329, -45.8491],
            [169.4304, -45.8504],
            [169.4297, -45.8538],
            [169.4327, -45.8571],
            [169.4316, -45.8588],
            [169.4283, -45.8617],
            [169.4162, -45.8639],
            [169.4135, -45.8674],
            [169.3935, -45.8817],
            [169.3764, -45.9118],
            [169.3762, -45.9495],
            [169.3697, -45.954],
            [169.3649, -45.9552],
            [169.3635, -45.9648],
            [169.3602, -45.966],
            [169.3616, -45.9674],
            [169.3501, -45.9795],
            [169.344, -45.9814],
            [169.3407, -45.9843],
            [169.3374, -45.9838],
            [169.3368, -45.9856],
            [169.3323, -45.9852],
            [169.3421, -45.9914],
            [169.3416, -45.9959],
            [169.3484, -45.9964],
            [169.3507, -45.9983],
            [169.3424, -45.9985],
            [169.3425, -46.0004],
            [169.3459, -46.0008],
            [169.3461, -46.0022],
            [169.338, -46.0075],
            [169.3372, -46.0119],
            [169.3395, -46.0123],
            [169.3397, -46.0138],
            [169.3346, -46.0165],
            [169.3387, -46.0208],
            [169.3337, -46.0254],
            [169.339, -46.0259],
            [169.3409, -46.0308],
            [169.3431, -46.0311],
            [169.3469, -46.036],
            [169.3493, -46.0367],
            [169.3505, -46.0396],
            [169.3631, -46.0354],
            [169.366, -46.032],
            [169.3741, -46.0311],
            [169.3856, -46.0333],
            [169.3888, -46.0366],
            [169.3961, -46.0386],
            [169.4008, -46.0449],
            [169.3979, -46.0494],
            [169.4034, -46.0536],
            [169.3982, -46.0691],
            [169.4149, -46.0624],
            [169.419, -46.0651],
            [169.4201, -46.0687],
            [169.413, -46.0718],
            [169.4123, -46.0752],
            [169.4184, -46.0789],
            [169.4208, -46.0855],
            [169.4258, -46.0891],
            [169.426, -46.0946],
            [169.4199, -46.0998],
            [169.4248, -46.1026],
            [169.4339, -46.1045],
            [169.4355, -46.1065],
            [169.4349, -46.1094],
            [169.44, -46.112],
            [169.4481, -46.1198],
            [169.4641, -46.1269],
            [169.4734, -46.1237],
            [169.4782, -46.1269],
            [169.4871, -46.1292],
            [169.4963, -46.1285],
            [169.4996, -46.1341],
            [169.5028, -46.1357],
            [169.5093, -46.1355],
            [169.5157, -46.1303],
            [169.5252, -46.1373],
            [169.5205, -46.1391],
            [169.5203, -46.1417],
            [169.5175, -46.1444],
            [169.5095, -46.1463],
            [169.5088, -46.1525],
            [169.5017, -46.1573],
            [169.5002, -46.1617],
            [169.5038, -46.1646],
            [169.5028, -46.1681],
            [169.495, -46.1719],
            [169.495, -46.1926],
            [169.4925, -46.194],
            [169.4922, -46.1987],
            [169.5013, -46.2006],
            [169.5061, -46.2074],
            [169.5337, -46.2114],
            [169.5286, -46.2229],
            [169.5489, -46.2278],
            [169.5634, -46.227],
            [169.5677, -46.2286],
            [169.5797, -46.2386],
            [169.5818, -46.2445],
            [169.5882, -46.2507],
            [169.5889, -46.254],
            [169.5934, -46.2586],
            [169.6061, -46.2584],
            [169.6178, -46.2619],
            [169.6171, -46.2635],
            [169.6234, -46.2688],
            [169.6187, -46.2717],
            [169.6187, -46.2749],
            [169.6141, -46.281],
            [169.6173, -46.2851],
            [169.617, -46.2888],
            [169.6253, -46.2951],
            [169.6256, -46.2976],
            [169.6336, -46.3034],
            [169.6375, -46.3088],
            [169.6512, -46.3103],
            [169.6478, -46.3152],
            [169.6649, -46.3188],
            [169.6702, -46.3155],
            [169.6703, -46.317],
            [169.6726, -46.3169],
            [169.6737, -46.3145],
            [169.679, -46.3169],
            [169.6812, -46.3162],
            [169.6813, -46.3246],
            [169.6855, -46.3284],
            [169.6962, -46.3311],
            [169.6986, -46.3342],
            [169.7017, -46.335],
            [169.7023, -46.3387],
            [169.7104, -46.3425],
            [169.7124, -46.3451],
            [169.7266, -46.3489],
            [169.7204, -46.3493],
            [169.7162, -46.352],
            [169.7154, -46.3571],
            [169.704, -46.3612],
            [169.705, -46.3645],
            [169.7017, -46.3679],
            [169.6964, -46.3685],
            [169.6899, -46.3723],
            [169.6922, -46.373],
            [169.69, -46.3767],
            [169.7001, -46.3852],
            [169.708, -46.3875],
            [169.7216, -46.3818],
            [169.7596, -46.3899],
            [169.7595, -46.3951],
            [169.7807, -46.3951],
            [170.1524, -46.432],
            [170.1372, -46.4394],
            [170.1158, -46.4536],
            [170.1145, -46.4722],
            [170.1113, -46.4883],
            [170.0991, -46.5202],
            [170.0776, -46.5525],
            [170.0518, -46.5783],
            [170.025, -46.5983],
            [170.0019, -46.6119],
            [169.9733, -46.625],
            [169.9444, -46.6353],
            [169.9232, -46.6469],
            [169.9021, -46.6628],
            [169.877, -46.6779],
            [169.7989, -46.7143],
            [169.7587, -46.7391],
            [169.7208, -46.7555],
            [169.6874, -46.7659],
            [169.6633, -46.7712],
            [169.6394, -46.7751],
            [169.6029, -46.7781],
            [169.556, -46.797],
            [169.5147, -46.8075],
            [169.4849, -46.8189],
            [169.4447, -46.8296],
            [169.3886, -46.8378],
            [169.3421, -46.8392],
            [169.2792, -46.6224],
            [169.2754, -46.6217],
            [169.2653, -46.6155],
            [169.2741, -46.6113],
            [169.2616, -46.5986],
            [169.2672, -46.5959],
            [169.2665, -46.5936],
            [169.2642, -46.5939],
            [169.2649, -46.5859],
            [169.2542, -46.5806],
            [169.2511, -46.581],
            [169.2451, -46.5752],
            [169.2379, -46.5752],
            [169.2345, -46.5731],
            [169.2303, -46.573],
            [169.2009, -46.5607],
            [169.1961, -46.5606],
            [169.1905, -46.5569],
            [169.1941, -46.555],
            [169.2162, -46.5542],
            [169.2262, -46.5494],
            [169.236, -46.5363],
            [169.2446, -46.5299],
            [169.2457, -46.5215],
            [169.2507, -46.5143],
            [169.2464, -46.5099],
            [169.2371, -46.5124],
            [169.2331, -46.5118],
            [169.2148, -46.5023],
            [169.2054, -46.4993],
            [169.2025, -46.4949],
            [169.1777, -46.4899],
            [169.173, -46.4854],
            [169.1786, -46.4808],
            [169.1782, -46.4778],
            [169.1652, -46.472],
            [169.1614, -46.4669],
            [169.1639, -46.4625],
            [169.1631, -46.4589],
            [169.1648, -46.4559],
            [169.1799, -46.4515],
            [169.1832, -46.4488],
            [169.1858, -46.4431],
            [169.1968, -46.4388],
            [169.1908, -46.4341],
            [169.1881, -46.4274],
            [169.1947, -46.4243],
            [169.1996, -46.4192],
            [169.1995, -46.4164],
            [169.194, -46.4084],
            [169.196, -46.4044],
            [169.1867, -46.3956],
            [169.1778, -46.3918],
            [169.1787, -46.3884],
            [169.175, -46.3864],
            [169.1611, -46.3818],
            [169.1442, -46.3824],
            [169.1341, -46.3754],
            [169.1362, -46.3741],
            [169.1374, -46.3662],
            [169.1463, -46.3591],
            [169.1466, -46.356],
            [169.1424, -46.3535],
            [169.1556, -46.3482],
            [169.1603, -46.3479],
            [169.1613, -46.3449],
            [169.1736, -46.3359],
            [169.1907, -46.3264],
            [169.1774, -46.3219],
            [169.1884, -46.3135],
            [169.1969, -46.3043],
            [169.1886, -46.3024],
            [169.1894, -46.3013],
            [169.185, -46.2991],
            [169.1855, -46.2954],
            [169.1839, -46.2914],
            [169.1549, -46.2686],
            [169.1352, -46.2672],
            [169.1308, -46.2698],
            [169.1312, -46.271],
            [169.1274, -46.272],
            [169.1225, -46.2705],
            [169.1223, -46.2722],
            [169.1204, -46.2708],
            [169.1196, -46.2727],
            [169.1066, -46.2743],
            [169.0823, -46.2738],
            [169.0783, -46.2764],
            [169.0629, -46.2777],
            [169.0611, -46.2807],
            [169.0543, -46.2834],
            [169.0552, -46.2846],
            [169.0531, -46.2857],
            [169.0533, -46.2874],
            [169.0461, -46.2938],
            [169.0457, -46.2959],
            [169.0414, -46.2987],
            [169.038, -46.2988],
            [169.0342, -46.2957],
            [169.0182, -46.2921],
            [169.0148, -46.2888],
            [169.0119, -46.2889],
            [169.0113, -46.2865],
            [169.0012, -46.2838],
            [168.9989, -46.2798],
            [168.9912, -46.2785],
            [168.9948, -46.2749],
            [168.9934, -46.2717],
            [168.9985, -46.2674],
            [168.9975, -46.2639],
            [168.9953, -46.2623],
            [168.9686, -46.2572],
            [168.9564, -46.261],
            [168.9418, -46.2594],
            [168.9285, -46.2612],
            [168.919, -46.259],
            [168.9125, -46.2605],
            [168.9129, -46.2427],
            [168.8373, -46.2417],
            [168.8376, -46.2431],
            [168.8403, -46.2431],
            [168.8404, -46.248],
            [168.8328, -46.25],
            [168.8329, -46.2513],
            [168.8147, -46.248],
            [168.802, -46.2442],
            [168.8023, -46.2429],
            [168.796, -46.244],
            [168.7669, -46.2351],
            [168.77, -46.2338],
            [168.7718, -46.229],
            [168.7764, -46.228],
            [168.7819, -46.2229],
            [168.7809, -46.2165],
            [168.7827, -46.2106],
            [168.7812, -46.2066],
            [168.7929, -46.1976],
            [168.7908, -46.1943],
            [168.7961, -46.1894],
            [168.7745, -46.182],
            [168.7627, -46.185],
            [168.7548, -46.1809],
            [168.7301, -46.1786],
            [168.7211, -46.1795],
            [168.7078, -46.1776],
            [168.7034, -46.1804],
            [168.6983, -46.1806],
            [168.6887, -46.1844],
            [168.6886, -46.1736],
            [168.6749, -46.1737],
            [168.6747, -46.1551],
            [168.6219, -46.1553],
            [168.6222, -46.1898],
            [168.6191, -46.1875],
            [168.6142, -46.1783],
            [168.6087, -46.1774],
            [168.6034, -46.1791],
            [168.5987, -46.1766],
            [168.5894, -46.177],
            [168.5883, -46.1807],
            [168.5782, -46.184],
            [168.5733, -46.1811],
            [168.5734, -46.1796],
            [168.559, -46.1763],
            [168.5555, -46.1789],
            [168.558, -46.1803],
            [168.5527, -46.1819],
            [168.5497, -46.1788],
            [168.5468, -46.18],
            [168.5421, -46.1792],
            [168.5428, -46.1774],
            [168.5353, -46.1764],
            [168.5379, -46.169],
            [168.5246, -46.1668],
            [168.5235, -46.1681],
            [168.5246, -46.1733],
            [168.5161, -46.1776],
            [168.5174, -46.1791],
            [168.5148, -46.1814],
            [168.5176, -46.1827],
            [168.5205, -46.1801],
            [168.5221, -46.1815],
            [168.5218, -46.188],
            [168.5177, -46.1885],
            [168.5164, -46.1911],
            [168.5134, -46.1915],
            [168.5145, -46.1932],
            [168.512, -46.1938],
            [168.5122, -46.1959],
            [168.5079, -46.1957],
            [168.5083, -46.1979],
            [168.5133, -46.1993],
            [168.5118, -46.2013],
            [168.5126, -46.2057],
            [168.5069, -46.2078],
            [168.5082, -46.2096],
            [168.5017, -46.2148],
            [168.4974, -46.2117],
            [168.4969, -46.2081],
            [168.4858, -46.2094],
            [168.4799, -46.2055],
            [168.2841, -46.2053],
            [168.2792, -46.202],
            [168.2697, -46.204],
            [168.2667, -46.2025],
            [168.27, -46.1986],
            [168.2686, -46.1963],
            [168.2622, -46.1978],
            [168.2524, -46.1964],
            [168.2345, -46.1906],
            [168.2279, -46.1855],
            [168.2015, -46.1832],
            [168.1907, -46.1854],
            [168.1907, -46.1884],
            [168.1818, -46.1884],
            [168.18, -46.1907],
            [168.1788, -46.1994],
            [168.182, -46.2055],
            [168.0739, -46.2062],
            [168.0653, -46.2105],
            [168.0603, -46.2106],
            [168.0617, -46.2095],
            [168.0624, -46.1975],
            [168.0583, -46.1953],
            [168.0563, -46.1886],
            [168.0531, -46.1859],
            [168.0453, -46.1851],
            [168.0446, -46.1778],
            [168.0414, -46.1766],
            [168.0407, -46.1745],
            [168.0373, -46.1737],
            [168.0349, -46.1754],
            [168.0297, -46.1754],
            [168.0288, -46.1722],
            [168.0241, -46.1713],
            [168.0228, -46.1667],
            [168.0185, -46.1672],
            [168.0198, -46.1623],
            [168.0137, -46.1617],
            [168.0113, -46.1594],
            [168.01, -46.1542],
            [168.0049, -46.1508],
            [168.0112, -46.144],
            [168.0117, -46.1406],
            [167.9957, -46.1281],
            [168.0034, -46.1217],
            [168.0119, -46.1204],
            [168.0127, -46.1191],
            [168.0111, -46.1181],
            [168.0156, -46.1143],
            [168.0218, -46.1136],
            [168.0289, -46.1101],
            [168.0293, -46.107],
            [168.0354, -46.107],
            [168.0335, -46.1034],
            [168.0401, -46.0974],
            [168.0452, -46.0974],
            [168.0518, -46.0929],
            [168.063, -46.0918],
            [168.0718, -46.0854],
            [168.0765, -46.0852],
            [168.0794, -46.083],
            [168.0836, -46.0828],
            [168.0861, -46.0804],
            [168.09, -46.0809],
            [168.1, -46.0768],
            [168.1012, -46.0692],
            [168.1045, -46.0692],
            [168.1057, -46.0664],
            [168.1096, -46.0642],
            [168.1107, -46.0607],
            [168.1079, -46.057],
            [168.1107, -46.055],
            [168.1082, -46.0507],
            [168.1118, -46.047],
            [168.1087, -46.0441],
            [168.113, -46.0428],
            [168.1121, -46.0399],
            [168.1147, -46.0363],
            [168.1131, -46.0282],
            [168.1162, -46.0254],
            [168.1164, -46.0206],
            [168.12, -46.0174],
            [168.1149, -46.011],
            [168.1181, -46.0061],
            [168.118, -46.0023],
            [168.1218, -45.9992],
            [168.1203, -45.9966],
            [168.1215, -45.9935],
            [168.1247, -45.9921],
            [168.1228, -45.9896],
            [168.1226, -45.982],
            [168.1178, -45.9797],
            [168.1165, -45.9742],
            [168.1133, -45.9713],
            [168.1149, -45.9684],
            [168.1135, -45.9652],
            [168.114, -45.9595],
            [168.1203, -45.9529],
            [168.1179, -45.9477],
            [168.1194, -45.9418],
            [168.1168, -45.9399],
            [168.1194, -45.9376],
            [168.1168, -45.9339],
            [168.1221, -45.9299],
            [168.1218, -45.9265],
            [168.1272, -45.9247],
            [168.1248, -45.92],
            [168.13, -45.914],
            [168.1273, -45.9115],
            [168.1286, -45.9069],
            [168.1242, -45.9034],
            [168.1255, -45.9008],
            [168.123, -45.8992],
            [168.1225, -45.8955],
            [168.1262, -45.893],
            [168.1271, -45.8894],
            [168.1254, -45.885],
            [168.1372, -45.8753],
            [168.1334, -45.8717],
            [168.1366, -45.8661],
            [168.1322, -45.8625],
            [168.1347, -45.8608],
            [168.1354, -45.8574],
            [168.1317, -45.8568],
            [168.1315, -45.8543],
            [168.1286, -45.8516],
            [168.1314, -45.8496],
            [168.1302, -45.8471],
            [168.1323, -45.8463],
            [168.1315, -45.8443],
            [168.1364, -45.8372],
            [168.1404, -45.8357],
            [168.1422, -45.8315],
            [168.1407, -45.8293],
            [168.1432, -45.8267],
            [168.1419, -45.8212],
            [168.145, -45.8172],
            [168.1443, -45.8152],
            [168.1463, -45.8123],
            [168.1514, -45.8118],
            [168.1521, -45.8085],
            [168.1557, -45.805],
            [168.1476, -45.8052],
            [168.106, -45.782],
            [168.0714, -45.7825],
            [168.0715, -45.7838],
            [168.0547, -45.7847],
            [168.044, -45.7916],
            [168.0443, -45.7935],
            [168.0186, -45.792],
            [168.0157, -45.7944],
            [168.0152, -45.7926],
            [168.009, -45.7929],
            [168.0076, -45.7908],
            [168.0119, -45.7846],
            [168.0118, -45.7826],
            [168.0168, -45.7814],
            [168.0204, -45.7686],
            [167.9999, -45.7638],
            [168.0061, -45.7484],
            [168.0176, -45.7442],
            [168.0204, -45.7456],
            [168.0179, -45.7424],
            [168.0181, -45.7399],
            [168.0146, -45.7387],
            [168.0154, -45.7365],
            [168.0127, -45.7276],
            [168.0145, -45.7251],
            [168.0101, -45.7249],
            [168.0137, -45.7189],
            [168.0119, -45.7181],
            [168.0134, -45.7164],
            [168.011, -45.7111],
            [168.0004, -45.7079],
            [167.9981, -45.7091],
            [167.9929, -45.7045],
            [167.985, -45.7042],
            [167.9851, -45.7014],
            [167.9818, -45.7001],
            [167.9818, -45.6984],
            [167.9789, -45.6983],
            [167.9817, -45.6965],
            [167.9679, -45.6942],
            [167.9672, -45.6916],
            [167.9522, -45.6898],
            [167.9443, -45.6784],
            [167.9302, -45.6709],
            [167.9213, -45.6733],
            [167.9145, -45.6782],
            [167.911, -45.6788],
            [167.8961, -45.6778],
            [167.8939, -45.6768],
            [167.894, -45.6749],
            [167.8882, -45.6734],
            [167.8844, -45.6741],
            [167.8807, -45.6718],
            [167.8615, -45.6709],
            [167.8545, -45.6735],
            [167.8469, -45.6741],
            [167.8349, -45.6801],
            [167.8365, -45.6836],
            [167.8361, -45.6873],
            [167.8248, -45.6926],
            [167.8214, -45.7013],
            [167.8214, -45.7076],
            [167.8184, -45.7124],
            [167.8088, -45.7168],
            [167.7949, -45.7186],
            [167.7878, -45.7212],
            [167.7815, -45.7196],
            [167.7734, -45.7212],
            [167.758, -45.7178],
            [167.7444, -45.7179],
            [167.739, -45.7197],
            [167.7226, -45.7191],
            [167.7153, -45.7171],
            [167.6919, -45.719],
            [167.6746, -45.7115],
            [167.6573, -45.6961],
            [167.6516, -45.6937],
            [167.6388, -45.6945],
            [167.6324, -45.692],
            [167.6277, -45.6922],
            [167.6202, -45.6862],
            [167.611, -45.6911],
            [167.6108, -45.7005],
            [167.6125, -45.7029],
            [167.6199, -45.7068],
            [167.6219, -45.7216],
            [167.6159, -45.7278],
            [167.592, -45.7343],
            [167.5857, -45.7401],
            [167.5892, -45.7475],
            [167.6027, -45.7453],
            [167.6072, -45.7472],
            [167.607, -45.7499],
            [167.6036, -45.7528],
            [167.6018, -45.7604],
            [167.602, -45.7629],
            [167.6041, -45.7647],
            [167.5991, -45.7655],
            [167.5921, -45.77],
            [167.5766, -45.7721],
            [167.5668, -45.7714],
            [167.552, -45.7738],
            [167.5477, -45.7759],
            [167.5434, -45.7742],
            [167.5372, -45.7749],
            [167.537, -45.772],
            [167.5353, -45.7714],
            [167.531, -45.7778],
            [167.521, -45.7824],
            [167.5141, -45.7822],
            [167.5063, -45.7775],
            [167.4982, -45.779],
            [167.493, -45.7767],
            [167.4788, -45.7849],
            [167.4508, -45.7902],
            [167.4311, -45.7836],
            [167.423, -45.7791],
            [167.4186, -45.7743],
            [167.4243, -45.7889],
            [167.4063, -45.8213],
            [167.0562, -45.7254],
            [166.9228, -45.9094],
            [166.7015, -45.8439],
            [166.4535, -45.9898],
            [166.2109, -46.1301],
            [166.201, -46.1175],
            [166.1888, -46.0973],
            [166.1693, -46.0485],
            [166.1603, -46.0117],
            [166.1585, -45.9934],
            [166.1589, -45.9794],
            [166.1452, -45.9485],
            [166.1395, -45.9213],
            [166.1387, -45.8988],
            [166.144, -45.8669],
            [166.1412, -45.8428],
            [166.1418, -45.824],
            [166.1484, -45.7936],
            [166.1574, -45.772],
            [166.1518, -45.7434],
            [166.1517, -45.7185],
            [166.1552, -45.6968],
            [166.1638, -45.6715],
            [166.1774, -45.6462],
            [166.1954, -45.6229],
            [166.2215, -45.594],
            [166.2575, -45.5638],
            [166.2783, -45.5359],
            [166.3088, -45.5062],
            [166.3254, -45.4918],
            [166.3485, -45.4755],
            [166.3689, -45.4638],
            [166.4, -45.45],
            [166.4137, -45.4389],
            [166.4414, -45.4019],
            [166.4495, -45.3786],
            [166.4563, -45.365],
            [166.4768, -45.3328],
            [166.4887, -45.3182],
            [166.5033, -45.2869],
            [166.517, -45.2659],
            [166.5456, -45.2272],
            [166.5708, -45.1995],
            [166.5865, -45.1848],
            [166.6003, -45.1668],
            [166.6121, -45.1446],
            [166.6254, -45.1262],
            [166.6514, -45.0994],
            [166.6684, -45.0794],
            [166.6875, -45.0617],
            [166.707, -45.0471],
            [166.7362, -45.019],
            [166.7551, -45.0052],
            [166.7825, -44.9892],
            [166.8107, -44.9591],
            [166.8404, -44.9346],
            [166.8592, -44.9123],
            [166.8837, -44.8889],
            [166.9071, -44.8706],
            [166.9227, -44.8543],
            [166.9377, -44.8414],
            [166.9806, -44.8116],
            [166.9973, -44.7935],
            [167.0179, -44.7759],
            [167.0351, -44.7583],
            [167.0684, -44.73],
            [167.1044, -44.7078],
            [167.147, -44.6896],
            [167.1924, -44.6582],
            [167.2143, -44.6455],
            [167.2488, -44.63],
            [167.2824, -44.6105],
            [167.3119, -44.5978],
            [167.3248, -44.5808],
            [167.3422, -44.5628],
            [167.3588, -44.5487],
            [167.3886, -44.527],
            [167.4611, -44.4831],
            [167.502, -44.4643],
            [167.528, -44.4504],
            [167.5497, -44.4198],
            [167.5813, -44.3829],
            [167.6029, -44.363],
            [167.613, -44.348],
            [167.6314, -44.327],
            [167.6505, -44.3099],
            [167.6814, -44.2887],
            [167.7199, -44.255],
            [167.7385, -44.2416],
            [167.7611, -44.2137],
            [167.784, -44.1933],
            [167.7994, -44.1675],
            [167.8128, -44.151],
            [167.8381, -44.1271],
            [168.0521, -44.2586],
            [168.0579, -44.26]
          ]
        ]
      },
      "properties": { "name": "Southland" }
    },
    {
      "type": "Feature",
      "id": 47,
      "geometry": {
        "type": "Polygon",
        "coordinates": [
          [
            [170.258, -45.2301],
            [170.2586, -45.2363],
            [170.3138, -45.2358],
            [170.3135, -45.2684],
            [170.3941, -45.2686],
            [170.411, -45.2803],
            [170.4151, -45.2879],
            [170.4234, -45.2954],
            [170.423, -45.298],
            [170.4209, -45.3079],
            [170.409, -45.3197],
            [170.3949, -45.3279],
            [170.3811, -45.3265],
            [170.3755, -45.3309],
            [170.3755, -45.3269],
            [170.3251, -45.3241],
            [170.3249, -45.3625],
            [170.309, -45.3582],
            [170.2887, -45.3496],
            [170.2843, -45.3496],
            [170.2849, -45.4443],
            [170.2657, -45.4441],
            [170.2608, -45.4488],
            [170.2596, -45.4529],
            [170.2616, -45.4561],
            [170.2572, -45.4621],
            [170.2515, -45.4637],
            [170.2268, -45.482],
            [170.2092, -45.4819],
            [170.2094, -45.5067],
            [170.264, -45.5067],
            [170.2672, -45.5046],
            [170.2737, -45.5056],
            [170.2854, -45.4974],
            [170.2853, -45.4946],
            [170.3044, -45.4996],
            [170.3081, -45.4997],
            [170.31, -45.4979],
            [170.3593, -45.5212],
            [170.3508, -45.5282],
            [170.3417, -45.5458],
            [170.367, -45.5492],
            [170.3713, -45.5542],
            [170.3877, -45.5541],
            [170.3898, -45.562],
            [170.3975, -45.5719],
            [170.3998, -45.5815],
            [170.4041, -45.5826],
            [170.4037, -45.584],
            [170.4065, -45.5866],
            [170.4024, -45.5934],
            [170.4085, -45.5961],
            [170.4124, -45.6062],
            [170.416, -45.611],
            [170.4142, -45.6216],
            [170.4087, -45.6369],
            [170.4197, -45.632],
            [170.4208, -45.6548],
            [170.4196, -45.6633],
            [170.4224, -45.6633],
            [170.424, -45.6652],
            [170.4516, -45.7457],
            [170.4967, -45.801],
            [170.4967, -45.8097],
            [170.4941, -45.8172],
            [170.4873, -45.8222],
            [170.4875, -45.8313],
            [170.4811, -45.8349],
            [170.4882, -45.8411],
            [170.47, -45.8517],
            [170.4582, -45.8494],
            [170.4491, -45.8509],
            [170.4501, -45.854],
            [170.4465, -45.8547],
            [170.4386, -45.8627],
            [170.4344, -45.864],
            [170.442, -45.8646],
            [170.449, -45.8632],
            [170.4529, -45.8649],
            [170.4484, -45.87],
            [170.4578, -45.871],
            [170.458, -45.8753],
            [170.4526, -45.8799],
            [170.4627, -45.8816],
            [170.4546, -45.8933],
            [170.4619, -45.8953],
            [170.4625, -45.8968],
            [170.4932, -45.8921],
            [170.5, -45.8878],
            [170.5044, -45.894],
            [170.5091, -45.8971],
            [170.5163, -45.8941],
            [170.5291, -45.893],
            [170.5309, -45.8915],
            [170.5361, -45.8923],
            [170.5426, -45.8961],
            [170.5406, -45.9006],
            [170.5411, -45.9042],
            [170.5388, -45.9077],
            [170.7083, -46.109],
            [170.6652, -46.113],
            [170.626, -46.1126],
            [170.6002, -46.1208],
            [170.567, -46.1283],
            [170.5375, -46.1325],
            [170.506, -46.1345],
            [170.4821, -46.1411],
            [170.4716, -46.1722],
            [170.4463, -46.2253],
            [170.4281, -46.25],
            [170.3952, -46.2828],
            [170.3751, -46.2983],
            [170.3472, -46.3152],
            [170.3109, -46.3402],
            [170.289, -46.3523],
            [170.2527, -46.3675],
            [170.2286, -46.3807],
            [170.207, -46.3975],
            [170.1524, -46.432],
            [169.7807, -46.3951],
            [169.7595, -46.3951],
            [169.7596, -46.3899],
            [169.7216, -46.3818],
            [169.708, -46.3875],
            [169.7001, -46.3852],
            [169.69, -46.3767],
            [169.6922, -46.373],
            [169.6899, -46.3723],
            [169.6964, -46.3685],
            [169.7017, -46.3679],
            [169.705, -46.3645],
            [169.704, -46.3612],
            [169.7154, -46.3571],
            [169.7162, -46.352],
            [169.7204, -46.3493],
            [169.7266, -46.3489],
            [169.7124, -46.3451],
            [169.7104, -46.3425],
            [169.7023, -46.3387],
            [169.7017, -46.335],
            [169.6986, -46.3342],
            [169.6962, -46.3311],
            [169.6855, -46.3284],
            [169.6813, -46.3246],
            [169.6812, -46.3162],
            [169.679, -46.3169],
            [169.6737, -46.3145],
            [169.6726, -46.3169],
            [169.6703, -46.317],
            [169.6702, -46.3155],
            [169.6649, -46.3188],
            [169.6478, -46.3152],
            [169.6512, -46.3103],
            [169.6375, -46.3088],
            [169.6336, -46.3034],
            [169.6256, -46.2976],
            [169.6253, -46.2951],
            [169.617, -46.2888],
            [169.6173, -46.2851],
            [169.6141, -46.281],
            [169.6187, -46.2749],
            [169.6187, -46.2717],
            [169.6234, -46.2688],
            [169.6171, -46.2635],
            [169.6178, -46.2619],
            [169.6061, -46.2584],
            [169.5934, -46.2586],
            [169.5889, -46.254],
            [169.5882, -46.2507],
            [169.5818, -46.2445],
            [169.5797, -46.2386],
            [169.5677, -46.2286],
            [169.5634, -46.227],
            [169.5489, -46.2278],
            [169.5286, -46.2229],
            [169.5337, -46.2114],
            [169.5061, -46.2074],
            [169.5013, -46.2006],
            [169.4922, -46.1987],
            [169.4925, -46.194],
            [169.495, -46.1926],
            [169.495, -46.1719],
            [169.5028, -46.1681],
            [169.5038, -46.1646],
            [169.5002, -46.1617],
            [169.5017, -46.1573],
            [169.5088, -46.1525],
            [169.5095, -46.1463],
            [169.5175, -46.1444],
            [169.5203, -46.1417],
            [169.5205, -46.1391],
            [169.5252, -46.1373],
            [169.5157, -46.1303],
            [169.5093, -46.1355],
            [169.5028, -46.1357],
            [169.4996, -46.1341],
            [169.4959, -46.1284],
            [169.4871, -46.1292],
            [169.4782, -46.1269],
            [169.4734, -46.1237],
            [169.4628, -46.1266],
            [169.4469, -46.1189],
            [169.44, -46.112],
            [169.4349, -46.1094],
            [169.4355, -46.1065],
            [169.4333, -46.1041],
            [169.4208, -46.1006],
            [169.4199, -46.0992],
            [169.426, -46.0946],
            [169.4257, -46.0888],
            [169.4208, -46.0855],
            [169.4184, -46.0789],
            [169.4123, -46.0752],
            [169.4127, -46.0721],
            [169.4201, -46.0687],
            [169.4199, -46.0665],
            [169.4149, -46.0624],
            [169.3982, -46.0691],
            [169.4034, -46.0536],
            [169.3979, -46.0494],
            [169.4008, -46.0449],
            [169.3961, -46.0386],
            [169.3888, -46.0366],
            [169.3856, -46.0333],
            [169.3741, -46.0311],
            [169.366, -46.032],
            [169.3631, -46.0354],
            [169.3505, -46.0396],
            [169.3493, -46.0367],
            [169.3469, -46.036],
            [169.3431, -46.0311],
            [169.3409, -46.0308],
            [169.339, -46.0259],
            [169.3338, -46.0256],
            [169.3387, -46.0208],
            [169.3346, -46.0165],
            [169.3397, -46.0138],
            [169.3395, -46.0123],
            [169.3372, -46.0119],
            [169.338, -46.0075],
            [169.3461, -46.0022],
            [169.3459, -46.0008],
            [169.3425, -46.0004],
            [169.3424, -45.9985],
            [169.3507, -45.9983],
            [169.3484, -45.9964],
            [169.3416, -45.9959],
            [169.3421, -45.9914],
            [169.3323, -45.9852],
            [169.3368, -45.9856],
            [169.3374, -45.9838],
            [169.3407, -45.9843],
            [169.344, -45.9814],
            [169.3501, -45.9795],
            [169.3616, -45.9674],
            [169.3602, -45.966],
            [169.3635, -45.9648],
            [169.3649, -45.9552],
            [169.3697, -45.954],
            [169.3762, -45.9495],
            [169.3764, -45.9118],
            [169.3935, -45.8817],
            [169.4135, -45.8674],
            [169.4162, -45.8639],
            [169.4283, -45.8617],
            [169.4316, -45.8588],
            [169.4327, -45.8571],
            [169.4297, -45.8538],
            [169.4304, -45.8504],
            [169.4329, -45.8491],
            [169.4297, -45.8491],
            [169.4288, -45.8462],
            [169.4313, -45.8437],
            [169.4283, -45.8401],
            [169.4305, -45.8391],
            [169.4359, -45.8404],
            [169.4383, -45.8387],
            [169.4373, -45.8363],
            [169.441, -45.8338],
            [169.445, -45.8346],
            [169.4449, -45.8378],
            [169.4498, -45.8395],
            [169.4521, -45.8385],
            [169.4614, -45.8429],
            [169.4648, -45.8427],
            [169.4756, -45.8376],
            [169.4767, -45.7915],
            [169.4727, -45.7907],
            [169.4687, -45.7864],
            [169.4776, -45.7875],
            [169.4801, -45.7901],
            [169.4801, -45.7931],
            [169.4843, -45.7968],
            [169.5026, -45.7969],
            [169.5245, -45.8132],
            [169.5315, -45.8123],
            [169.5345, -45.8093],
            [169.5475, -45.8087],
            [169.5496, -45.8058],
            [169.5572, -45.8053],
            [169.5577, -45.803],
            [169.5643, -45.803],
            [169.5766, -45.7985],
            [169.5747, -45.7969],
            [169.5777, -45.7968],
            [169.5779, -45.7953],
            [169.5812, -45.7943],
            [169.5865, -45.7893],
            [169.5874, -45.7843],
            [169.5899, -45.7841],
            [169.5867, -45.781],
            [169.5939, -45.7784],
            [169.595, -45.7753],
            [169.6001, -45.777],
            [169.6031, -45.7744],
            [169.6093, -45.7737],
            [169.6131, -45.7699],
            [169.6209, -45.7722],
            [169.62, -45.7709],
            [169.6215, -45.7686],
            [169.6255, -45.772],
            [169.6331, -45.7709],
            [169.6342, -45.7694],
            [169.6365, -45.7704],
            [169.6427, -45.7694],
            [169.648, -45.7641],
            [169.6471, -45.7603],
            [169.6485, -45.7586],
            [169.6468, -45.7582],
            [169.6487, -45.7572],
            [169.6479, -45.7562],
            [169.651, -45.7504],
            [169.649, -45.7489],
            [169.6514, -45.7486],
            [169.6503, -45.7468],
            [169.6537, -45.7456],
            [169.6526, -45.7426],
            [169.6562, -45.7394],
            [169.6564, -45.7369],
            [169.6597, -45.735],
            [169.662, -45.7295],
            [169.6617, -45.725],
            [169.664, -45.7215],
            [169.6632, -45.7186],
            [169.666, -45.7127],
            [169.6639, -45.7051],
            [169.667, -45.6993],
            [169.6754, -45.6927],
            [169.6741, -45.6975],
            [169.6831, -45.7073],
            [169.688, -45.7084],
            [169.6925, -45.7067],
            [169.6944, -45.7108],
            [169.7146, -45.7083],
            [169.7179, -45.7148],
            [169.7309, -45.7182],
            [169.7322, -45.721],
            [169.7394, -45.7198],
            [169.7405, -45.7169],
            [169.7365, -45.7137],
            [169.737, -45.7116],
            [169.7415, -45.7081],
            [169.7397, -45.7039],
            [169.741, -45.7022],
            [169.751, -45.6989],
            [169.7504, -45.6972],
            [169.7541, -45.6934],
            [169.7538, -45.6906],
            [169.7573, -45.6887],
            [169.7569, -45.6849],
            [169.7583, -45.6835],
            [169.7572, -45.6795],
            [169.7615, -45.6744],
            [169.7717, -45.6694],
            [169.7809, -45.668],
            [169.7822, -45.6624],
            [169.7782, -45.6606],
            [169.778, -45.6558],
            [169.7801, -45.6532],
            [169.7871, -45.6499],
            [169.7887, -45.6458],
            [169.7957, -45.6422],
            [169.7965, -45.638],
            [169.794, -45.6367],
            [169.7953, -45.6352],
            [169.7937, -45.6329],
            [169.798, -45.6297],
            [169.7991, -45.6248],
            [169.803, -45.6216],
            [169.8033, -45.617],
            [169.8016, -45.616],
            [169.8017, -45.6138],
            [169.8042, -45.611],
            [169.8017, -45.6034],
            [169.804, -45.6013],
            [169.8043, -45.5968],
            [169.8092, -45.5947],
            [169.8092, -45.5898],
            [169.812, -45.5817],
            [169.8189, -45.5757],
            [169.8159, -45.5724],
            [169.8119, -45.5713],
            [169.813, -45.5665],
            [169.8115, -45.5642],
            [169.8137, -45.5608],
            [169.8252, -45.5544],
            [169.8426, -45.5493],
            [169.8559, -45.5478],
            [169.8621, -45.5488],
            [169.8973, -45.5397],
            [169.9061, -45.5422],
            [169.9138, -45.5232],
            [169.9133, -45.5154],
            [169.91, -45.5114],
            [169.9091, -45.5014],
            [169.9064, -45.4971],
            [169.9114, -45.4965],
            [169.9146, -45.4982],
            [169.9313, -45.4993],
            [169.9842, -45.4852],
            [169.9881, -45.4795],
            [169.9941, -45.4779],
            [169.9964, -45.4775],
            [170.0052, -45.4839],
            [170.0063, -45.4811],
            [170.0158, -45.4804],
            [170.0295, -45.4765],
            [170.0307, -45.4737],
            [170.0527, -45.4538],
            [170.0639, -45.4412],
            [170.0726, -45.4238],
            [170.0862, -45.4089],
            [170.1077, -45.3963],
            [170.1282, -45.3802],
            [170.1292, -45.3674],
            [170.1201, -45.3525],
            [170.1368, -45.3424],
            [170.1563, -45.3276],
            [170.1619, -45.3157],
            [170.1613, -45.3116],
            [170.1658, -45.3035],
            [170.1709, -45.2986],
            [170.1777, -45.2875],
            [170.1817, -45.2768],
            [170.1858, -45.2721],
            [170.1865, -45.265],
            [170.2165, -45.2573],
            [170.2166, -45.2347],
            [170.2392, -45.2304],
            [170.2545, -45.229],
            [170.258, -45.2301]
          ]
        ]
      },
      "properties": { "name": "Taieri" }
    },
    {
      "type": "Feature",
      "id": 48,
      "geometry": {
        "type": "Polygon",
        "coordinates": [
          [
            [174.9308, -36.9492],
            [174.9375, -36.9502],
            [174.9398, -36.9536],
            [174.9487, -36.9575],
            [174.9439, -36.9636],
            [174.9468, -36.968],
            [174.946, -36.9704],
            [174.949, -36.9745],
            [174.9491, -36.9775],
            [174.9549, -36.9775],
            [174.9562, -36.9758],
            [174.9627, -36.9766],
            [174.9684, -36.9829],
            [174.9647, -36.9834],
            [174.9638, -36.9855],
            [174.952, -36.9856],
            [174.9501, -36.9904],
            [174.9526, -36.9912],
            [174.9535, -36.9999],
            [174.9409, -36.9963],
            [174.9435, -37.0015],
            [174.9363, -37.0003],
            [174.9372, -36.9974],
            [174.9327, -36.998],
            [174.9306, -37.0005],
            [174.9243, -36.999],
            [174.9349, -37.0075],
            [174.9524, -37.0428],
            [174.932, -37.0492],
            [174.9274, -37.0462],
            [174.924, -37.0506],
            [174.9129, -37.0562],
            [174.8941, -37.0593],
            [174.8752, -37.0606],
            [174.8634, -37.0572],
            [174.8757, -37.0435],
            [174.8829, -37.0441],
            [174.8853, -37.0433],
            [174.887, -37.0404],
            [174.8834, -37.0429],
            [174.8814, -37.0395],
            [174.8947, -37.0363],
            [174.8896, -37.0267],
            [174.9095, -37.0198],
            [174.9044, -37.0112],
            [174.8971, -37.0058],
            [174.8908, -36.9977],
            [174.8818, -36.9802],
            [174.8836, -36.9794],
            [174.8951, -36.9832],
            [174.8979, -36.9782],
            [174.9031, -36.9814],
            [174.911, -36.9832],
            [174.9137, -36.9735],
            [174.9046, -36.9718],
            [174.9067, -36.9646],
            [174.9247, -36.9673],
            [174.9268, -36.9601],
            [174.9259, -36.9556],
            [174.9291, -36.9553],
            [174.9306, -36.9518],
            [174.9283, -36.9516],
            [174.9277, -36.9493],
            [174.9288, -36.9482],
            [174.9308, -36.9492]
          ]
        ]
      },
      "properties": { "name": "Takanini" }
    },
    {
      "type": "Feature",
      "id": 49,
      "geometry": {
        "type": "Polygon",
        "coordinates": [
          [
            [174.8819, -36.8335],
            [174.89, -36.8461],
            [174.8897, -36.8599],
            [174.8956, -36.87],
            [174.8936, -36.8763],
            [174.8895, -36.8796],
            [174.887, -36.8808],
            [174.8769, -36.8764],
            [174.8727, -36.8787],
            [174.8707, -36.8779],
            [174.8661, -36.8795],
            [174.8656, -36.8813],
            [174.8574, -36.8796],
            [174.8548, -36.881],
            [174.8548, -36.8885],
            [174.8492, -36.8875],
            [174.841, -36.8924],
            [174.835, -36.8908],
            [174.8337, -36.8866],
            [174.8314, -36.8881],
            [174.824, -36.8869],
            [174.8114, -36.8889],
            [174.8094, -36.8865],
            [174.8018, -36.8861],
            [174.8122, -36.8802],
            [174.8179, -36.8796],
            [174.8168, -36.8747],
            [174.8188, -36.8709],
            [174.8181, -36.8651],
            [174.8043, -36.859],
            [174.7927, -36.8485],
            [174.7894, -36.8477],
            [174.7926, -36.837],
            [174.8046, -36.839],
            [174.8204, -36.8345],
            [174.8819, -36.8335]
          ]
        ]
      },
      "properties": { "name": "Tāmaki" }
    },
    {
      "type": "Feature",
      "id": 50,
      "geometry": {
        "type": "Polygon",
        "coordinates": [
          [
            [175.0003, -37.6046],
            [175.0053, -37.6186],
            [175.0102, -37.6174],
            [175.0145, -37.629],
            [175.0214, -37.6242],
            [175.0226, -37.6256],
            [175.0237, -37.6311],
            [175.0225, -37.6349],
            [175.0263, -37.6429],
            [175.0387, -37.6433],
            [175.0432, -37.6385],
            [175.048, -37.6428],
            [175.0536, -37.6444],
            [175.0581, -37.6372],
            [175.0649, -37.6401],
            [175.0744, -37.6396],
            [175.0758, -37.6497],
            [175.1188, -37.6454],
            [175.1181, -37.6468],
            [175.1278, -37.649],
            [175.1386, -37.6479],
            [175.1474, -37.6492],
            [175.1434, -37.6547],
            [175.1446, -37.6559],
            [175.1427, -37.6592],
            [175.1432, -37.6636],
            [175.1386, -37.6747],
            [175.1402, -37.6765],
            [175.1468, -37.6767],
            [175.1534, -37.6794],
            [175.1475, -37.6896],
            [175.1481, -37.693],
            [175.1638, -37.6894],
            [175.1709, -37.6847],
            [175.1793, -37.6909],
            [175.1832, -37.6876],
            [175.1894, -37.6932],
            [175.2006, -37.6953],
            [175.2111, -37.6993],
            [175.2073, -37.7086],
            [175.2085, -37.7202],
            [175.2072, -37.7252],
            [175.2098, -37.7328],
            [175.2066, -37.7359],
            [175.2056, -37.7406],
            [175.1843, -37.743],
            [175.191, -37.7458],
            [175.1908, -37.7502],
            [175.1981, -37.751],
            [175.1994, -37.7537],
            [175.203, -37.7534],
            [175.2066, -37.7572],
            [175.2096, -37.7625],
            [175.2025, -37.7635],
            [175.2048, -37.7686],
            [175.2085, -37.7699],
            [175.2138, -37.7659],
            [175.2182, -37.7672],
            [175.2176, -37.7742],
            [175.2198, -37.78],
            [175.2184, -37.7823],
            [175.2214, -37.783],
            [175.2211, -37.7852],
            [175.2236, -37.7847],
            [175.2295, -37.7872],
            [175.2281, -37.7967],
            [175.2331, -37.7973],
            [175.2316, -37.8032],
            [175.2283, -37.807],
            [175.2197, -37.8114],
            [175.2183, -37.8144],
            [175.2113, -37.8144],
            [175.2118, -37.8324],
            [175.2256, -37.8322],
            [175.2273, -37.8246],
            [175.2325, -37.8219],
            [175.2334, -37.8193],
            [175.2268, -37.8175],
            [175.2438, -37.8044],
            [175.2656, -37.8089],
            [175.2681, -37.822],
            [175.2712, -37.8203],
            [175.2719, -37.8243],
            [175.2796, -37.824],
            [175.2847, -37.8264],
            [175.283, -37.8289],
            [175.2897, -37.8318],
            [175.2923, -37.8318],
            [175.2945, -37.8284],
            [175.2968, -37.8278],
            [175.2977, -37.8319],
            [175.3055, -37.8408],
            [175.3068, -37.846],
            [175.3145, -37.8361],
            [175.3202, -37.8334],
            [175.3268, -37.8274],
            [175.3266, -37.8296],
            [175.333, -37.8344],
            [175.3475, -37.8398],
            [175.3501, -37.8476],
            [175.3476, -37.8601],
            [175.3569, -37.8707],
            [175.3632, -37.8731],
            [175.3768, -37.8698],
            [175.3817, -37.8704],
            [175.3926, -37.8754],
            [175.3976, -37.8834],
            [175.407, -37.8858],
            [175.4084, -37.8894],
            [175.4015, -37.8928],
            [175.4027, -37.8984],
            [175.4052, -37.9],
            [175.4007, -37.9088],
            [175.3996, -37.9172],
            [175.3935, -37.9145],
            [175.3772, -37.9583],
            [175.4038, -37.967],
            [175.4007, -37.9771],
            [175.4122, -37.9836],
            [175.4088, -37.9861],
            [175.422, -37.9955],
            [175.4241, -37.9926],
            [175.4352, -37.999],
            [175.4286, -38.0051],
            [175.4383, -38.0162],
            [175.4484, -38.0076],
            [175.4647, -38.0195],
            [175.4747, -38.0204],
            [175.4784, -38.0226],
            [175.4827, -38.0217],
            [175.4849, -38.0173],
            [175.4896, -38.0188],
            [175.4889, -38.0201],
            [175.4911, -38.0208],
            [175.487, -38.0239],
            [175.4843, -38.0286],
            [175.5265, -38.0433],
            [175.5322, -38.0308],
            [175.5388, -38.0313],
            [175.5511, -37.9993],
            [175.5525, -37.9986],
            [175.5545, -37.9999],
            [175.5539, -38.0016],
            [175.5575, -38.0023],
            [175.5589, -37.9986],
            [175.5607, -38.0017],
            [175.5665, -38.0013],
            [175.5704, -38.0277],
            [175.5897, -38.0259],
            [175.5918, -38.04],
            [175.6004, -38.0333],
            [175.6, -38.0346],
            [175.6058, -38.0387],
            [175.6036, -38.0402],
            [175.6052, -38.0424],
            [175.6038, -38.0434],
            [175.612, -38.0515],
            [175.6165, -38.055],
            [175.625, -38.0485],
            [175.6343, -38.0565],
            [175.6321, -38.0628],
            [175.6381, -38.0633],
            [175.6402, -38.0732],
            [175.6362, -38.0808],
            [175.637, -38.0844],
            [175.6342, -38.0908],
            [175.636, -38.0927],
            [175.6349, -38.1002],
            [175.6295, -38.1105],
            [175.6221, -38.1137],
            [175.6253, -38.1183],
            [175.6258, -38.1236],
            [175.6318, -38.1265],
            [175.6328, -38.1304],
            [175.6316, -38.1338],
            [175.6351, -38.1412],
            [175.6414, -38.1435],
            [175.6406, -38.1474],
            [175.647, -38.1562],
            [175.6526, -38.1576],
            [175.6494, -38.1614],
            [175.6592, -38.162],
            [175.6647, -38.1644],
            [175.6653, -38.1656],
            [175.6626, -38.1674],
            [175.6629, -38.1689],
            [175.6655, -38.1713],
            [175.6695, -38.1701],
            [175.6701, -38.1735],
            [175.6732, -38.177],
            [175.6753, -38.1857],
            [175.6724, -38.1927],
            [175.6729, -38.2044],
            [175.6774, -38.2127],
            [175.6779, -38.2188],
            [175.6753, -38.2239],
            [175.6806, -38.2283],
            [175.6773, -38.2305],
            [175.6777, -38.2422],
            [175.6809, -38.2498],
            [175.6777, -38.2577],
            [175.68, -38.2609],
            [175.6794, -38.2676],
            [175.6812, -38.2757],
            [175.6856, -38.281],
            [175.6857, -38.2869],
            [175.6809, -38.2929],
            [175.6833, -38.3012],
            [175.6745, -38.3034],
            [175.6752, -38.3058],
            [175.6725, -38.3082],
            [175.6689, -38.3075],
            [175.6679, -38.3106],
            [175.6654, -38.3104],
            [175.6603, -38.3195],
            [175.661, -38.3213],
            [175.6677, -38.3249],
            [175.6776, -38.3277],
            [175.6789, -38.3311],
            [175.6853, -38.333],
            [175.6889, -38.3324],
            [175.6891, -38.3369],
            [175.6865, -38.3383],
            [175.6869, -38.3419],
            [175.6929, -38.3473],
            [175.6894, -38.3522],
            [175.6913, -38.354],
            [175.6896, -38.362],
            [175.6938, -38.3656],
            [175.6968, -38.366],
            [175.6964, -38.3682],
            [175.6978, -38.3687],
            [175.6948, -38.372],
            [175.6989, -38.379],
            [175.6957, -38.3815],
            [175.6883, -38.382],
            [175.6868, -38.385],
            [175.6839, -38.3854],
            [175.6811, -38.3882],
            [175.6793, -38.3974],
            [175.6752, -38.3996],
            [175.672, -38.4052],
            [175.6664, -38.408],
            [175.6593, -38.4077],
            [175.6531, -38.4094],
            [175.649, -38.4135],
            [175.6476, -38.4221],
            [175.6409, -38.4265],
            [175.6366, -38.4277],
            [175.6313, -38.4268],
            [175.6232, -38.4309],
            [175.617, -38.4413],
            [175.6111, -38.4421],
            [175.6114, -38.4478],
            [175.6154, -38.4487],
            [175.6059, -38.4616],
            [175.6077, -38.4697],
            [175.6262, -38.5409],
            [175.6254, -38.5452],
            [175.6288, -38.5512],
            [175.6369, -38.5525],
            [175.6355, -38.5578],
            [175.6368, -38.5645],
            [175.6337, -38.5661],
            [175.6349, -38.5699],
            [175.6326, -38.5804],
            [175.6326, -38.5915],
            [175.6286, -38.596],
            [175.6283, -38.601],
            [175.6217, -38.6067],
            [175.6147, -38.6181],
            [175.6003, -38.6341],
            [175.5923, -38.6374],
            [175.5759, -38.6499],
            [175.5793, -38.6527],
            [175.5778, -38.6559],
            [175.5786, -38.6599],
            [175.5767, -38.663],
            [175.5787, -38.6655],
            [175.5754, -38.6724],
            [175.5758, -38.6745],
            [175.5807, -38.6776],
            [175.5796, -38.6818],
            [175.5731, -38.6904],
            [175.5645, -38.696],
            [175.5631, -38.7012],
            [175.5579, -38.7072],
            [175.5581, -38.709],
            [175.5378, -38.7307],
            [175.5294, -38.7436],
            [175.5233, -38.7463],
            [175.5234, -38.7501],
            [175.5185, -38.7511],
            [175.5194, -38.7582],
            [175.526, -38.7622],
            [175.5303, -38.7745],
            [175.5354, -38.7765],
            [175.5391, -38.7827],
            [175.5351, -38.7855],
            [175.5122, -38.7924],
            [175.4964, -38.8026],
            [175.4966, -38.8042],
            [175.4704, -38.8127],
            [175.4702, -38.7872],
            [175.4434, -38.7874],
            [175.4441, -38.784],
            [175.3891, -38.7727],
            [175.3657, -38.8295],
            [175.3635, -38.8285],
            [175.3573, -38.8296],
            [175.3566, -38.8279],
            [175.3532, -38.8275],
            [175.3472, -38.831],
            [175.3412, -38.8321],
            [175.3394, -38.8287],
            [175.3324, -38.8278],
            [175.3316, -38.8243],
            [175.3259, -38.824],
            [175.3236, -38.8223],
            [175.3226, -38.8233],
            [175.3196, -38.8184],
            [175.3152, -38.8167],
            [175.3141, -38.8173],
            [175.3154, -38.8186],
            [175.3126, -38.8184],
            [175.3106, -38.8202],
            [175.3097, -38.8187],
            [175.3051, -38.8182],
            [175.3045, -38.8208],
            [175.3013, -38.8217],
            [175.3, -38.8255],
            [175.2942, -38.8248],
            [175.2941, -38.8266],
            [175.2909, -38.8278],
            [175.2814, -38.8266],
            [175.2802, -38.8286],
            [175.2731, -38.8304],
            [175.2618, -38.8301],
            [175.2604, -38.8359],
            [175.2588, -38.834],
            [175.2588, -38.8359],
            [175.2558, -38.8365],
            [175.2564, -38.8391],
            [175.2547, -38.8391],
            [175.2557, -38.8416],
            [175.2509, -38.8456],
            [175.2533, -38.8505],
            [175.2495, -38.8518],
            [175.2483, -38.85],
            [175.2473, -38.8542],
            [175.2447, -38.8551],
            [175.2445, -38.8569],
            [175.2463, -38.8577],
            [175.2424, -38.8584],
            [175.2374, -38.8568],
            [175.2348, -38.852],
            [175.2377, -38.8436],
            [175.2354, -38.8405],
            [175.2323, -38.8396],
            [175.2331, -38.8349],
            [175.2252, -38.8299],
            [175.219, -38.8302],
            [175.2151, -38.8326],
            [175.2109, -38.8318],
            [175.2064, -38.8366],
            [175.1983, -38.8373],
            [175.1983, -38.8395],
            [175.2026, -38.8431],
            [175.2017, -38.8473],
            [175.1977, -38.8485],
            [175.1984, -38.8506],
            [175.1968, -38.8509],
            [175.2007, -38.8533],
            [175.2, -38.8544],
            [175.2028, -38.8561],
            [175.2021, -38.8571],
            [175.2044, -38.8596],
            [175.2016, -38.8605],
            [175.2006, -38.8628],
            [175.2043, -38.8663],
            [175.2079, -38.866],
            [175.2082, -38.8679],
            [175.2037, -38.87],
            [175.203, -38.872],
            [175.1993, -38.8706],
            [175.1949, -38.8737],
            [175.1959, -38.8748],
            [175.1949, -38.8763],
            [175.1855, -38.8782],
            [175.1835, -38.8807],
            [175.1812, -38.8847],
            [175.1832, -38.8901],
            [175.1794, -38.8943],
            [175.179, -38.8973],
            [175.1795, -38.8991],
            [175.1846, -38.901],
            [175.1872, -38.9038],
            [175.188, -38.9072],
            [175.1835, -38.9105],
            [175.1781, -38.9091],
            [175.169, -38.924],
            [175.1732, -38.9224],
            [175.1738, -38.9239],
            [175.1657, -38.9297],
            [175.1646, -38.9327],
            [175.1658, -38.936],
            [175.1618, -38.9419],
            [175.1603, -38.9406],
            [175.1556, -38.9438],
            [175.15, -38.9387],
            [175.1453, -38.943],
            [175.1418, -38.9396],
            [175.1246, -38.931],
            [175.1197, -38.9308],
            [175.117, -38.9326],
            [175.1237, -38.9399],
            [175.1271, -38.9482],
            [175.1451, -38.9499],
            [175.15, -38.953],
            [175.1474, -38.9558],
            [175.1386, -38.9578],
            [175.1293, -38.9678],
            [175.1288, -38.9714],
            [175.1319, -38.9828],
            [175.1304, -38.9843],
            [175.1234, -38.9853],
            [175.1195, -38.9886],
            [175.1233, -39.0021],
            [175.1215, -39.0074],
            [175.1157, -39.0075],
            [175.1141, -39.0015],
            [175.1118, -39.0002],
            [175.0974, -39.0043],
            [175.0976, -39.0088],
            [175.1059, -39.0132],
            [175.1064, -39.0168],
            [175.1049, -39.019],
            [175.0967, -39.0206],
            [175.0891, -39.0194],
            [175.0885, -39.0227],
            [175.0921, -39.0268],
            [175.0891, -39.0299],
            [175.0847, -39.0299],
            [175.0764, -39.026],
            [175.0718, -39.027],
            [175.068, -39.0311],
            [175.0604, -39.0508],
            [175.0438, -39.0542],
            [175.0381, -39.0572],
            [175.0383, -39.0594],
            [175.0451, -39.0653],
            [175.0472, -39.0697],
            [175.0467, -39.0728],
            [175.0425, -39.0764],
            [175.043, -39.0834],
            [175.0661, -39.1006],
            [175.0695, -39.1077],
            [175.0641, -39.111],
            [175.0573, -39.1122],
            [175.0464, -39.1064],
            [175.0297, -39.1018],
            [175.0246, -39.1023],
            [175.0197, -39.1089],
            [175.0104, -39.1165],
            [175.006, -39.1157],
            [175.0003, -39.1103],
            [174.9966, -39.1116],
            [175.0046, -39.1232],
            [175.0036, -39.1268],
            [175.0003, -39.1288],
            [174.9964, -39.1282],
            [174.994, -39.1255],
            [174.9924, -39.1136],
            [174.9829, -39.1121],
            [174.9817, -39.1168],
            [174.9915, -39.1253],
            [174.989, -39.1324],
            [174.994, -39.1375],
            [174.9899, -39.1402],
            [174.9804, -39.1387],
            [174.9779, -39.1396],
            [174.9784, -39.1421],
            [174.9844, -39.1489],
            [174.9834, -39.1556],
            [174.9632, -39.1627],
            [174.9499, -39.1632],
            [174.9504, -39.1661],
            [174.9578, -39.1687],
            [174.9588, -39.1711],
            [174.9456, -39.1741],
            [174.9408, -39.1779],
            [174.9414, -39.1805],
            [174.9496, -39.1811],
            [174.9504, -39.1837],
            [174.9411, -39.194],
            [174.9344, -39.1988],
            [174.923, -39.2196],
            [174.915, -39.225],
            [174.9154, -39.2324],
            [174.9142, -39.2339],
            [174.9101, -39.234],
            [174.8959, -39.2267],
            [174.893, -39.2288],
            [174.8947, -39.2321],
            [174.893, -39.2374],
            [174.8907, -39.2405],
            [174.888, -39.2412],
            [174.8795, -39.238],
            [174.8804, -39.2367],
            [174.8731, -39.2368],
            [174.8682, -39.2318],
            [174.8614, -39.2305],
            [174.8596, -39.2321],
            [174.8618, -39.2357],
            [174.8615, -39.24],
            [174.8644, -39.2428],
            [174.8626, -39.2445],
            [174.865, -39.2469],
            [174.8619, -39.2557],
            [174.8556, -39.2614],
            [174.8518, -39.2618],
            [174.847, -39.26],
            [174.8452, -39.2643],
            [174.8455, -39.2704],
            [174.8407, -39.2764],
            [174.838, -39.2878],
            [174.832, -39.2926],
            [174.8309, -39.2962],
            [174.8202, -39.3017],
            [174.8179, -39.31],
            [174.8128, -39.3136],
            [174.8149, -39.3143],
            [174.8151, -39.3179],
            [174.8205, -39.3229],
            [174.8198, -39.3261],
            [174.8226, -39.3295],
            [174.8207, -39.3312],
            [174.8228, -39.334],
            [174.8273, -39.3325],
            [174.8384, -39.337],
            [174.842, -39.3359],
            [174.8501, -39.3367],
            [174.8544, -39.3399],
            [174.8538, -39.3413],
            [174.8587, -39.3408],
            [174.8614, -39.3437],
            [174.8644, -39.3434],
            [174.8708, -39.3468],
            [174.8719, -39.3518],
            [174.877, -39.3537],
            [174.8769, -39.3568],
            [174.8802, -39.3534],
            [174.8836, -39.3528],
            [174.8873, -39.3536],
            [174.888, -39.3559],
            [174.8917, -39.3582],
            [174.8882, -39.3647],
            [174.8904, -39.3684],
            [174.8893, -39.3737],
            [174.8819, -39.3784],
            [174.8848, -39.3819],
            [174.8795, -39.3902],
            [174.8764, -39.3917],
            [174.873, -39.3887],
            [174.8705, -39.3905],
            [174.8659, -39.389],
            [174.8708, -39.3973],
            [174.8713, -39.401],
            [174.877, -39.4041],
            [174.678, -39.4049],
            [174.6784, -39.4022],
            [174.6807, -39.4015],
            [174.6853, -39.3937],
            [174.684, -39.3901],
            [174.6818, -39.3893],
            [174.6799, -39.3827],
            [174.6817, -39.3783],
            [174.6785, -39.3743],
            [174.6667, -39.3734],
            [174.6275, -39.3752],
            [174.5787, -39.3735],
            [174.5795, -39.3651],
            [174.5775, -39.3635],
            [174.5736, -39.3625],
            [174.5715, -39.3652],
            [174.5667, -39.3661],
            [174.5617, -39.3653],
            [174.554, -39.36],
            [174.5443, -39.3669],
            [174.5416, -39.3711],
            [174.534, -39.374],
            [174.5324, -39.3769],
            [174.5297, -39.3755],
            [174.5246, -39.3791],
            [174.523, -39.3787],
            [174.5182, -39.3854],
            [174.5162, -39.386],
            [174.5174, -39.3917],
            [174.5083, -39.3969],
            [174.5123, -39.4001],
            [174.5118, -39.4046],
            [174.4956, -39.4045],
            [174.4803, -39.4067],
            [174.4789, -39.4051],
            [174.4754, -39.4055],
            [174.4733, -39.3996],
            [174.4708, -39.3991],
            [174.4693, -39.4009],
            [174.4723, -39.4029],
            [174.4731, -39.4068],
            [174.4632, -39.4048],
            [174.4578, -39.4055],
            [174.4589, -39.403],
            [174.4574, -39.4009],
            [174.4588, -39.3986],
            [174.4531, -39.397],
            [174.4561, -39.3939],
            [174.4541, -39.3908],
            [174.4585, -39.3905],
            [174.4616, -39.3881],
            [174.4591, -39.3861],
            [174.4565, -39.3871],
            [174.4561, -39.3846],
            [174.4592, -39.3845],
            [174.4589, -39.3831],
            [174.4519, -39.3793],
            [174.4534, -39.3859],
            [174.4511, -39.3869],
            [174.4501, -39.3844],
            [174.4512, -39.3831],
            [174.4455, -39.3786],
            [174.4441, -39.3822],
            [174.4466, -39.3821],
            [174.4461, -39.3842],
            [174.4409, -39.3849],
            [174.4412, -39.3873],
            [174.4398, -39.3856],
            [174.4352, -39.3865],
            [174.436, -39.3821],
            [174.431, -39.3824],
            [174.4329, -39.3803],
            [174.4378, -39.3801],
            [174.4365, -39.3732],
            [174.4395, -39.373],
            [174.4405, -39.3712],
            [174.4366, -39.3709],
            [174.4332, -39.3737],
            [174.43, -39.3719],
            [174.4247, -39.3726],
            [174.4247, -39.369],
            [174.4201, -39.3704],
            [174.4169, -39.3665],
            [174.4121, -39.3691],
            [174.409, -39.3663],
            [174.4135, -39.3661],
            [174.4134, -39.3645],
            [174.4206, -39.3613],
            [174.4157, -39.3553],
            [174.4159, -39.3517],
            [174.414, -39.3532],
            [174.4114, -39.3502],
            [174.4072, -39.3499],
            [174.4049, -39.353],
            [174.4002, -39.3496],
            [174.3948, -39.3484],
            [174.3948, -39.3509],
            [174.3902, -39.3522],
            [174.39, -39.3466],
            [174.3914, -39.3451],
            [174.3852, -39.345],
            [174.3798, -39.3416],
            [174.3768, -39.3451],
            [174.3802, -39.345],
            [174.3788, -39.3481],
            [174.3826, -39.351],
            [174.3771, -39.351],
            [174.3744, -39.3559],
            [174.3765, -39.3583],
            [174.3742, -39.3575],
            [174.3711, -39.3527],
            [174.3687, -39.3542],
            [174.3686, -39.3564],
            [174.3658, -39.3548],
            [174.3625, -39.3609],
            [174.3607, -39.3595],
            [174.3589, -39.3604],
            [174.3585, -39.3632],
            [174.3567, -39.3603],
            [174.3582, -39.3563],
            [174.3556, -39.3548],
            [174.3526, -39.3434],
            [174.3493, -39.3425],
            [174.3503, -39.3388],
            [174.3448, -39.3394],
            [174.3448, -39.3263],
            [174.3207, -39.3263],
            [174.3207, -39.3151],
            [174.3086, -39.3152],
            [174.3086, -39.3111],
            [174.3052, -39.3134],
            [174.2935, -39.3105],
            [174.2935, -39.3091],
            [174.2898, -39.3091],
            [174.2884, -39.3066],
            [174.2892, -39.3047],
            [174.2864, -39.3026],
            [174.2704, -39.3036],
            [174.2758, -39.3171],
            [174.2479, -39.315],
            [174.2289, -39.3232],
            [174.232, -39.3345],
            [174.2187, -39.3282],
            [174.2162, -39.3283],
            [174.2162, -39.3308],
            [174.2085, -39.33],
            [174.1979, -39.3323],
            [174.1771, -39.3326],
            [174.1772, -39.322],
            [174.1585, -39.3219],
            [174.1391, -39.3154],
            [174.1347, -39.3155],
            [174.127, -39.3106],
            [174.1174, -39.3087],
            [174.1123, -39.3056],
            [174.1052, -39.3063],
            [174.0638, -39.296],
            [174.077, -39.2726],
            [174.085, -39.2659],
            [174.0888, -39.2593],
            [174.0966, -39.2537],
            [174.097, -39.248],
            [174.1044, -39.2407],
            [174.1013, -39.2374],
            [174.101, -39.2347],
            [174.1042, -39.2321],
            [174.1078, -39.2251],
            [174.1109, -39.2232],
            [174.1157, -39.2143],
            [174.1239, -39.21],
            [174.1283, -39.1991],
            [174.1339, -39.1919],
            [174.1348, -39.1872],
            [174.143, -39.1821],
            [174.1427, -39.1779],
            [174.1539, -39.1778],
            [174.1564, -39.1619],
            [174.1593, -39.1572],
            [174.1604, -39.1513],
            [174.1745, -39.1513],
            [174.178, -39.146],
            [174.1838, -39.1417],
            [174.1816, -39.1413],
            [174.1832, -39.1364],
            [174.1964, -39.139],
            [174.1997, -39.1354],
            [174.197, -39.1275],
            [174.1988, -39.1219],
            [174.1977, -39.119],
            [174.1997, -39.1162],
            [174.1992, -39.1117],
            [174.2026, -39.1099],
            [174.193, -39.0901],
            [174.2112, -39.0852],
            [174.2163, -39.0855],
            [174.2204, -39.0892],
            [174.2232, -39.0896],
            [174.2249, -39.087],
            [174.2205, -39.0851],
            [174.2191, -39.0799],
            [174.22, -39.0775],
            [174.2269, -39.0742],
            [174.2327, -39.0666],
            [174.2347, -39.0673],
            [174.2412, -39.0631],
            [174.2409, -39.0587],
            [174.249, -39.0536],
            [174.2466, -39.0518],
            [174.2494, -39.0485],
            [174.2549, -39.0474],
            [174.2592, -39.0422],
            [174.2551, -39.0406],
            [174.2519, -39.0366],
            [174.2544, -39.0315],
            [174.2528, -39.024],
            [174.2443, -39.0161],
            [174.2422, -39.0104],
            [174.2434, -39.01],
            [174.2424, -39.0024],
            [174.2434, -38.9983],
            [174.2453, -38.9974],
            [174.2492, -38.9995],
            [174.2544, -39.0058],
            [174.2592, -39.0034],
            [174.2551, -38.9982],
            [174.2579, -38.9967],
            [174.2549, -38.9929],
            [174.2518, -38.9945],
            [174.247, -38.9941],
            [174.244, -38.9903],
            [174.2404, -38.9904],
            [174.2381, -38.9875],
            [174.2355, -38.9879],
            [174.2338, -38.9859],
            [174.1621, -38.7876],
            [174.1939, -38.7817],
            [174.221, -38.7794],
            [174.2479, -38.7791],
            [174.283, -38.7822],
            [174.3221, -38.7493],
            [174.3489, -38.732],
            [174.3543, -38.6788],
            [174.3632, -38.6495],
            [174.3663, -38.6252],
            [174.3752, -38.5824],
            [174.3771, -38.5363],
            [174.3743, -38.5188],
            [174.3736, -38.4979],
            [174.3757, -38.4779],
            [174.3821, -38.4463],
            [174.3792, -38.4247],
            [174.3772, -38.3861],
            [174.3813, -38.3531],
            [174.3901, -38.3258],
            [174.4062, -38.2959],
            [174.4247, -38.2722],
            [174.4514, -38.2472],
            [174.4504, -38.2307],
            [174.4517, -38.2096],
            [174.4413, -38.1907],
            [174.4351, -38.1756],
            [174.4266, -38.1385],
            [174.3907, -38.1157],
            [174.364, -38.0917],
            [174.3537, -38.08],
            [174.3388, -38.0588],
            [174.3229, -38.0251],
            [174.315, -37.9918],
            [174.314, -37.9621],
            [174.3174, -37.9375],
            [174.3211, -37.9236],
            [174.3331, -37.8948],
            [174.3476, -37.8717],
            [174.3678, -37.8481],
            [174.3852, -37.8323],
            [174.4163, -37.8107],
            [174.4481, -37.7949],
            [174.4749, -37.7851],
            [174.4954, -37.7795],
            [174.5318, -37.7733],
            [174.5477, -37.7461],
            [174.5619, -37.728],
            [174.5501, -37.6959],
            [174.7933, -37.6346],
            [174.795, -37.6355],
            [174.7968, -37.6313],
            [174.799, -37.6314],
            [174.7994, -37.6334],
            [174.8019, -37.6345],
            [174.8017, -37.6366],
            [174.8068, -37.6386],
            [174.8094, -37.6377],
            [174.8131, -37.6393],
            [174.8156, -37.6379],
            [174.8193, -37.6414],
            [174.8277, -37.642],
            [174.8345, -37.6479],
            [174.8391, -37.6483],
            [174.8404, -37.652],
            [174.8473, -37.6574],
            [174.8548, -37.6572],
            [174.8709, -37.6487],
            [174.874, -37.6436],
            [174.8785, -37.6428],
            [174.885, -37.6448],
            [174.8923, -37.6413],
            [174.8984, -37.6408],
            [174.9059, -37.6595],
            [174.9202, -37.6579],
            [174.9245, -37.654],
            [174.9315, -37.6547],
            [174.9338, -37.6563],
            [174.9407, -37.6556],
            [174.943, -37.6534],
            [174.9466, -37.6548],
            [174.9548, -37.6532],
            [174.9588, -37.6559],
            [174.9618, -37.6559],
            [174.9742, -37.6518],
            [174.9769, -37.6476],
            [174.9758, -37.6446],
            [174.9768, -37.6421],
            [174.9681, -37.6266],
            [174.963, -37.6241],
            [174.9717, -37.6226],
            [174.9757, -37.6161],
            [174.9769, -37.609],
            [174.9802, -37.6099],
            [174.9888, -37.6071],
            [174.9915, -37.6046],
            [175.0003, -37.6046]
          ]
        ]
      },
      "properties": { "name": "Taranaki-King Country" }
    },
    {
      "type": "Feature",
      "id": 51,
      "geometry": {
        "type": "Polygon",
        "coordinates": [
          [
            [175.4317, -37.8353],
            [175.4554, -37.8621],
            [175.4583, -37.8686],
            [175.4703, -37.8689],
            [175.4762, -37.8708],
            [175.5042, -37.8949],
            [175.5251, -37.9068],
            [175.5392, -37.9126],
            [175.5544, -37.9164],
            [175.5688, -37.9268],
            [175.5775, -37.9393],
            [175.5824, -37.9386],
            [175.5923, -37.9413],
            [175.5961, -37.938],
            [175.5992, -37.9387],
            [175.6001, -37.9365],
            [175.6064, -37.9341],
            [175.62, -37.9369],
            [175.6227, -37.9342],
            [175.6236, -37.9351],
            [175.6278, -37.9325],
            [175.6527, -37.9384],
            [175.6483, -37.9416],
            [175.6503, -37.9468],
            [175.6561, -37.9489],
            [175.6586, -37.9521],
            [175.6619, -37.9493],
            [175.6627, -37.9463],
            [175.6669, -37.9452],
            [175.6697, -37.9411],
            [175.6742, -37.9441],
            [175.6757, -37.9422],
            [175.6852, -37.9416],
            [175.6861, -37.9395],
            [175.694, -37.9417],
            [175.7008, -37.9364],
            [175.7288, -37.9516],
            [175.7263, -37.9718],
            [175.7275, -37.9785],
            [175.7297, -37.9777],
            [175.7348, -37.9827],
            [175.7431, -37.9745],
            [175.7461, -37.9744],
            [175.7482, -37.9684],
            [175.7529, -37.9683],
            [175.7537, -37.9698],
            [175.7566, -37.9696],
            [175.7656, -37.974],
            [175.7647, -37.9766],
            [175.7637, -37.976],
            [175.7643, -37.9794],
            [175.7663, -37.9791],
            [175.7669, -37.9809],
            [175.7663, -37.983],
            [175.7651, -37.9819],
            [175.7639, -37.9831],
            [175.765, -37.9844],
            [175.7736, -37.9856],
            [175.7997, -37.9954],
            [175.8091, -37.9962],
            [175.8172, -38.0006],
            [175.821, -38.0002],
            [175.8226, -38.0029],
            [175.8831, -38.034],
            [175.8932, -38.0363],
            [175.9054, -38.0156],
            [175.8901, -38.0116],
            [175.8985, -38.0105],
            [175.9137, -38.0131],
            [175.917, -38.0119],
            [175.9288, -38.0172],
            [175.9618, -37.9858],
            [175.9707, -37.9796],
            [175.9703, -37.985],
            [175.9733, -37.9871],
            [176.0058, -37.9913],
            [176.0135, -37.9936],
            [176.023, -37.9989],
            [176.0331, -38.0085],
            [176.0576, -38.0216],
            [176.0623, -38.0268],
            [176.0051, -38.1229],
            [175.9991, -38.1315],
            [175.9817, -38.1386],
            [175.9845, -38.142],
            [176.0197, -38.1425],
            [176.022, -38.1393],
            [176.0307, -38.1392],
            [176.0307, -38.1666],
            [176.0583, -38.1667],
            [176.0583, -38.1642],
            [176.0732, -38.1642],
            [176.0887, -38.1643],
            [176.09, -38.167],
            [176.1101, -38.1669],
            [176.1503, -38.2182],
            [176.1205, -38.2679],
            [176.116, -38.2691],
            [176.1293, -38.2732],
            [176.1086, -38.2758],
            [176.1135, -38.2778],
            [176.114, -38.2804],
            [176.1198, -38.2802],
            [176.121, -38.2818],
            [176.123, -38.2809],
            [176.1299, -38.2828],
            [176.1312, -38.2855],
            [176.1327, -38.284],
            [176.1348, -38.2851],
            [176.1356, -38.2879],
            [176.1378, -38.2877],
            [176.1361, -38.2925],
            [176.1377, -38.2944],
            [176.1281, -38.2969],
            [176.1301, -38.2978],
            [176.1308, -38.2999],
            [176.1292, -38.3016],
            [176.1311, -38.3016],
            [176.1311, -38.3036],
            [176.1265, -38.3088],
            [176.1171, -38.3146],
            [176.1091, -38.3134],
            [176.0996, -38.3172],
            [176.0929, -38.3176],
            [176.0881, -38.3223],
            [176.0734, -38.3269],
            [176.0642, -38.3347],
            [176.0586, -38.3344],
            [176.063, -38.3404],
            [176.0606, -38.3429],
            [176.0555, -38.3431],
            [176.0571, -38.3453],
            [176.0488, -38.3498],
            [176.0501, -38.3544],
            [176.0478, -38.3541],
            [176.0466, -38.3564],
            [176.0398, -38.3588],
            [176.0377, -38.3581],
            [176.0311, -38.3636],
            [176.0237, -38.3651],
            [176.0248, -38.3687],
            [176.0272, -38.369],
            [176.0276, -38.3736],
            [176.0313, -38.3798],
            [176.0261, -38.3851],
            [176.0297, -38.3865],
            [176.0428, -38.3852],
            [176.0527, -38.3894],
            [176.0592, -38.3935],
            [176.0616, -38.3968],
            [176.0631, -38.3961],
            [176.0653, -38.3978],
            [176.0684, -38.4012],
            [176.0687, -38.4054],
            [176.0741, -38.408],
            [176.0831, -38.4086],
            [176.0883, -38.4067],
            [176.0968, -38.4124],
            [176.1062, -38.4134],
            [176.1126, -38.4112],
            [176.1187, -38.4132],
            [176.1301, -38.4259],
            [176.1319, -38.4326],
            [176.1392, -38.4388],
            [176.1376, -38.442],
            [176.1424, -38.4511],
            [176.1414, -38.4584],
            [176.1425, -38.4614],
            [176.1465, -38.4636],
            [176.147, -38.466],
            [176.1451, -38.4761],
            [176.1479, -38.4873],
            [176.1539, -38.4903],
            [176.1546, -38.4931],
            [176.1602, -38.4914],
            [176.1724, -38.4982],
            [176.1702, -38.5023],
            [176.1709, -38.5061],
            [176.1791, -38.5188],
            [176.1922, -38.5172],
            [176.2029, -38.5247],
            [176.2132, -38.5198],
            [176.2232, -38.5191],
            [176.2292, -38.5222],
            [176.2311, -38.5189],
            [176.2406, -38.5138],
            [176.2462, -38.5085],
            [176.2549, -38.5082],
            [176.26, -38.5037],
            [176.2647, -38.5053],
            [176.2766, -38.489],
            [176.2864, -38.4859],
            [176.2948, -38.4852],
            [176.2962, -38.4885],
            [176.2985, -38.4892],
            [176.3022, -38.4855],
            [176.3085, -38.4921],
            [176.3091, -38.4976],
            [176.3147, -38.4981],
            [176.3165, -38.5047],
            [176.3212, -38.5022],
            [176.3232, -38.5074],
            [176.3178, -38.5081],
            [176.3187, -38.5129],
            [176.311, -38.5228],
            [176.3112, -38.5273],
            [176.3026, -38.5339],
            [176.3041, -38.5362],
            [176.2985, -38.5372],
            [176.304, -38.5468],
            [176.2999, -38.551],
            [176.3022, -38.553],
            [176.359, -38.5687],
            [176.3868, -38.5065],
            [176.4549, -38.5275],
            [176.4598, -38.5315],
            [176.4685, -38.5309],
            [176.4764, -38.5333],
            [176.4775, -38.5281],
            [176.4747, -38.5175],
            [176.4763, -38.5101],
            [176.499, -38.5102],
            [176.5022, -38.5108],
            [176.5028, -38.5265],
            [176.5334, -38.5351],
            [176.5295, -38.5443],
            [176.5364, -38.5523],
            [176.5432, -38.5544],
            [176.5407, -38.5602],
            [176.553, -38.5778],
            [176.5522, -38.5809],
            [176.6056, -38.6087],
            [176.6122, -38.607],
            [176.6122, -38.6026],
            [176.6172, -38.5977],
            [176.6178, -38.5947],
            [176.6459, -38.6059],
            [176.6175, -38.7013],
            [176.6242, -38.7543],
            [176.6372, -38.7633],
            [176.6482, -38.783],
            [176.6977, -38.856],
            [176.5985, -38.9333],
            [176.5996, -38.9342],
            [176.597, -38.9415],
            [176.5981, -38.9469],
            [176.5964, -38.9534],
            [176.598, -38.9579],
            [176.5967, -38.9593],
            [176.6026, -38.9649],
            [176.5988, -38.9694],
            [176.601, -38.9722],
            [176.5999, -38.976],
            [176.603, -38.9769],
            [176.6019, -38.9794],
            [176.6059, -38.9802],
            [176.6058, -38.9857],
            [176.609, -38.9875],
            [176.6117, -38.987],
            [176.613, -38.9891],
            [176.6081, -38.996],
            [176.6104, -38.9983],
            [176.541, -38.9978],
            [176.541, -38.9992],
            [176.547, -39.0018],
            [176.4492, -39.0016],
            [176.4202, -39.0619],
            [176.4434, -39.1208],
            [176.4168, -39.1163],
            [176.3696, -39.1325],
            [176.3701, -39.134],
            [176.3757, -39.1338],
            [176.3783, -39.1384],
            [176.3822, -39.1341],
            [176.3871, -39.1368],
            [176.3869, -39.1409],
            [176.3894, -39.1422],
            [176.3863, -39.1445],
            [176.3862, -39.1466],
            [176.3899, -39.1513],
            [176.3968, -39.1509],
            [176.3909, -39.1561],
            [176.3926, -39.16],
            [176.3953, -39.1619],
            [176.3404, -39.1731],
            [176.2331, -39.0979],
            [176.2318, -39.1044],
            [176.2284, -39.1084],
            [176.2264, -39.1084],
            [176.2258, -39.1107],
            [176.2213, -39.1104],
            [176.2078, -39.119],
            [176.1973, -39.1215],
            [176.1964, -39.1236],
            [176.1886, -39.1266],
            [176.1846, -39.1266],
            [176.1826, -39.1294],
            [176.1847, -39.1336],
            [176.1761, -39.1439],
            [176.1624, -39.1363],
            [176.1546, -39.1383],
            [176.1466, -39.1345],
            [176.1414, -39.1365],
            [176.14, -39.1389],
            [176.1356, -39.1398],
            [176.1344, -39.143],
            [176.1162, -39.1471],
            [176.1116, -39.1521],
            [176.1027, -39.1512],
            [176.0961, -39.1546],
            [176.0788, -39.1573],
            [176.0775, -39.156],
            [176.0441, -39.1569],
            [175.976, -39.15],
            [175.9715, -39.1578],
            [175.964, -39.1595],
            [175.9638, -39.1624],
            [175.9677, -39.1704],
            [175.9647, -39.1794],
            [175.9597, -39.1842],
            [175.9505, -39.1879],
            [175.945, -39.1869],
            [175.9213, -39.1897],
            [175.9189, -39.191],
            [175.9196, -39.1987],
            [175.9039, -39.1998],
            [175.8984, -39.2041],
            [175.886, -39.2059],
            [175.888, -39.2112],
            [175.8929, -39.2138],
            [175.893, -39.2233],
            [175.8864, -39.2271],
            [175.8854, -39.2295],
            [175.8726, -39.2391],
            [175.8582, -39.2445],
            [175.8547, -39.2442],
            [175.8566, -39.252],
            [175.8691, -39.2592],
            [175.8681, -39.263],
            [175.8627, -39.2665],
            [175.8423, -39.2709],
            [175.836, -39.2768],
            [175.8335, -39.2833],
            [175.8286, -39.289],
            [175.8126, -39.3003],
            [175.7909, -39.2998],
            [175.7836, -39.2943],
            [175.7801, -39.2934],
            [175.7696, -39.295],
            [175.7653, -39.2914],
            [175.7518, -39.2879],
            [175.741, -39.2926],
            [175.7409, -39.2974],
            [175.7048, -39.2883],
            [175.6692, -39.2969],
            [175.5579, -39.276],
            [175.6347, -39.1584],
            [175.6372, -39.1291],
            [175.6428, -39.1043],
            [175.6462, -39.1027],
            [175.6478, -39.1],
            [175.6456, -39.1001],
            [175.6418, -39.0966],
            [175.6399, -39.0974],
            [175.6374, -39.0901],
            [175.6354, -39.0887],
            [175.6324, -39.0889],
            [175.626, -39.0858],
            [175.622, -39.087],
            [175.6187, -39.0826],
            [175.6172, -39.0749],
            [175.6246, -39.0599],
            [175.615, -39.0551],
            [175.6136, -39.0506],
            [175.6318, -39.0456],
            [175.6312, -39.0489],
            [175.6358, -39.0453],
            [175.648, -39.0279],
            [175.6481, -39.0144],
            [175.6725, -38.9909],
            [175.682, -38.9797],
            [175.6412, -38.9803],
            [175.6269, -38.974],
            [175.6063, -38.9818],
            [175.5626, -38.9868],
            [175.5656, -38.9772],
            [175.565, -38.9725],
            [175.5694, -38.97],
            [175.5675, -38.9687],
            [175.5608, -38.9727],
            [175.5539, -38.9556],
            [175.5649, -38.9385],
            [175.566, -38.9299],
            [175.5761, -38.9185],
            [175.58, -38.9107],
            [175.5613, -38.8924],
            [175.5607, -38.8842],
            [175.5549, -38.8768],
            [175.549, -38.8726],
            [175.5447, -38.8643],
            [175.5462, -38.8601],
            [175.5604, -38.8434],
            [175.5615, -38.8386],
            [175.5698, -38.833],
            [175.577, -38.8309],
            [175.5772, -38.8232],
            [175.5734, -38.8144],
            [175.5637, -38.8037],
            [175.5555, -38.7902],
            [175.5534, -38.7893],
            [175.5417, -38.7951],
            [175.5375, -38.7791],
            [175.5354, -38.7765],
            [175.5303, -38.7745],
            [175.5276, -38.7695],
            [175.5269, -38.7634],
            [175.5194, -38.7582],
            [175.5185, -38.7511],
            [175.5234, -38.7501],
            [175.5233, -38.7463],
            [175.5294, -38.7436],
            [175.5378, -38.7307],
            [175.5581, -38.709],
            [175.5579, -38.7072],
            [175.5631, -38.7012],
            [175.5645, -38.696],
            [175.5731, -38.6904],
            [175.5796, -38.6818],
            [175.5807, -38.6776],
            [175.5758, -38.6745],
            [175.5754, -38.6724],
            [175.5787, -38.6655],
            [175.5767, -38.663],
            [175.5786, -38.6599],
            [175.5778, -38.6559],
            [175.5793, -38.6527],
            [175.5759, -38.6499],
            [175.5923, -38.6374],
            [175.6003, -38.6341],
            [175.6147, -38.6181],
            [175.6217, -38.6067],
            [175.6283, -38.601],
            [175.6286, -38.596],
            [175.6326, -38.5915],
            [175.6326, -38.5804],
            [175.6349, -38.5699],
            [175.6337, -38.5661],
            [175.6368, -38.5645],
            [175.6355, -38.5578],
            [175.6369, -38.5525],
            [175.6288, -38.5512],
            [175.6254, -38.5452],
            [175.6262, -38.5409],
            [175.6077, -38.4697],
            [175.6059, -38.4616],
            [175.6154, -38.4487],
            [175.6114, -38.4478],
            [175.6111, -38.4421],
            [175.617, -38.4413],
            [175.6232, -38.4309],
            [175.6313, -38.4268],
            [175.6366, -38.4277],
            [175.6409, -38.4265],
            [175.6476, -38.4221],
            [175.649, -38.4135],
            [175.6531, -38.4094],
            [175.6593, -38.4077],
            [175.6664, -38.408],
            [175.672, -38.4052],
            [175.6752, -38.3996],
            [175.6793, -38.3974],
            [175.6811, -38.3882],
            [175.6839, -38.3854],
            [175.6868, -38.385],
            [175.6883, -38.382],
            [175.6957, -38.3815],
            [175.6989, -38.3786],
            [175.6948, -38.372],
            [175.6978, -38.3687],
            [175.6964, -38.3682],
            [175.6968, -38.366],
            [175.6938, -38.3656],
            [175.6896, -38.362],
            [175.6913, -38.354],
            [175.6894, -38.3522],
            [175.6929, -38.3473],
            [175.6869, -38.3419],
            [175.6865, -38.3383],
            [175.6891, -38.3369],
            [175.6889, -38.3324],
            [175.6853, -38.333],
            [175.6789, -38.3311],
            [175.6776, -38.3277],
            [175.6677, -38.3249],
            [175.661, -38.3213],
            [175.6603, -38.3195],
            [175.6654, -38.3104],
            [175.6679, -38.3106],
            [175.6689, -38.3075],
            [175.6725, -38.3082],
            [175.6752, -38.3058],
            [175.6745, -38.3034],
            [175.6833, -38.3012],
            [175.6809, -38.2929],
            [175.6857, -38.2869],
            [175.6856, -38.281],
            [175.6812, -38.2757],
            [175.6794, -38.2676],
            [175.68, -38.2609],
            [175.6777, -38.2577],
            [175.6809, -38.2498],
            [175.6777, -38.2422],
            [175.6773, -38.2305],
            [175.6806, -38.2283],
            [175.6753, -38.2239],
            [175.6779, -38.2188],
            [175.6774, -38.2127],
            [175.6729, -38.2044],
            [175.6724, -38.1927],
            [175.6753, -38.1857],
            [175.6729, -38.1764],
            [175.6701, -38.1735],
            [175.6695, -38.1701],
            [175.6655, -38.1713],
            [175.6629, -38.1689],
            [175.6626, -38.1674],
            [175.6653, -38.1656],
            [175.6647, -38.1644],
            [175.6592, -38.162],
            [175.6494, -38.1614],
            [175.6526, -38.1576],
            [175.647, -38.1562],
            [175.6406, -38.1474],
            [175.6414, -38.1435],
            [175.6351, -38.1412],
            [175.6316, -38.1338],
            [175.6328, -38.1304],
            [175.6318, -38.1265],
            [175.6258, -38.1236],
            [175.6253, -38.1183],
            [175.6221, -38.1137],
            [175.6295, -38.1105],
            [175.6349, -38.1002],
            [175.636, -38.0927],
            [175.6342, -38.0908],
            [175.637, -38.0844],
            [175.6362, -38.0808],
            [175.6402, -38.0732],
            [175.6381, -38.0633],
            [175.6321, -38.0628],
            [175.6343, -38.0565],
            [175.625, -38.0485],
            [175.6165, -38.055],
            [175.6038, -38.0434],
            [175.6052, -38.0424],
            [175.6036, -38.0402],
            [175.6058, -38.0387],
            [175.6, -38.0346],
            [175.6004, -38.0333],
            [175.5918, -38.04],
            [175.5897, -38.0259],
            [175.5704, -38.0277],
            [175.5665, -38.0013],
            [175.5607, -38.0017],
            [175.5589, -37.9986],
            [175.5575, -38.0023],
            [175.5539, -38.0016],
            [175.5545, -37.9999],
            [175.5525, -37.9986],
            [175.5511, -37.9993],
            [175.5388, -38.0313],
            [175.5322, -38.0308],
            [175.5265, -38.0433],
            [175.4843, -38.0286],
            [175.487, -38.0239],
            [175.4911, -38.0208],
            [175.4889, -38.0201],
            [175.4896, -38.0188],
            [175.4849, -38.0173],
            [175.4827, -38.0217],
            [175.4784, -38.0226],
            [175.4747, -38.0204],
            [175.4647, -38.0195],
            [175.4484, -38.0076],
            [175.4383, -38.0162],
            [175.4286, -38.0051],
            [175.4352, -37.999],
            [175.4241, -37.9926],
            [175.422, -37.9955],
            [175.4088, -37.9861],
            [175.4122, -37.9836],
            [175.4007, -37.9771],
            [175.4038, -37.967],
            [175.3772, -37.9583],
            [175.3935, -37.9145],
            [175.3996, -37.9172],
            [175.4007, -37.9088],
            [175.4052, -37.9],
            [175.4027, -37.8984],
            [175.4015, -37.8928],
            [175.4084, -37.8894],
            [175.407, -37.8858],
            [175.403, -37.8846],
            [175.4093, -37.8748],
            [175.4243, -37.8748],
            [175.4247, -37.8454],
            [175.4209, -37.8454],
            [175.4207, -37.838],
            [175.4256, -37.8397],
            [175.4258, -37.8353],
            [175.4317, -37.8353]
          ]
        ]
      },
      "properties": { "name": "Taupō" }
    },
    {
      "type": "Feature",
      "id": 52,
      "geometry": {
        "type": "Polygon",
        "coordinates": [
          [
            [176.5229, -37.2216],
            [176.2158, -37.6588],
            [176.2081, -37.6647],
            [176.2144, -37.6703],
            [176.2108, -37.6769],
            [176.2026, -37.6787],
            [176.1981, -37.6846],
            [176.1926, -37.6845],
            [176.1779, -37.6748],
            [176.1791, -37.702],
            [176.1739, -37.711],
            [176.1461, -37.7264],
            [176.1467, -37.729],
            [176.1441, -37.732],
            [176.1473, -37.7349],
            [176.1462, -37.7365],
            [176.1423, -37.7371],
            [176.1423, -37.7392],
            [176.141, -37.7392],
            [176.1418, -37.7411],
            [176.1384, -37.7414],
            [176.1353, -37.7451],
            [176.1367, -37.7455],
            [176.1319, -37.7516],
            [176.1326, -37.7567],
            [176.1188, -37.7544],
            [176.1206, -37.7521],
            [176.1109, -37.7504],
            [176.1113, -37.749],
            [176.1061, -37.7524],
            [176.1086, -37.7537],
            [176.1054, -37.7547],
            [176.103, -37.7538],
            [176.1037, -37.7473],
            [176.1016, -37.7478],
            [176.0827, -37.7396],
            [176.0845, -37.7357],
            [176.0943, -37.7285],
            [176.1024, -37.7113],
            [176.1023, -37.707],
            [176.0992, -37.7006],
            [176.0934, -37.6977],
            [176.0912, -37.6924],
            [176.0963, -37.6841],
            [176.1061, -37.6777],
            [176.1045, -37.6696],
            [176.1442, -37.6404],
            [176.1505, -37.6443],
            [176.1588, -37.6388],
            [176.1579, -37.6342],
            [176.1499, -37.6242],
            [176.4761, -37.1471],
            [176.4967, -37.1709],
            [176.507, -37.1865],
            [176.5163, -37.2046],
            [176.5229, -37.2216]
          ]
        ]
      },
      "properties": { "name": "Tauranga" }
    },
    {
      "type": "Feature",
      "id": 53,
      "geometry": {
        "type": "Polygon",
        "coordinates": [
          [
            [174.6613, -36.8542],
            [174.6586, -36.8629],
            [174.6616, -36.8787],
            [174.6554, -36.8814],
            [174.654, -36.8846],
            [174.6515, -36.8838],
            [174.6375, -36.8886],
            [174.6312, -36.8853],
            [174.6314, -36.8882],
            [174.628, -36.8877],
            [174.6129, -36.898],
            [174.6083, -36.8958],
            [174.6092, -36.8941],
            [174.6075, -36.8935],
            [174.6058, -36.8951],
            [174.604, -36.8939],
            [174.6014, -36.8819],
            [174.5983, -36.8818],
            [174.5971, -36.875],
            [174.5906, -36.876],
            [174.5889, -36.8723],
            [174.583, -36.8722],
            [174.5763, -36.8774],
            [174.5709, -36.8784],
            [174.5735, -36.876],
            [174.5731, -36.8742],
            [174.5751, -36.8725],
            [174.5745, -36.8695],
            [174.5759, -36.8686],
            [174.5734, -36.8656],
            [174.57, -36.8647],
            [174.5734, -36.8611],
            [174.5735, -36.8584],
            [174.5766, -36.8588],
            [174.5791, -36.8622],
            [174.5834, -36.8605],
            [174.589, -36.8631],
            [174.5881, -36.8592],
            [174.595, -36.8577],
            [174.5957, -36.854],
            [174.6015, -36.854],
            [174.6046, -36.858],
            [174.606, -36.8557],
            [174.6086, -36.856],
            [174.6096, -36.8584],
            [174.6133, -36.8553],
            [174.6184, -36.8551],
            [174.629, -36.8468],
            [174.6319, -36.8389],
            [174.6398, -36.8334],
            [174.643, -36.8236],
            [174.652, -36.8195],
            [174.6746, -36.8147],
            [174.6948, -36.8357],
            [174.6835, -36.8372],
            [174.6726, -36.8422],
            [174.6613, -36.8542]
          ]
        ]
      },
      "properties": { "name": "Te Atatū" }
    },
    {
      "type": "Feature",
      "id": 54,
      "geometry": {
        "type": "Polygon",
        "coordinates": [
          [
            [176.3868, -39.2695],
            [176.4206, -39.3762],
            [176.4229, -39.3753],
            [176.4231, -39.3729],
            [176.4255, -39.3709],
            [176.4288, -39.3709],
            [176.4294, -39.3696],
            [176.443, -39.371],
            [176.4432, -39.3728],
            [176.4476, -39.3745],
            [176.4482, -39.378],
            [176.4529, -39.3785],
            [176.4541, -39.3823],
            [176.4578, -39.3844],
            [176.4748, -39.3894],
            [176.4931, -39.3918],
            [176.4918, -39.3945],
            [176.4934, -39.3948],
            [176.4931, -39.3977],
            [176.5032, -39.4047],
            [176.5012, -39.4074],
            [176.5012, -39.4111],
            [176.5035, -39.4117],
            [176.5033, -39.4135],
            [176.5102, -39.4146],
            [176.5142, -39.4179],
            [176.5168, -39.4173],
            [176.5172, -39.4201],
            [176.5226, -39.4189],
            [176.5254, -39.4201],
            [176.5301, -39.4176],
            [176.5344, -39.4227],
            [176.5386, -39.4234],
            [176.5393, -39.4262],
            [176.5422, -39.4286],
            [176.5452, -39.428],
            [176.5507, -39.4312],
            [176.5545, -39.4309],
            [176.559, -39.4252],
            [176.5651, -39.4276],
            [176.5652, -39.4336],
            [176.5675, -39.434],
            [176.5698, -39.4317],
            [176.5736, -39.4322],
            [176.5709, -39.436],
            [176.5744, -39.4373],
            [176.5748, -39.441],
            [176.5782, -39.4426],
            [176.5785, -39.4448],
            [176.5725, -39.4482],
            [176.5756, -39.4491],
            [176.5804, -39.4469],
            [176.5779, -39.4495],
            [176.5786, -39.4508],
            [176.5884, -39.4544],
            [176.5907, -39.4587],
            [176.5968, -39.4581],
            [176.5989, -39.4559],
            [176.6041, -39.4591],
            [176.6077, -39.459],
            [176.6082, -39.4546],
            [176.6145, -39.454],
            [176.6125, -39.4502],
            [176.6147, -39.4496],
            [176.6216, -39.453],
            [176.6235, -39.4491],
            [176.6305, -39.4475],
            [176.6367, -39.45],
            [176.64, -39.4545],
            [176.6398, -39.4565],
            [176.6457, -39.4575],
            [176.6489, -39.4626],
            [176.6491, -39.4672],
            [176.6576, -39.4683],
            [176.6539, -39.4729],
            [176.66, -39.4735],
            [176.6604, -39.4754],
            [176.6575, -39.4778],
            [176.6673, -39.4769],
            [176.6643, -39.4829],
            [176.665, -39.4846],
            [176.6693, -39.4838],
            [176.6687, -39.4861],
            [176.6701, -39.4873],
            [176.674, -39.4842],
            [176.6772, -39.4854],
            [176.6822, -39.4832],
            [176.687, -39.4881],
            [176.6954, -39.4884],
            [176.6979, -39.4845],
            [176.7041, -39.4815],
            [176.7178, -39.4878],
            [176.7207, -39.4919],
            [176.72, -39.4946],
            [176.7247, -39.5017],
            [176.73, -39.5048],
            [176.7375, -39.5055],
            [176.743, -39.5039],
            [176.7505, -39.5056],
            [176.7568, -39.5042],
            [176.7733, -39.5082],
            [176.7791, -39.5114],
            [176.7895, -39.5121],
            [176.7995, -39.5242],
            [176.8062, -39.5472],
            [176.8148, -39.5547],
            [176.821, -39.5564],
            [176.8268, -39.556],
            [176.8414, -39.5484],
            [176.8591, -39.55],
            [176.8669, -39.5538],
            [176.874, -39.5661],
            [176.8847, -39.5705],
            [176.8951, -39.5696],
            [176.9171, -39.5613],
            [176.9265, -39.5617],
            [177.3193, -39.4305],
            [177.3565, -39.6267],
            [177.3569, -39.6535],
            [177.3531, -39.679],
            [177.3441, -39.706],
            [177.335, -39.724],
            [177.3042, -39.7692],
            [177.288, -39.7893],
            [177.2936, -39.8158],
            [177.2942, -39.8454],
            [177.2893, -39.8738],
            [177.2803, -39.8992],
            [177.267, -39.9234],
            [177.2492, -39.9466],
            [177.2263, -39.969],
            [177.203, -39.9861],
            [177.1814, -40.0273],
            [177.1625, -40.0555],
            [177.1634, -40.0768],
            [177.159, -40.1081],
            [177.1525, -40.1283],
            [177.1418, -40.1507],
            [176.8705, -40.0989],
            [176.864, -40.0959],
            [176.8549, -40.0887],
            [176.8458, -40.0864],
            [176.8439, -40.0821],
            [176.8404, -40.0797],
            [176.8389, -40.0714],
            [176.8308, -40.0709],
            [176.8284, -40.0734],
            [176.8207, -40.0743],
            [176.8181, -40.0727],
            [176.8175, -40.0698],
            [176.8146, -40.0683],
            [176.8096, -40.0697],
            [176.8077, -40.0659],
            [176.8028, -40.062],
            [176.7946, -40.0605],
            [176.7909, -40.0562],
            [176.7774, -40.0528],
            [176.7632, -40.0464],
            [176.7563, -40.0475],
            [176.7522, -40.0465],
            [176.7478, -40.0402],
            [176.7477, -40.0343],
            [176.7293, -40.0207],
            [176.7276, -40.0144],
            [176.731, -40.0083],
            [176.7298, -40.004],
            [176.7245, -40.0007],
            [176.7163, -39.9991],
            [176.7139, -39.9958],
            [176.7076, -39.9947],
            [176.7022, -39.9884],
            [176.6918, -39.985],
            [176.6925, -39.9775],
            [176.6897, -39.9735],
            [176.6867, -39.9622],
            [176.6849, -39.9612],
            [176.6833, -39.9604],
            [176.6748, -39.9682],
            [176.6605, -39.9779],
            [176.6455, -39.9773],
            [176.6345, -39.9741],
            [176.6366, -39.9697],
            [176.6458, -39.9645],
            [176.6458, -39.9607],
            [176.6491, -39.9585],
            [176.6548, -39.9423],
            [176.6461, -39.9361],
            [176.6387, -39.9331],
            [176.613, -39.9282],
            [176.6114, -39.9274],
            [176.6151, -39.9247],
            [176.5972, -39.9177],
            [176.5955, -39.9229],
            [176.5925, -39.924],
            [176.5908, -39.9327],
            [176.5806, -39.9317],
            [176.5781, -39.9363],
            [176.5725, -39.9346],
            [176.5723, -39.9371],
            [176.5666, -39.9373],
            [176.5674, -39.9463],
            [176.5854, -39.9478],
            [176.5856, -39.9522],
            [176.5694, -39.9708],
            [176.5687, -39.9764],
            [176.564, -39.984],
            [176.5585, -39.9892],
            [176.5288, -39.985],
            [176.5137, -39.9861],
            [176.5134, -39.9839],
            [176.5075, -39.9774],
            [176.5005, -39.9741],
            [176.4975, -39.9693],
            [176.4978, -39.9732],
            [176.4909, -39.9724],
            [176.484, -39.9768],
            [176.4778, -39.9738],
            [176.469, -39.9732],
            [176.4643, -39.9713],
            [176.4575, -39.9717],
            [176.4457, -39.968],
            [176.419, -39.9717],
            [176.4144, -39.9742],
            [176.4065, -39.9749],
            [176.4046, -39.9782],
            [176.3921, -39.9841],
            [176.381, -39.9819],
            [176.3751, -40.0001],
            [176.3633, -40.0036],
            [176.3613, -40.0047],
            [176.3593, -40.0094],
            [176.3496, -40.014],
            [176.3349, -40.0135],
            [176.3326, -40.0155],
            [176.3272, -40.0136],
            [176.3188, -40.0167],
            [176.3118, -40.0138],
            [176.298, -40.0178],
            [176.2947, -40.0161],
            [176.2845, -40.0172],
            [176.2821, -40.016],
            [176.2795, -40.0173],
            [176.277, -40.016],
            [176.2694, -40.017],
            [176.2672, -40.0155],
            [176.2671, -40.021],
            [176.2688, -40.0207],
            [176.2612, -40.0286],
            [176.251, -40.0435],
            [176.2487, -40.0402],
            [176.2387, -40.0384],
            [176.2388, -40.0273],
            [176.2178, -40.0288],
            [176.2175, -40.0263],
            [176.2135, -40.0256],
            [176.2135, -40.0178],
            [176.205, -40.019],
            [176.1813, -40.0182],
            [176.1806, -40.0162],
            [176.1652, -40.0176],
            [176.1543, -40.0122],
            [176.1366, -40.0286],
            [176.1334, -40.0247],
            [176.1244, -40.0187],
            [176.1255, -40.0136],
            [176.0938, -39.9955],
            [176.1016, -39.9843],
            [176.1032, -39.9772],
            [176.1121, -39.9705],
            [176.1162, -39.9696],
            [176.1211, -39.9624],
            [176.1171, -39.9577],
            [176.1245, -39.9478],
            [176.1097, -39.9419],
            [176.1096, -39.9392],
            [176.1117, -39.938],
            [176.1154, -39.9294],
            [176.1136, -39.9247],
            [176.1068, -39.9171],
            [176.1203, -39.9097],
            [176.1261, -39.9048],
            [176.1269, -39.8916],
            [176.1231, -39.888],
            [176.1172, -39.8868],
            [176.1268, -39.8615],
            [176.135, -39.8506],
            [176.138, -39.8239],
            [176.1769, -39.744],
            [176.1691, -39.7179],
            [176.1805, -39.7111],
            [176.1842, -39.6838],
            [176.1927, -39.6798],
            [176.2009, -39.673],
            [176.1959, -39.6636],
            [176.1651, -39.6487],
            [176.1813, -39.6169],
            [176.179, -39.6053],
            [176.1735, -39.6021],
            [176.1653, -39.6016],
            [176.1614, -39.6029],
            [176.1576, -39.5968],
            [176.1527, -39.5983],
            [176.1427, -39.5847],
            [176.1448, -39.5824],
            [176.1547, -39.5836],
            [176.1603, -39.5807],
            [176.1663, -39.5828],
            [176.1703, -39.5816],
            [176.1745, -39.5786],
            [176.1741, -39.5766],
            [176.1823, -39.5718],
            [176.1823, -39.5685],
            [176.1868, -39.5646],
            [176.1895, -39.5597],
            [176.1992, -39.5571],
            [176.1981, -39.5545],
            [176.2001, -39.5535],
            [176.1999, -39.5464],
            [176.2066, -39.5405],
            [176.2103, -39.5335],
            [176.2196, -39.5321],
            [176.2214, -39.5336],
            [176.2244, -39.5318],
            [176.2269, -39.5338],
            [176.2289, -39.5319],
            [176.2321, -39.532],
            [176.2323, -39.5302],
            [176.2353, -39.5304],
            [176.2373, -39.5282],
            [176.2378, -39.5253],
            [176.2432, -39.5248],
            [176.2494, -39.5211],
            [176.2509, -39.5171],
            [176.2543, -39.5169],
            [176.2531, -39.515],
            [176.2572, -39.5145],
            [176.2569, -39.5119],
            [176.2612, -39.5121],
            [176.2646, -39.5153],
            [176.2658, -39.5129],
            [176.2682, -39.514],
            [176.2715, -39.5099],
            [176.2712, -39.5068],
            [176.2789, -39.5074],
            [176.2795, -39.5026],
            [176.282, -39.5024],
            [176.282, -39.5039],
            [176.2854, -39.5054],
            [176.2916, -39.5008],
            [176.3003, -39.5075],
            [176.3019, -39.5051],
            [176.2994, -39.504],
            [176.3031, -39.5014],
            [176.3075, -39.5039],
            [176.3105, -39.5017],
            [176.3144, -39.5023],
            [176.3155, -39.5043],
            [176.3122, -39.5058],
            [176.3127, -39.5077],
            [176.3185, -39.5081],
            [176.3233, -39.5062],
            [176.324, -39.5014],
            [176.3327, -39.5044],
            [176.3419, -39.5023],
            [176.3416, -39.5008],
            [176.3378, -39.5013],
            [176.3396, -39.4984],
            [176.339, -39.4966],
            [176.3336, -39.4993],
            [176.332, -39.4983],
            [176.3363, -39.4926],
            [176.3352, -39.491],
            [176.3376, -39.4903],
            [176.3372, -39.4883],
            [176.334, -39.4893],
            [176.3307, -39.4877],
            [176.3252, -39.4878],
            [176.3257, -39.4935],
            [176.3219, -39.4933],
            [176.3209, -39.4976],
            [176.3159, -39.4972],
            [176.3181, -39.4935],
            [176.3153, -39.4932],
            [176.3194, -39.4877],
            [176.3138, -39.4824],
            [176.3163, -39.4791],
            [176.3188, -39.4811],
            [176.3216, -39.4789],
            [176.3178, -39.4743],
            [176.315, -39.4756],
            [176.3127, -39.4745],
            [176.3145, -39.4718],
            [176.3086, -39.4708],
            [176.3118, -39.469],
            [176.3071, -39.463],
            [176.3094, -39.4619],
            [176.3093, -39.4599],
            [176.3135, -39.4589],
            [176.3103, -39.4546],
            [176.3144, -39.4535],
            [176.3119, -39.4511],
            [176.3106, -39.4454],
            [176.3057, -39.4447],
            [176.3062, -39.4421],
            [176.3038, -39.4413],
            [176.3087, -39.441],
            [176.3065, -39.4383],
            [176.3025, -39.4371],
            [176.309, -39.4312],
            [176.3062, -39.43],
            [176.3065, -39.4281],
            [176.3082, -39.4283],
            [176.309, -39.4253],
            [176.317, -39.4195],
            [176.3102, -39.4186],
            [176.3104, -39.417],
            [176.3156, -39.4127],
            [176.3184, -39.4146],
            [176.3228, -39.4141],
            [176.3201, -39.4117],
            [176.3234, -39.4116],
            [176.3236, -39.4082],
            [176.3203, -39.4085],
            [176.3196, -39.4068],
            [176.3263, -39.406],
            [176.3229, -39.402],
            [176.3258, -39.4003],
            [176.3238, -39.3982],
            [176.3275, -39.3966],
            [176.3286, -39.3934],
            [176.326, -39.3921],
            [176.3218, -39.3941],
            [176.3204, -39.3893],
            [176.3236, -39.3868],
            [176.3272, -39.3886],
            [176.3317, -39.3873],
            [176.3306, -39.3855],
            [176.3331, -39.3841],
            [176.3319, -39.379],
            [176.3306, -39.3783],
            [176.3285, -39.3799],
            [176.3276, -39.3783],
            [176.3314, -39.3772],
            [176.3322, -39.3751],
            [176.3291, -39.373],
            [176.3282, -39.3685],
            [176.3215, -39.3707],
            [176.3107, -39.3702],
            [176.3115, -39.3665],
            [176.3049, -39.3653],
            [176.3067, -39.3612],
            [176.3033, -39.3598],
            [176.3024, -39.3566],
            [176.2984, -39.3587],
            [176.2932, -39.3581],
            [176.2916, -39.363],
            [176.2865, -39.3623],
            [176.2849, -39.3596],
            [176.283, -39.3603],
            [176.2804, -39.3585],
            [176.2785, -39.3593],
            [176.2783, -39.3617],
            [176.2757, -39.3622],
            [176.2758, -39.3586],
            [176.2732, -39.3596],
            [176.2706, -39.3581],
            [176.2715, -39.3525],
            [176.2654, -39.3495],
            [176.2701, -39.3461],
            [176.2661, -39.3446],
            [176.2664, -39.3413],
            [176.2638, -39.3373],
            [176.2728, -39.3377],
            [176.2711, -39.3343],
            [176.2763, -39.3299],
            [176.2725, -39.3288],
            [176.2774, -39.327],
            [176.2774, -39.3194],
            [176.2816, -39.3186],
            [176.2823, -39.3145],
            [176.2799, -39.3124],
            [176.2817, -39.3091],
            [176.286, -39.3104],
            [176.2913, -39.3069],
            [176.2938, -39.3079],
            [176.2989, -39.3053],
            [176.3026, -39.3007],
            [176.3016, -39.2976],
            [176.3051, -39.2919],
            [176.3044, -39.286],
            [176.2992, -39.2851],
            [176.301, -39.2841],
            [176.2992, -39.2759],
            [176.2933, -39.2772],
            [176.2943, -39.2715],
            [176.3868, -39.2695]
          ]
        ]
      },
      "properties": { "name": "Tukituki" }
    },
    {
      "type": "Feature",
      "id": 55,
      "geometry": {
        "type": "Polygon",
        "coordinates": [
          [
            [174.7386, -36.7631],
            [174.7427, -36.7718],
            [174.7336, -36.7781],
            [174.7337, -36.7804],
            [174.7261, -36.7792],
            [174.7248, -36.7768],
            [174.7199, -36.7771],
            [174.7189, -36.7787],
            [174.7128, -36.7796],
            [174.706, -36.7852],
            [174.7029, -36.7851],
            [174.6955, -36.781],
            [174.6801, -36.7869],
            [174.6761, -36.7917],
            [174.6746, -36.8147],
            [174.652, -36.8195],
            [174.643, -36.8236],
            [174.6398, -36.8334],
            [174.6319, -36.8389],
            [174.629, -36.8468],
            [174.6188, -36.8549],
            [174.6133, -36.8553],
            [174.6106, -36.8582],
            [174.6086, -36.858],
            [174.6086, -36.856],
            [174.6052, -36.8551],
            [174.602, -36.8505],
            [174.6048, -36.8463],
            [174.5937, -36.8434],
            [174.5969, -36.841],
            [174.597, -36.8365],
            [174.6016, -36.8366],
            [174.6035, -36.8342],
            [174.6048, -36.8359],
            [174.6173, -36.8376],
            [174.621, -36.8397],
            [174.6138, -36.813],
            [174.6521, -36.7929],
            [174.653, -36.7912],
            [174.6503, -36.7857],
            [174.6634, -36.7815],
            [174.6639, -36.7765],
            [174.6611, -36.7715],
            [174.6732, -36.7591],
            [174.6808, -36.7639],
            [174.6893, -36.761],
            [174.6937, -36.7648],
            [174.6981, -36.7629],
            [174.708, -36.7542],
            [174.726, -36.7508],
            [174.7386, -36.7631]
          ]
        ]
      },
      "properties": { "name": "Upper Harbour" }
    },
    {
      "type": "Feature",
      "id": 56,
      "geometry": {
        "type": "Polygon",
        "coordinates": [
          [
            [175.3437, -37.3279],
            [175.3602, -37.3539],
            [175.3757, -37.3698],
            [175.3791, -37.3703],
            [175.3839, -37.3742],
            [175.382, -37.3764],
            [175.3817, -37.3816],
            [175.3763, -37.3896],
            [175.3774, -37.3931],
            [175.3847, -37.3974],
            [175.3859, -37.4006],
            [175.3879, -37.4008],
            [175.3886, -37.4047],
            [175.3949, -37.4108],
            [175.3969, -37.4218],
            [175.3952, -37.4243],
            [175.3913, -37.4258],
            [175.3904, -37.4322],
            [175.3959, -37.4392],
            [175.4117, -37.4248],
            [175.4125, -37.4286],
            [175.4087, -37.438],
            [175.4309, -37.4417],
            [175.438, -37.4406],
            [175.437, -37.4501],
            [175.4692, -37.4361],
            [175.5115, -37.4303],
            [175.5112, -37.429],
            [175.5205, -37.423],
            [175.5207, -37.4198],
            [175.5839, -37.4192],
            [175.5877, -37.4241],
            [175.5981, -37.419],
            [175.6314, -37.4188],
            [175.6326, -37.425],
            [175.6292, -37.4266],
            [175.6295, -37.4333],
            [175.6348, -37.4351],
            [175.6403, -37.4396],
            [175.6401, -37.4418],
            [175.6372, -37.4435],
            [175.6402, -37.4471],
            [175.6403, -37.4493],
            [175.6386, -37.4498],
            [175.6398, -37.4537],
            [175.6464, -37.4547],
            [175.6721, -37.4509],
            [175.6847, -37.4571],
            [175.6904, -37.4631],
            [175.7017, -37.4586],
            [175.7061, -37.4693],
            [175.7076, -37.4687],
            [175.7062, -37.4593],
            [175.7121, -37.4625],
            [175.7549, -37.4631],
            [175.7553, -37.4787],
            [175.7534, -37.482],
            [175.7551, -37.4867],
            [175.7506, -37.4938],
            [175.7522, -37.4964],
            [175.7509, -37.5],
            [175.7526, -37.5029],
            [175.7539, -37.5179],
            [175.7513, -37.523],
            [175.7533, -37.5266],
            [175.7435, -37.5334],
            [175.7647, -37.5232],
            [175.8217, -37.5716],
            [175.823, -37.5826],
            [175.8328, -37.5976],
            [175.8346, -37.5982],
            [175.8356, -37.6035],
            [175.8415, -37.6133],
            [175.8398, -37.6181],
            [175.8408, -37.6206],
            [175.8367, -37.6228],
            [175.8358, -37.6267],
            [175.8336, -37.6275],
            [175.8371, -37.6322],
            [175.8375, -37.6354],
            [175.8415, -37.6388],
            [175.8408, -37.6419],
            [175.8432, -37.6432],
            [175.8445, -37.6486],
            [175.8481, -37.6519],
            [175.8521, -37.662],
            [175.8563, -37.6628],
            [175.8652, -37.6681],
            [175.8648, -37.6722],
            [175.8709, -37.6775],
            [175.8721, -37.6863],
            [175.8795, -37.6993],
            [175.8897, -37.7011],
            [175.8899, -37.7092],
            [175.8921, -37.7112],
            [175.8968, -37.7118],
            [175.898, -37.7142],
            [175.8957, -37.7167],
            [175.9002, -37.7184],
            [175.8981, -37.7194],
            [175.8978, -37.7213],
            [175.8996, -37.7222],
            [175.8952, -37.7242],
            [175.9276, -37.7762],
            [175.9059, -37.8286],
            [175.935, -37.8426],
            [175.9281, -37.8472],
            [175.9279, -37.8521],
            [175.9319, -37.8616],
            [175.9399, -37.868],
            [175.9365, -37.8701],
            [175.9379, -37.8737],
            [175.9363, -37.8814],
            [175.9396, -37.8826],
            [175.943, -37.8791],
            [175.9478, -37.8788],
            [175.9609, -37.8894],
            [175.9677, -37.8833],
            [175.9718, -37.8828],
            [175.9542, -37.9019],
            [175.958, -37.9058],
            [175.9772, -37.9137],
            [175.9469, -37.9227],
            [175.9409, -37.9294],
            [175.9494, -37.9567],
            [175.9533, -37.9628],
            [175.9593, -37.9675],
            [175.9653, -37.9655],
            [175.9699, -37.9688],
            [175.9726, -37.9741],
            [175.9707, -37.9796],
            [175.9618, -37.9858],
            [175.9288, -38.0172],
            [175.917, -38.0119],
            [175.9137, -38.0131],
            [175.8985, -38.0105],
            [175.8901, -38.0116],
            [175.9054, -38.0156],
            [175.8932, -38.0363],
            [175.8831, -38.034],
            [175.8226, -38.0029],
            [175.821, -38.0002],
            [175.8172, -38.0006],
            [175.8091, -37.9962],
            [175.7997, -37.9954],
            [175.7736, -37.9856],
            [175.765, -37.9844],
            [175.7639, -37.9831],
            [175.7651, -37.9819],
            [175.7663, -37.983],
            [175.7669, -37.9809],
            [175.7663, -37.9791],
            [175.7643, -37.9794],
            [175.7637, -37.976],
            [175.7647, -37.9766],
            [175.7656, -37.974],
            [175.7566, -37.9696],
            [175.7537, -37.9698],
            [175.7529, -37.9683],
            [175.7482, -37.9684],
            [175.7461, -37.9744],
            [175.7431, -37.9745],
            [175.7348, -37.9827],
            [175.7297, -37.9777],
            [175.7275, -37.9785],
            [175.7263, -37.9718],
            [175.7288, -37.9516],
            [175.7008, -37.9364],
            [175.694, -37.9417],
            [175.6861, -37.9395],
            [175.6852, -37.9416],
            [175.6757, -37.9422],
            [175.6742, -37.9441],
            [175.6697, -37.9411],
            [175.6669, -37.9452],
            [175.6627, -37.9463],
            [175.6619, -37.9493],
            [175.6586, -37.9521],
            [175.6561, -37.9489],
            [175.6503, -37.9468],
            [175.6483, -37.9416],
            [175.6527, -37.9384],
            [175.6278, -37.9325],
            [175.6236, -37.9351],
            [175.6227, -37.9342],
            [175.62, -37.9369],
            [175.6064, -37.9341],
            [175.6001, -37.9365],
            [175.5992, -37.9387],
            [175.5961, -37.938],
            [175.5923, -37.9413],
            [175.5824, -37.9386],
            [175.5775, -37.9393],
            [175.5688, -37.9268],
            [175.5544, -37.9164],
            [175.5392, -37.9126],
            [175.5251, -37.9068],
            [175.5042, -37.8949],
            [175.4762, -37.8708],
            [175.4703, -37.8689],
            [175.4583, -37.8686],
            [175.4554, -37.8621],
            [175.4317, -37.8353],
            [175.4258, -37.8353],
            [175.4256, -37.8397],
            [175.4207, -37.838],
            [175.4209, -37.8454],
            [175.4247, -37.8454],
            [175.4243, -37.8748],
            [175.4093, -37.8748],
            [175.4029, -37.8846],
            [175.3972, -37.8831],
            [175.3921, -37.875],
            [175.3817, -37.8704],
            [175.3768, -37.8698],
            [175.3606, -37.8726],
            [175.3563, -37.8702],
            [175.3477, -37.8604],
            [175.3501, -37.8476],
            [175.3475, -37.8398],
            [175.3355, -37.8358],
            [175.3266, -37.8296],
            [175.3265, -37.8276],
            [175.3304, -37.8223],
            [175.323, -37.8135],
            [175.3237, -37.8109],
            [175.3251, -37.8138],
            [175.3281, -37.8151],
            [175.3286, -37.8124],
            [175.3315, -37.8097],
            [175.3303, -37.8063],
            [175.3317, -37.8059],
            [175.3323, -37.8005],
            [175.3344, -37.799],
            [175.3334, -37.7974],
            [175.3352, -37.7958],
            [175.3413, -37.7957],
            [175.3449, -37.7929],
            [175.3364, -37.785],
            [175.3305, -37.7702],
            [175.3159, -37.7594],
            [175.3067, -37.7451],
            [175.2934, -37.7482],
            [175.2874, -37.7328],
            [175.2899, -37.7218],
            [175.2864, -37.7226],
            [175.2782, -37.7195],
            [175.2774, -37.7208],
            [175.272, -37.7201],
            [175.2668, -37.7222],
            [175.2526, -37.7232],
            [175.2464, -37.7198],
            [175.2327, -37.7187],
            [175.2278, -37.7229],
            [175.2226, -37.719],
            [175.2188, -37.7134],
            [175.2155, -37.7021],
            [175.2009, -37.6954],
            [175.1887, -37.6929],
            [175.1832, -37.6876],
            [175.1793, -37.6909],
            [175.1709, -37.6847],
            [175.1638, -37.6894],
            [175.1481, -37.693],
            [175.1475, -37.6896],
            [175.1534, -37.6794],
            [175.1468, -37.6767],
            [175.1402, -37.6765],
            [175.1386, -37.6747],
            [175.1432, -37.6636],
            [175.1427, -37.6592],
            [175.1446, -37.6559],
            [175.1434, -37.6547],
            [175.1474, -37.6492],
            [175.1386, -37.6479],
            [175.1278, -37.649],
            [175.1181, -37.6468],
            [175.1188, -37.6454],
            [175.0758, -37.6497],
            [175.0744, -37.6396],
            [175.0649, -37.6401],
            [175.0581, -37.6372],
            [175.0536, -37.6444],
            [175.048, -37.6428],
            [175.0432, -37.6385],
            [175.0387, -37.6433],
            [175.0263, -37.6429],
            [175.0225, -37.6349],
            [175.0237, -37.6311],
            [175.0214, -37.6242],
            [175.0145, -37.629],
            [175.0102, -37.6174],
            [175.0053, -37.6186],
            [175.0003, -37.6046],
            [174.9915, -37.6046],
            [174.9912, -37.5882],
            [175.0243, -37.5732],
            [175.009, -37.5571],
            [175.0157, -37.5572],
            [175.0231, -37.5549],
            [175.0241, -37.5563],
            [175.0373, -37.5461],
            [175.0472, -37.5438],
            [175.0391, -37.5351],
            [175.0383, -37.5358],
            [175.0341, -37.5224],
            [175.0268, -37.5224],
            [175.0255, -37.5176],
            [175.0227, -37.5177],
            [175.0226, -37.5156],
            [175.0247, -37.5155],
            [175.0273, -37.5077],
            [175.0298, -37.5074],
            [175.03, -37.5042],
            [175.034, -37.499],
            [175.0355, -37.5002],
            [175.0347, -37.5031],
            [175.0385, -37.5016],
            [175.0376, -37.4958],
            [175.04, -37.4933],
            [175.0387, -37.4968],
            [175.0399, -37.4975],
            [175.0394, -37.5004],
            [175.0478, -37.5041],
            [175.0466, -37.4981],
            [175.0487, -37.4949],
            [175.0468, -37.4898],
            [175.0491, -37.488],
            [175.0456, -37.4845],
            [175.045, -37.4807],
            [175.0471, -37.478],
            [175.0459, -37.4759],
            [175.0532, -37.4784],
            [175.0601, -37.475],
            [175.0615, -37.4741],
            [175.0586, -37.4714],
            [175.0634, -37.4664],
            [175.0625, -37.4717],
            [175.0606, -37.4725],
            [175.0698, -37.4789],
            [175.072, -37.4744],
            [175.0709, -37.4721],
            [175.0732, -37.4715],
            [175.0724, -37.4697],
            [175.0763, -37.4657],
            [175.0759, -37.4601],
            [175.0782, -37.4568],
            [175.0781, -37.4539],
            [175.0804, -37.4532],
            [175.0796, -37.4554],
            [175.0832, -37.4545],
            [175.0882, -37.4473],
            [175.0874, -37.4457],
            [175.0895, -37.4408],
            [175.0858, -37.438],
            [175.0863, -37.4305],
            [175.0911, -37.4307],
            [175.1056, -37.4272],
            [175.1062, -37.4254],
            [175.1169, -37.4253],
            [175.1235, -37.427],
            [175.1294, -37.4309],
            [175.1309, -37.4336],
            [175.1439, -37.4343],
            [175.1463, -37.436],
            [175.1598, -37.4326],
            [175.1649, -37.4333],
            [175.1671, -37.432],
            [175.2243, -37.4269],
            [175.2221, -37.4231],
            [175.2263, -37.4172],
            [175.2237, -37.4114],
            [175.2257, -37.4075],
            [175.2224, -37.4058],
            [175.2228, -37.4036],
            [175.2165, -37.3961],
            [175.2067, -37.3894],
            [175.2088, -37.3861],
            [175.2446, -37.3683],
            [175.235, -37.3594],
            [175.2504, -37.3521],
            [175.2449, -37.344],
            [175.2551, -37.3391],
            [175.2575, -37.3363],
            [175.253, -37.33],
            [175.2617, -37.326],
            [175.2693, -37.3297],
            [175.2705, -37.3319],
            [175.2759, -37.3336],
            [175.2794, -37.3322],
            [175.2805, -37.3298],
            [175.2898, -37.3305],
            [175.2991, -37.3276],
            [175.3154, -37.3278],
            [175.3166, -37.3264],
            [175.3276, -37.3321],
            [175.3321, -37.3211],
            [175.3415, -37.3243],
            [175.3437, -37.3279]
          ]
        ]
      },
      "properties": { "name": "Waikato" }
    },
    {
      "type": "Feature",
      "id": 57,
      "geometry": {
        "type": "Polygon",
        "coordinates": [
          [
            [172.2213, -42.9549],
            [172.2231, -42.9566],
            [172.2182, -42.9572],
            [172.2128, -42.9647],
            [172.215, -42.9671],
            [172.2098, -42.9664],
            [172.2092, -42.9692],
            [172.2118, -42.9736],
            [172.2138, -42.9704],
            [172.2166, -42.9705],
            [172.2198, -42.974],
            [172.2239, -42.9752],
            [172.2287, -42.9821],
            [172.2317, -42.9826],
            [172.2344, -42.9814],
            [172.2434, -42.9821],
            [172.2541, -42.9774],
            [172.2585, -42.9782],
            [172.261, -42.9766],
            [172.2592, -42.9803],
            [172.26, -42.9823],
            [172.2616, -42.9821],
            [172.2621, -42.9794],
            [172.2639, -42.983],
            [172.2666, -42.9813],
            [172.2665, -42.9838],
            [172.2714, -42.9919],
            [172.261, -42.9957],
            [172.2579, -42.9992],
            [172.2573, -43.0028],
            [172.2655, -43.007],
            [172.267, -43.0172],
            [172.2698, -43.0197],
            [172.281, -43.0231],
            [172.2915, -43.0293],
            [172.3114, -43.0276],
            [172.3266, -43.0184],
            [172.3319, -43.018],
            [172.3347, -43.028],
            [172.3285, -43.0363],
            [172.3338, -43.0448],
            [172.3472, -43.0504],
            [172.3536, -43.0557],
            [172.3575, -43.0563],
            [172.3587, -43.0606],
            [172.3657, -43.0643],
            [172.369, -43.0696],
            [172.3762, -43.0732],
            [172.3811, -43.0737],
            [172.3796, -43.0755],
            [172.3861, -43.0789],
            [172.3853, -43.0809],
            [172.3867, -43.0829],
            [172.3841, -43.0832],
            [172.3845, -43.0859],
            [172.3819, -43.0868],
            [172.382, -43.0939],
            [172.3771, -43.0966],
            [172.3799, -43.1015],
            [172.3767, -43.1024],
            [172.3738, -43.1001],
            [172.3685, -43.109],
            [172.3631, -43.1054],
            [172.3611, -43.1086],
            [172.3576, -43.1083],
            [172.3604, -43.1132],
            [172.3589, -43.1153],
            [172.3631, -43.1166],
            [172.3602, -43.1186],
            [172.3618, -43.1202],
            [172.3604, -43.1222],
            [172.3642, -43.1231],
            [172.3653, -43.1251],
            [172.3574, -43.1251],
            [172.3543, -43.1282],
            [172.3499, -43.1251],
            [172.3481, -43.1255],
            [172.3509, -43.1295],
            [172.3559, -43.1303],
            [172.3451, -43.1315],
            [172.3358, -43.1407],
            [172.3289, -43.1444],
            [172.2907, -43.1275],
            [172.2692, -43.1258],
            [172.2592, -43.1289],
            [172.2567, -43.1278],
            [172.2548, -43.1244],
            [172.2482, -43.1243],
            [172.2461, -43.1255],
            [172.2475, -43.1297],
            [172.2443, -43.1371],
            [172.2318, -43.1452],
            [172.2333, -43.1504],
            [172.2262, -43.1601],
            [172.2316, -43.1687],
            [172.2291, -43.1726],
            [172.2254, -43.1734],
            [172.2247, -43.1786],
            [172.211, -43.1806],
            [172.2035, -43.1855],
            [172.1959, -43.1864],
            [172.1839, -43.1848],
            [172.1748, -43.1877],
            [172.165, -43.1753],
            [172.1524, -43.1843],
            [172.142, -43.1871],
            [172.1383, -43.1947],
            [172.1412, -43.1986],
            [172.1418, -43.2042],
            [172.1492, -43.2086],
            [172.1493, -43.2157],
            [172.1467, -43.2171],
            [172.1526, -43.2167],
            [172.1528, -43.2229],
            [172.1562, -43.2233],
            [172.159, -43.2269],
            [172.1623, -43.2238],
            [172.1752, -43.2228],
            [172.1776, -43.2209],
            [172.1848, -43.2217],
            [172.1861, -43.2201],
            [172.1856, -43.2163],
            [172.1885, -43.2147],
            [172.196, -43.2182],
            [172.1993, -43.2137],
            [172.2005, -43.2142],
            [172.1995, -43.2196],
            [172.2033, -43.2228],
            [172.1958, -43.2222],
            [172.1921, -43.228],
            [172.1962, -43.228],
            [172.1973, -43.2296],
            [172.1962, -43.2324],
            [172.2006, -43.2344],
            [172.2052, -43.2319],
            [172.2024, -43.2361],
            [172.2055, -43.2361],
            [172.2075, -43.2327],
            [172.2069, -43.2306],
            [172.2103, -43.229],
            [172.22, -43.2299],
            [172.2258, -43.2269],
            [172.2299, -43.2301],
            [172.2297, -43.2354],
            [172.2311, -43.2379],
            [172.2484, -43.2441],
            [172.2645, -43.2418],
            [172.2908, -43.2435],
            [172.3221, -43.241],
            [172.3362, -43.2449],
            [172.3626, -43.2564],
            [172.377, -43.2595],
            [172.4092, -43.2555],
            [172.4409, -43.2555],
            [172.4636, -43.2629],
            [172.489, -43.2774],
            [172.5171, -43.283],
            [172.548, -43.2837],
            [172.5889, -43.2803],
            [172.6032, -43.2826],
            [172.6259, -43.2822],
            [172.658, -43.2759],
            [172.6711, -43.2757],
            [172.6966, -43.2787],
            [172.7254, -43.2776],
            [173.0063, -43.2958],
            [172.9882, -43.3369],
            [172.9851, -43.3484],
            [172.9842, -43.3622],
            [172.986, -43.3794],
            [172.7012, -43.3909],
            [172.681, -43.3906],
            [172.6732, -43.3987],
            [172.6512, -43.4128],
            [172.6529, -43.4152],
            [172.6527, -43.4209],
            [172.6488, -43.4272],
            [172.6497, -43.4326],
            [172.6557, -43.4416],
            [172.6582, -43.4624],
            [172.647, -43.4687],
            [172.6392, -43.468],
            [172.6337, -43.4647],
            [172.6309, -43.466],
            [172.6282, -43.4633],
            [172.6254, -43.465],
            [172.6209, -43.4642],
            [172.6205, -43.4666],
            [172.6122, -43.4732],
            [172.6072, -43.484],
            [172.6054, -43.4842],
            [172.5995, -43.4842],
            [172.5706, -43.4722],
            [172.5517, -43.4356],
            [172.5227, -43.4423],
            [172.5148, -43.4419],
            [172.4631, -43.4474],
            [172.4324, -43.4476],
            [172.4148, -43.4532],
            [172.3945, -43.4559],
            [172.3277, -43.4607],
            [172.296, -43.4601],
            [172.2587, -43.4552],
            [172.2231, -43.4475],
            [172.1922, -43.4429],
            [172.1403, -43.4224],
            [172.1042, -43.4029],
            [172.0839, -43.381],
            [172.0818, -43.3749],
            [172.0689, -43.366],
            [172.0584, -43.3611],
            [172.0471, -43.3602],
            [172.041, -43.357],
            [172.0261, -43.3536],
            [172.0139, -43.3482],
            [171.9974, -43.3378],
            [171.986, -43.3261],
            [171.9842, -43.3144],
            [171.9532, -43.291],
            [171.9527, -43.2867],
            [171.9577, -43.2852],
            [171.9577, -43.2832],
            [171.9492, -43.2826],
            [171.9456, -43.2744],
            [171.9414, -43.2755],
            [171.9394, -43.2738],
            [171.9406, -43.2708],
            [171.9494, -43.264],
            [171.949, -43.2613],
            [171.9456, -43.2592],
            [171.9484, -43.2547],
            [171.9536, -43.2501],
            [171.9615, -43.2487],
            [171.9574, -43.2447],
            [171.9568, -43.2421],
            [171.9584, -43.2416],
            [171.9618, -43.2444],
            [171.9665, -43.2404],
            [171.9604, -43.2389],
            [171.9591, -43.233],
            [171.9557, -43.2285],
            [171.9499, -43.2278],
            [171.9421, -43.2238],
            [171.9289, -43.2204],
            [171.9284, -43.218],
            [171.9335, -43.2079],
            [171.9309, -43.205],
            [171.9324, -43.2032],
            [171.9394, -43.204],
            [171.9443, -43.2028],
            [171.9466, -43.1967],
            [171.9509, -43.1954],
            [171.9494, -43.1878],
            [171.9517, -43.1852],
            [171.9505, -43.1824],
            [171.9526, -43.1784],
            [171.9962, -43.1786],
            [171.9952, -43.1753],
            [171.9986, -43.1718],
            [172.0032, -43.1538],
            [172.0106, -43.1488],
            [172.02, -43.1464],
            [172.0262, -43.1381],
            [172.0232, -43.1337],
            [172.0257, -43.1257],
            [172.0243, -43.1198],
            [172.0186, -43.1133],
            [172.0206, -43.1039],
            [172.0193, -43.0972],
            [172.0497, -43.0763],
            [172.0542, -43.0712],
            [172.0608, -43.0516],
            [172.0701, -43.0473],
            [172.0783, -43.054],
            [172.0843, -43.0538],
            [172.0926, -43.0476],
            [172.0967, -43.0418],
            [172.0924, -43.0324],
            [172.0975, -43.0285],
            [172.1007, -43.0198],
            [172.1096, -43.0141],
            [172.1138, -43.0092],
            [172.1194, -43.0067],
            [172.1178, -43.0031],
            [172.1196, -42.994],
            [172.1246, -42.9865],
            [172.1351, -42.986],
            [172.1494, -42.9935],
            [172.1549, -42.9943],
            [172.1617, -42.9898],
            [172.1618, -42.9822],
            [172.1662, -42.9749],
            [172.1659, -42.9716],
            [172.1731, -42.9649],
            [172.1817, -42.9625],
            [172.1842, -42.9598],
            [172.1906, -42.9593],
            [172.1979, -42.9562],
            [172.2213, -42.9549]
          ]
        ]
      },
      "properties": { "name": "Waimakariri" }
    },
    {
      "type": "Feature",
      "id": 58,
      "geometry": {
        "type": "Polygon",
        "coordinates": [
          [
            [176.6096, -39.9225],
            [176.6152, -39.9248],
            [176.6114, -39.9274],
            [176.613, -39.9282],
            [176.6387, -39.9331],
            [176.6461, -39.9361],
            [176.6548, -39.9423],
            [176.6491, -39.9585],
            [176.6458, -39.9607],
            [176.6458, -39.9645],
            [176.6366, -39.9697],
            [176.6345, -39.9741],
            [176.6455, -39.9773],
            [176.6605, -39.9779],
            [176.6748, -39.9682],
            [176.6833, -39.9604],
            [176.6867, -39.9622],
            [176.6897, -39.9735],
            [176.6925, -39.9775],
            [176.6918, -39.985],
            [176.7022, -39.9884],
            [176.7076, -39.9947],
            [176.7139, -39.9958],
            [176.7157, -39.9988],
            [176.7245, -40.0007],
            [176.7298, -40.004],
            [176.731, -40.0083],
            [176.7276, -40.0144],
            [176.7293, -40.0207],
            [176.7477, -40.0343],
            [176.7478, -40.0402],
            [176.7526, -40.0467],
            [176.7632, -40.0464],
            [176.7774, -40.0528],
            [176.7909, -40.0562],
            [176.7946, -40.0605],
            [176.8028, -40.062],
            [176.8077, -40.0659],
            [176.8096, -40.0697],
            [176.8146, -40.0683],
            [176.8175, -40.0698],
            [176.8181, -40.0727],
            [176.8207, -40.0743],
            [176.8284, -40.0734],
            [176.8308, -40.0709],
            [176.8389, -40.0714],
            [176.8404, -40.0797],
            [176.8439, -40.0821],
            [176.8458, -40.0864],
            [176.8549, -40.0887],
            [176.864, -40.0959],
            [176.8705, -40.0989],
            [177.1418, -40.1507],
            [177.1402, -40.1578],
            [177.1351, -40.1752],
            [177.1229, -40.2007],
            [177.1128, -40.2167],
            [177.0821, -40.2555],
            [177.0553, -40.2798],
            [177.0461, -40.2917],
            [177.021, -40.3177],
            [177.0001, -40.3438],
            [176.9832, -40.3596],
            [176.9515, -40.3822],
            [176.9179, -40.3996],
            [176.9039, -40.4221],
            [176.9012, -40.437],
            [176.8941, -40.4595],
            [176.8936, -40.4816],
            [176.8896, -40.5054],
            [176.8772, -40.5464],
            [176.8678, -40.5677],
            [176.8615, -40.5782],
            [176.8386, -40.6082],
            [176.8224, -40.6235],
            [176.8038, -40.6382],
            [176.7725, -40.6573],
            [176.7263, -40.6764],
            [176.6913, -40.6854],
            [176.6606, -40.7166],
            [176.6317, -40.7381],
            [176.6174, -40.7523],
            [176.6042, -40.772],
            [176.5791, -40.7989],
            [176.5385, -40.8305],
            [176.5221, -40.8564],
            [176.5142, -40.8824],
            [176.4951, -40.9236],
            [176.4852, -40.9587],
            [176.4686, -40.9894],
            [176.4526, -41.0116],
            [176.4409, -41.0246],
            [176.4072, -41.0541],
            [176.3771, -41.0744],
            [176.3625, -41.0963],
            [176.3516, -41.1254],
            [176.3485, -41.1403],
            [176.34, -41.1658],
            [176.3275, -41.1918],
            [176.3242, -41.2135],
            [176.3158, -41.2387],
            [176.3116, -41.2487],
            [176.2992, -41.2698],
            [176.281, -41.2927],
            [176.2549, -41.3167],
            [176.1841, -41.3652],
            [176.165, -41.3837],
            [176.1519, -41.3939],
            [176.1369, -41.4044],
            [176.1095, -41.4195],
            [176.0999, -41.4394],
            [176.0798, -41.4681],
            [176.0547, -41.4933],
            [176.0249, -41.5148],
            [176.0049, -41.526],
            [175.9733, -41.5398],
            [175.9322, -41.5519],
            [175.8969, -41.5579],
            [175.8401, -41.584],
            [175.8155, -41.6034],
            [175.8042, -41.6104],
            [175.7773, -41.6341],
            [175.7565, -41.648],
            [175.7179, -41.6673],
            [175.6906, -41.677],
            [175.67, -41.6824],
            [175.6545, -41.6954],
            [175.6335, -41.7097],
            [175.5818, -41.739],
            [175.5459, -41.7546],
            [175.5098, -41.7652],
            [175.4833, -41.7702],
            [175.4462, -41.7877],
            [175.3998, -41.8017],
            [175.3297, -41.8131],
            [175.2978, -41.8151],
            [175.2662, -41.815],
            [175.2089, -41.8119],
            [175.1789, -41.8086],
            [175.1378, -41.7992],
            [175.1082, -41.7891],
            [175.0703, -41.7704],
            [175.0429, -41.7521],
            [175.0254, -41.7373],
            [175.0, -41.7081],
            [174.9825, -41.6783],
            [174.9865, -41.3962],
            [174.9588, -41.3827],
            [174.9707, -41.3705],
            [174.9805, -41.3652],
            [174.9846, -41.3566],
            [174.9892, -41.3528],
            [174.9934, -41.345],
            [175.0033, -41.3444],
            [175.0144, -41.3506],
            [175.0221, -41.3485],
            [175.024, -41.3461],
            [175.023, -41.3405],
            [175.0296, -41.3363],
            [175.0333, -41.3315],
            [175.0398, -41.3316],
            [175.0443, -41.3297],
            [175.0408, -41.325],
            [175.0423, -41.3226],
            [175.0454, -41.3225],
            [175.0481, -41.3189],
            [175.0474, -41.3136],
            [175.0554, -41.3094],
            [175.0562, -41.3058],
            [175.062, -41.3022],
            [175.0654, -41.2966],
            [175.0731, -41.2945],
            [175.0726, -41.2912],
            [175.0768, -41.286],
            [175.083, -41.2844],
            [175.0823, -41.2811],
            [175.086, -41.2801],
            [175.087, -41.2776],
            [175.0818, -41.2723],
            [175.0808, -41.269],
            [175.0871, -41.2627],
            [175.0761, -41.2525],
            [175.0742, -41.2446],
            [175.0802, -41.2409],
            [175.0796, -41.2374],
            [175.0835, -41.2281],
            [175.0816, -41.2257],
            [175.0837, -41.222],
            [175.0956, -41.2123],
            [175.1043, -41.2113],
            [175.1103, -41.2134],
            [175.1151, -41.211],
            [175.1242, -41.2107],
            [175.1274, -41.2154],
            [175.1291, -41.2155],
            [175.1371, -41.2115],
            [175.1423, -41.206],
            [175.1517, -41.203],
            [175.1581, -41.1828],
            [175.1624, -41.1777],
            [175.1657, -41.1789],
            [175.1682, -41.1709],
            [175.1775, -41.166],
            [175.1835, -41.1553],
            [175.189, -41.1496],
            [175.1991, -41.1494],
            [175.2017, -41.1511],
            [175.2057, -41.1497],
            [175.2079, -41.1385],
            [175.2214, -41.1266],
            [175.2215, -41.123],
            [175.225, -41.1182],
            [175.2303, -41.1191],
            [175.2328, -41.1175],
            [175.229, -41.1043],
            [175.2456, -41.0906],
            [175.2499, -41.0889],
            [175.2418, -41.0712],
            [175.2428, -41.0641],
            [175.2559, -41.052],
            [175.2589, -41.0394],
            [175.2616, -41.0368],
            [175.2615, -41.033],
            [175.2648, -41.0265],
            [175.2749, -41.0229],
            [175.2795, -41.0167],
            [175.2933, -41.0057],
            [175.2951, -41.0015],
            [175.3063, -40.9896],
            [175.3047, -40.9871],
            [175.297, -40.9838],
            [175.2804, -40.9868],
            [175.2716, -40.9858],
            [175.2638, -40.9769],
            [175.2634, -40.9724],
            [175.2609, -40.9705],
            [175.2618, -40.9676],
            [175.2673, -40.9672],
            [175.2764, -40.9616],
            [175.2806, -40.9572],
            [175.2817, -40.9525],
            [175.2758, -40.9451],
            [175.271, -40.9444],
            [175.2726, -40.941],
            [175.2706, -40.9378],
            [175.2851, -40.9341],
            [175.2999, -40.9258],
            [175.3104, -40.9256],
            [175.3177, -40.9179],
            [175.3334, -40.9144],
            [175.3341, -40.908],
            [175.3374, -40.9005],
            [175.347, -40.8987],
            [175.3509, -40.8959],
            [175.3566, -40.8884],
            [175.3611, -40.8731],
            [175.3587, -40.8686],
            [175.3605, -40.8612],
            [175.3583, -40.8596],
            [175.3561, -40.8479],
            [175.3554, -40.8387],
            [175.3578, -40.834],
            [175.3539, -40.8268],
            [175.3541, -40.8234],
            [175.3577, -40.8182],
            [175.3566, -40.8148],
            [175.3597, -40.8122],
            [175.377, -40.8091],
            [175.376, -40.7939],
            [175.3791, -40.7883],
            [175.3801, -40.7806],
            [175.3848, -40.7781],
            [175.3888, -40.7706],
            [175.3931, -40.7674],
            [175.3928, -40.7643],
            [175.3957, -40.7588],
            [175.4, -40.7549],
            [175.4081, -40.751],
            [175.4188, -40.7499],
            [175.4228, -40.7486],
            [175.4261, -40.7452],
            [175.4341, -40.7465],
            [175.4398, -40.744],
            [175.4424, -40.7406],
            [175.4428, -40.7354],
            [175.4463, -40.7307],
            [175.4477, -40.7252],
            [175.6253, -40.5101],
            [175.683, -40.4667],
            [175.6892, -40.4656],
            [175.7146, -40.4378],
            [175.7056, -40.4327],
            [175.712, -40.431],
            [175.715, -40.4287],
            [175.7151, -40.4267],
            [175.7224, -40.4245],
            [175.7223, -40.4223],
            [175.7243, -40.4212],
            [175.7228, -40.4187],
            [175.7297, -40.4125],
            [175.7288, -40.4106],
            [175.7252, -40.41],
            [175.7252, -40.4077],
            [175.7229, -40.4053],
            [175.7249, -40.4048],
            [175.7237, -40.4024],
            [175.7286, -40.3996],
            [175.7321, -40.3997],
            [175.7336, -40.3975],
            [175.7333, -40.3917],
            [175.7359, -40.3908],
            [175.7371, -40.3921],
            [175.7382, -40.39],
            [175.7401, -40.3903],
            [175.7396, -40.3885],
            [175.7466, -40.3867],
            [175.7482, -40.3827],
            [175.7512, -40.3819],
            [175.751, -40.3784],
            [175.7533, -40.3783],
            [175.7525, -40.3767],
            [175.7579, -40.3768],
            [175.7569, -40.3744],
            [175.7664, -40.3726],
            [175.7673, -40.3705],
            [175.7615, -40.3688],
            [175.7604, -40.3658],
            [175.7648, -40.3599],
            [175.7706, -40.3591],
            [175.7697, -40.3571],
            [175.7736, -40.3554],
            [175.7739, -40.3503],
            [175.7792, -40.3454],
            [175.776, -40.339],
            [175.7815, -40.3391],
            [175.7793, -40.3386],
            [175.7795, -40.3359],
            [175.7841, -40.3323],
            [175.7906, -40.3135],
            [175.7812, -40.3116],
            [175.7711, -40.3057],
            [175.8051, -40.265],
            [175.8079, -40.269],
            [175.8146, -40.2722],
            [175.815, -40.2472],
            [175.8275, -40.2472],
            [175.8275, -40.262],
            [175.8415, -40.2461],
            [175.8595, -40.2544],
            [175.867, -40.2463],
            [175.8625, -40.244],
            [175.8641, -40.2408],
            [175.8722, -40.2335],
            [175.8693, -40.2274],
            [175.8733, -40.2217],
            [175.8738, -40.2161],
            [175.8932, -40.2012],
            [175.8985, -40.1919],
            [175.8983, -40.1847],
            [175.9186, -40.1735],
            [175.9274, -40.1753],
            [175.9385, -40.1553],
            [175.9575, -40.156],
            [175.9794, -40.1425],
            [175.9877, -40.1281],
            [176.0034, -40.1147],
            [176.0172, -40.1054],
            [176.033, -40.08],
            [176.0704, -40.0609],
            [176.077, -40.0509],
            [176.0811, -40.0478],
            [176.0741, -40.036],
            [176.0775, -40.0273],
            [176.0773, -40.0139],
            [176.079, -40.0111],
            [176.0895, -40.0055],
            [176.0938, -39.9955],
            [176.1255, -40.0136],
            [176.1244, -40.0187],
            [176.1334, -40.0247],
            [176.1366, -40.0286],
            [176.1543, -40.0122],
            [176.1652, -40.0176],
            [176.1806, -40.0162],
            [176.1813, -40.0182],
            [176.205, -40.019],
            [176.2135, -40.0178],
            [176.2135, -40.0256],
            [176.2175, -40.0263],
            [176.2178, -40.0288],
            [176.2388, -40.0273],
            [176.2387, -40.0384],
            [176.2487, -40.0402],
            [176.251, -40.0435],
            [176.2612, -40.0286],
            [176.2688, -40.0207],
            [176.2671, -40.021],
            [176.2672, -40.0155],
            [176.2694, -40.017],
            [176.277, -40.016],
            [176.2795, -40.0173],
            [176.2821, -40.016],
            [176.2845, -40.0172],
            [176.2947, -40.0161],
            [176.298, -40.0178],
            [176.3118, -40.0138],
            [176.3188, -40.0167],
            [176.3272, -40.0136],
            [176.3326, -40.0155],
            [176.3349, -40.0135],
            [176.3496, -40.014],
            [176.3593, -40.0094],
            [176.3613, -40.0047],
            [176.3633, -40.0036],
            [176.3751, -40.0001],
            [176.381, -39.9819],
            [176.3921, -39.9841],
            [176.4046, -39.9782],
            [176.4065, -39.9749],
            [176.4144, -39.9742],
            [176.419, -39.9717],
            [176.4457, -39.968],
            [176.4575, -39.9717],
            [176.4643, -39.9713],
            [176.469, -39.9732],
            [176.4778, -39.9738],
            [176.484, -39.9768],
            [176.4909, -39.9724],
            [176.4978, -39.9732],
            [176.4975, -39.9693],
            [176.5005, -39.9741],
            [176.5075, -39.9774],
            [176.5134, -39.9839],
            [176.5137, -39.9861],
            [176.5288, -39.985],
            [176.5585, -39.9892],
            [176.564, -39.984],
            [176.5687, -39.9764],
            [176.5694, -39.9708],
            [176.5856, -39.9522],
            [176.5854, -39.9478],
            [176.5674, -39.9463],
            [176.5666, -39.9373],
            [176.5723, -39.9371],
            [176.5725, -39.9346],
            [176.5781, -39.9363],
            [176.5806, -39.9317],
            [176.5908, -39.9327],
            [176.5925, -39.924],
            [176.5955, -39.9229],
            [176.5972, -39.9177],
            [176.6096, -39.9225]
          ]
        ]
      },
      "properties": { "name": "Wairarapa" }
    },
    {
      "type": "Feature",
      "id": 59,
      "geometry": {
        "type": "Polygon",
        "coordinates": [
          [
            [170.5441, -43.4185],
            [170.546, -43.4218],
            [170.5528, -43.4219],
            [170.5567, -43.4242],
            [170.565, -43.423],
            [170.5725, -43.419],
            [170.5803, -43.4185],
            [170.5838, -43.4225],
            [170.5805, -43.4258],
            [170.5808, -43.4302],
            [170.5915, -43.4341],
            [170.6007, -43.4323],
            [170.6031, -43.4305],
            [170.6116, -43.4326],
            [170.6156, -43.4315],
            [170.6142, -43.4438],
            [170.6033, -43.4506],
            [170.6031, -43.4547],
            [170.5973, -43.4641],
            [170.5989, -43.4658],
            [170.6016, -43.4667],
            [170.6136, -43.4649],
            [170.6125, -43.4557],
            [170.6135, -43.4547],
            [170.6202, -43.455],
            [170.6301, -43.462],
            [170.6422, -43.4643],
            [170.6719, -43.4566],
            [170.6823, -43.452],
            [170.6916, -43.4522],
            [170.7045, -43.461],
            [170.7075, -43.4692],
            [170.7161, -43.4777],
            [170.7393, -43.4909],
            [170.7542, -43.5066],
            [170.7641, -43.5128],
            [170.7745, -43.5164],
            [170.8003, -43.5181],
            [170.8245, -43.5257],
            [170.854, -43.5319],
            [170.8813, -43.5584],
            [170.9006, -43.5825],
            [170.9126, -43.6007],
            [170.9242, -43.614],
            [170.9248, -43.616],
            [170.9222, -43.6209],
            [170.9232, -43.6227],
            [170.9286, -43.6273],
            [170.9427, -43.6342],
            [170.9648, -43.6657],
            [170.9719, -43.6711],
            [170.9944, -43.6815],
            [171.0283, -43.7003],
            [171.0649, -43.7033],
            [171.0846, -43.7109],
            [171.1026, -43.7131],
            [171.1189, -43.7263],
            [171.1319, -43.7301],
            [171.1443, -43.7376],
            [171.1518, -43.7389],
            [171.175, -43.7331],
            [171.1817, -43.733],
            [171.1815, -43.7383],
            [171.192, -43.7449],
            [171.1932, -43.7483],
            [171.2019, -43.7487],
            [171.2055, -43.7505],
            [171.2126, -43.7547],
            [171.2218, -43.7639],
            [171.2334, -43.7642],
            [171.2379, -43.7665],
            [171.2396, -43.7717],
            [171.2375, -43.777],
            [171.2456, -43.7799],
            [171.2482, -43.7834],
            [171.2496, -43.7903],
            [171.2546, -43.7922],
            [171.2495, -43.7985],
            [171.2498, -43.8018],
            [171.2611, -43.8058],
            [171.2592, -43.8121],
            [171.2638, -43.8161],
            [171.2592, -43.8241],
            [171.2607, -43.8295],
            [171.2577, -43.8356],
            [171.2619, -43.8391],
            [171.2585, -43.8513],
            [171.2648, -43.8624],
            [171.2633, -43.8718],
            [171.2736, -43.8922],
            [171.2723, -43.9011],
            [171.2747, -43.9113],
            [171.2889, -43.9414],
            [171.296, -43.9524],
            [171.3001, -43.9703],
            [171.3054, -43.98],
            [171.3208, -44.0003],
            [171.3393, -44.0145],
            [171.3769, -44.0367],
            [171.39, -44.0468],
            [171.4063, -44.051],
            [171.3713, -44.0665],
            [171.3229, -44.0956],
            [171.3032, -44.1268],
            [171.2956, -44.121],
            [171.2929, -44.1133],
            [171.2836, -44.1174],
            [171.2895, -44.1272],
            [171.2819, -44.1269],
            [171.2739, -44.1444],
            [171.266, -44.1441],
            [171.264, -44.146],
            [171.2659, -44.1551],
            [171.2688, -44.1586],
            [171.2658, -44.1647],
            [171.2687, -44.1657],
            [171.2716, -44.1699],
            [171.2669, -44.1713],
            [171.2682, -44.1741],
            [171.256, -44.1761],
            [171.2439, -44.1739],
            [171.2396, -44.1714],
            [171.2105, -44.1717],
            [171.2075, -44.1791],
            [171.2083, -44.1833],
            [171.2045, -44.1879],
            [171.2058, -44.1903],
            [171.2012, -44.1931],
            [171.2013, -44.1962],
            [171.2087, -44.2021],
            [171.1983, -44.2196],
            [171.1974, -44.2274],
            [171.2031, -44.2283],
            [171.2002, -44.2535],
            [171.1976, -44.2632],
            [171.166, -44.2582],
            [171.1368, -44.2475],
            [171.113, -44.2452],
            [171.089, -44.2555],
            [171.0965, -44.2648],
            [171.0449, -44.2794],
            [171.0479, -44.2862],
            [171.0492, -44.2968],
            [171.0459, -44.3054],
            [171.0411, -44.3113],
            [171.0419, -44.314],
            [171.0464, -44.3191],
            [171.0617, -44.326],
            [171.0701, -44.3254],
            [171.0753, -44.322],
            [171.0871, -44.3316],
            [171.0913, -44.3289],
            [171.1046, -44.3264],
            [171.1047, -44.3284],
            [171.1138, -44.3387],
            [171.1106, -44.3399],
            [171.1088, -44.345],
            [171.1214, -44.3461],
            [171.1338, -44.3556],
            [171.1403, -44.3631],
            [171.139, -44.3722],
            [171.1403, -44.3742],
            [171.1386, -44.3763],
            [171.1401, -44.3839],
            [171.1384, -44.3854],
            [171.1478, -44.3855],
            [171.1604, -44.3888],
            [171.1672, -44.387],
            [171.1659, -44.395],
            [171.1738, -44.3964],
            [171.1724, -44.398],
            [171.1762, -44.4003],
            [171.1986, -44.406],
            [171.2089, -44.4039],
            [171.2245, -44.4073],
            [171.2232, -44.408],
            [171.2239, -44.4094],
            [171.2316, -44.4105],
            [171.2374, -44.4147],
            [171.2417, -44.4158],
            [171.2425, -44.4185],
            [171.2511, -44.4249],
            [171.5204, -44.5175],
            [171.4952, -44.5545],
            [171.4803, -44.5709],
            [171.4638, -44.5854],
            [171.4415, -44.6269],
            [171.4405, -44.6347],
            [171.4464, -44.6637],
            [171.4463, -44.693],
            [171.4503, -44.7158],
            [171.4511, -44.7673],
            [171.4549, -44.7932],
            [171.456, -44.8252],
            [171.454, -44.8605],
            [171.4473, -44.9053],
            [171.4345, -44.9526],
            [171.427, -44.9729],
            [171.4161, -44.9929],
            [171.4012, -45.0257],
            [171.3576, -45.0883],
            [171.3273, -45.1232],
            [171.3141, -45.136],
            [171.298, -45.1493],
            [171.2757, -45.1644],
            [171.2516, -45.1853],
            [171.2377, -45.2092],
            [171.2194, -45.2318],
            [171.1995, -45.2505],
            [171.1739, -45.2693],
            [171.1555, -45.2938],
            [171.1398, -45.3099],
            [171.1486, -45.3369],
            [171.1522, -45.3652],
            [171.1511, -45.4057],
            [171.1462, -45.4359],
            [171.1343, -45.4663],
            [171.1249, -45.4826],
            [171.1125, -45.4993],
            [171.1067, -45.5246],
            [171.0981, -45.5456],
            [171.0847, -45.5682],
            [171.0685, -45.5885],
            [171.0426, -45.6125],
            [171.0076, -45.636],
            [170.7267, -45.5693],
            [170.7282, -45.5609],
            [170.726, -45.5569],
            [170.7283, -45.5577],
            [170.7287, -45.5562],
            [170.7257, -45.554],
            [170.7269, -45.5488],
            [170.7214, -45.5508],
            [170.7237, -45.5514],
            [170.7226, -45.5528],
            [170.716, -45.5504],
            [170.7153, -45.5488],
            [170.7088, -45.551],
            [170.7156, -45.5595],
            [170.6806, -45.5586],
            [170.678, -45.56],
            [170.6368, -45.5598],
            [170.6281, -45.5671],
            [170.6272, -45.5693],
            [170.6302, -45.571],
            [170.6137, -45.5757],
            [170.6048, -45.574],
            [170.6035, -45.5714],
            [170.5978, -45.5694],
            [170.5905, -45.5724],
            [170.5881, -45.5719],
            [170.5798, -45.5675],
            [170.5801, -45.5635],
            [170.5756, -45.5607],
            [170.5753, -45.557],
            [170.5729, -45.5546],
            [170.5618, -45.5539],
            [170.5632, -45.5511],
            [170.5628, -45.546],
            [170.5603, -45.542],
            [170.5624, -45.5383],
            [170.5546, -45.5241],
            [170.5537, -45.5179],
            [170.5557, -45.5155],
            [170.5514, -45.5123],
            [170.5552, -45.5143],
            [170.5563, -45.5132],
            [170.5558, -45.5104],
            [170.5529, -45.5094],
            [170.4816, -45.5092],
            [170.4764, -45.533],
            [170.4672, -45.5289],
            [170.4558, -45.5286],
            [170.4313, -45.5232],
            [170.4193, -45.5187],
            [170.3877, -45.5541],
            [170.3775, -45.5545],
            [170.3713, -45.5542],
            [170.367, -45.5492],
            [170.3417, -45.5458],
            [170.3508, -45.5282],
            [170.3593, -45.5212],
            [170.31, -45.4979],
            [170.3081, -45.4997],
            [170.3044, -45.4996],
            [170.2853, -45.4946],
            [170.2854, -45.4974],
            [170.2737, -45.5056],
            [170.2672, -45.5046],
            [170.264, -45.5067],
            [170.2094, -45.5067],
            [170.2092, -45.4819],
            [170.2268, -45.482],
            [170.2515, -45.4637],
            [170.2572, -45.4621],
            [170.2616, -45.4561],
            [170.2596, -45.4529],
            [170.2608, -45.4488],
            [170.2657, -45.4441],
            [170.2849, -45.4443],
            [170.2843, -45.3496],
            [170.2887, -45.3496],
            [170.309, -45.3582],
            [170.3249, -45.3625],
            [170.3251, -45.3241],
            [170.3755, -45.3269],
            [170.3755, -45.3309],
            [170.3811, -45.3265],
            [170.3949, -45.3279],
            [170.409, -45.3197],
            [170.4209, -45.3079],
            [170.423, -45.298],
            [170.4234, -45.2954],
            [170.4151, -45.2879],
            [170.411, -45.2803],
            [170.3941, -45.2686],
            [170.3135, -45.2684],
            [170.3138, -45.2358],
            [170.2586, -45.2363],
            [170.2578, -45.2295],
            [170.2545, -45.229],
            [170.232, -45.2325],
            [170.2281, -45.2317],
            [170.2166, -45.2347],
            [170.2165, -45.2573],
            [170.1865, -45.265],
            [170.1858, -45.2721],
            [170.1817, -45.2768],
            [170.1777, -45.2875],
            [170.1709, -45.2986],
            [170.1658, -45.3035],
            [170.1613, -45.3116],
            [170.1619, -45.3157],
            [170.1563, -45.3276],
            [170.1368, -45.3424],
            [170.1201, -45.3525],
            [170.1292, -45.3674],
            [170.1282, -45.3802],
            [170.1077, -45.3963],
            [170.0862, -45.4089],
            [170.0726, -45.4238],
            [170.0639, -45.4412],
            [170.0527, -45.4538],
            [170.0307, -45.4737],
            [170.0295, -45.4765],
            [170.0158, -45.4804],
            [170.0063, -45.4811],
            [170.0052, -45.4839],
            [169.9964, -45.4775],
            [169.9941, -45.4779],
            [169.9881, -45.4795],
            [169.9842, -45.4852],
            [169.9313, -45.4993],
            [169.9146, -45.4982],
            [169.9114, -45.4965],
            [169.9064, -45.4971],
            [169.9091, -45.5014],
            [169.91, -45.5114],
            [169.9133, -45.5154],
            [169.9138, -45.5232],
            [169.9061, -45.5422],
            [169.8973, -45.5397],
            [169.8621, -45.5488],
            [169.8559, -45.5478],
            [169.8426, -45.5493],
            [169.8252, -45.5544],
            [169.8147, -45.5601],
            [169.8011, -45.5601],
            [169.7938, -45.5567],
            [169.7904, -45.5681],
            [169.7753, -45.5724],
            [169.7741, -45.5709],
            [169.7706, -45.5721],
            [169.7626, -45.571],
            [169.7621, -45.5686],
            [169.7589, -45.5673],
            [169.7541, -45.562],
            [169.7496, -45.5632],
            [169.7461, -45.5623],
            [169.7375, -45.5543],
            [169.7373, -45.5568],
            [169.7331, -45.5605],
            [169.7341, -45.5633],
            [169.733, -45.5658],
            [169.7308, -45.5669],
            [169.7302, -45.5693],
            [169.7274, -45.57],
            [169.724, -45.5768],
            [169.7199, -45.5784],
            [169.7098, -45.5873],
            [169.7104, -45.5936],
            [169.7015, -45.6005],
            [169.6997, -45.6036],
            [169.7018, -45.6099],
            [169.696, -45.6078],
            [169.6936, -45.6031],
            [169.6947, -45.6004],
            [169.6831, -45.5902],
            [169.6833, -45.5856],
            [169.6912, -45.577],
            [169.687, -45.5655],
            [169.6883, -45.5594],
            [169.6797, -45.5401],
            [169.6726, -45.5388],
            [169.6649, -45.5299],
            [169.6663, -45.5243],
            [169.6649, -45.5073],
            [169.6685, -45.4977],
            [169.6496, -45.487],
            [169.6489, -45.4774],
            [169.6527, -45.4588],
            [169.6472, -45.4526],
            [169.6578, -45.449],
            [169.6713, -45.4404],
            [169.6787, -45.4313],
            [169.6917, -45.4064],
            [169.698, -45.4013],
            [169.7029, -45.399],
            [169.7073, -45.3941],
            [169.7177, -45.3892],
            [169.7244, -45.3887],
            [169.7321, -45.384],
            [169.7389, -45.3761],
            [169.7525, -45.3661],
            [169.7586, -45.3649],
            [169.7643, -45.3659],
            [169.77, -45.3612],
            [169.7727, -45.3572],
            [169.773, -45.353],
            [169.7767, -45.3479],
            [169.7813, -45.3447],
            [169.7883, -45.3434],
            [169.7898, -45.3397],
            [169.7955, -45.3366],
            [169.7985, -45.3327],
            [169.7957, -45.3268],
            [169.7916, -45.3236],
            [169.7938, -45.3204],
            [169.792, -45.3164],
            [169.793, -45.3141],
            [169.7964, -45.3149],
            [169.7929, -45.3084],
            [169.7676, -45.3076],
            [169.7566, -45.3045],
            [169.7568, -45.2998],
            [169.7526, -45.3004],
            [169.7389, -45.2942],
            [169.736, -45.2963],
            [169.7306, -45.2947],
            [169.7277, -45.2919],
            [169.7271, -45.289],
            [169.7298, -45.283],
            [169.7196, -45.27],
            [169.7098, -45.2626],
            [169.7093, -45.2603],
            [169.6931, -45.2449],
            [169.6903, -45.2389],
            [169.6896, -45.2281],
            [169.684, -45.229],
            [169.6841, -45.2342],
            [169.6767, -45.2342],
            [169.6757, -45.237],
            [169.6668, -45.2397],
            [169.6642, -45.2456],
            [169.6589, -45.2504],
            [169.6475, -45.2663],
            [169.6415, -45.2703],
            [169.642, -45.2726],
            [169.6334, -45.2836],
            [169.6306, -45.2836],
            [169.6263, -45.3047],
            [169.6323, -45.3094],
            [169.6279, -45.3206],
            [169.6209, -45.3275],
            [169.6196, -45.3376],
            [169.6206, -45.3411],
            [169.6184, -45.3442],
            [169.6187, -45.3483],
            [169.6169, -45.3388],
            [169.6068, -45.3298],
            [169.6024, -45.3271],
            [169.5965, -45.3261],
            [169.5933, -45.315],
            [169.5915, -45.3143],
            [169.5897, -45.3101],
            [169.5797, -45.3044],
            [169.5736, -45.292],
            [169.5628, -45.2825],
            [169.5566, -45.273],
            [169.5525, -45.2699],
            [169.5248, -45.261],
            [169.5251, -45.2525],
            [169.5643, -45.2147],
            [169.5677, -45.2144],
            [169.5689, -45.212],
            [169.5752, -45.2096],
            [169.5419, -45.2069],
            [169.5183, -45.2001],
            [169.4931, -45.2008],
            [169.4841, -45.2026],
            [169.4924, -45.1962],
            [169.4935, -45.1919],
            [169.4847, -45.1909],
            [169.4825, -45.1887],
            [169.4861, -45.1851],
            [169.4876, -45.1809],
            [169.492, -45.1783],
            [169.4911, -45.1775],
            [169.4862, -45.1799],
            [169.4825, -45.1858],
            [169.4721, -45.1895],
            [169.4678, -45.1937],
            [169.4557, -45.1962],
            [169.4489, -45.1998],
            [169.4411, -45.1942],
            [169.435, -45.1964],
            [169.4274, -45.1788],
            [169.4237, -45.1656],
            [169.4266, -45.1595],
            [169.4209, -45.1306],
            [169.4093, -45.1098],
            [169.4097, -45.1144],
            [169.3988, -45.1134],
            [169.3987, -45.1154],
            [169.3903, -45.1219],
            [169.3876, -45.1186],
            [169.372, -45.1158],
            [169.3689, -45.1064],
            [169.3648, -45.1006],
            [169.3684, -45.094],
            [169.3501, -45.0765],
            [169.3412, -45.0846],
            [169.34, -45.094],
            [169.3422, -45.1],
            [169.3397, -45.1029],
            [169.3432, -45.1135],
            [169.3473, -45.119],
            [169.3447, -45.1219],
            [169.3432, -45.1284],
            [169.3319, -45.1379],
            [169.3301, -45.1422],
            [169.331, -45.1453],
            [169.3145, -45.1453],
            [169.3179, -45.1347],
            [169.3117, -45.1299],
            [169.2998, -45.1347],
            [169.2721, -45.137],
            [169.2493, -45.149],
            [169.2386, -45.1495],
            [169.2017, -45.1589],
            [169.2071, -45.1676],
            [169.2106, -45.1686],
            [169.2185, -45.1785],
            [169.22, -45.1825],
            [169.229, -45.1844],
            [169.2333, -45.188],
            [169.2306, -45.1895],
            [169.226, -45.1886],
            [169.2179, -45.1854],
            [169.2158, -45.1828],
            [169.1996, -45.1857],
            [169.194, -45.1921],
            [169.1943, -45.1983],
            [169.1912, -45.2014],
            [169.1919, -45.2049],
            [169.1876, -45.2118],
            [169.1915, -45.2183],
            [169.1835, -45.2258],
            [169.1833, -45.2296],
            [169.1861, -45.2315],
            [169.1807, -45.237],
            [169.1725, -45.2336],
            [169.1352, -45.2245],
            [169.1157, -45.2159],
            [169.0898, -45.2121],
            [169.0722, -45.2048],
            [169.0582, -45.204],
            [169.0507, -45.1997],
            [169.0218, -45.1974],
            [169.0151, -45.2004],
            [169.0097, -45.1981],
            [168.9862, -45.1966],
            [168.9861, -45.1903],
            [168.9942, -45.1783],
            [168.995, -45.173],
            [169.0001, -45.1706],
            [169.0, -45.1671],
            [169.0033, -45.163],
            [168.9996, -45.1583],
            [169.0008, -45.1557],
            [168.997, -45.154],
            [168.9983, -45.1473],
            [168.9947, -45.146],
            [168.9906, -45.1357],
            [168.9971, -45.1199],
            [168.9959, -45.1157],
            [169.0008, -45.1128],
            [169.0038, -45.1063],
            [169.0128, -45.1007],
            [169.015, -45.0976],
            [169.0191, -45.0966],
            [169.0182, -45.0933],
            [169.0204, -45.0812],
            [169.0263, -45.0774],
            [169.0281, -45.0728],
            [169.0248, -45.0676],
            [169.0278, -45.065],
            [169.0346, -45.0655],
            [169.0369, -45.0609],
            [169.0429, -45.0614],
            [169.0458, -45.0593],
            [169.0477, -45.0536],
            [169.0393, -45.0352],
            [169.045, -45.0307],
            [169.0472, -45.024],
            [169.0622, -45.0184],
            [169.0654, -45.0143],
            [169.0649, -45.006],
            [169.0706, -45.0016],
            [169.066, -44.9884],
            [169.0545, -44.977],
            [169.0524, -44.9729],
            [169.044, -44.9664],
            [169.0468, -44.9453],
            [169.0503, -44.9358],
            [169.048, -44.9314],
            [169.0427, -44.9267],
            [169.051, -44.9274],
            [169.0542, -44.9215],
            [169.0577, -44.9206],
            [169.0547, -44.918],
            [169.0501, -44.9178],
            [169.0398, -44.9111],
            [169.0213, -44.9156],
            [169.0135, -44.9216],
            [168.9951, -44.914],
            [168.9851, -44.9148],
            [168.9759, -44.9119],
            [168.974, -44.9139],
            [168.9691, -44.9097],
            [168.9533, -44.9066],
            [168.944, -44.9024],
            [168.9438, -44.8983],
            [168.9462, -44.8928],
            [168.9536, -44.8841],
            [168.9512, -44.8767],
            [168.9437, -44.869],
            [168.9428, -44.8586],
            [168.9454, -44.8584],
            [168.9461, -44.8563],
            [168.9394, -44.8514],
            [168.8946, -44.8321],
            [168.8997, -44.8217],
            [168.9115, -44.81],
            [168.8711, -44.795],
            [168.854, -44.7994],
            [168.8447, -44.8054],
            [168.8374, -44.7419],
            [168.8343, -44.7391],
            [168.8327, -44.733],
            [168.8281, -44.7296],
            [168.8262, -44.7225],
            [168.8153, -44.7157],
            [168.8192, -44.7129],
            [168.8227, -44.7052],
            [168.8216, -44.7021],
            [168.8174, -44.6986],
            [168.8275, -44.6981],
            [168.8373, -44.6923],
            [168.8395, -44.6875],
            [168.8438, -44.6833],
            [168.8501, -44.6809],
            [168.8527, -44.6782],
            [168.8601, -44.6788],
            [168.8645, -44.6743],
            [168.871, -44.6653],
            [168.8745, -44.6323],
            [168.8735, -44.6294],
            [168.8676, -44.626],
            [168.8643, -44.6198],
            [168.8602, -44.6161],
            [168.8506, -44.6158],
            [168.8359, -44.6011],
            [168.8329, -44.5917],
            [168.8336, -44.5846],
            [168.8283, -44.5812],
            [168.8266, -44.5771],
            [168.8214, -44.5732],
            [168.8133, -44.5614],
            [168.8094, -44.55],
            [168.8013, -44.5426],
            [168.7989, -44.5381],
            [168.8031, -44.5314],
            [168.8013, -44.527],
            [168.8044, -44.5231],
            [168.7426, -44.5307],
            [168.6403, -44.53],
            [168.5976, -44.5404],
            [168.5516, -44.5405],
            [168.5479, -44.5378],
            [168.703, -44.4061],
            [168.716, -44.4117],
            [168.7284, -44.4195],
            [168.738, -44.4213],
            [168.7433, -44.4207],
            [168.7446, -44.4175],
            [168.7413, -44.4098],
            [168.7413, -44.4054],
            [168.7534, -44.3922],
            [168.757, -44.39],
            [168.7694, -44.3912],
            [168.7782, -44.3878],
            [168.784, -44.383],
            [168.7875, -44.377],
            [168.8079, -44.3627],
            [168.8105, -44.3622],
            [168.818, -44.356],
            [168.8317, -44.3519],
            [168.832, -44.3481],
            [168.8361, -44.3399],
            [168.8319, -44.3264],
            [168.832, -44.3218],
            [168.8414, -44.3119],
            [168.84, -44.3024],
            [168.8414, -44.2951],
            [168.8443, -44.2897],
            [168.8427, -44.2833],
            [168.8466, -44.2782],
            [168.8547, -44.2742],
            [168.8573, -44.2697],
            [168.8514, -44.2581],
            [168.8518, -44.2537],
            [168.8494, -44.2461],
            [168.8559, -44.2425],
            [168.871, -44.2389],
            [168.8733, -44.234],
            [168.8722, -44.2302],
            [168.8737, -44.2259],
            [168.8772, -44.2228],
            [168.8943, -44.2173],
            [168.9052, -44.2181],
            [168.9111, -44.2097],
            [168.919, -44.2095],
            [168.9446, -44.2035],
            [168.9589, -44.2061],
            [168.9634, -44.2001],
            [168.9613, -44.1824],
            [168.9651, -44.1739],
            [168.9745, -44.173],
            [168.9875, -44.1687],
            [168.9859, -44.1635],
            [168.9767, -44.1508],
            [168.9751, -44.144],
            [168.9811, -44.1415],
            [169.0008, -44.1396],
            [169.0159, -44.1309],
            [169.0098, -44.124],
            [169.0131, -44.1149],
            [169.022, -44.1148],
            [169.0374, -44.1183],
            [169.0461, -44.1161],
            [169.0488, -44.1134],
            [169.0581, -44.1093],
            [169.0733, -44.1097],
            [169.0747, -44.1091],
            [169.0752, -44.1028],
            [169.0821, -44.0967],
            [169.0891, -44.0953],
            [169.0958, -44.0973],
            [169.104, -44.0956],
            [169.1112, -44.093],
            [169.119, -44.0875],
            [169.1299, -44.087],
            [169.1374, -44.0814],
            [169.1451, -44.0799],
            [169.1471, -44.0802],
            [169.1477, -44.0861],
            [169.1514, -44.0946],
            [169.1597, -44.1049],
            [169.1691, -44.1046],
            [169.1876, -44.1105],
            [169.1964, -44.11],
            [169.2061, -44.1069],
            [169.219, -44.1094],
            [169.2328, -44.1086],
            [169.2416, -44.1061],
            [169.2572, -44.1082],
            [169.2752, -44.0986],
            [169.2795, -44.0938],
            [169.2847, -44.0799],
            [169.2902, -44.074],
            [169.2908, -44.0627],
            [169.309, -44.0606],
            [169.321, -44.0641],
            [169.3229, -44.0714],
            [169.3287, -44.0754],
            [169.3287, -44.0778],
            [169.3306, -44.0794],
            [169.3297, -44.0889],
            [169.3392, -44.1029],
            [169.3545, -44.1069],
            [169.3727, -44.1169],
            [169.3868, -44.1188],
            [169.3887, -44.1178],
            [169.3906, -44.1127],
            [169.4086, -44.1069],
            [169.4074, -44.1046],
            [169.4096, -44.102],
            [169.4241, -44.0963],
            [169.4283, -44.0967],
            [169.4333, -44.0897],
            [169.4438, -44.0841],
            [169.4455, -44.0765],
            [169.4501, -44.0729],
            [169.4505, -44.0661],
            [169.4573, -44.0636],
            [169.4621, -44.0595],
            [169.471, -44.0569],
            [169.4863, -44.0553],
            [169.5066, -44.0593],
            [169.5117, -44.058],
            [169.5167, -44.0537],
            [169.5285, -44.0387],
            [169.5411, -44.0333],
            [169.5509, -44.0319],
            [169.5568, -44.0332],
            [169.5625, -44.0323],
            [169.5714, -44.0355],
            [169.5787, -44.0343],
            [169.5807, -44.0323],
            [169.5821, -44.0223],
            [169.5914, -44.0125],
            [169.5921, -44.0098],
            [169.5921, -43.9915],
            [169.5829, -43.9851],
            [169.5842, -43.9832],
            [169.5826, -43.9802],
            [169.5868, -43.9732],
            [169.5868, -43.9651],
            [169.5926, -43.9582],
            [169.6227, -43.9569],
            [169.6327, -43.9638],
            [169.656, -43.9567],
            [169.6694, -43.9554],
            [169.6919, -43.9579],
            [169.6986, -43.9634],
            [169.7016, -43.9639],
            [169.72, -43.9599],
            [169.7252, -43.9549],
            [169.7276, -43.9484],
            [169.7341, -43.9471],
            [169.7363, -43.9439],
            [169.7429, -43.9406],
            [169.7429, -43.9363],
            [169.7457, -43.9314],
            [169.7583, -43.9337],
            [169.76, -43.9258],
            [169.7581, -43.9221],
            [169.7609, -43.9206],
            [169.7651, -43.9082],
            [169.7692, -43.9052],
            [169.7709, -43.8993],
            [169.7817, -43.8942],
            [169.7862, -43.8947],
            [169.7927, -43.8929],
            [169.7959, -43.8898],
            [169.7983, -43.8834],
            [169.809, -43.8747],
            [169.8136, -43.8728],
            [169.8268, -43.8717],
            [169.8379, -43.8666],
            [169.8404, -43.8618],
            [169.8379, -43.8542],
            [169.8454, -43.8473],
            [169.8533, -43.8431],
            [169.8582, -43.8371],
            [169.8675, -43.8321],
            [169.8792, -43.8333],
            [169.8878, -43.8363],
            [169.894, -43.8339],
            [169.8961, -43.8293],
            [169.893, -43.8231],
            [169.8982, -43.8197],
            [169.9, -43.813],
            [169.9129, -43.8089],
            [169.9283, -43.8007],
            [169.9333, -43.8005],
            [169.9433, -43.7892],
            [169.9586, -43.7889],
            [169.9655, -43.7918],
            [169.9727, -43.7873],
            [169.9752, -43.7808],
            [169.9704, -43.7732],
            [169.9736, -43.7686],
            [169.9802, -43.7646],
            [169.9847, -43.7594],
            [169.9767, -43.7523],
            [169.9784, -43.7475],
            [169.9988, -43.741],
            [170.0065, -43.7407],
            [170.013, -43.7323],
            [170.0189, -43.7307],
            [170.0304, -43.7234],
            [170.0283, -43.7129],
            [170.0229, -43.7063],
            [170.0302, -43.6974],
            [170.0281, -43.6912],
            [170.0415, -43.6825],
            [170.0589, -43.6791],
            [170.0636, -43.6758],
            [170.0715, -43.6733],
            [170.0914, -43.6604],
            [170.0953, -43.6554],
            [170.094, -43.6493],
            [170.0995, -43.6452],
            [170.1012, -43.6383],
            [170.0984, -43.6298],
            [170.0929, -43.6254],
            [170.0941, -43.6193],
            [170.0978, -43.6152],
            [170.0977, -43.6116],
            [170.0954, -43.6082],
            [170.0923, -43.607],
            [170.0921, -43.6023],
            [170.093, -43.5997],
            [170.0981, -43.5955],
            [170.115, -43.589],
            [170.1246, -43.5872],
            [170.1398, -43.5895],
            [170.1463, -43.5742],
            [170.1577, -43.5718],
            [170.1572, -43.5661],
            [170.1586, -43.5644],
            [170.1661, -43.5628],
            [170.1694, -43.5599],
            [170.1827, -43.5613],
            [170.1895, -43.5562],
            [170.1985, -43.5532],
            [170.2031, -43.5494],
            [170.2029, -43.5412],
            [170.2132, -43.5345],
            [170.2143, -43.5313],
            [170.218, -43.5313],
            [170.2209, -43.5247],
            [170.2384, -43.5138],
            [170.2512, -43.5131],
            [170.2572, -43.5108],
            [170.2657, -43.513],
            [170.2721, -43.51],
            [170.276, -43.5103],
            [170.2811, -43.5067],
            [170.2989, -43.5019],
            [170.3169, -43.4922],
            [170.3214, -43.4917],
            [170.3287, -43.4816],
            [170.3324, -43.4836],
            [170.3297, -43.4851],
            [170.334, -43.4919],
            [170.3348, -43.498],
            [170.3463, -43.5002],
            [170.3513, -43.5043],
            [170.3569, -43.5064],
            [170.3632, -43.5073],
            [170.3677, -43.5043],
            [170.395, -43.4982],
            [170.411, -43.4877],
            [170.4155, -43.4803],
            [170.4196, -43.4767],
            [170.427, -43.4739],
            [170.4338, -43.4658],
            [170.4521, -43.4613],
            [170.4591, -43.4614],
            [170.4605, -43.4517],
            [170.4707, -43.4424],
            [170.4755, -43.433],
            [170.4966, -43.4266],
            [170.5112, -43.4285],
            [170.5177, -43.4244],
            [170.5183, -43.419],
            [170.5217, -43.4183],
            [170.53, -43.4099],
            [170.5335, -43.4103],
            [170.5349, -43.4142],
            [170.5376, -43.4163],
            [170.5441, -43.4185]
          ]
        ]
      },
      "properties": { "name": "Waitaki" }
    },
    {
      "type": "Feature",
      "id": 60,
      "geometry": {
        "type": "Polygon",
        "coordinates": [
          [
            [174.739, -41.2453],
            [174.7455, -41.2489],
            [174.7493, -41.2486],
            [174.7472, -41.2598],
            [174.7487, -41.2587],
            [174.7534, -41.2615],
            [174.7603, -41.2663],
            [174.7603, -41.268],
            [174.7646, -41.2663],
            [174.7667, -41.2679],
            [174.7644, -41.2693],
            [174.7683, -41.2719],
            [174.7693, -41.2678],
            [174.7729, -41.2649],
            [174.78, -41.2678],
            [174.7857, -41.2626],
            [174.7894, -41.2634],
            [174.7961, -41.2738],
            [174.7989, -41.289],
            [174.7985, -41.2922],
            [174.7955, -41.2955],
            [174.7966, -41.2962],
            [174.7933, -41.2977],
            [174.7891, -41.3029],
            [174.7798, -41.3011],
            [174.7779, -41.3073],
            [174.7738, -41.3074],
            [174.7727, -41.3104],
            [174.7626, -41.3087],
            [174.7582, -41.3279],
            [174.7514, -41.3267],
            [174.7477, -41.3299],
            [174.7482, -41.3316],
            [174.7541, -41.332],
            [174.7551, -41.3349],
            [174.753, -41.3356],
            [174.7538, -41.3412],
            [174.7501, -41.349],
            [174.5698, -41.5363],
            [174.53, -41.5242],
            [174.4933, -41.5074],
            [174.4745, -41.4961],
            [174.4562, -41.4827],
            [174.4294, -41.4574],
            [174.413, -41.4694],
            [174.388, -41.4272],
            [174.5148, -41.2157],
            [174.5397, -41.1054],
            [174.7252, -41.2106],
            [174.7197, -41.2168],
            [174.7441, -41.2297],
            [174.7354, -41.2395],
            [174.7413, -41.2427],
            [174.739, -41.2453]
          ]
        ]
      },
      "properties": { "name": "Wellington Central" }
    },
    {
      "type": "Feature",
      "id": 61,
      "geometry": {
        "type": "Polygon",
        "coordinates": [
          [
            [172.7394, -40.3013],
            [172.7478, -40.3025],
            [172.7925, -40.2999],
            [172.84, -40.3018],
            [172.8891, -40.3088],
            [172.918, -40.3104],
            [172.9883, -40.3191],
            [173.0205, -40.3253],
            [173.0659, -40.3371],
            [173.1039, -40.3492],
            [173.1487, -40.368],
            [173.1724, -40.3806],
            [173.2056, -40.4003],
            [173.2594, -40.4391],
            [173.282, -40.4591],
            [173.297, -40.4761],
            [173.3162, -40.5038],
            [173.328, -40.5252],
            [173.337, -40.5498],
            [173.3417, -40.5732],
            [173.3428, -40.5959],
            [173.3402, -40.6205],
            [173.3319, -40.6491],
            [173.289, -40.7492],
            [173.361, -40.8054],
            [173.2238, -41.2428],
            [173.2174, -41.2438],
            [173.2146, -41.2473],
            [173.2157, -41.2514],
            [173.2203, -41.2538],
            [173.2058, -41.2993],
            [173.1793, -41.2857],
            [173.1466, -41.2838],
            [173.1367, -41.285],
            [173.1383, -41.2916],
            [173.1362, -41.2964],
            [173.1384, -41.3],
            [173.128, -41.3113],
            [173.1268, -41.323],
            [173.1181, -41.3436],
            [173.116, -41.3448],
            [173.117, -41.3556],
            [173.1126, -41.362],
            [173.1142, -41.365],
            [173.1132, -41.3714],
            [173.1288, -41.3822],
            [173.1293, -41.39],
            [173.1328, -41.3974],
            [173.1329, -41.401],
            [173.1303, -41.4051],
            [173.1368, -41.4094],
            [173.1463, -41.4086],
            [173.1465, -41.4045],
            [173.1484, -41.4038],
            [173.1572, -41.4055],
            [173.1625, -41.4097],
            [173.1739, -41.4051],
            [173.1788, -41.407],
            [173.1892, -41.4074],
            [173.1942, -41.411],
            [173.2053, -41.4009],
            [173.208, -41.4028],
            [173.2069, -41.4062],
            [173.2087, -41.4072],
            [173.2084, -41.406],
            [173.2121, -41.4032],
            [173.2148, -41.4038],
            [173.2242, -41.3965],
            [173.2263, -41.3984],
            [173.2341, -41.3974],
            [173.2383, -41.402],
            [173.2446, -41.4044],
            [173.2461, -41.4091],
            [173.2498, -41.4096],
            [173.2506, -41.4116],
            [173.255, -41.4134],
            [173.2741, -41.4138],
            [173.2853, -41.416],
            [173.2896, -41.4142],
            [173.2889, -41.4172],
            [173.2949, -41.4256],
            [173.2835, -41.4335],
            [173.2819, -41.4371],
            [173.2764, -41.4395],
            [173.2735, -41.4489],
            [173.2627, -41.4521],
            [173.2602, -41.4545],
            [173.2606, -41.4579],
            [173.2508, -41.4666],
            [173.2563, -41.469],
            [173.2626, -41.4764],
            [173.2699, -41.4811],
            [173.2734, -41.4848],
            [173.2747, -41.4888],
            [173.2907, -41.4944],
            [173.3044, -41.5071],
            [173.2975, -41.5163],
            [173.2871, -41.5183],
            [173.2792, -41.5165],
            [173.2644, -41.5219],
            [173.2554, -41.5211],
            [173.2494, -41.5245],
            [173.2378, -41.5228],
            [173.2336, -41.5195],
            [173.23, -41.5206],
            [173.2166, -41.5182],
            [173.2032, -41.5204],
            [173.1968, -41.5259],
            [173.1874, -41.5287],
            [173.1784, -41.5273],
            [173.1724, -41.5241],
            [173.1687, -41.5313],
            [173.1746, -41.5425],
            [173.1698, -41.548],
            [173.1655, -41.5498],
            [173.1595, -41.5649],
            [173.1553, -41.568],
            [173.1535, -41.5732],
            [173.1546, -41.5789],
            [173.1517, -41.5854],
            [173.1398, -41.5901],
            [173.1322, -41.5896],
            [173.1291, -41.5919],
            [173.1259, -41.6031],
            [173.1216, -41.608],
            [173.103, -41.6105],
            [173.0988, -41.6177],
            [173.0893, -41.6242],
            [173.0756, -41.6253],
            [173.0667, -41.6236],
            [173.0589, -41.6255],
            [173.0576, -41.6275],
            [173.0582, -41.6318],
            [173.0536, -41.6377],
            [173.0553, -41.646],
            [173.054, -41.6519],
            [173.0582, -41.6602],
            [173.0574, -41.6685],
            [173.0038, -41.7248],
            [172.964, -41.7443],
            [172.9579, -41.7495],
            [172.9498, -41.7502],
            [172.9424, -41.7488],
            [172.9306, -41.7438],
            [172.926, -41.7484],
            [172.9262, -41.7577],
            [172.933, -41.7619],
            [172.9331, -41.7692],
            [172.9357, -41.7697],
            [172.9358, -41.7713],
            [172.9358, -41.7701],
            [172.9444, -41.7661],
            [172.9445, -41.7694],
            [172.9391, -41.7726],
            [172.9415, -41.7723],
            [172.9457, -41.7809],
            [172.93, -41.7874],
            [172.9263, -41.7939],
            [172.9173, -41.7983],
            [172.9078, -41.8087],
            [172.8968, -41.8163],
            [172.8911, -41.8181],
            [172.8724, -41.8442],
            [172.8727, -41.8502],
            [172.868, -41.8553],
            [172.869, -41.8595],
            [172.8674, -41.867],
            [172.8641, -41.8688],
            [172.8594, -41.8667],
            [172.8476, -41.8742],
            [172.8446, -41.8907],
            [172.8517, -41.8918],
            [172.8532, -41.8948],
            [172.8599, -41.8974],
            [172.8647, -41.9095],
            [172.8618, -41.9161],
            [172.8611, -41.9225],
            [172.853, -41.9272],
            [172.8501, -41.932],
            [172.8472, -41.9426],
            [172.8366, -41.9474],
            [172.8224, -41.9507],
            [172.8081, -41.9581],
            [172.8116, -41.9653],
            [172.8087, -41.9712],
            [172.8094, -41.975],
            [172.8039, -41.9814],
            [172.8031, -41.9851],
            [172.7918, -41.9926],
            [172.7873, -41.9916],
            [172.7788, -41.9983],
            [172.7782, -42.0024],
            [172.7814, -42.0044],
            [172.7833, -42.0089],
            [172.7732, -42.0224],
            [172.7642, -42.0261],
            [172.7573, -42.0359],
            [172.7502, -42.0327],
            [172.7458, -42.0337],
            [172.7393, -42.032],
            [172.733, -42.0344],
            [172.734, -42.0408],
            [172.7324, -42.0438],
            [172.7315, -42.0538],
            [172.7353, -42.0579],
            [172.7319, -42.0643],
            [172.7316, -42.0696],
            [172.7255, -42.0741],
            [172.7262, -42.0775],
            [172.7235, -42.0828],
            [172.7274, -42.0947],
            [172.7215, -42.1035],
            [172.7177, -42.1016],
            [172.7017, -42.1013],
            [172.691, -42.1066],
            [172.6867, -42.1042],
            [172.6846, -42.0924],
            [172.6814, -42.0885],
            [172.679, -42.0879],
            [172.6731, -42.0901],
            [172.669, -42.0943],
            [172.658, -42.0983],
            [172.6357, -42.1023],
            [172.6328, -42.1078],
            [172.6317, -42.1219],
            [172.6409, -42.1329],
            [172.6348, -42.1374],
            [172.6292, -42.1393],
            [172.6269, -42.1429],
            [172.6199, -42.1477],
            [172.6119, -42.1579],
            [172.6121, -42.1611],
            [172.6096, -42.1661],
            [172.6121, -42.174],
            [172.6114, -42.1802],
            [172.6172, -42.1893],
            [172.617, -42.1931],
            [172.6147, -42.1955],
            [172.6091, -42.1972],
            [172.6059, -42.2038],
            [172.5967, -42.208],
            [172.5893, -42.2152],
            [172.5831, -42.2168],
            [172.5782, -42.2144],
            [172.575, -42.2157],
            [172.5692, -42.215],
            [172.5592, -42.2201],
            [172.5453, -42.2385],
            [172.5339, -42.2414],
            [172.5304, -42.2481],
            [172.5249, -42.2503],
            [172.5171, -42.2571],
            [172.5151, -42.2641],
            [172.5023, -42.2684],
            [172.4868, -42.2658],
            [172.4784, -42.273],
            [172.48, -42.2814],
            [172.4789, -42.2829],
            [172.4798, -42.2857],
            [172.4776, -42.2881],
            [172.478, -42.2914],
            [172.4746, -42.2967],
            [172.4655, -42.3013],
            [172.4617, -42.3075],
            [172.462, -42.3114],
            [172.4645, -42.3138],
            [172.4631, -42.3174],
            [172.4661, -42.3195],
            [172.461, -42.3236],
            [172.454, -42.323],
            [172.4487, -42.3286],
            [172.4431, -42.3448],
            [172.4495, -42.3557],
            [172.4436, -42.3668],
            [172.4381, -42.3701],
            [172.4293, -42.372],
            [172.4168, -42.3838],
            [172.3932, -42.3779],
            [172.3686, -42.385],
            [172.356, -42.3907],
            [172.3472, -42.3918],
            [172.3451, -42.3935],
            [172.3445, -42.3973],
            [172.3373, -42.3997],
            [172.3337, -42.4083],
            [172.329, -42.4103],
            [172.3247, -42.4165],
            [172.3175, -42.4198],
            [172.2998, -42.4217],
            [172.3007, -42.4285],
            [172.2961, -42.4337],
            [172.2933, -42.4404],
            [172.2788, -42.4499],
            [172.2729, -42.4509],
            [172.2658, -42.4551],
            [172.2617, -42.452],
            [172.2572, -42.4535],
            [172.2548, -42.4513],
            [172.2411, -42.457],
            [172.2357, -42.4565],
            [172.2315, -42.4652],
            [172.2316, -42.473],
            [172.2273, -42.4794],
            [172.2199, -42.4863],
            [172.2107, -42.4887],
            [172.2052, -42.493],
            [172.1957, -42.4963],
            [172.1933, -42.4999],
            [172.1867, -42.5041],
            [172.1809, -42.5134],
            [172.1805, -42.5202],
            [172.1828, -42.5265],
            [172.1781, -42.5357],
            [172.1561, -42.553],
            [172.1496, -42.5549],
            [172.1439, -42.5523],
            [172.1406, -42.5544],
            [172.1328, -42.5553],
            [172.1284, -42.5615],
            [172.1243, -42.5635],
            [172.1083, -42.5807],
            [172.1072, -42.5858],
            [172.1031, -42.5878],
            [172.0984, -42.5936],
            [172.1027, -42.6061],
            [172.098, -42.6099],
            [172.0937, -42.6211],
            [172.0856, -42.624],
            [172.0793, -42.6221],
            [172.0756, -42.6227],
            [172.0508, -42.6298],
            [172.0473, -42.6324],
            [172.0408, -42.6309],
            [172.0285, -42.6368],
            [172.0155, -42.6318],
            [172.0078, -42.6349],
            [171.9966, -42.6336],
            [171.9897, -42.6372],
            [171.9747, -42.639],
            [171.9754, -42.6454],
            [171.9729, -42.6532],
            [171.9589, -42.6535],
            [171.9421, -42.6637],
            [171.926, -42.6661],
            [171.9279, -42.6713],
            [171.9231, -42.6772],
            [171.9156, -42.6817],
            [171.9158, -42.6879],
            [171.9134, -42.6905],
            [171.908, -42.7047],
            [171.9006, -42.7112],
            [171.8849, -42.7191],
            [171.8824, -42.733],
            [171.8841, -42.7393],
            [171.883, -42.7468],
            [171.8844, -42.7497],
            [171.8797, -42.7515],
            [171.873, -42.748],
            [171.8637, -42.7505],
            [171.8577, -42.7546],
            [171.856, -42.7575],
            [171.848, -42.7615],
            [171.8463, -42.767],
            [171.842, -42.7705],
            [171.8434, -42.7748],
            [171.8326, -42.7751],
            [171.827, -42.7814],
            [171.8125, -42.7838],
            [171.8145, -42.7872],
            [171.8126, -42.79],
            [171.8063, -42.7893],
            [171.8017, -42.7866],
            [171.7944, -42.788],
            [171.7888, -42.7828],
            [171.7832, -42.7843],
            [171.7764, -42.7903],
            [171.769, -42.7891],
            [171.7638, -42.7917],
            [171.7616, -42.8022],
            [171.7571, -42.809],
            [171.7595, -42.8142],
            [171.7545, -42.8188],
            [171.7565, -42.8228],
            [171.7615, -42.825],
            [171.7628, -42.8285],
            [171.7611, -42.8342],
            [171.7627, -42.8371],
            [171.7601, -42.8407],
            [171.7515, -42.8464],
            [171.737, -42.8471],
            [171.733, -42.8533],
            [171.7374, -42.8587],
            [171.737, -42.8608],
            [171.733, -42.8632],
            [171.7336, -42.8645],
            [171.7409, -42.8682],
            [171.7464, -42.8741],
            [171.7401, -42.8785],
            [171.7374, -42.8784],
            [171.7354, -42.8825],
            [171.7303, -42.8847],
            [171.7266, -42.8884],
            [171.7107, -42.8958],
            [171.7101, -42.9038],
            [171.7035, -42.9035],
            [171.6995, -42.9068],
            [171.6945, -42.9083],
            [171.6869, -42.9061],
            [171.6903, -42.8999],
            [171.6804, -42.8991],
            [171.6787, -42.8935],
            [171.6724, -42.8916],
            [171.6651, -42.8863],
            [171.6602, -42.891],
            [171.6544, -42.8935],
            [171.653, -42.897],
            [171.6444, -42.8981],
            [171.6341, -42.9026],
            [171.6188, -42.9015],
            [171.6141, -42.9036],
            [171.6106, -42.9002],
            [171.6058, -42.8987],
            [171.5999, -42.8988],
            [171.5916, -42.9014],
            [171.5911, -42.8962],
            [171.5869, -42.8957],
            [171.5739, -42.8996],
            [171.5663, -42.9054],
            [171.5596, -42.9075],
            [171.5398, -42.9046],
            [171.5266, -42.9067],
            [171.5171, -42.9142],
            [171.5117, -42.9111],
            [171.5077, -42.902],
            [171.5007, -42.8977],
            [171.4953, -42.898],
            [171.491, -42.8959],
            [171.4837, -42.9056],
            [171.4688, -42.9142],
            [171.4655, -42.9153],
            [171.4629, -42.9124],
            [171.4546, -42.9092],
            [171.4492, -42.9092],
            [171.4424, -42.9136],
            [171.4344, -42.9214],
            [171.4359, -42.9241],
            [171.4352, -42.9269],
            [171.4409, -42.9302],
            [171.4374, -42.9358],
            [171.4256, -42.9355],
            [171.4214, -42.9387],
            [171.4185, -42.9459],
            [171.4114, -42.9509],
            [171.4051, -42.9532],
            [171.4015, -42.9525],
            [171.3977, -42.9551],
            [171.3961, -42.9593],
            [171.3924, -42.9565],
            [171.3947, -42.9509],
            [171.3948, -42.9444],
            [171.3932, -42.9426],
            [171.3902, -42.9413],
            [171.3822, -42.9461],
            [171.3722, -42.9389],
            [171.3624, -42.9372],
            [171.3528, -42.9457],
            [171.3457, -42.9496],
            [171.3403, -42.9489],
            [171.3401, -42.9449],
            [171.3361, -42.9433],
            [171.3142, -42.9481],
            [171.3077, -42.9526],
            [171.3031, -42.9581],
            [171.3095, -42.9614],
            [171.3083, -42.9663],
            [171.2984, -42.9661],
            [171.2876, -42.9722],
            [171.282, -42.9732],
            [171.2736, -42.98],
            [171.2605, -42.9854],
            [171.2561, -42.9899],
            [171.2569, -42.9919],
            [171.254, -42.9975],
            [171.2418, -42.9988],
            [171.2376, -43.0026],
            [171.2404, -43.008],
            [171.2393, -43.013],
            [171.2435, -43.0159],
            [171.2366, -43.0247],
            [171.2368, -43.0264],
            [171.2408, -43.0287],
            [171.2407, -43.031],
            [171.2336, -43.0395],
            [171.227, -43.0402],
            [171.2227, -43.0433],
            [171.222, -43.0583],
            [171.2196, -43.0647],
            [171.2113, -43.0657],
            [171.2039, -43.0728],
            [171.1977, -43.0743],
            [171.1907, -43.0665],
            [171.1845, -43.0643],
            [171.1783, -43.068],
            [171.1757, -43.0743],
            [171.1585, -43.0771],
            [171.1457, -43.0889],
            [171.1407, -43.0825],
            [171.1299, -43.0812],
            [171.1172, -43.0857],
            [171.1135, -43.0957],
            [171.1154, -43.0996],
            [171.1082, -43.1104],
            [171.1054, -43.1121],
            [171.1002, -43.109],
            [171.1, -43.1068],
            [171.0967, -43.1058],
            [171.0952, -43.1008],
            [171.0797, -43.102],
            [171.0766, -43.1119],
            [171.0671, -43.1126],
            [171.0636, -43.1146],
            [171.0629, -43.1185],
            [171.069, -43.1256],
            [171.0676, -43.1283],
            [171.0567, -43.1317],
            [171.0411, -43.1399],
            [171.0374, -43.1459],
            [171.0379, -43.1514],
            [171.0444, -43.1583],
            [171.0471, -43.1592],
            [171.0473, -43.1636],
            [171.02, -43.1745],
            [171.017, -43.1835],
            [171.0134, -43.186],
            [171.0139, -43.1913],
            [171.0042, -43.1953],
            [170.9932, -43.2113],
            [170.9933, -43.2153],
            [170.9917, -43.2176],
            [170.9878, -43.2178],
            [170.9797, -43.2226],
            [170.9705, -43.2223],
            [170.9646, -43.2251],
            [170.9485, -43.2273],
            [170.9443, -43.2214],
            [170.948, -43.2116],
            [170.9483, -43.2061],
            [170.9372, -43.2041],
            [170.9287, -43.2065],
            [170.9214, -43.2132],
            [170.913, -43.216],
            [170.91, -43.226],
            [170.9054, -43.2297],
            [170.8967, -43.233],
            [170.8935, -43.2354],
            [170.8921, -43.239],
            [170.8881, -43.2412],
            [170.8729, -43.246],
            [170.8758, -43.2525],
            [170.8679, -43.2589],
            [170.8652, -43.2648],
            [170.8689, -43.2673],
            [170.8707, -43.2725],
            [170.8644, -43.2763],
            [170.8605, -43.2813],
            [170.8308, -43.2832],
            [170.8227, -43.2895],
            [170.8242, -43.2936],
            [170.8199, -43.2997],
            [170.8119, -43.3011],
            [170.8057, -43.3045],
            [170.7991, -43.3003],
            [170.7924, -43.2992],
            [170.7885, -43.303],
            [170.7823, -43.3043],
            [170.7816, -43.3065],
            [170.7771, -43.3073],
            [170.7683, -43.3131],
            [170.7642, -43.3133],
            [170.762, -43.3176],
            [170.7595, -43.3184],
            [170.7519, -43.3187],
            [170.7438, -43.3163],
            [170.7309, -43.3152],
            [170.7247, -43.3184],
            [170.7168, -43.3165],
            [170.7056, -43.3186],
            [170.7057, -43.3208],
            [170.7091, -43.323],
            [170.7103, -43.3266],
            [170.7168, -43.3328],
            [170.7147, -43.3386],
            [170.7161, -43.3432],
            [170.7124, -43.345],
            [170.6774, -43.3476],
            [170.6708, -43.3507],
            [170.6683, -43.3563],
            [170.6467, -43.3693],
            [170.646, -43.374],
            [170.6576, -43.3774],
            [170.6568, -43.3866],
            [170.6517, -43.3887],
            [170.648, -43.3924],
            [170.6399, -43.3931],
            [170.6329, -43.3968],
            [170.6351, -43.4013],
            [170.6158, -43.4175],
            [170.6136, -43.4244],
            [170.6172, -43.4298],
            [170.6151, -43.4319],
            [170.6116, -43.4326],
            [170.6031, -43.4305],
            [170.6007, -43.4323],
            [170.5915, -43.4341],
            [170.5808, -43.4302],
            [170.5805, -43.4258],
            [170.5838, -43.4225],
            [170.5803, -43.4185],
            [170.5725, -43.419],
            [170.565, -43.423],
            [170.5567, -43.4242],
            [170.5528, -43.4219],
            [170.546, -43.4218],
            [170.5439, -43.4183],
            [170.5352, -43.4145],
            [170.5335, -43.4103],
            [170.53, -43.4099],
            [170.5217, -43.4183],
            [170.5183, -43.419],
            [170.5177, -43.4244],
            [170.5112, -43.4285],
            [170.4966, -43.4266],
            [170.4755, -43.433],
            [170.4707, -43.4424],
            [170.4605, -43.4517],
            [170.4591, -43.4614],
            [170.4521, -43.4613],
            [170.4338, -43.4658],
            [170.427, -43.4739],
            [170.4196, -43.4767],
            [170.4155, -43.4803],
            [170.411, -43.4877],
            [170.4008, -43.4932],
            [170.3953, -43.4981],
            [170.3677, -43.5043],
            [170.3632, -43.5073],
            [170.3569, -43.5064],
            [170.3513, -43.5043],
            [170.3463, -43.5002],
            [170.3348, -43.498],
            [170.334, -43.4919],
            [170.3297, -43.4851],
            [170.3324, -43.4836],
            [170.3287, -43.4816],
            [170.3223, -43.4911],
            [170.3169, -43.4922],
            [170.2989, -43.5019],
            [170.2866, -43.5048],
            [170.2765, -43.5101],
            [170.2721, -43.51],
            [170.2673, -43.5127],
            [170.2572, -43.5108],
            [170.2512, -43.5131],
            [170.2384, -43.5138],
            [170.2288, -43.519],
            [170.2261, -43.5226],
            [170.2209, -43.5247],
            [170.218, -43.5313],
            [170.2143, -43.5313],
            [170.2132, -43.5345],
            [170.2028, -43.5413],
            [170.2031, -43.5494],
            [170.1985, -43.5532],
            [170.1895, -43.5562],
            [170.1827, -43.5613],
            [170.1694, -43.5599],
            [170.1661, -43.5628],
            [170.1608, -43.563],
            [170.1574, -43.5655],
            [170.1577, -43.5718],
            [170.1466, -43.5738],
            [170.1398, -43.5895],
            [170.1257, -43.5872],
            [170.115, -43.589],
            [170.0981, -43.5955],
            [170.093, -43.5997],
            [170.0922, -43.6067],
            [170.097, -43.6098],
            [170.0978, -43.6152],
            [170.0941, -43.6193],
            [170.0929, -43.6254],
            [170.0984, -43.6298],
            [170.1012, -43.6383],
            [170.0995, -43.6452],
            [170.094, -43.6493],
            [170.0953, -43.6554],
            [170.0914, -43.6604],
            [170.0715, -43.6733],
            [170.0636, -43.6758],
            [170.0589, -43.6791],
            [170.0415, -43.6825],
            [170.0281, -43.6912],
            [170.0302, -43.6974],
            [170.0229, -43.7063],
            [170.0283, -43.7129],
            [170.0304, -43.7234],
            [170.0189, -43.7307],
            [170.013, -43.7323],
            [170.0065, -43.7407],
            [169.9988, -43.741],
            [169.9784, -43.7475],
            [169.9767, -43.7523],
            [169.9847, -43.7594],
            [169.9802, -43.7646],
            [169.9736, -43.7686],
            [169.9704, -43.7732],
            [169.9752, -43.7808],
            [169.9727, -43.7873],
            [169.9655, -43.7918],
            [169.9586, -43.7889],
            [169.9433, -43.7892],
            [169.9333, -43.8005],
            [169.9283, -43.8007],
            [169.9129, -43.8089],
            [169.9, -43.813],
            [169.8982, -43.8197],
            [169.893, -43.8231],
            [169.8961, -43.8293],
            [169.894, -43.8339],
            [169.8878, -43.8363],
            [169.8792, -43.8333],
            [169.8675, -43.8321],
            [169.8582, -43.8371],
            [169.8533, -43.8431],
            [169.8454, -43.8473],
            [169.8379, -43.8542],
            [169.8404, -43.8616],
            [169.8379, -43.8666],
            [169.8268, -43.8717],
            [169.8136, -43.8728],
            [169.809, -43.8747],
            [169.7983, -43.8834],
            [169.7959, -43.8898],
            [169.7927, -43.8929],
            [169.7862, -43.8947],
            [169.7817, -43.8942],
            [169.7709, -43.8993],
            [169.7692, -43.9052],
            [169.7651, -43.9082],
            [169.7609, -43.9206],
            [169.7581, -43.9221],
            [169.76, -43.9258],
            [169.7583, -43.9337],
            [169.7457, -43.9314],
            [169.7429, -43.9363],
            [169.7429, -43.9406],
            [169.7363, -43.9439],
            [169.7341, -43.9471],
            [169.7276, -43.9484],
            [169.7252, -43.9549],
            [169.72, -43.9599],
            [169.7016, -43.9639],
            [169.6986, -43.9634],
            [169.6919, -43.9579],
            [169.6694, -43.9554],
            [169.656, -43.9567],
            [169.6327, -43.9638],
            [169.6227, -43.9569],
            [169.5926, -43.9582],
            [169.5868, -43.9651],
            [169.5868, -43.9732],
            [169.5826, -43.9802],
            [169.5842, -43.9832],
            [169.5829, -43.9851],
            [169.5921, -43.9915],
            [169.5921, -44.0098],
            [169.5914, -44.0125],
            [169.5821, -44.0223],
            [169.5807, -44.0323],
            [169.5787, -44.0343],
            [169.5714, -44.0355],
            [169.5625, -44.0323],
            [169.5568, -44.0332],
            [169.5509, -44.0319],
            [169.5411, -44.0333],
            [169.5285, -44.0387],
            [169.5167, -44.0537],
            [169.5117, -44.058],
            [169.5066, -44.0593],
            [169.4863, -44.0553],
            [169.471, -44.0569],
            [169.4621, -44.0595],
            [169.4573, -44.0636],
            [169.4505, -44.0661],
            [169.4501, -44.0729],
            [169.4455, -44.0765],
            [169.4438, -44.0841],
            [169.4333, -44.0897],
            [169.4283, -44.0967],
            [169.4241, -44.0963],
            [169.4096, -44.102],
            [169.4074, -44.1046],
            [169.4086, -44.1069],
            [169.3906, -44.1127],
            [169.3887, -44.1178],
            [169.3868, -44.1188],
            [169.3727, -44.1169],
            [169.3545, -44.1069],
            [169.3392, -44.1029],
            [169.3297, -44.0889],
            [169.3306, -44.0794],
            [169.3287, -44.0778],
            [169.3287, -44.0754],
            [169.3229, -44.0714],
            [169.321, -44.0641],
            [169.309, -44.0606],
            [169.2908, -44.0627],
            [169.2902, -44.074],
            [169.2847, -44.0799],
            [169.2795, -44.0938],
            [169.2752, -44.0986],
            [169.2572, -44.1082],
            [169.2416, -44.1061],
            [169.2328, -44.1086],
            [169.219, -44.1094],
            [169.2061, -44.1069],
            [169.1964, -44.11],
            [169.1876, -44.1105],
            [169.1691, -44.1046],
            [169.1597, -44.1049],
            [169.1514, -44.0946],
            [169.1477, -44.0861],
            [169.1471, -44.0802],
            [169.1451, -44.0799],
            [169.1374, -44.0814],
            [169.1299, -44.087],
            [169.119, -44.0875],
            [169.1112, -44.093],
            [169.104, -44.0956],
            [169.0958, -44.0973],
            [169.0891, -44.0953],
            [169.0821, -44.0967],
            [169.0752, -44.1028],
            [169.0747, -44.1091],
            [169.0733, -44.1097],
            [169.0581, -44.1093],
            [169.0488, -44.1134],
            [169.0461, -44.1161],
            [169.0374, -44.1183],
            [169.022, -44.1148],
            [169.0131, -44.1149],
            [169.0098, -44.124],
            [169.0159, -44.1309],
            [169.0008, -44.1396],
            [168.9811, -44.1415],
            [168.9751, -44.144],
            [168.9767, -44.1508],
            [168.9859, -44.1635],
            [168.9875, -44.1687],
            [168.9745, -44.173],
            [168.9651, -44.1739],
            [168.9613, -44.1824],
            [168.9634, -44.2001],
            [168.9589, -44.2061],
            [168.9446, -44.2035],
            [168.919, -44.2095],
            [168.9111, -44.2097],
            [168.9052, -44.2181],
            [168.8943, -44.2173],
            [168.8772, -44.2228],
            [168.8737, -44.2259],
            [168.8722, -44.2302],
            [168.8733, -44.234],
            [168.871, -44.2389],
            [168.8559, -44.2425],
            [168.8494, -44.2461],
            [168.8518, -44.2537],
            [168.8514, -44.2581],
            [168.8573, -44.2697],
            [168.8547, -44.2742],
            [168.8466, -44.2782],
            [168.8427, -44.2833],
            [168.8443, -44.2897],
            [168.8414, -44.2951],
            [168.84, -44.3024],
            [168.8414, -44.3119],
            [168.832, -44.3218],
            [168.8319, -44.3264],
            [168.8361, -44.3399],
            [168.832, -44.3481],
            [168.8318, -44.3518],
            [168.818, -44.356],
            [168.8105, -44.3622],
            [168.8079, -44.3627],
            [168.7875, -44.377],
            [168.784, -44.383],
            [168.7782, -44.3878],
            [168.7694, -44.3912],
            [168.757, -44.39],
            [168.7534, -44.3922],
            [168.7413, -44.4054],
            [168.7413, -44.4098],
            [168.7446, -44.4175],
            [168.7433, -44.4207],
            [168.738, -44.4213],
            [168.7235, -44.4173],
            [168.716, -44.4117],
            [168.6998, -44.405],
            [168.6937, -44.3956],
            [168.6871, -44.3918],
            [168.678, -44.397],
            [168.6656, -44.401],
            [168.6548, -44.4114],
            [168.6424, -44.416],
            [168.6316, -44.425],
            [168.6255, -44.4339],
            [168.6069, -44.4362],
            [168.5939, -44.4415],
            [168.5902, -44.4502],
            [168.5861, -44.4538],
            [168.5736, -44.4513],
            [168.5574, -44.4517],
            [168.5478, -44.4565],
            [168.5244, -44.4601],
            [168.5068, -44.4668],
            [168.5037, -44.4695],
            [168.5009, -44.4754],
            [168.4888, -44.4784],
            [168.4606, -44.4955],
            [168.452, -44.4925],
            [168.4416, -44.4922],
            [168.4155, -44.4974],
            [168.3991, -44.4961],
            [168.3902, -44.4991],
            [168.3769, -44.4957],
            [168.3666, -44.495],
            [168.3585, -44.4919],
            [168.3449, -44.4971],
            [168.3396, -44.4956],
            [168.3345, -44.4968],
            [168.337, -44.4952],
            [168.3337, -44.4892],
            [168.3375, -44.4781],
            [168.3368, -44.4761],
            [168.3436, -44.4728],
            [168.3527, -44.4609],
            [168.3531, -44.4584],
            [168.3487, -44.4519],
            [168.3539, -44.4437],
            [168.361, -44.4392],
            [168.3597, -44.433],
            [168.3661, -44.4244],
            [168.366, -44.418],
            [168.3555, -44.4135],
            [168.3517, -44.4076],
            [168.3518, -44.4042],
            [168.3662, -44.3944],
            [168.384, -44.3883],
            [168.3856, -44.3855],
            [168.3855, -44.3788],
            [168.3977, -44.3795],
            [168.4049, -44.3771],
            [168.4074, -44.3751],
            [168.4081, -44.3683],
            [168.4117, -44.3637],
            [168.4094, -44.3603],
            [168.3684, -44.3545],
            [168.3706, -44.3465],
            [168.3814, -44.3381],
            [168.367, -44.3405],
            [168.3583, -44.3373],
            [168.3488, -44.3302],
            [168.345, -44.3211],
            [168.3506, -44.3172],
            [168.35, -44.313],
            [168.3536, -44.3053],
            [168.3488, -44.3023],
            [168.3505, -44.2954],
            [168.3477, -44.2904],
            [168.3473, -44.2842],
            [168.3454, -44.2821],
            [168.3292, -44.2822],
            [168.3221, -44.2776],
            [168.3067, -44.2796],
            [168.2811, -44.2603],
            [168.2721, -44.2601],
            [168.2612, -44.2627],
            [168.2551, -44.2567],
            [168.2503, -44.2551],
            [168.2436, -44.2581],
            [168.2258, -44.2564],
            [168.2219, -44.2602],
            [168.2116, -44.2648],
            [168.2023, -44.2667],
            [168.1951, -44.2743],
            [168.1798, -44.2774],
            [168.1693, -44.2754],
            [168.1653, -44.2798],
            [168.1581, -44.2822],
            [168.151, -44.2807],
            [168.1314, -44.2811],
            [168.0783, -44.261],
            [168.0521, -44.2586],
            [167.8381, -44.1271],
            [167.8838, -44.0943],
            [167.9101, -44.0802],
            [167.9388, -44.0684],
            [167.959, -44.0534],
            [168.0145, -44.0225],
            [168.0308, -44.0108],
            [168.0471, -43.9929],
            [168.0699, -43.973],
            [168.0802, -43.956],
            [168.0932, -43.9392],
            [168.1121, -43.9201],
            [168.1224, -43.9061],
            [168.1421, -43.8848],
            [168.1696, -43.8627],
            [168.204, -43.8424],
            [168.241, -43.8267],
            [168.2988, -43.8099],
            [168.3655, -43.8009],
            [168.3928, -43.7999],
            [168.4219, -43.801],
            [168.4738, -43.782],
            [168.5457, -43.7634],
            [168.5841, -43.7569],
            [168.6205, -43.7544],
            [168.6472, -43.7331],
            [168.6712, -43.7184],
            [168.7003, -43.7044],
            [168.7521, -43.6837],
            [168.8261, -43.6601],
            [168.8596, -43.6534],
            [168.8948, -43.6498],
            [168.923, -43.6425],
            [168.9382, -43.6278],
            [168.9595, -43.611],
            [168.9935, -43.5881],
            [169.0404, -43.5596],
            [169.0965, -43.5311],
            [169.1761, -43.5007],
            [169.2061, -43.4821],
            [169.2329, -43.4694],
            [169.2759, -43.4529],
            [169.306, -43.4438],
            [169.3668, -43.4278],
            [169.3959, -43.4217],
            [169.436, -43.4053],
            [169.4868, -43.393],
            [169.4999, -43.3863],
            [169.5132, -43.3734],
            [169.5457, -43.3366],
            [169.562, -43.3151],
            [169.5765, -43.3001],
            [169.5913, -43.2872],
            [169.6189, -43.2681],
            [169.6486, -43.2527],
            [169.6796, -43.2333],
            [169.7084, -43.2197],
            [169.7547, -43.2048],
            [169.8015, -43.1966],
            [169.828, -43.169],
            [169.8502, -43.15],
            [169.8811, -43.129],
            [169.9129, -43.1125],
            [169.9395, -43.0893],
            [169.9751, -43.0671],
            [169.9958, -43.0378],
            [170.0178, -43.0156],
            [170.0406, -42.9889],
            [170.0638, -42.9687],
            [170.0924, -42.9497],
            [170.1186, -42.9365],
            [170.1488, -42.9248],
            [170.1768, -42.9169],
            [170.2035, -42.9117],
            [170.2226, -42.8968],
            [170.2531, -42.8776],
            [170.2728, -42.8674],
            [170.3029, -42.855],
            [170.3754, -42.8325],
            [170.4267, -42.8212],
            [170.4626, -42.8162],
            [170.5048, -42.7899],
            [170.5623, -42.7652],
            [170.5889, -42.746],
            [170.609, -42.7347],
            [170.625, -42.7193],
            [170.6467, -42.7026],
            [170.6699, -42.6699],
            [170.6913, -42.6472],
            [170.7227, -42.6099],
            [170.7378, -42.5949],
            [170.7573, -42.5791],
            [170.7837, -42.5621],
            [170.8272, -42.5255],
            [170.8576, -42.5054],
            [170.885, -42.468],
            [170.9108, -42.4401],
            [170.9204, -42.424],
            [170.9252, -42.399],
            [170.931, -42.3823],
            [170.9391, -42.3652],
            [170.9526, -42.344],
            [170.961, -42.3173],
            [170.9777, -42.281],
            [170.9979, -42.2515],
            [171.0091, -42.239],
            [171.0278, -42.222],
            [171.04, -42.2074],
            [171.0461, -42.1965],
            [171.0468, -42.1718],
            [171.0564, -42.1177],
            [171.0582, -42.0893],
            [171.0655, -42.061],
            [171.0851, -42.0168],
            [171.1008, -41.9921],
            [171.1065, -41.9742],
            [171.116, -41.9537],
            [171.1288, -41.9336],
            [171.145, -41.9143],
            [171.1492, -41.8856],
            [171.157, -41.8614],
            [171.1678, -41.8386],
            [171.1859, -41.8122],
            [171.1819, -41.7887],
            [171.1809, -41.766],
            [171.1828, -41.7419],
            [171.187, -41.7227],
            [171.1935, -41.7042],
            [171.2074, -41.6782],
            [171.2174, -41.6549],
            [171.2258, -41.6404],
            [171.2411, -41.6199],
            [171.2578, -41.6011],
            [171.2701, -41.5898],
            [171.3004, -41.5675],
            [171.337, -41.5482],
            [171.3776, -41.5338],
            [171.4196, -41.5248],
            [171.4643, -41.521],
            [171.51, -41.523],
            [171.5478, -41.5293],
            [171.598, -41.5269],
            [171.642, -41.5021],
            [171.6684, -41.4774],
            [171.6801, -41.4627],
            [171.7049, -41.417],
            [171.7256, -41.3892],
            [171.733, -41.3742],
            [171.7552, -41.3416],
            [171.7811, -41.3141],
            [171.8134, -41.29],
            [171.8232, -41.2807],
            [171.8266, -41.2701],
            [171.8307, -41.2449],
            [171.839, -41.1729],
            [171.8385, -41.1595],
            [171.8324, -41.1306],
            [171.8315, -41.097],
            [171.8423, -41.0248],
            [171.8352, -41.0042],
            [171.8315, -40.9866],
            [171.83, -40.9611],
            [171.8266, -40.9397],
            [171.8264, -40.9201],
            [171.8288, -40.8924],
            [171.8322, -40.8757],
            [171.8381, -40.8575],
            [171.8578, -40.8137],
            [171.8844, -40.7764],
            [171.8974, -40.7544],
            [171.9111, -40.737],
            [171.9276, -40.72],
            [171.9457, -40.7051],
            [171.9682, -40.6809],
            [171.9963, -40.6589],
            [172.0147, -40.6409],
            [172.0353, -40.6251],
            [172.0561, -40.6121],
            [172.0797, -40.6003],
            [172.1093, -40.589],
            [172.1342, -40.5821],
            [172.1555, -40.5664],
            [172.1767, -40.5541],
            [172.2037, -40.5275],
            [172.2743, -40.4755],
            [172.3516, -40.4336],
            [172.3774, -40.4133],
            [172.3954, -40.4021],
            [172.4186, -40.3904],
            [172.4482, -40.3694],
            [172.485, -40.3466],
            [172.5145, -40.3329],
            [172.5415, -40.3226],
            [172.5901, -40.3094],
            [172.6165, -40.3041],
            [172.6754, -40.2984],
            [172.7061, -40.2987],
            [172.7394, -40.3013]
          ]
        ]
      },
      "properties": { "name": "West Coast-Tasman" }
    },
    {
      "type": "Feature",
      "id": 62,
      "geometry": {
        "type": "Polygon",
        "coordinates": [
          [
            [174.869, -39.2335],
            [174.8744, -39.2372],
            [174.8807, -39.2368],
            [174.877, -39.2399],
            [174.8775, -39.2444],
            [174.8794, -39.2463],
            [174.8888, -39.2465],
            [174.8932, -39.2482],
            [174.8924, -39.2538],
            [174.885, -39.259],
            [174.8834, -39.2632],
            [174.8906, -39.2718],
            [174.9028, -39.2767],
            [174.9059, -39.2886],
            [174.91, -39.2884],
            [174.9118, -39.2836],
            [174.9158, -39.2795],
            [174.9249, -39.2763],
            [174.928, -39.2791],
            [174.9271, -39.2886],
            [174.9287, -39.2922],
            [174.9308, -39.2929],
            [174.9407, -39.2903],
            [174.9525, -39.2955],
            [174.9607, -39.2918],
            [174.9641, -39.2827],
            [174.9685, -39.2814],
            [174.9703, -39.2844],
            [174.9619, -39.2983],
            [174.9614, -39.3025],
            [174.9636, -39.3053],
            [174.972, -39.3089],
            [174.9883, -39.3113],
            [175.0007, -39.3106],
            [175.0077, -39.3131],
            [175.0075, -39.3171],
            [175.003, -39.3249],
            [174.9919, -39.3372],
            [174.9932, -39.3407],
            [174.9922, -39.3454],
            [174.9967, -39.3516],
            [175.0044, -39.3545],
            [175.0055, -39.3629],
            [175.0142, -39.3737],
            [175.0128, -39.3772],
            [175.0133, -39.3851],
            [175.0197, -39.3947],
            [175.0312, -39.402],
            [175.0445, -39.4046],
            [175.0398, -39.4087],
            [175.0396, -39.4204],
            [175.0372, -39.4249],
            [175.0206, -39.427],
            [175.0148, -39.4351],
            [175.0169, -39.4369],
            [175.023, -39.437],
            [175.0259, -39.4396],
            [175.0275, -39.447],
            [175.0332, -39.4557],
            [175.0324, -39.4642],
            [175.0378, -39.471],
            [175.0352, -39.476],
            [175.0358, -39.4794],
            [175.038, -39.4806],
            [175.0439, -39.4801],
            [175.0479, -39.484],
            [175.0512, -39.4967],
            [175.0448, -39.5036],
            [175.0473, -39.5116],
            [175.0528, -39.5212],
            [175.0574, -39.5252],
            [175.0685, -39.5144],
            [175.0729, -39.5143],
            [175.0732, -39.5121],
            [175.0781, -39.5088],
            [175.0793, -39.5056],
            [175.078, -39.503],
            [175.0811, -39.4974],
            [175.0813, -39.4924],
            [175.0872, -39.486],
            [175.0953, -39.484],
            [175.0992, -39.4849],
            [175.1021, -39.4821],
            [175.1043, -39.4843],
            [175.1064, -39.4833],
            [175.1102, -39.485],
            [175.1176, -39.4818],
            [175.1183, -39.4867],
            [175.121, -39.4894],
            [175.1212, -39.4943],
            [175.124, -39.498],
            [175.1339, -39.4968],
            [175.1377, -39.5213],
            [175.1399, -39.5195],
            [175.1446, -39.52],
            [175.1534, -39.5281],
            [175.165, -39.5325],
            [175.1637, -39.5343],
            [175.1508, -39.5351],
            [175.1375, -39.5438],
            [175.1557, -39.5378],
            [175.1777, -39.5383],
            [175.1929, -39.5355],
            [175.1973, -39.5367],
            [175.2, -39.5348],
            [175.2203, -39.5399],
            [175.2232, -39.5386],
            [175.2274, -39.5418],
            [175.2243, -39.5439],
            [175.2276, -39.5531],
            [175.2154, -39.5577],
            [175.2034, -39.5544],
            [175.2035, -39.5909],
            [175.2055, -39.5925],
            [175.2087, -39.5914],
            [175.2071, -39.5866],
            [175.2164, -39.5856],
            [175.2174, -39.5847],
            [175.2154, -39.5821],
            [175.217, -39.5833],
            [175.2194, -39.5825],
            [175.2302, -39.587],
            [175.234, -39.6014],
            [175.2422, -39.606],
            [175.2499, -39.6191],
            [175.2587, -39.6178],
            [175.2833, -39.6193],
            [175.3133, -39.6263],
            [175.3119, -39.6231],
            [175.308, -39.625],
            [175.3053, -39.6228],
            [175.3082, -39.616],
            [175.3131, -39.6127],
            [175.3367, -39.6058],
            [175.3415, -39.6029],
            [175.3464, -39.6065],
            [175.3609, -39.5898],
            [175.3602, -39.579],
            [175.3646, -39.5734],
            [175.3755, -39.5745],
            [175.3926, -39.5879],
            [175.4025, -39.5901],
            [175.4043, -39.5893],
            [175.4054, -39.5916],
            [175.4031, -39.5922],
            [175.4032, -39.5939],
            [175.4065, -39.5931],
            [175.4078, -39.5943],
            [175.4109, -39.5927],
            [175.4111, -39.5908],
            [175.4085, -39.5914],
            [175.4095, -39.5891],
            [175.4137, -39.5893],
            [175.4116, -39.5874],
            [175.4167, -39.5845],
            [175.4215, -39.5872],
            [175.4279, -39.5855],
            [175.43, -39.5871],
            [175.4338, -39.5863],
            [175.4292, -39.5812],
            [175.4306, -39.579],
            [175.4273, -39.5762],
            [175.4332, -39.5735],
            [175.4297, -39.5709],
            [175.4307, -39.5688],
            [175.4275, -39.5663],
            [175.4298, -39.5638],
            [175.4258, -39.5625],
            [175.424, -39.5597],
            [175.4173, -39.5584],
            [175.4199, -39.5569],
            [175.418, -39.551],
            [175.4204, -39.5508],
            [175.4213, -39.5482],
            [175.4181, -39.5473],
            [175.4193, -39.5456],
            [175.4669, -39.5449],
            [175.4808, -39.5473],
            [175.4882, -39.5447],
            [175.4882, -39.5792],
            [175.494, -39.5836],
            [175.4983, -39.5834],
            [175.5023, -39.5805],
            [175.5056, -39.5809],
            [175.5034, -39.5824],
            [175.5027, -39.5885],
            [175.4985, -39.5913],
            [175.4972, -39.5968],
            [175.4996, -39.5999],
            [175.4974, -39.601],
            [175.4968, -39.6054],
            [175.4945, -39.6068],
            [175.4953, -39.608],
            [175.4926, -39.6094],
            [175.492, -39.6114],
            [175.494, -39.6141],
            [175.4925, -39.6161],
            [175.4892, -39.6166],
            [175.4888, -39.6204],
            [175.4832, -39.6223],
            [175.4814, -39.6243],
            [175.4824, -39.6253],
            [175.4793, -39.6261],
            [175.4792, -39.6281],
            [175.475, -39.6315],
            [175.4694, -39.6313],
            [175.4705, -39.6327],
            [175.4693, -39.6357],
            [175.4652, -39.6355],
            [175.4661, -39.6383],
            [175.4621, -39.6402],
            [175.4618, -39.6421],
            [175.4957, -39.6572],
            [175.4944, -39.6609],
            [175.4864, -39.6606],
            [175.4861, -39.6647],
            [175.4885, -39.6669],
            [175.4876, -39.6676],
            [175.491, -39.6715],
            [175.5109, -39.6715],
            [175.5104, -39.6766],
            [175.5154, -39.68],
            [175.5105, -39.6869],
            [175.5068, -39.6881],
            [175.5102, -39.6972],
            [175.507, -39.7034],
            [175.5012, -39.7082],
            [175.501, -39.7155],
            [175.4969, -39.7193],
            [175.4982, -39.7247],
            [175.4873, -39.7314],
            [175.4855, -39.7361],
            [175.4801, -39.7388],
            [175.4796, -39.7418],
            [175.4825, -39.7464],
            [175.4799, -39.7528],
            [175.4814, -39.7551],
            [175.4803, -39.7568],
            [175.4856, -39.7588],
            [175.4813, -39.7609],
            [175.4782, -39.7678],
            [175.4754, -39.7704],
            [175.4602, -39.7789],
            [175.4617, -39.7834],
            [175.4594, -39.7856],
            [175.4568, -39.7959],
            [175.4527, -39.7969],
            [175.4533, -39.7994],
            [175.4505, -39.8045],
            [175.4511, -39.8101],
            [175.4528, -39.8107],
            [175.4528, -39.8221],
            [175.4496, -39.8224],
            [175.4393, -39.8182],
            [175.4378, -39.8187],
            [175.4378, -39.8276],
            [175.4179, -39.8274],
            [175.414, -39.8335],
            [175.4003, -39.8343],
            [175.3862, -39.8321],
            [175.3832, -39.8356],
            [175.3757, -39.8395],
            [175.377, -39.8427],
            [175.3735, -39.8457],
            [175.3759, -39.8496],
            [175.3718, -39.8546],
            [175.3671, -39.8575],
            [175.366, -39.8557],
            [175.3628, -39.8575],
            [175.3575, -39.8564],
            [175.3563, -39.8587],
            [175.352, -39.86],
            [175.3532, -39.8667],
            [175.3511, -39.8679],
            [175.3512, -39.8702],
            [175.3486, -39.8733],
            [175.3377, -39.8736],
            [175.3346, -39.8753],
            [175.3271, -39.8731],
            [175.3078, -39.8561],
            [175.301, -39.8593],
            [175.2903, -39.86],
            [175.2902, -39.8623],
            [175.2957, -39.8649],
            [175.2928, -39.8698],
            [175.287, -39.8733],
            [175.2739, -39.8774],
            [175.2745, -39.8792],
            [175.2773, -39.8801],
            [175.2863, -39.8799],
            [175.2859, -39.8765],
            [175.2943, -39.879],
            [175.2947, -39.8812],
            [175.2872, -39.8815],
            [175.2873, -39.8862],
            [175.2955, -39.895],
            [175.291, -39.8954],
            [175.2887, -39.9002],
            [175.284, -39.8995],
            [175.2846, -39.9049],
            [175.2786, -39.9089],
            [175.2877, -39.9162],
            [175.2927, -39.9241],
            [175.2901, -39.9247],
            [175.2846, -39.9187],
            [175.2777, -39.9179],
            [175.2784, -39.9222],
            [175.2738, -39.9231],
            [175.2778, -39.929],
            [175.2685, -39.9317],
            [175.2765, -39.9379],
            [175.2828, -39.935],
            [175.2859, -39.9366],
            [175.281, -39.9383],
            [175.2811, -39.9417],
            [175.2781, -39.9433],
            [175.2773, -39.9482],
            [175.2717, -39.9468],
            [175.2696, -39.9486],
            [175.2693, -39.9508],
            [175.2741, -39.9541],
            [175.2742, -39.9558],
            [175.2655, -39.9554],
            [175.2654, -39.9566],
            [175.2727, -39.9598],
            [175.2719, -39.9645],
            [175.2618, -39.9688],
            [175.2624, -39.9703],
            [175.2682, -39.9696],
            [175.2657, -39.9745],
            [175.2619, -39.9753],
            [175.2593, -39.9722],
            [175.2549, -39.9705],
            [175.2469, -39.9725],
            [175.2456, -39.9713],
            [175.2463, -39.9668],
            [175.2367, -39.9666],
            [175.2341, -39.9694],
            [175.2343, -39.9781],
            [175.232, -39.9799],
            [175.2261, -39.9797],
            [175.2267, -39.9853],
            [175.2239, -39.9873],
            [175.2195, -39.9876],
            [175.2232, -39.9909],
            [175.2224, -39.9929],
            [175.2119, -39.9913],
            [175.2095, -39.9933],
            [175.2104, -39.9976],
            [175.1991, -39.9982],
            [175.1942, -40.0007],
            [175.1884, -39.998],
            [175.1847, -40.0046],
            [175.1756, -40.003],
            [175.1716, -40.0072],
            [175.1649, -40.005],
            [175.1618, -40.0109],
            [175.1597, -40.0099],
            [175.1596, -40.006],
            [175.1494, -40.0108],
            [175.1472, -40.0097],
            [175.1469, -40.0067],
            [175.1438, -40.0069],
            [175.1336, -40.0119],
            [175.1324, -40.0166],
            [175.1272, -40.0161],
            [175.1219, -40.0225],
            [175.1222, -40.0371],
            [175.116, -40.037],
            [175.1148, -40.0347],
            [175.1166, -40.0293],
            [175.1138, -40.0279],
            [175.1101, -40.0287],
            [175.0989, -40.0411],
            [174.8865, -40.1565],
            [174.8729, -40.1396],
            [174.8602, -40.1271],
            [174.8365, -40.1162],
            [174.8109, -40.1012],
            [174.7906, -40.086],
            [174.7703, -40.0671],
            [174.7462, -40.0691],
            [174.7172, -40.069],
            [174.689, -40.0667],
            [174.6514, -40.0608],
            [174.5872, -40.0416],
            [174.5449, -40.0212],
            [174.5333, -40.0174],
            [174.4829, -40.0088],
            [174.4564, -40.0011],
            [174.4268, -39.9892],
            [174.381, -39.965],
            [174.3566, -39.9488],
            [174.3319, -39.9365],
            [174.2799, -39.9065],
            [174.2349, -39.8717],
            [174.218, -39.8561],
            [174.1895, -39.8353],
            [174.1779, -39.825],
            [174.1588, -39.8037],
            [174.1374, -39.7953],
            [174.1177, -39.7854],
            [174.0759, -39.7768],
            [174.0432, -39.7751],
            [174.0114, -39.7702],
            [173.9863, -39.7641],
            [173.9563, -39.7537],
            [173.9132, -39.7469],
            [173.8795, -39.7371],
            [173.817, -39.7129],
            [173.7559, -39.6839],
            [173.7253, -39.664],
            [173.6977, -39.6389],
            [173.6798, -39.6162],
            [173.6641, -39.5998],
            [173.7283, -39.5569],
            [173.8617, -39.4631],
            [173.8627, -39.4607],
            [173.8646, -39.4626],
            [173.8655, -39.4597],
            [173.8628, -39.4593],
            [173.8682, -39.4564],
            [173.865, -39.4558],
            [173.8659, -39.4545],
            [173.8752, -39.4525],
            [173.8775, -39.4537],
            [173.877, -39.4517],
            [173.8823, -39.449],
            [173.8837, -39.446],
            [173.8908, -39.4445],
            [173.8945, -39.4404],
            [173.8932, -39.436],
            [173.9057, -39.4297],
            [173.9067, -39.4261],
            [173.9104, -39.4252],
            [173.9172, -39.4184],
            [173.9166, -39.4166],
            [173.9189, -39.4162],
            [173.9175, -39.4152],
            [173.92, -39.415],
            [173.9208, -39.4072],
            [173.9308, -39.4005],
            [173.9348, -39.3913],
            [173.9411, -39.384],
            [173.9402, -39.3821],
            [173.9431, -39.3789],
            [173.9447, -39.3795],
            [173.9455, -39.3768],
            [173.9483, -39.3761],
            [173.9482, -39.3733],
            [173.9523, -39.3728],
            [173.9521, -39.3711],
            [173.9551, -39.3688],
            [173.9543, -39.3664],
            [173.9591, -39.3618],
            [173.9586, -39.3595],
            [173.9615, -39.3564],
            [173.9644, -39.3563],
            [173.9697, -39.352],
            [173.9698, -39.3502],
            [174.0638, -39.296],
            [174.1052, -39.3063],
            [174.1123, -39.3056],
            [174.1174, -39.3087],
            [174.127, -39.3106],
            [174.1347, -39.3155],
            [174.1391, -39.3154],
            [174.1585, -39.3219],
            [174.1772, -39.322],
            [174.1771, -39.3326],
            [174.1979, -39.3323],
            [174.2085, -39.33],
            [174.2162, -39.3308],
            [174.2162, -39.3283],
            [174.2187, -39.3282],
            [174.232, -39.3345],
            [174.2289, -39.3232],
            [174.2479, -39.315],
            [174.2758, -39.3171],
            [174.2704, -39.3036],
            [174.2864, -39.3026],
            [174.2892, -39.3047],
            [174.2884, -39.3066],
            [174.2898, -39.3091],
            [174.2935, -39.3091],
            [174.2935, -39.3105],
            [174.3052, -39.3134],
            [174.3086, -39.3111],
            [174.3086, -39.3152],
            [174.3207, -39.3151],
            [174.3207, -39.3263],
            [174.3448, -39.3263],
            [174.3448, -39.3394],
            [174.3503, -39.3388],
            [174.3493, -39.3425],
            [174.3526, -39.3434],
            [174.3556, -39.3548],
            [174.3582, -39.3563],
            [174.3567, -39.3603],
            [174.3585, -39.3632],
            [174.3589, -39.3604],
            [174.3607, -39.3595],
            [174.3625, -39.3609],
            [174.3658, -39.3548],
            [174.3686, -39.3564],
            [174.3687, -39.3542],
            [174.3711, -39.3527],
            [174.3742, -39.3575],
            [174.3765, -39.3583],
            [174.3744, -39.3559],
            [174.3771, -39.351],
            [174.3826, -39.351],
            [174.3788, -39.3481],
            [174.3802, -39.345],
            [174.3768, -39.3451],
            [174.3798, -39.3416],
            [174.3852, -39.345],
            [174.3914, -39.3451],
            [174.39, -39.3466],
            [174.3902, -39.3522],
            [174.3948, -39.3509],
            [174.3948, -39.3484],
            [174.4002, -39.3496],
            [174.4049, -39.353],
            [174.4072, -39.3499],
            [174.4114, -39.3502],
            [174.414, -39.3532],
            [174.4159, -39.3517],
            [174.4157, -39.3553],
            [174.4206, -39.3613],
            [174.4134, -39.3645],
            [174.4135, -39.3661],
            [174.409, -39.3663],
            [174.4121, -39.3691],
            [174.4169, -39.3665],
            [174.4201, -39.3704],
            [174.4247, -39.369],
            [174.4247, -39.3726],
            [174.43, -39.3719],
            [174.4332, -39.3737],
            [174.4366, -39.3709],
            [174.4405, -39.3712],
            [174.4397, -39.3729],
            [174.4365, -39.3732],
            [174.4378, -39.3801],
            [174.4329, -39.3803],
            [174.431, -39.3824],
            [174.436, -39.3821],
            [174.4352, -39.3865],
            [174.4398, -39.3856],
            [174.4412, -39.3873],
            [174.4409, -39.3849],
            [174.4461, -39.3842],
            [174.4467, -39.3822],
            [174.4441, -39.3822],
            [174.4455, -39.3786],
            [174.4512, -39.3831],
            [174.4501, -39.3844],
            [174.4511, -39.3869],
            [174.4534, -39.3859],
            [174.4519, -39.3793],
            [174.4589, -39.3831],
            [174.4592, -39.3845],
            [174.4561, -39.3846],
            [174.4565, -39.3871],
            [174.4591, -39.3861],
            [174.4616, -39.3881],
            [174.4585, -39.3905],
            [174.4541, -39.3908],
            [174.4561, -39.3939],
            [174.4531, -39.397],
            [174.4588, -39.3986],
            [174.4574, -39.4009],
            [174.4589, -39.403],
            [174.4578, -39.4055],
            [174.4632, -39.4048],
            [174.4731, -39.4068],
            [174.4723, -39.4029],
            [174.4693, -39.4009],
            [174.4708, -39.3991],
            [174.4733, -39.3996],
            [174.4754, -39.4055],
            [174.4789, -39.4051],
            [174.4803, -39.4067],
            [174.4956, -39.4045],
            [174.5118, -39.4046],
            [174.5123, -39.4001],
            [174.5083, -39.3969],
            [174.5174, -39.3917],
            [174.5162, -39.386],
            [174.5182, -39.3854],
            [174.523, -39.3787],
            [174.5246, -39.3791],
            [174.5297, -39.3755],
            [174.5324, -39.3769],
            [174.534, -39.374],
            [174.5416, -39.3711],
            [174.5443, -39.3669],
            [174.554, -39.36],
            [174.5617, -39.3653],
            [174.5667, -39.3661],
            [174.5715, -39.3652],
            [174.5736, -39.3625],
            [174.5775, -39.3635],
            [174.5795, -39.3651],
            [174.5787, -39.3735],
            [174.6275, -39.3752],
            [174.6667, -39.3734],
            [174.6785, -39.3743],
            [174.6817, -39.3783],
            [174.6799, -39.3827],
            [174.6818, -39.3893],
            [174.684, -39.3901],
            [174.6853, -39.3937],
            [174.6807, -39.4015],
            [174.6784, -39.4022],
            [174.678, -39.4049],
            [174.877, -39.4041],
            [174.8713, -39.401],
            [174.8708, -39.3973],
            [174.8659, -39.389],
            [174.8705, -39.3905],
            [174.873, -39.3887],
            [174.8764, -39.3917],
            [174.8795, -39.3902],
            [174.8848, -39.3819],
            [174.8819, -39.3784],
            [174.8893, -39.3737],
            [174.8904, -39.3684],
            [174.8882, -39.3647],
            [174.8917, -39.3582],
            [174.888, -39.3559],
            [174.8873, -39.3536],
            [174.8836, -39.3528],
            [174.8802, -39.3534],
            [174.8769, -39.3568],
            [174.877, -39.3537],
            [174.8719, -39.3518],
            [174.8708, -39.3468],
            [174.8644, -39.3434],
            [174.8614, -39.3437],
            [174.8587, -39.3408],
            [174.8538, -39.3413],
            [174.8544, -39.3399],
            [174.8501, -39.3367],
            [174.842, -39.3359],
            [174.8384, -39.337],
            [174.8273, -39.3325],
            [174.8228, -39.334],
            [174.8207, -39.3312],
            [174.8226, -39.3295],
            [174.8198, -39.3261],
            [174.8205, -39.3229],
            [174.8151, -39.3179],
            [174.8149, -39.3143],
            [174.8128, -39.3136],
            [174.8179, -39.31],
            [174.8202, -39.3017],
            [174.8309, -39.2962],
            [174.832, -39.2926],
            [174.838, -39.2878],
            [174.8407, -39.2764],
            [174.8455, -39.2704],
            [174.8452, -39.2643],
            [174.847, -39.26],
            [174.8518, -39.2618],
            [174.8556, -39.2614],
            [174.8619, -39.2557],
            [174.865, -39.2469],
            [174.8626, -39.2445],
            [174.8644, -39.2428],
            [174.8615, -39.24],
            [174.8618, -39.2357],
            [174.8596, -39.2321],
            [174.8614, -39.2305],
            [174.8685, -39.2319],
            [174.869, -39.2335]
          ]
        ]
      },
      "properties": { "name": "Whanganui" }
    },
    {
      "type": "Feature",
      "id": 63,
      "geometry": {
        "type": "Polygon",
        "coordinates": [
          [
            [174.6986, -36.5401],
            [174.7158, -36.5428],
            [174.9872, -36.5367],
            [174.9777, -36.5617],
            [174.9557, -36.5938],
            [174.9261, -36.627],
            [174.8903, -36.6582],
            [174.7438, -36.6607],
            [174.7362, -36.6614],
            [174.724, -36.6711],
            [174.7195, -36.6716],
            [174.714, -36.6753],
            [174.6927, -36.6714],
            [174.6895, -36.6723],
            [174.6881, -36.6772],
            [174.6863, -36.6747],
            [174.6846, -36.6753],
            [174.6892, -36.6788],
            [174.6964, -36.6813],
            [174.7007, -36.6853],
            [174.7029, -36.6898],
            [174.7064, -36.7085],
            [174.7126, -36.7185],
            [174.7087, -36.7205],
            [174.7082, -36.7183],
            [174.7032, -36.718],
            [174.7031, -36.7209],
            [174.6982, -36.7229],
            [174.6927, -36.7226],
            [174.6929, -36.7277],
            [174.6911, -36.7264],
            [174.6896, -36.7278],
            [174.6872, -36.7352],
            [174.679, -36.7432],
            [174.6763, -36.7537],
            [174.6732, -36.7591],
            [174.6615, -36.7708],
            [174.6611, -36.773],
            [174.646, -36.7722],
            [174.6324, -36.7736],
            [174.6327, -36.7624],
            [174.6358, -36.7551],
            [174.6353, -36.7528],
            [174.6388, -36.7521],
            [174.6372, -36.751],
            [174.6394, -36.7498],
            [174.6384, -36.7468],
            [174.6451, -36.7455],
            [174.6362, -36.7397],
            [174.6415, -36.7355],
            [174.6381, -36.7344],
            [174.6342, -36.7374],
            [174.627, -36.7346],
            [174.6339, -36.7312],
            [174.6367, -36.7254],
            [174.6348, -36.7238],
            [174.6368, -36.7209],
            [174.6353, -36.7201],
            [174.6387, -36.7191],
            [174.6392, -36.7172],
            [174.6275, -36.7137],
            [174.6257, -36.7038],
            [174.6188, -36.7068],
            [174.6159, -36.7107],
            [174.6106, -36.7112],
            [174.6064, -36.7147],
            [174.6008, -36.7093],
            [174.5966, -36.7085],
            [174.5928, -36.7025],
            [174.5839, -36.6984],
            [174.5829, -36.6931],
            [174.5769, -36.6931],
            [174.5726, -36.6907],
            [174.5715, -36.6889],
            [174.5742, -36.6862],
            [174.5746, -36.6813],
            [174.5652, -36.6766],
            [174.5659, -36.6721],
            [174.5688, -36.6704],
            [174.5803, -36.6713],
            [174.5871, -36.6634],
            [174.585, -36.661],
            [174.5883, -36.6579],
            [174.5867, -36.656],
            [174.588, -36.6551],
            [174.5843, -36.6523],
            [174.5891, -36.6481],
            [174.5871, -36.6474],
            [174.5885, -36.6465],
            [174.5842, -36.6416],
            [174.6027, -36.6375],
            [174.6123, -36.6327],
            [174.6207, -36.6326],
            [174.6418, -36.6277],
            [174.6492, -36.6256],
            [174.6571, -36.621],
            [174.6629, -36.6209],
            [174.6601, -36.6096],
            [174.6657, -36.5802],
            [174.6722, -36.567],
            [174.6805, -36.5598],
            [174.681, -36.5382],
            [174.6883, -36.5404],
            [174.6937, -36.5379],
            [174.6986, -36.5401]
          ],
          [
            [174.7186, -36.5456],
            [174.7178, -36.5447],
            [174.7186, -36.5456]
          ]
        ]
      },
      "properties": { "name": "Whangaparāoa" }
    },
    {
      "type": "Feature",
      "id": 64,
      "geometry": {
        "type": "Polygon",
        "coordinates": [
          [
            [174.9863, -35.5338],
            [174.9726, -35.5664],
            [174.9681, -35.5904],
            [174.9624, -35.6082],
            [174.9475, -35.6384],
            [174.9304, -35.6621],
            [174.9212, -35.6722],
            [174.9045, -35.6879],
            [174.8857, -35.7022],
            [174.9114, -35.7133],
            [174.9137, -35.7359],
            [174.9132, -35.7701],
            [174.9081, -35.8154],
            [174.8969, -35.8555],
            [174.8807, -35.893],
            [174.8619, -35.9238],
            [174.8296, -35.9663],
            [174.8094, -35.9857],
            [174.7826, -36.0071],
            [174.583, -36.0432],
            [174.5804, -36.0532],
            [174.5732, -36.0611],
            [174.5701, -36.0591],
            [174.5686, -36.0609],
            [174.5655, -36.0612],
            [174.5558, -36.0555],
            [174.5642, -36.0614],
            [174.5653, -36.0652],
            [174.5641, -36.0666],
            [174.5562, -36.0662],
            [174.5422, -36.0696],
            [174.5363, -36.0664],
            [174.5304, -36.0673],
            [174.5235, -36.0635],
            [174.5185, -36.0664],
            [174.517, -36.0692],
            [174.5102, -36.0726],
            [174.5055, -36.0712],
            [174.502, -36.0741],
            [174.4955, -36.0741],
            [174.493, -36.072],
            [174.4847, -36.073],
            [174.4816, -36.0705],
            [174.4774, -36.0708],
            [174.4729, -36.072],
            [174.4716, -36.0766],
            [174.4546, -36.0822],
            [174.4517, -36.0857],
            [174.441, -36.0862],
            [174.4355, -36.084],
            [174.4338, -36.0816],
            [174.4228, -36.0798],
            [174.4172, -36.0773],
            [174.408, -36.0787],
            [174.408, -36.0768],
            [174.4042, -36.0759],
            [174.4002, -36.0772],
            [174.4006, -36.0758],
            [174.3958, -36.0718],
            [174.3871, -36.0695],
            [174.3849, -36.0673],
            [174.388, -36.0678],
            [174.3905, -36.0653],
            [174.3909, -36.0582],
            [174.3875, -36.056],
            [174.3905, -36.0552],
            [174.3864, -36.0471],
            [174.3834, -36.045],
            [174.3814, -36.051],
            [174.3783, -36.0521],
            [174.3731, -36.0486],
            [174.3682, -36.0536],
            [174.3588, -36.0536],
            [174.3591, -36.0435],
            [174.3443, -36.0345],
            [174.3461, -36.0295],
            [174.3424, -36.0275],
            [174.3426, -36.0245],
            [174.3404, -36.0214],
            [174.3307, -36.0251],
            [174.3314, -36.0262],
            [174.3245, -36.0268],
            [174.3202, -36.0067],
            [174.3152, -36.0007],
            [174.3178, -35.9965],
            [174.3171, -35.9931],
            [174.3134, -35.9907],
            [174.3131, -35.988],
            [174.3105, -35.9862],
            [174.3112, -35.9842],
            [174.319, -35.9848],
            [174.3271, -35.9817],
            [174.3272, -35.9576],
            [174.3097, -35.9531],
            [174.2822, -35.929],
            [174.2804, -35.9243],
            [174.2709, -35.9255],
            [174.2693, -35.9205],
            [174.264, -35.9192],
            [174.2647, -35.9139],
            [174.2619, -35.9069],
            [174.2674, -35.9011],
            [174.2677, -35.893],
            [174.2466, -35.8658],
            [174.2511, -35.8606],
            [174.2449, -35.8568],
            [174.2461, -35.8538],
            [174.2447, -35.8505],
            [174.2478, -35.8489],
            [174.2479, -35.8464],
            [174.2565, -35.8431],
            [174.2533, -35.8367],
            [174.249, -35.8347],
            [174.2448, -35.829],
            [174.2373, -35.8276],
            [174.2337, -35.8247],
            [174.2366, -35.8196],
            [174.2472, -35.8111],
            [174.246, -35.8099],
            [174.244, -35.8109],
            [174.2369, -35.8015],
            [174.2291, -35.8062],
            [174.2259, -35.8133],
            [174.2075, -35.8057],
            [174.2081, -35.7889],
            [174.2149, -35.7902],
            [174.2178, -35.78],
            [174.2208, -35.7806],
            [174.2226, -35.7743],
            [174.2193, -35.7749],
            [174.2138, -35.7693],
            [174.2013, -35.7636],
            [174.1978, -35.764],
            [174.1975, -35.7619],
            [174.1996, -35.7618],
            [174.1983, -35.7609],
            [174.2013, -35.7545],
            [174.197, -35.7544],
            [174.1971, -35.752],
            [174.1944, -35.7514],
            [174.1963, -35.7479],
            [174.1911, -35.7407],
            [174.1793, -35.7397],
            [174.1805, -35.7373],
            [174.1784, -35.7354],
            [174.1693, -35.7359],
            [174.1689, -35.7326],
            [174.1627, -35.7261],
            [174.161, -35.7264],
            [174.1613, -35.7299],
            [174.1588, -35.7322],
            [174.1539, -35.734],
            [174.158, -35.7312],
            [174.1527, -35.7228],
            [174.1487, -35.7241],
            [174.1449, -35.7201],
            [174.138, -35.7212],
            [174.1381, -35.7085],
            [174.1321, -35.7057],
            [174.1356, -35.7046],
            [174.1328, -35.7002],
            [174.1291, -35.7029],
            [174.121, -35.7021],
            [174.1201, -35.7045],
            [174.1171, -35.7025],
            [174.1158, -35.7048],
            [174.1137, -35.7037],
            [174.1142, -35.7013],
            [174.1108, -35.6997],
            [174.1124, -35.6986],
            [174.1167, -35.6994],
            [174.1177, -35.6965],
            [174.1197, -35.6986],
            [174.1213, -35.6948],
            [174.1188, -35.6944],
            [174.1217, -35.6922],
            [174.1219, -35.6895],
            [174.1258, -35.6869],
            [174.1266, -35.6796],
            [174.1297, -35.6773],
            [174.1363, -35.6771],
            [174.14, -35.6751],
            [174.1396, -35.6731],
            [174.1411, -35.6718],
            [174.1397, -35.6707],
            [174.14, -35.6648],
            [174.1365, -35.6642],
            [174.1417, -35.6615],
            [174.1407, -35.6553],
            [174.1435, -35.6526],
            [174.1517, -35.6539],
            [174.1526, -35.65],
            [174.1586, -35.6488],
            [174.1609, -35.6461],
            [174.1639, -35.6462],
            [174.17, -35.641],
            [174.1745, -35.6419],
            [174.1777, -35.6378],
            [174.1789, -35.639],
            [174.1823, -35.6378],
            [174.1817, -35.6362],
            [174.1831, -35.6349],
            [174.1866, -35.6365],
            [174.1945, -35.6361],
            [174.2012, -35.6309],
            [174.2185, -35.6249],
            [174.2176, -35.6233],
            [174.2223, -35.6207],
            [174.225, -35.6213],
            [174.2318, -35.6186],
            [174.2347, -35.6103],
            [174.2382, -35.6103],
            [174.2376, -35.6076],
            [174.2394, -35.6061],
            [174.2387, -35.6036],
            [174.2365, -35.6029],
            [174.2373, -35.6011],
            [174.2386, -35.6007],
            [174.24, -35.6031],
            [174.2442, -35.6033],
            [174.2451, -35.6058],
            [174.2467, -35.6052],
            [174.249, -35.5997],
            [174.2476, -35.5993],
            [174.2469, -35.6011],
            [174.2441, -35.5989],
            [174.2493, -35.5975],
            [174.2472, -35.5966],
            [174.2478, -35.5949],
            [174.2455, -35.5928],
            [174.251, -35.5943],
            [174.2679, -35.5858],
            [174.2671, -35.5839],
            [174.2702, -35.5814],
            [174.2659, -35.5751],
            [174.274, -35.5721],
            [174.2748, -35.5685],
            [174.2841, -35.5671],
            [174.2874, -35.5758],
            [174.2946, -35.5723],
            [174.3296, -35.6209],
            [174.3352, -35.616],
            [174.3525, -35.6145],
            [174.3547, -35.6108],
            [174.4064, -35.6128],
            [174.4165, -35.6092],
            [174.4172, -35.6169],
            [174.4221, -35.614],
            [174.4244, -35.6082],
            [174.4284, -35.6103],
            [174.4333, -35.6092],
            [174.4336, -35.6063],
            [174.4391, -35.6023],
            [174.438, -35.6001],
            [174.4337, -35.6019],
            [174.432, -35.598],
            [174.4285, -35.597],
            [174.4295, -35.5953],
            [174.428, -35.592],
            [174.4314, -35.5917],
            [174.4314, -35.576],
            [174.4238, -35.576],
            [174.4236, -35.5642],
            [174.4556, -35.5633],
            [174.4507, -35.5575],
            [174.4574, -35.5549],
            [174.4606, -35.5552],
            [174.462, -35.5535],
            [174.4604, -35.5519],
            [174.47, -35.5474],
            [174.4709, -35.5457],
            [174.7111, -35.5029],
            [174.993, -35.4984],
            [174.9863, -35.5338]
          ]
        ]
      },
      "properties": { "name": "Whangārei" }
    },
    {
      "type": "Feature",
      "id": 65,
      "geometry": {
        "type": "Polygon",
        "coordinates": [
          [
            [172.5588, -43.5279],
            [172.572, -43.5319],
            [172.6123, -43.5288],
            [172.6117, -43.5404],
            [172.6218, -43.5412],
            [172.6218, -43.5474],
            [172.6262, -43.5479],
            [172.6307, -43.552],
            [172.6132, -43.5637],
            [172.5905, -43.5703],
            [172.581, -43.5618],
            [172.5714, -43.5717],
            [172.5527, -43.5654],
            [172.5507, -43.5686],
            [172.5482, -43.5687],
            [172.5487, -43.5706],
            [172.5465, -43.5726],
            [172.5538, -43.5772],
            [172.5472, -43.5828],
            [172.539, -43.5778],
            [172.5362, -43.5832],
            [172.5375, -43.5864],
            [172.5333, -43.5885],
            [172.5329, -43.5865],
            [172.5186, -43.5741],
            [172.5218, -43.5699],
            [172.4967, -43.5583],
            [172.4868, -43.5503],
            [172.4968, -43.5472],
            [172.4959, -43.5458],
            [172.5063, -43.5419],
            [172.5044, -43.5355],
            [172.4969, -43.5332],
            [172.5016, -43.5251],
            [172.5065, -43.5281],
            [172.5191, -43.5291],
            [172.5203, -43.5274],
            [172.5231, -43.5278],
            [172.5284, -43.5186],
            [172.5588, -43.5279]
          ]
        ]
      },
      "properties": { "name": "Wigram" }
    }
  ]
}
