{
  "type": "FeatureCollection",
  "features": [
    {
      "type": "Feature",
      "id": 1,
      "geometry": {
        "type": "Polygon",
        "coordinates": [
          [
            [176.0218, -36.3713],
            [176.0329, -36.4028],
            [176.0555, -36.4116],
            [176.0763, -36.4218],
            [176.1095, -36.4437],
            [176.1229, -36.455],
            [176.1402, -36.4729],
            [176.1625, -36.5044],
            [176.173, -36.5268],
            [176.19, -36.5758],
            [176.1961, -36.607],
            [176.1974, -36.6279],
            [176.1952, -36.6546],
            [176.1896, -36.6778],
            [176.181, -36.6995],
            [176.1682, -36.7223],
            [176.1663, -36.7312],
            [176.2094, -36.7481],
            [176.2267, -36.7574],
            [176.2499, -36.773],
            [176.2956, -36.8105],
            [176.3139, -36.8299],
            [176.3317, -36.8551],
            [176.3453, -36.8834],
            [176.3531, -36.9111],
            [176.3557, -36.9362],
            [176.3555, -36.9637],
            [176.3519, -36.9884],
            [176.3453, -37.0105],
            [176.3337, -37.0351],
            [176.3134, -37.0668],
            [176.3567, -37.0761],
            [176.3957, -37.0907],
            [176.2043, -37.141],
            [175.9545, -37.4208],
            [175.944, -37.4204],
            [175.9448, -37.4215],
            [175.9129, -37.4416],
            [175.917, -37.4446],
            [175.8946, -37.4549],
            [175.9065, -37.4582],
            [175.9137, -37.4629],
            [175.9263, -37.4573],
            [175.9367, -37.4632],
            [175.9349, -37.4732],
            [175.9303, -37.4803],
            [175.931, -37.4834],
            [175.9273, -37.4948],
            [175.8707, -37.4956],
            [175.8707, -37.5005],
            [175.8656, -37.5004],
            [175.8576, -37.4973],
            [175.8437, -37.487],
            [175.8328, -37.4716],
            [175.8135, -37.4849],
            [175.818, -37.4927],
            [175.8166, -37.4958],
            [175.8085, -37.5011],
            [175.806, -37.5107],
            [175.8091, -37.5137],
            [175.8233, -37.5158],
            [175.8246, -37.5198],
            [175.8237, -37.5268],
            [175.829, -37.5318],
            [175.831, -37.5374],
            [175.8265, -37.5457],
            [175.8129, -37.5552],
            [175.8117, -37.5643],
            [175.8217, -37.5716],
            [175.823, -37.5826],
            [175.8328, -37.5976],
            [175.8346, -37.5982],
            [175.8356, -37.6035],
            [175.8415, -37.6133],
            [175.8398, -37.6181],
            [175.8408, -37.6206],
            [175.8367, -37.6228],
            [175.8358, -37.6267],
            [175.8336, -37.6275],
            [175.8371, -37.6322],
            [175.8375, -37.6354],
            [175.8415, -37.6388],
            [175.8408, -37.6419],
            [175.8432, -37.6432],
            [175.8445, -37.6486],
            [175.8481, -37.6519],
            [175.8521, -37.662],
            [175.8563, -37.6628],
            [175.8652, -37.6681],
            [175.8648, -37.6722],
            [175.8709, -37.6775],
            [175.8721, -37.6863],
            [175.8795, -37.6993],
            [175.8897, -37.7011],
            [175.8899, -37.7092],
            [175.8921, -37.7112],
            [175.8968, -37.7118],
            [175.898, -37.7142],
            [175.8957, -37.7167],
            [175.9002, -37.7184],
            [175.8981, -37.7194],
            [175.8978, -37.7213],
            [175.8996, -37.7222],
            [175.8952, -37.7242],
            [175.9276, -37.7762],
            [175.9059, -37.8286],
            [175.935, -37.8426],
            [175.9281, -37.8472],
            [175.9279, -37.8521],
            [175.9319, -37.8616],
            [175.9399, -37.868],
            [175.9365, -37.8701],
            [175.9379, -37.8737],
            [175.9363, -37.8814],
            [175.9396, -37.8826],
            [175.943, -37.8791],
            [175.9478, -37.8788],
            [175.9609, -37.8894],
            [175.9677, -37.8833],
            [175.9718, -37.8828],
            [175.9542, -37.9019],
            [175.9202, -37.9235],
            [175.9086, -37.9206],
            [175.908, -37.9188],
            [175.9096, -37.919],
            [175.9101, -37.9163],
            [175.9084, -37.9129],
            [175.9157, -37.9116],
            [175.9121, -37.9079],
            [175.9046, -37.9093],
            [175.9041, -37.9126],
            [175.9014, -37.9114],
            [175.8943, -37.9137],
            [175.884, -37.9128],
            [175.8849, -37.9136],
            [175.8829, -37.9179],
            [175.8817, -37.9176],
            [175.8813, -37.9212],
            [175.8785, -37.9231],
            [175.8742, -37.9233],
            [175.8683, -37.9215],
            [175.8727, -37.9148],
            [175.8553, -37.9099],
            [175.8577, -37.914],
            [175.8564, -37.9152],
            [175.8568, -37.9239],
            [175.8485, -37.9271],
            [175.8448, -37.9226],
            [175.8345, -37.9197],
            [175.8294, -37.9085],
            [175.8356, -37.9059],
            [175.8249, -37.9061],
            [175.8249, -37.9184],
            [175.801, -37.9178],
            [175.8008, -37.9145],
            [175.7988, -37.9145],
            [175.8005, -37.912],
            [175.7964, -37.908],
            [175.7983, -37.9057],
            [175.8018, -37.9059],
            [175.8018, -37.9038],
            [175.7999, -37.9032],
            [175.8013, -37.902],
            [175.7972, -37.9024],
            [175.7999, -37.8961],
            [175.7933, -37.8973],
            [175.7935, -37.9016],
            [175.7725, -37.9012],
            [175.7712, -37.905],
            [175.7599, -37.9044],
            [175.7462, -37.914],
            [175.7392, -37.9165],
            [175.7224, -37.9017],
            [175.7194, -37.9034],
            [175.7141, -37.9005],
            [175.7073, -37.9046],
            [175.6919, -37.941],
            [175.6861, -37.9395],
            [175.6852, -37.9416],
            [175.6757, -37.9422],
            [175.6742, -37.9441],
            [175.6697, -37.9411],
            [175.6669, -37.9452],
            [175.6627, -37.9463],
            [175.6619, -37.9493],
            [175.6586, -37.9521],
            [175.6561, -37.9489],
            [175.6503, -37.9468],
            [175.651, -37.9488],
            [175.647, -37.9478],
            [175.6277, -37.9544],
            [175.6102, -37.9498],
            [175.5872, -37.948],
            [175.5739, -37.9446],
            [175.5574, -37.9431],
            [175.5515, -37.9392],
            [175.5449, -37.9264],
            [175.539, -37.9251],
            [175.537, -37.921],
            [175.5148, -37.95],
            [175.5293, -37.9605],
            [175.5191, -37.9693],
            [175.5237, -37.9791],
            [175.5143, -37.978],
            [175.5115, -37.9825],
            [175.5007, -37.9841],
            [175.4993, -37.9869],
            [175.4924, -37.9869],
            [175.4884, -37.9829],
            [175.4845, -37.9822],
            [175.4874, -38.0009],
            [175.4915, -38.0044],
            [175.4849, -38.0173],
            [175.4896, -38.0188],
            [175.4889, -38.0201],
            [175.4911, -38.0208],
            [175.487, -38.0239],
            [175.4835, -38.0299],
            [175.4818, -38.0388],
            [175.4724, -38.0435],
            [175.4588, -38.0554],
            [175.4592, -38.0573],
            [175.4545, -38.0584],
            [175.4529, -38.0571],
            [175.4514, -38.0598],
            [175.4489, -38.0589],
            [175.4485, -38.0612],
            [175.4457, -38.0574],
            [175.4408, -38.0585],
            [175.4408, -38.0555],
            [175.4365, -38.0536],
            [175.4368, -38.0512],
            [175.4339, -38.0517],
            [175.4331, -38.0532],
            [175.4352, -38.0587],
            [175.4327, -38.0602],
            [175.4302, -38.0654],
            [175.4317, -38.0739],
            [175.4276, -38.074],
            [175.4192, -38.068],
            [175.4113, -38.0681],
            [175.3983, -38.0574],
            [175.3953, -38.0599],
            [175.3917, -38.0677],
            [175.3896, -38.0686],
            [175.3893, -38.0716],
            [175.3856, -38.0731],
            [175.3823, -38.0809],
            [175.3781, -38.0808],
            [175.3765, -38.0828],
            [175.3699, -38.0815],
            [175.3703, -38.0794],
            [175.3678, -38.0792],
            [175.3709, -38.0716],
            [175.3701, -38.069],
            [175.3647, -38.0676],
            [175.3636, -38.0706],
            [175.3617, -38.0704],
            [175.3614, -38.0688],
            [175.3588, -38.0706],
            [175.3528, -38.0679],
            [175.3554, -38.0674],
            [175.3546, -38.065],
            [175.3517, -38.0671],
            [175.3483, -38.0635],
            [175.3442, -38.0658],
            [175.3428, -38.06],
            [175.3406, -38.0617],
            [175.3381, -38.0587],
            [175.3348, -38.0595],
            [175.3296, -38.0563],
            [175.3302, -38.054],
            [175.3276, -38.0526],
            [175.3276, -38.051],
            [175.3223, -38.0514],
            [175.3233, -38.0488],
            [175.3206, -38.0462],
            [175.3224, -38.0445],
            [175.3187, -38.042],
            [175.3211, -38.0401],
            [175.3131, -38.0382],
            [175.3113, -38.0361],
            [175.3068, -38.0393],
            [175.3074, -38.0361],
            [175.3049, -38.0372],
            [175.3032, -38.0346],
            [175.2991, -38.0334],
            [175.2982, -38.0356],
            [175.2968, -38.0332],
            [175.2976, -38.0313],
            [175.2959, -38.0298],
            [175.2907, -38.0298],
            [175.2901, -38.0275],
            [175.2878, -38.0282],
            [175.2878, -38.0267],
            [175.2864, -38.0267],
            [175.2878, -38.0254],
            [175.2855, -38.0164],
            [175.2872, -38.0157],
            [175.2843, -38.0137],
            [175.2622, -38.0134],
            [175.2536, -38.0101],
            [175.241, -38.0092],
            [175.2319, -38.0058],
            [175.2266, -38.0146],
            [175.2275, -38.017],
            [175.2264, -38.018],
            [175.2147, -38.0117],
            [175.214, -38.0061],
            [175.2023, -38.0053],
            [175.2008, -38.004],
            [175.2012, -38.0017],
            [175.1958, -38.0031],
            [175.1967, -38.0074],
            [175.1629, -38.0016],
            [175.1629, -38.0119],
            [175.1546, -38.0112],
            [175.1513, -38.0272],
            [175.1312, -38.0272],
            [175.1312, -38.0136],
            [175.1043, -38.004],
            [175.1202, -37.9943],
            [175.1018, -37.9783],
            [175.099, -37.9838],
            [175.0401, -37.9868],
            [175.0402, -37.9783],
            [175.0235, -37.9768],
            [175.0221, -37.9749],
            [175.0158, -37.9743],
            [175.0154, -37.9772],
            [175.0129, -37.9791],
            [175.0076, -37.979],
            [175.0061, -37.9759],
            [174.9962, -37.9786],
            [174.9933, -37.977],
            [174.9908, -37.9724],
            [174.9775, -37.9765],
            [174.9773, -37.9734],
            [174.9759, -37.9729],
            [174.9766, -37.9693],
            [174.9697, -37.9685],
            [174.9577, -37.9626],
            [174.9531, -37.963],
            [174.9539, -37.9705],
            [174.9466, -37.972],
            [174.941, -37.9751],
            [174.9414, -37.9785],
            [174.9375, -37.981],
            [174.9352, -37.9877],
            [174.9253, -37.9899],
            [174.9185, -38.0029],
            [174.9278, -38.0008],
            [174.931, -38.0213],
            [174.9097, -38.0233],
            [174.9132, -38.033],
            [174.9072, -38.0338],
            [174.9066, -38.0359],
            [174.897, -38.0396],
            [174.8888, -38.0475],
            [174.8091, -38.0848],
            [174.3688, -38.0965],
            [174.3537, -38.08],
            [174.3352, -38.0525],
            [174.3255, -38.0323],
            [174.3164, -38.0006],
            [174.3138, -37.9757],
            [174.3157, -37.9473],
            [174.3211, -37.9236],
            [174.3331, -37.8948],
            [174.3439, -37.8771],
            [174.3575, -37.8591],
            [174.3786, -37.8381],
            [174.4006, -37.8208],
            [174.4268, -37.8048],
            [174.4583, -37.7908],
            [174.4954, -37.7795],
            [174.5318, -37.7733],
            [174.5477, -37.7461],
            [174.5619, -37.728],
            [174.5501, -37.6959],
            [174.5357, -37.6716],
            [174.5192, -37.6557],
            [174.5024, -37.6347],
            [174.4904, -37.6156],
            [174.4815, -37.5963],
            [174.4718, -37.5599],
            [174.4702, -37.5309],
            [174.4719, -37.5146],
            [174.4615, -37.4909],
            [174.4557, -37.4707],
            [174.4495, -37.4421],
            [174.4474, -37.41],
            [174.4288, -37.3692],
            [174.3943, -37.3081],
            [174.3852, -37.2864],
            [174.3785, -37.2746],
            [174.3657, -37.2584],
            [174.3392, -37.2142],
            [174.3145, -37.1992],
            [174.2877, -37.1769],
            [174.267, -37.1537],
            [174.2525, -37.1319],
            [174.2779, -37.1223],
            [174.3289, -37.1088],
            [174.3561, -37.1027],
            [174.4448, -37.0879],
            [174.473, -37.0807],
            [174.5145, -37.0635],
            [174.5203, -37.059],
            [174.5231, -37.0509],
            [174.5281, -37.0459],
            [174.5417, -37.0376],
            [174.5646, -37.0319],
            [174.6026, -37.0286],
            [174.622, -37.0224],
            [174.6219, -37.0263],
            [174.633, -37.0247],
            [174.6516, -37.0301],
            [174.6643, -37.029],
            [174.6812, -37.0317],
            [174.6995, -37.0369],
            [174.7466, -37.0399],
            [174.7789, -37.0338],
            [174.805, -37.0351],
            [174.8262, -37.0395],
            [174.8447, -37.0468],
            [174.8661, -37.0585],
            [174.8752, -37.0606],
            [174.9129, -37.0562],
            [174.924, -37.0506],
            [174.9274, -37.0462],
            [174.932, -37.0492],
            [174.9524, -37.0428],
            [174.9349, -37.0075],
            [174.9243, -36.999],
            [174.9306, -37.0005],
            [174.9327, -36.998],
            [174.9372, -36.9974],
            [174.9363, -37.0003],
            [174.9435, -37.0015],
            [174.9409, -36.9963],
            [174.9535, -36.9999],
            [174.9526, -36.9912],
            [174.9501, -36.9904],
            [174.952, -36.9856],
            [174.9638, -36.9855],
            [174.9647, -36.9834],
            [174.9684, -36.9829],
            [174.9627, -36.9766],
            [174.9562, -36.9758],
            [174.9549, -36.9775],
            [174.9491, -36.9775],
            [174.949, -36.9745],
            [174.946, -36.9704],
            [174.9468, -36.968],
            [174.9439, -36.9636],
            [174.9487, -36.9575],
            [174.9398, -36.9536],
            [174.9375, -36.9502],
            [174.9341, -36.9491],
            [174.9371, -36.9393],
            [174.9328, -36.9313],
            [174.9341, -36.9258],
            [174.9397, -36.9174],
            [174.9484, -36.9145],
            [174.9589, -36.9085],
            [174.9607, -36.9038],
            [174.9624, -36.8863],
            [174.9617, -36.8646],
            [174.9376, -36.857],
            [174.9509, -36.8497],
            [174.9742, -36.8435],
            [174.9913, -36.8423],
            [175.0069, -36.8443],
            [175.0434, -36.8538],
            [175.0655, -36.8627],
            [175.0876, -36.8763],
            [175.1081, -36.8966],
            [175.1212, -36.9168],
            [175.1288, -36.9199],
            [175.1468, -36.923],
            [175.1524, -36.9297],
            [175.1572, -36.932],
            [175.1667, -36.9317],
            [175.182, -36.9201],
            [175.1913, -36.9179],
            [175.2028, -36.9193],
            [175.2261, -36.9278],
            [175.2599, -36.9322],
            [175.3278, -36.9363],
            [175.3396, -36.9353],
            [175.3615, -36.9303],
            [175.311, -36.8384],
            [175.2896, -36.7681],
            [175.2666, -36.7038],
            [175.1631, -36.5239],
            [175.251, -36.3997],
            [175.4169, -36.3799],
            [175.6281, -36.385],
            [175.9033, -36.2583],
            [175.9193, -36.2668],
            [175.9396, -36.2803],
            [175.9667, -36.3007],
            [175.9813, -36.3141],
            [176.0058, -36.3431],
            [176.0218, -36.3713]
          ]
        ]
      },
      "properties": { "name": "Hauraki-Waikato" }
    },
    {
      "type": "Feature",
      "id": 2,
      "geometry": {
        "type": "Polygon",
        "coordinates": [
          [
            [178.2334, -37.3333],
            [178.2794, -37.3396],
            [178.2986, -37.3443],
            [178.33, -37.355],
            [178.3743, -37.3603],
            [178.396, -37.3653],
            [178.4219, -37.3736],
            [178.4561, -37.3885],
            [178.4838, -37.4045],
            [178.5074, -37.4226],
            [178.5238, -37.4386],
            [178.5582, -37.446],
            [178.604, -37.4615],
            [178.6325, -37.475],
            [178.6639, -37.4952],
            [178.7016, -37.5079],
            [178.7348, -37.5245],
            [178.7558, -37.5384],
            [178.7783, -37.5576],
            [178.7962, -37.5769],
            [178.8117, -37.5989],
            [178.8245, -37.6245],
            [178.8332, -37.6532],
            [178.836, -37.6751],
            [178.8361, -37.6946],
            [178.8334, -37.7153],
            [178.8283, -37.7353],
            [178.816, -37.7642],
            [178.8077, -37.7782],
            [178.7878, -37.8043],
            [178.775, -37.818],
            [178.7479, -37.8407],
            [178.7254, -37.8549],
            [178.7041, -37.8777],
            [178.6954, -37.9001],
            [178.6805, -37.9274],
            [178.6653, -37.9492],
            [178.6544, -37.9614],
            [178.6518, -37.9771],
            [178.6456, -37.9975],
            [178.6298, -38.0303],
            [178.6336, -38.0519],
            [178.6341, -38.0764],
            [178.6307, -38.1017],
            [178.6206, -38.1456],
            [178.6235, -38.1681],
            [178.623, -38.1907],
            [178.6163, -38.2245],
            [178.6269, -38.2535],
            [178.6307, -38.2721],
            [178.6324, -38.2971],
            [178.6302, -38.3218],
            [178.6244, -38.3448],
            [178.6179, -38.3616],
            [178.6081, -38.3803],
            [178.6037, -38.3944],
            [178.6053, -38.4122],
            [178.6046, -38.4312],
            [178.5972, -38.4665],
            [178.5908, -38.483],
            [178.5787, -38.5051],
            [178.5711, -38.5166],
            [178.5548, -38.5357],
            [178.5527, -38.559],
            [178.5468, -38.5823],
            [178.5314, -38.6162],
            [178.5086, -38.6521],
            [178.4892, -38.6751],
            [178.4701, -38.6925],
            [178.4545, -38.7043],
            [178.4365, -38.7155],
            [178.4118, -38.7279],
            [178.3927, -38.7532],
            [178.3669, -38.7776],
            [178.3428, -38.7948],
            [178.3027, -38.8202],
            [178.2669, -38.8375],
            [178.252, -38.8501],
            [178.226, -38.8675],
            [178.1737, -38.8947],
            [178.1694, -38.912],
            [178.1663, -38.9463],
            [178.1915, -38.9643],
            [178.2061, -38.9779],
            [178.2231, -38.9967],
            [178.2394, -39.0209],
            [178.249, -39.0406],
            [178.2571, -39.0643],
            [178.262, -39.088],
            [178.263, -39.1131],
            [178.2578, -39.147],
            [178.2488, -39.1727],
            [178.2322, -39.2037],
            [178.2167, -39.2248],
            [178.2022, -39.2407],
            [178.2054, -39.2684],
            [178.2044, -39.2883],
            [178.1999, -39.3127],
            [178.1935, -39.3316],
            [178.1754, -39.3657],
            [178.1608, -39.3842],
            [178.1331, -39.4104],
            [178.1041, -39.4305],
            [178.0695, -39.4479],
            [178.0416, -39.4577],
            [178.0187, -39.4719],
            [177.9868, -39.4867],
            [177.9572, -39.4969],
            [177.9119, -39.5059],
            [177.8822, -39.5083],
            [177.8424, -39.5073],
            [177.8162, -39.5043],
            [177.7824, -39.4966],
            [177.7339, -39.4795],
            [177.6931, -39.4571],
            [177.6689, -39.4386],
            [177.6574, -39.4278],
            [177.6345, -39.4001],
            [177.6165, -39.3677],
            [177.6067, -39.3355],
            [177.6041, -39.3065],
            [177.5947, -39.2807],
            [177.59, -39.2546],
            [177.4976, -39.2567],
            [177.4311, -39.2662],
            [177.374, -39.2817],
            [177.3187, -39.3001],
            [177.2955, -39.3096],
            [177.3546, -39.6143],
            [177.3572, -39.6359],
            [177.3571, -39.6486],
            [177.3531, -39.679],
            [177.3441, -39.706],
            [177.335, -39.724],
            [177.3042, -39.7692],
            [177.288, -39.7893],
            [177.2922, -39.8057],
            [177.2946, -39.8282],
            [177.2931, -39.8561],
            [177.2847, -39.8889],
            [177.2752, -39.9097],
            [177.2612, -39.9319],
            [177.243, -39.9534],
            [177.2263, -39.969],
            [177.203, -39.9861],
            [177.1814, -40.0273],
            [177.1625, -40.0555],
            [177.1634, -40.0768],
            [177.159, -40.1081],
            [177.1525, -40.1283],
            [177.1418, -40.1507],
            [177.1351, -40.1752],
            [177.1229, -40.2007],
            [177.1128, -40.2167],
            [177.0867, -40.2504],
            [177.07, -40.2676],
            [177.0553, -40.2798],
            [176.9918, -40.352],
            [176.9585, -40.3778],
            [176.9179, -40.3996],
            [176.9039, -40.4221],
            [176.9012, -40.437],
            [176.8941, -40.4595],
            [176.8936, -40.4816],
            [176.8896, -40.5054],
            [176.8772, -40.5464],
            [176.8678, -40.5677],
            [176.8615, -40.5782],
            [176.8386, -40.6082],
            [176.8224, -40.6235],
            [176.8038, -40.6382],
            [176.7725, -40.6573],
            [176.7263, -40.6764],
            [176.6913, -40.6854],
            [176.6606, -40.7166],
            [176.6317, -40.7381],
            [176.6174, -40.7523],
            [176.6042, -40.772],
            [176.5791, -40.7989],
            [176.5385, -40.8305],
            [176.5221, -40.8564],
            [176.5142, -40.8824],
            [176.4951, -40.9236],
            [176.4852, -40.9587],
            [176.4686, -40.9894],
            [176.4526, -41.0116],
            [176.4409, -41.0246],
            [176.4072, -41.0541],
            [176.3771, -41.0744],
            [176.3625, -41.0963],
            [176.3516, -41.1254],
            [176.3485, -41.1403],
            [176.34, -41.1658],
            [176.3275, -41.1918],
            [176.3242, -41.2135],
            [176.3189, -41.231],
            [176.3116, -41.2487],
            [176.2912, -41.2807],
            [176.2738, -41.3002],
            [176.2472, -41.3226],
            [176.2149, -41.3429],
            [176.1841, -41.3652],
            [176.165, -41.3837],
            [176.145, -41.3989],
            [176.1095, -41.4195],
            [176.0958, -41.446],
            [176.0718, -41.477],
            [176.0471, -41.4994],
            [176.0193, -41.5183],
            [175.9941, -41.5312],
            [175.9599, -41.5445],
            [175.9322, -41.5519],
            [175.8969, -41.5579],
            [175.8401, -41.584],
            [175.8155, -41.6034],
            [175.8042, -41.6104],
            [175.7773, -41.6341],
            [175.7565, -41.648],
            [175.7179, -41.6673],
            [175.6906, -41.677],
            [175.67, -41.6824],
            [175.6545, -41.6954],
            [175.6335, -41.7097],
            [175.5882, -41.7356],
            [175.5626, -41.748],
            [175.522, -41.7621],
            [175.4833, -41.7702],
            [175.4462, -41.7877],
            [175.4115, -41.7989],
            [175.343, -41.8114],
            [175.2978, -41.8151],
            [175.2573, -41.8147],
            [175.1789, -41.8086],
            [175.1378, -41.7992],
            [175.1082, -41.7891],
            [175.0703, -41.7704],
            [175.0429, -41.7521],
            [175.0254, -41.7373],
            [175.0, -41.7081],
            [174.9825, -41.6783],
            [174.8001, -41.6208],
            [174.768, -41.607],
            [174.735, -41.5874],
            [174.6527, -41.563],
            [174.851, -41.3563],
            [174.8528, -41.3524],
            [174.8519, -41.3493],
            [174.8588, -41.3409],
            [174.8589, -41.3367],
            [174.8611, -41.3354],
            [174.8626, -41.3316],
            [174.8647, -41.3316],
            [174.8712, -41.3254],
            [174.8719, -41.3183],
            [174.8779, -41.317],
            [174.8826, -41.3113],
            [174.8922, -41.3155],
            [174.8938, -41.3133],
            [174.9037, -41.3123],
            [174.9069, -41.3137],
            [174.9174, -41.2998],
            [174.9161, -41.2993],
            [174.9289, -41.2728],
            [174.926, -41.2721],
            [174.9271, -41.2696],
            [174.9232, -41.2617],
            [174.9245, -41.262],
            [174.9265, -41.2577],
            [174.9241, -41.257],
            [174.9226, -41.2443],
            [174.9404, -41.2211],
            [174.9439, -41.2188],
            [174.9488, -41.2193],
            [174.9465, -41.2121],
            [174.9399, -41.2097],
            [174.9419, -41.2081],
            [174.9416, -41.2059],
            [174.9342, -41.205],
            [174.9395, -41.2019],
            [174.9337, -41.2003],
            [174.9379, -41.1972],
            [174.9327, -41.1951],
            [174.9305, -41.1923],
            [174.9099, -41.2012],
            [174.884, -41.2158],
            [174.8788, -41.2167],
            [174.8777, -41.2128],
            [174.8709, -41.2118],
            [174.8708, -41.2074],
            [174.8645, -41.2074],
            [174.8652, -41.2028],
            [174.8608, -41.2026],
            [174.8645, -41.1958],
            [174.8664, -41.1961],
            [174.8673, -41.1894],
            [174.8655, -41.1891],
            [174.8757, -41.1765],
            [174.8789, -41.1779],
            [174.8803, -41.1737],
            [174.8793, -41.1735],
            [174.8992, -41.1479],
            [174.9077, -41.1496],
            [174.911, -41.14],
            [174.9155, -41.1409],
            [174.916, -41.147],
            [174.9272, -41.1492],
            [174.9269, -41.1512],
            [174.9329, -41.1505],
            [174.9367, -41.1523],
            [174.939, -41.1509],
            [174.9487, -41.1531],
            [174.9517, -41.145],
            [174.9646, -41.1475],
            [174.9737, -41.141],
            [174.9723, -41.1365],
            [174.9743, -41.1328],
            [174.9778, -41.1361],
            [174.9798, -41.135],
            [174.9821, -41.1322],
            [174.9817, -41.1304],
            [174.9851, -41.1278],
            [174.9837, -41.1265],
            [174.9862, -41.1257],
            [174.9872, -41.1228],
            [174.9902, -41.1222],
            [174.9888, -41.1181],
            [174.9907, -41.1151],
            [174.9978, -41.1134],
            [175.0089, -41.1137],
            [175.0089, -41.1098],
            [175.0121, -41.1079],
            [175.0088, -41.1063],
            [175.018, -41.1023],
            [175.035, -41.1021],
            [175.0358, -41.098],
            [175.032, -41.0966],
            [175.0343, -41.0951],
            [175.0338, -41.0892],
            [175.0294, -41.0835],
            [175.0268, -41.0825],
            [175.0268, -41.0728],
            [175.0539, -41.0729],
            [175.0515, -41.066],
            [175.0524, -41.0619],
            [175.0553, -41.0619],
            [175.0562, -41.0572],
            [175.0544, -41.0505],
            [175.0549, -41.0455],
            [175.0445, -41.0462],
            [175.0445, -41.0438],
            [175.0417, -41.0431],
            [175.0448, -41.0423],
            [175.0445, -41.0405],
            [175.0393, -41.0412],
            [175.0382, -41.04],
            [175.0402, -41.0398],
            [175.0414, -41.0376],
            [175.0397, -41.0373],
            [175.0396, -41.0356],
            [175.0617, -40.9703],
            [175.0671, -40.9732],
            [175.0744, -40.9833],
            [175.075, -40.9821],
            [175.0988, -40.9821],
            [175.0917, -40.9613],
            [175.1141, -40.9569],
            [175.1116, -40.9528],
            [175.1292, -40.9493],
            [175.1345, -40.9646],
            [175.1448, -40.9645],
            [175.1473, -40.9672],
            [175.1537, -40.9666],
            [175.1572, -40.9688],
            [175.1625, -40.967],
            [175.1647, -40.9677],
            [175.1643, -40.9656],
            [175.1693, -40.9651],
            [175.1737, -40.971],
            [175.1786, -40.9729],
            [175.1816, -40.973],
            [175.187, -40.9696],
            [175.1935, -40.9735],
            [175.1983, -40.9799],
            [175.2028, -40.979],
            [175.2074, -40.9685],
            [175.2164, -40.9659],
            [175.2244, -40.9723],
            [175.2282, -40.9734],
            [175.2339, -40.9728],
            [175.2388, -40.9694],
            [175.2461, -40.9719],
            [175.2611, -40.9709],
            [175.2619, -40.9675],
            [175.2673, -40.9672],
            [175.2764, -40.9616],
            [175.2808, -40.9568],
            [175.2817, -40.9521],
            [175.2795, -40.9487],
            [175.2752, -40.9447],
            [175.271, -40.9444],
            [175.2726, -40.941],
            [175.2702, -40.939],
            [175.2709, -40.9374],
            [175.2851, -40.9341],
            [175.2999, -40.9258],
            [175.3104, -40.9256],
            [175.3177, -40.9179],
            [175.3334, -40.9144],
            [175.3341, -40.908],
            [175.3374, -40.9005],
            [175.3493, -40.8973],
            [175.3563, -40.8889],
            [175.3611, -40.8731],
            [175.3587, -40.8686],
            [175.3605, -40.8612],
            [175.3583, -40.8596],
            [175.3561, -40.8479],
            [175.3554, -40.8387],
            [175.3578, -40.834],
            [175.3539, -40.8268],
            [175.3541, -40.8234],
            [175.3577, -40.8182],
            [175.3566, -40.8148],
            [175.3597, -40.8122],
            [175.377, -40.8091],
            [175.376, -40.7939],
            [175.3791, -40.7883],
            [175.3801, -40.7806],
            [175.3848, -40.7781],
            [175.3888, -40.7706],
            [175.3931, -40.7674],
            [175.3928, -40.7643],
            [175.3957, -40.7588],
            [175.4, -40.7549],
            [175.4081, -40.751],
            [175.4188, -40.7499],
            [175.4228, -40.7486],
            [175.4261, -40.7452],
            [175.4341, -40.7465],
            [175.4398, -40.744],
            [175.4424, -40.7406],
            [175.4428, -40.7354],
            [175.4463, -40.7307],
            [175.4477, -40.7252],
            [175.6253, -40.5101],
            [175.683, -40.4667],
            [175.6892, -40.4656],
            [175.7146, -40.4378],
            [175.7055, -40.433],
            [175.7131, -40.4304],
            [175.7151, -40.4267],
            [175.7224, -40.4245],
            [175.7223, -40.4223],
            [175.7243, -40.4212],
            [175.7228, -40.4187],
            [175.7297, -40.4125],
            [175.7288, -40.4106],
            [175.7252, -40.41],
            [175.7252, -40.4077],
            [175.7229, -40.4053],
            [175.7249, -40.4048],
            [175.7237, -40.4024],
            [175.7286, -40.3996],
            [175.7321, -40.3997],
            [175.7336, -40.3975],
            [175.7333, -40.3917],
            [175.7359, -40.3908],
            [175.7371, -40.3921],
            [175.7382, -40.39],
            [175.7401, -40.3903],
            [175.7396, -40.3885],
            [175.7466, -40.3867],
            [175.7482, -40.3827],
            [175.7512, -40.3819],
            [175.751, -40.3784],
            [175.7533, -40.3783],
            [175.7525, -40.3767],
            [175.7579, -40.3768],
            [175.7569, -40.3744],
            [175.7633, -40.3727],
            [175.7647, -40.3737],
            [175.7673, -40.3709],
            [175.7646, -40.3687],
            [175.7615, -40.3688],
            [175.7604, -40.3658],
            [175.7648, -40.3599],
            [175.7706, -40.3591],
            [175.7697, -40.3571],
            [175.7736, -40.3554],
            [175.7739, -40.3503],
            [175.7792, -40.3454],
            [175.776, -40.339],
            [175.7815, -40.3391],
            [175.7793, -40.3386],
            [175.7795, -40.3359],
            [175.7841, -40.3323],
            [175.7906, -40.3135],
            [175.7812, -40.3116],
            [175.7711, -40.3057],
            [175.8051, -40.265],
            [175.8079, -40.269],
            [175.8146, -40.2722],
            [175.815, -40.2472],
            [175.8275, -40.2472],
            [175.8275, -40.262],
            [175.8415, -40.2461],
            [175.8595, -40.2544],
            [175.867, -40.2463],
            [175.8625, -40.244],
            [175.8641, -40.2408],
            [175.8722, -40.2335],
            [175.8693, -40.2274],
            [175.8733, -40.2217],
            [175.8738, -40.2161],
            [175.8932, -40.2012],
            [175.8985, -40.1919],
            [175.8983, -40.1847],
            [175.9186, -40.1735],
            [175.9274, -40.1753],
            [175.9385, -40.1553],
            [175.9575, -40.156],
            [175.9794, -40.1425],
            [175.9877, -40.1281],
            [176.0034, -40.1147],
            [176.0172, -40.1054],
            [176.033, -40.08],
            [176.0698, -40.0615],
            [176.077, -40.0509],
            [176.0811, -40.0478],
            [176.0741, -40.036],
            [176.0775, -40.0273],
            [176.0766, -40.0167],
            [176.0777, -40.0129],
            [176.0895, -40.0055],
            [176.0958, -39.9916],
            [176.1016, -39.9843],
            [176.1032, -39.9772],
            [176.1121, -39.9705],
            [176.1162, -39.9696],
            [176.1211, -39.9624],
            [176.1171, -39.9577],
            [176.1245, -39.9478],
            [176.1097, -39.9419],
            [176.1096, -39.9392],
            [176.1117, -39.938],
            [176.1154, -39.9294],
            [176.1136, -39.9247],
            [176.1068, -39.9171],
            [176.1203, -39.9097],
            [176.1261, -39.9048],
            [176.1269, -39.8916],
            [176.1231, -39.888],
            [176.1172, -39.8868],
            [176.1268, -39.8615],
            [176.135, -39.8506],
            [176.138, -39.8239],
            [176.1769, -39.744],
            [176.1691, -39.7179],
            [176.1805, -39.7111],
            [176.1842, -39.6838],
            [176.1927, -39.6798],
            [176.2009, -39.673],
            [176.1959, -39.6636],
            [176.1651, -39.6487],
            [176.1813, -39.6169],
            [176.179, -39.6053],
            [176.1735, -39.6021],
            [176.1653, -39.6016],
            [176.1614, -39.6029],
            [176.1576, -39.5968],
            [176.1527, -39.5983],
            [176.1427, -39.5847],
            [176.1448, -39.5824],
            [176.1547, -39.5836],
            [176.1603, -39.5807],
            [176.1663, -39.5828],
            [176.1703, -39.5816],
            [176.1745, -39.5786],
            [176.1741, -39.5766],
            [176.1823, -39.5718],
            [176.1823, -39.5685],
            [176.1868, -39.5646],
            [176.1895, -39.5597],
            [176.1992, -39.5571],
            [176.1981, -39.5545],
            [176.2001, -39.5535],
            [176.1999, -39.5464],
            [176.2066, -39.5405],
            [176.2103, -39.5335],
            [176.2196, -39.5321],
            [176.2214, -39.5336],
            [176.2244, -39.5318],
            [176.2269, -39.5338],
            [176.2289, -39.5319],
            [176.2321, -39.532],
            [176.2323, -39.5302],
            [176.2353, -39.5304],
            [176.2373, -39.5282],
            [176.2378, -39.5253],
            [176.2432, -39.5248],
            [176.2494, -39.5211],
            [176.2509, -39.5171],
            [176.2543, -39.5169],
            [176.2531, -39.515],
            [176.2572, -39.5145],
            [176.2569, -39.5119],
            [176.2612, -39.5121],
            [176.2646, -39.5153],
            [176.2658, -39.5129],
            [176.2682, -39.514],
            [176.2715, -39.5099],
            [176.2712, -39.5068],
            [176.2789, -39.5074],
            [176.2795, -39.5026],
            [176.282, -39.5024],
            [176.282, -39.5039],
            [176.2854, -39.5054],
            [176.2916, -39.5008],
            [176.3003, -39.5075],
            [176.3019, -39.5051],
            [176.2994, -39.504],
            [176.3031, -39.5014],
            [176.3075, -39.5039],
            [176.3105, -39.5017],
            [176.3144, -39.5023],
            [176.3155, -39.5043],
            [176.3122, -39.5058],
            [176.3127, -39.5077],
            [176.3185, -39.5081],
            [176.3233, -39.5062],
            [176.324, -39.5014],
            [176.3327, -39.5044],
            [176.338, -39.5029],
            [176.3397, -39.5038],
            [176.3421, -39.5016],
            [176.3378, -39.5013],
            [176.3396, -39.4984],
            [176.339, -39.4966],
            [176.3336, -39.4993],
            [176.332, -39.4983],
            [176.3363, -39.4926],
            [176.3352, -39.491],
            [176.3376, -39.4903],
            [176.3372, -39.4883],
            [176.334, -39.4893],
            [176.3307, -39.4877],
            [176.3252, -39.4878],
            [176.3257, -39.4935],
            [176.3219, -39.4933],
            [176.3209, -39.4976],
            [176.3159, -39.4972],
            [176.3181, -39.4935],
            [176.3153, -39.4932],
            [176.3194, -39.4877],
            [176.3138, -39.4824],
            [176.3163, -39.4791],
            [176.3188, -39.4811],
            [176.3216, -39.4789],
            [176.3178, -39.4743],
            [176.315, -39.4756],
            [176.3127, -39.4745],
            [176.3145, -39.4718],
            [176.3086, -39.4708],
            [176.3118, -39.469],
            [176.3071, -39.463],
            [176.3094, -39.4619],
            [176.3093, -39.4599],
            [176.3135, -39.4589],
            [176.3103, -39.4546],
            [176.3144, -39.4535],
            [176.3119, -39.4511],
            [176.3106, -39.4454],
            [176.3057, -39.4447],
            [176.3062, -39.4421],
            [176.3038, -39.4413],
            [176.3087, -39.441],
            [176.3065, -39.4383],
            [176.3025, -39.4371],
            [176.309, -39.4312],
            [176.3062, -39.43],
            [176.3065, -39.4281],
            [176.3082, -39.4283],
            [176.309, -39.4253],
            [176.317, -39.4195],
            [176.3102, -39.4186],
            [176.3104, -39.417],
            [176.3156, -39.4127],
            [176.3184, -39.4146],
            [176.3228, -39.4141],
            [176.3201, -39.4117],
            [176.3234, -39.4116],
            [176.3236, -39.4082],
            [176.3203, -39.4085],
            [176.3196, -39.4068],
            [176.3263, -39.406],
            [176.3229, -39.402],
            [176.3258, -39.4003],
            [176.3238, -39.3982],
            [176.3275, -39.3966],
            [176.3286, -39.3934],
            [176.326, -39.3921],
            [176.3218, -39.3941],
            [176.3204, -39.3893],
            [176.3236, -39.3868],
            [176.3272, -39.3886],
            [176.3317, -39.3873],
            [176.3306, -39.3855],
            [176.3331, -39.3841],
            [176.3319, -39.379],
            [176.3306, -39.3783],
            [176.3285, -39.3799],
            [176.3276, -39.3783],
            [176.3314, -39.3772],
            [176.332, -39.3747],
            [176.3291, -39.373],
            [176.3282, -39.3685],
            [176.3215, -39.3707],
            [176.3107, -39.3702],
            [176.3115, -39.3665],
            [176.3049, -39.3653],
            [176.3067, -39.3612],
            [176.3033, -39.3598],
            [176.3024, -39.3566],
            [176.2984, -39.3587],
            [176.2932, -39.3581],
            [176.2916, -39.363],
            [176.2865, -39.3623],
            [176.2849, -39.3596],
            [176.283, -39.3603],
            [176.2804, -39.3585],
            [176.2785, -39.3593],
            [176.2783, -39.3617],
            [176.2759, -39.3623],
            [176.2758, -39.3586],
            [176.2732, -39.3596],
            [176.2706, -39.3581],
            [176.2715, -39.3525],
            [176.2654, -39.3495],
            [176.2701, -39.3461],
            [176.2661, -39.3446],
            [176.2664, -39.3413],
            [176.2638, -39.3373],
            [176.2728, -39.3377],
            [176.2711, -39.3343],
            [176.2763, -39.3299],
            [176.2725, -39.3288],
            [176.2774, -39.327],
            [176.2774, -39.3194],
            [176.2816, -39.3186],
            [176.2823, -39.3145],
            [176.2799, -39.3128],
            [176.2814, -39.3094],
            [176.2869, -39.3102],
            [176.2913, -39.3069],
            [176.2938, -39.3079],
            [176.2989, -39.3053],
            [176.3026, -39.3007],
            [176.3016, -39.2976],
            [176.3051, -39.2919],
            [176.3043, -39.2857],
            [176.2992, -39.2851],
            [176.301, -39.2841],
            [176.2993, -39.276],
            [176.2933, -39.2772],
            [176.2954, -39.2669],
            [176.2927, -39.2638],
            [176.2931, -39.2586],
            [176.288, -39.2591],
            [176.2917, -39.2553],
            [176.2882, -39.2549],
            [176.2873, -39.2514],
            [176.2924, -39.2512],
            [176.2896, -39.2463],
            [176.2789, -39.2427],
            [176.2764, -39.2399],
            [176.2571, -39.2446],
            [176.258, -39.2406],
            [176.2551, -39.24],
            [176.2553, -39.2365],
            [176.2517, -39.2389],
            [176.2496, -39.2376],
            [176.249, -39.2346],
            [176.2445, -39.2344],
            [176.2421, -39.236],
            [176.2398, -39.2329],
            [176.231, -39.2321],
            [176.2231, -39.2357],
            [176.2192, -39.2312],
            [176.2098, -39.2318],
            [176.2085, -39.2277],
            [176.2043, -39.2253],
            [176.2001, -39.2258],
            [176.196, -39.2213],
            [176.1961, -39.2149],
            [176.1929, -39.2115],
            [176.1958, -39.2085],
            [176.1932, -39.2019],
            [176.1955, -39.1987],
            [176.1947, -39.1963],
            [176.1905, -39.1949],
            [176.1865, -39.1894],
            [176.1798, -39.1852],
            [176.18, -39.1806],
            [176.1825, -39.1791],
            [176.1801, -39.1768],
            [176.1822, -39.1739],
            [176.1782, -39.1699],
            [176.1809, -39.1691],
            [176.1755, -39.1493],
            [176.1761, -39.1439],
            [176.1847, -39.1336],
            [176.1826, -39.1294],
            [176.1837, -39.1275],
            [176.2118, -39.1172],
            [176.2213, -39.1104],
            [176.2258, -39.1107],
            [176.2264, -39.1084],
            [176.2284, -39.1084],
            [176.2318, -39.1044],
            [176.2332, -39.0979],
            [176.3404, -39.1731],
            [176.3953, -39.1619],
            [176.3926, -39.16],
            [176.3909, -39.1561],
            [176.3968, -39.1509],
            [176.3899, -39.1513],
            [176.3862, -39.1466],
            [176.3863, -39.1445],
            [176.3894, -39.1422],
            [176.3869, -39.1409],
            [176.3871, -39.1368],
            [176.3822, -39.1341],
            [176.3783, -39.1384],
            [176.3757, -39.1338],
            [176.3701, -39.134],
            [176.3696, -39.1325],
            [176.4168, -39.1163],
            [176.4434, -39.1208],
            [176.4202, -39.0619],
            [176.4492, -39.0016],
            [176.547, -39.0018],
            [176.541, -38.9992],
            [176.541, -38.9978],
            [176.6104, -38.9983],
            [176.6081, -38.996],
            [176.613, -38.9891],
            [176.6117, -38.987],
            [176.609, -38.9875],
            [176.6058, -38.9857],
            [176.6059, -38.9802],
            [176.6019, -38.9794],
            [176.603, -38.9769],
            [176.5999, -38.976],
            [176.601, -38.9722],
            [176.5988, -38.9694],
            [176.6026, -38.9649],
            [176.5967, -38.9593],
            [176.598, -38.9579],
            [176.5964, -38.9534],
            [176.5981, -38.9469],
            [176.597, -38.9415],
            [176.5996, -38.9342],
            [176.5985, -38.9333],
            [176.7, -38.8538],
            [176.7042, -38.8451],
            [176.7002, -38.8381],
            [176.7041, -38.8271],
            [176.7012, -38.8233],
            [176.6958, -38.8213],
            [176.6966, -38.8126],
            [176.7822, -38.7893],
            [176.8053, -38.8149],
            [176.8656, -38.829],
            [176.8756, -38.8378],
            [176.8815, -38.8392],
            [176.8832, -38.8421],
            [176.8892, -38.8424],
            [176.8966, -38.8464],
            [176.9009, -38.8443],
            [176.9063, -38.8462],
            [176.9076, -38.8438],
            [176.9105, -38.8456],
            [176.9668, -38.8464],
            [176.9703, -38.8416],
            [177.0085, -38.8419],
            [177.0383, -38.8225],
            [177.0389, -38.8203],
            [177.05, -38.8236],
            [177.0627, -38.82],
            [177.0677, -38.8147],
            [177.0933, -38.7975],
            [177.1027, -38.8062],
            [177.1024, -38.8159],
            [177.1055, -38.8134],
            [177.108, -38.8139],
            [177.1058, -38.8232],
            [177.1258, -38.8233],
            [177.1349, -38.8342],
            [177.1464, -38.8283],
            [177.1463, -38.8384],
            [177.1679, -38.8387],
            [177.1691, -38.8413],
            [177.1638, -38.8445],
            [177.1687, -38.8445],
            [177.1691, -38.8459],
            [177.1664, -38.8465],
            [177.1671, -38.8482],
            [177.1716, -38.8521],
            [177.1768, -38.8529],
            [177.177, -38.8558],
            [177.1741, -38.8572],
            [177.1754, -38.8596],
            [177.1815, -38.8592],
            [177.1836, -38.857],
            [177.1867, -38.8589],
            [177.1898, -38.856],
            [177.1917, -38.8561],
            [177.1934, -38.8576],
            [177.1919, -38.8637],
            [177.198, -38.8646],
            [177.1983, -38.8679],
            [177.1969, -38.8687],
            [177.2023, -38.875],
            [177.2065, -38.8761],
            [177.2074, -38.8786],
            [177.21, -38.8785],
            [177.2112, -38.8748],
            [177.2136, -38.8739],
            [177.2162, -38.8769],
            [177.2231, -38.8772],
            [177.2304, -38.8823],
            [177.236, -38.8794],
            [177.2449, -38.8793],
            [177.2447, -38.8815],
            [177.2475, -38.883],
            [177.2565, -38.8829],
            [177.2464, -38.8795],
            [177.2439, -38.877],
            [177.2371, -38.8787],
            [177.2349, -38.8771],
            [177.2399, -38.8738],
            [177.2379, -38.8607],
            [177.2474, -38.8551],
            [177.2526, -38.8495],
            [177.2541, -38.8441],
            [177.2571, -38.8418],
            [177.2603, -38.8357],
            [177.2667, -38.8328],
            [177.287, -38.8305],
            [177.291, -38.8285],
            [177.2905, -38.8267],
            [177.2934, -38.8265],
            [177.2887, -38.8226],
            [177.293, -38.8215],
            [177.2921, -38.8189],
            [177.2954, -38.8208],
            [177.2955, -38.8186],
            [177.2976, -38.8178],
            [177.2955, -38.8178],
            [177.2915, -38.8142],
            [177.2922, -38.8123],
            [177.2909, -38.8106],
            [177.295, -38.8069],
            [177.2935, -38.8052],
            [177.2954, -38.8042],
            [177.2946, -38.8008],
            [177.2967, -38.7983],
            [177.2909, -38.796],
            [177.2862, -38.7867],
            [177.2822, -38.7859],
            [177.2829, -38.7842],
            [177.2791, -38.783],
            [177.2774, -38.7796],
            [177.2786, -38.7741],
            [177.2807, -38.7732],
            [177.2824, -38.7646],
            [177.2962, -38.7593],
            [177.2933, -38.7528],
            [177.2487, -38.7495],
            [177.2523, -38.7183],
            [177.2568, -38.7142],
            [177.2576, -38.7114],
            [177.2661, -38.7071],
            [177.2731, -38.7005],
            [177.2784, -38.6985],
            [177.2792, -38.6945],
            [177.2848, -38.6934],
            [177.2844, -38.6882],
            [177.2886, -38.6853],
            [177.289, -38.6784],
            [177.2861, -38.6753],
            [177.2874, -38.6733],
            [177.2843, -38.6683],
            [177.2841, -38.6629],
            [177.289, -38.6572],
            [177.2898, -38.654],
            [177.2918, -38.6533],
            [177.3076, -38.6597],
            [177.309, -38.5969],
            [177.3534, -38.6246],
            [177.3469, -38.5164],
            [177.3996, -38.5212],
            [177.3888, -38.5126],
            [177.4398, -38.4733],
            [177.4499, -38.4746],
            [177.4578, -38.4777],
            [177.4685, -38.4673],
            [177.4782, -38.4716],
            [177.4852, -38.4706],
            [177.4928, -38.4719],
            [177.5002, -38.4702],
            [177.5033, -38.4655],
            [177.5059, -38.4647],
            [177.5098, -38.456],
            [177.511, -38.4474],
            [177.5145, -38.445],
            [177.5147, -38.4388],
            [177.5254, -38.4326],
            [177.479, -38.3772],
            [177.479, -38.3757],
            [177.4822, -38.3769],
            [177.4856, -38.3748],
            [177.454, -38.3376],
            [177.4637, -38.3335],
            [177.4863, -38.2963],
            [177.4843, -38.2745],
            [177.4976, -38.2608],
            [177.4924, -38.2625],
            [177.4899, -38.2612],
            [177.4887, -38.2581],
            [177.4911, -38.25],
            [177.4832, -38.243],
            [177.482, -38.2384],
            [177.4843, -38.2371],
            [177.4862, -38.2391],
            [177.4919, -38.2397],
            [177.4924, -38.2359],
            [177.4906, -38.2335],
            [177.4936, -38.2323],
            [177.4928, -38.229],
            [177.4946, -38.2267],
            [177.4935, -38.224],
            [177.4951, -38.2249],
            [177.4956, -38.2237],
            [177.4939, -38.2223],
            [177.495, -38.2206],
            [177.4983, -38.2205],
            [177.4982, -38.2181],
            [177.5019, -38.2178],
            [177.5013, -38.2132],
            [177.5032, -38.2127],
            [177.5062, -38.2167],
            [177.512, -38.2175],
            [177.5174, -38.2146],
            [177.5268, -38.2184],
            [177.5321, -38.2185],
            [177.5333, -38.2184],
            [177.5337, -38.2093],
            [177.5604, -38.2094],
            [177.5573, -38.208],
            [177.5567, -38.2044],
            [177.567, -38.1984],
            [177.5728, -38.1929],
            [177.5764, -38.1933],
            [177.5786, -38.1913],
            [177.5837, -38.1936],
            [177.5903, -38.1896],
            [177.597, -38.1901],
            [177.6017, -38.1845],
            [177.6048, -38.1866],
            [177.6024, -38.1712],
            [177.6045, -38.173],
            [177.6094, -38.1712],
            [177.6153, -38.172],
            [177.6182, -38.1684],
            [177.6223, -38.1683],
            [177.6277, -38.1609],
            [177.634, -38.1608],
            [177.6423, -38.1638],
            [177.6536, -38.1586],
            [177.6557, -38.1553],
            [177.6517, -38.1534],
            [177.6527, -38.1478],
            [177.6515, -38.1465],
            [177.6531, -38.1427],
            [177.6508, -38.1411],
            [177.6529, -38.1388],
            [177.6531, -38.1353],
            [177.6556, -38.134],
            [177.6548, -38.1316],
            [177.6601, -38.131],
            [177.6623, -38.1286],
            [177.6611, -38.1258],
            [177.6629, -38.1249],
            [177.6648, -38.1201],
            [177.6641, -38.1169],
            [177.6662, -38.1168],
            [177.6681, -38.1189],
            [177.6693, -38.1183],
            [177.6675, -38.1151],
            [177.6684, -38.1138],
            [177.6741, -38.1131],
            [177.6793, -38.1145],
            [177.6857, -38.1113],
            [177.6861, -38.1077],
            [177.6883, -38.1096],
            [177.6921, -38.1097],
            [177.693, -38.1051],
            [177.6954, -38.1037],
            [177.7033, -38.1064],
            [177.6949, -38.1002],
            [177.6959, -38.0976],
            [177.6898, -38.0977],
            [177.6942, -38.0934],
            [177.6885, -38.0918],
            [177.6859, -38.0832],
            [177.6816, -38.0835],
            [177.6801, -38.0866],
            [177.6767, -38.0866],
            [177.6796, -38.0793],
            [177.6883, -38.0782],
            [177.6875, -38.0754],
            [177.6918, -38.0661],
            [177.6975, -38.0627],
            [177.6973, -38.0594],
            [177.694, -38.0579],
            [177.6939, -38.0534],
            [177.6909, -38.0516],
            [177.6887, -38.0447],
            [177.6859, -38.0427],
            [177.686, -38.0403],
            [177.6826, -38.0381],
            [177.683, -38.0339],
            [177.6793, -38.0317],
            [177.6806, -38.0296],
            [177.6785, -38.0265],
            [177.6743, -38.0249],
            [177.6732, -38.0191],
            [177.6799, -38.0152],
            [177.6811, -38.0124],
            [177.6824, -38.015],
            [177.69, -38.014],
            [177.6912, -38.0163],
            [177.6983, -38.0186],
            [177.7008, -38.0222],
            [177.7244, -38.0226],
            [177.74, -38.042],
            [177.7727, -38.0598],
            [177.849, -38.1113],
            [177.8504, -38.1089],
            [177.8557, -38.1074],
            [177.861, -38.1117],
            [177.9168, -37.9814],
            [177.9723, -37.845],
            [178.073, -37.7636],
            [178.0388, -37.7331],
            [177.9945, -37.7644],
            [177.9966, -37.7602],
            [177.9923, -37.7529],
            [177.9786, -37.7448],
            [177.9768, -37.7414],
            [177.9799, -37.7366],
            [177.9781, -37.7344],
            [177.9787, -37.7306],
            [177.9867, -37.7255],
            [177.9886, -37.7216],
            [177.9925, -37.7196],
            [177.9933, -37.7167],
            [177.9887, -37.7145],
            [177.9893, -37.7113],
            [177.9858, -37.7073],
            [177.9866, -37.7043],
            [177.985, -37.7034],
            [177.9877, -37.7017],
            [177.9859, -37.7007],
            [177.9885, -37.6993],
            [177.9866, -37.6972],
            [177.9934, -37.6968],
            [177.9948, -37.6919],
            [177.9982, -37.6899],
            [177.9924, -37.6907],
            [177.9936, -37.6889],
            [177.992, -37.6881],
            [177.9937, -37.6869],
            [177.9919, -37.6861],
            [177.9949, -37.6809],
            [177.9921, -37.6794],
            [177.9947, -37.6741],
            [177.9938, -37.6694],
            [177.9915, -37.668],
            [177.993, -37.6582],
            [177.9916, -37.6581],
            [177.9912, -37.6535],
            [177.9887, -37.654],
            [177.9913, -37.6499],
            [177.9871, -37.6481],
            [177.9896, -37.6449],
            [177.9831, -37.6413],
            [177.9817, -37.6386],
            [177.9826, -37.6362],
            [177.9785, -37.6336],
            [177.9777, -37.6305],
            [177.9751, -37.6302],
            [177.9801, -37.6132],
            [177.9867, -37.6088],
            [178.0252, -37.6049],
            [178.0262, -37.6032],
            [178.0303, -37.6042],
            [178.0339, -37.6026],
            [178.034, -37.5997],
            [178.0378, -37.5998],
            [178.0398, -37.5975],
            [178.1076, -37.5987],
            [178.0983, -37.586],
            [178.0891, -37.5512],
            [178.0853, -37.5424],
            [178.0649, -37.3381],
            [178.1016, -37.3392],
            [178.1317, -37.3339],
            [178.1593, -37.3316],
            [178.2334, -37.3333]
          ]
        ]
      },
      "properties": { "name": "Ikaroa-R\u0101whiti" }
    },
    {
      "type": "Feature",
      "id": 3,
      "geometry": {
        "type": "Polygon",
        "coordinates": [
          [
            [175.2896, -36.7681],
            [175.311, -36.8384],
            [175.3615, -36.9303],
            [175.3396, -36.9353],
            [175.3278, -36.9363],
            [175.2599, -36.9322],
            [175.2261, -36.9278],
            [175.2028, -36.9193],
            [175.1913, -36.9179],
            [175.182, -36.9201],
            [175.1667, -36.9317],
            [175.1581, -36.9322],
            [175.1524, -36.9297],
            [175.1468, -36.923],
            [175.1288, -36.9199],
            [175.1212, -36.9168],
            [175.1081, -36.8966],
            [175.0876, -36.8763],
            [175.0742, -36.8674],
            [175.0557, -36.8583],
            [175.0328, -36.8507],
            [174.9957, -36.8426],
            [174.9786, -36.8428],
            [174.9593, -36.847],
            [174.9469, -36.8515],
            [174.9376, -36.857],
            [174.9617, -36.8646],
            [174.9624, -36.8863],
            [174.9602, -36.9055],
            [174.9572, -36.91],
            [174.9388, -36.9181],
            [174.9341, -36.9258],
            [174.9328, -36.9313],
            [174.9371, -36.9391],
            [174.9341, -36.9491],
            [174.9375, -36.9502],
            [174.9398, -36.9536],
            [174.9487, -36.9575],
            [174.9439, -36.9636],
            [174.9468, -36.968],
            [174.946, -36.9704],
            [174.949, -36.9745],
            [174.9491, -36.9775],
            [174.9549, -36.9775],
            [174.9562, -36.9758],
            [174.9627, -36.9766],
            [174.9684, -36.9829],
            [174.9647, -36.9834],
            [174.9638, -36.9855],
            [174.952, -36.9856],
            [174.9501, -36.9904],
            [174.9526, -36.9912],
            [174.9535, -36.9999],
            [174.9409, -36.9963],
            [174.9435, -37.0015],
            [174.9363, -37.0003],
            [174.9372, -36.9974],
            [174.9327, -36.998],
            [174.9306, -37.0005],
            [174.9243, -36.999],
            [174.9349, -37.0075],
            [174.9524, -37.0428],
            [174.932, -37.0492],
            [174.9274, -37.0462],
            [174.924, -37.0506],
            [174.9129, -37.0562],
            [174.8927, -37.0595],
            [174.8753, -37.0606],
            [174.869, -37.0596],
            [174.8419, -37.0455],
            [174.8262, -37.0395],
            [174.805, -37.0351],
            [174.7789, -37.0338],
            [174.7466, -37.0399],
            [174.6995, -37.0369],
            [174.6812, -37.0317],
            [174.6643, -37.029],
            [174.6516, -37.0301],
            [174.633, -37.0247],
            [174.6219, -37.0263],
            [174.622, -37.0224],
            [174.6026, -37.0286],
            [174.5646, -37.0319],
            [174.5417, -37.0376],
            [174.5281, -37.0459],
            [174.5231, -37.0509],
            [174.5203, -37.059],
            [174.5145, -37.0635],
            [174.473, -37.0807],
            [174.4448, -37.0879],
            [174.3561, -37.1027],
            [174.3289, -37.1088],
            [174.2779, -37.1223],
            [174.2525, -37.1319],
            [174.2375, -37.0975],
            [174.2319, -37.0719],
            [174.2301, -37.0493],
            [174.2155, -36.998],
            [174.1952, -36.947],
            [174.1847, -36.9111],
            [174.1786, -36.897],
            [174.4381, -36.8938],
            [174.4402, -36.893],
            [174.4413, -36.8903],
            [174.4482, -36.8902],
            [174.45, -36.8878],
            [174.4499, -36.8847],
            [174.4478, -36.8826],
            [174.447, -36.8784],
            [174.4502, -36.8753],
            [174.4566, -36.8739],
            [174.461, -36.868],
            [174.4627, -36.8678],
            [174.4644, -36.8707],
            [174.47, -36.8712],
            [174.4802, -36.8686],
            [174.4986, -36.8682],
            [174.4989, -36.8662],
            [174.5025, -36.8677],
            [174.5018, -36.8666],
            [174.5042, -36.8658],
            [174.5087, -36.8693],
            [174.5177, -36.8721],
            [174.5199, -36.875],
            [174.5371, -36.8761],
            [174.5415, -36.8783],
            [174.5356, -36.8778],
            [174.5433, -36.8872],
            [174.551, -36.883],
            [174.559, -36.8858],
            [174.5556, -36.8884],
            [174.5587, -36.8918],
            [174.5651, -36.8864],
            [174.5695, -36.8878],
            [174.5721, -36.8908],
            [174.5775, -36.8916],
            [174.5933, -36.8848],
            [174.5957, -36.8891],
            [174.5924, -36.892],
            [174.5953, -36.894],
            [174.596, -36.897],
            [174.6014, -36.8957],
            [174.6102, -36.8963],
            [174.6169, -36.9015],
            [174.625, -36.9048],
            [174.6258, -36.9014],
            [174.6337, -36.8934],
            [174.634, -36.8771],
            [174.6358, -36.8758],
            [174.6346, -36.8716],
            [174.6373, -36.8697],
            [174.6364, -36.8642],
            [174.638, -36.8634],
            [174.6384, -36.8646],
            [174.6374, -36.8634],
            [174.6391, -36.8622],
            [174.6387, -36.8585],
            [174.6413, -36.8535],
            [174.6594, -36.8603],
            [174.6613, -36.8542],
            [174.6686, -36.8458],
            [174.6726, -36.8422],
            [174.6835, -36.8372],
            [174.7113, -36.8339],
            [174.7528, -36.8323],
            [174.8046, -36.839],
            [174.8204, -36.8345],
            [174.8819, -36.8335],
            [174.89, -36.8461],
            [174.897, -36.8406],
            [174.9127, -36.8364],
            [174.9172, -36.8328],
            [174.9193, -36.8237],
            [174.9155, -36.8089],
            [174.9187, -36.8017],
            [174.9234, -36.7968],
            [174.9553, -36.7751],
            [175.0105, -36.7324],
            [175.2039, -36.5949],
            [175.2666, -36.7038],
            [175.2896, -36.7681]
          ]
        ]
      },
      "properties": { "name": "T\u0101maki Makaurau" }
    },
    {
      "type": "Feature",
      "id": 4,
      "geometry": {
        "type": "Polygon",
        "coordinates": [
          [
            [175.7999, -37.8962],
            [175.7972, -37.9024],
            [175.8013, -37.902],
            [175.7999, -37.9032],
            [175.8018, -37.9038],
            [175.8018, -37.9059],
            [175.7983, -37.9057],
            [175.7964, -37.908],
            [175.8005, -37.912],
            [175.7988, -37.9145],
            [175.8008, -37.9145],
            [175.801, -37.9178],
            [175.8249, -37.9184],
            [175.8249, -37.9061],
            [175.8356, -37.9059],
            [175.8294, -37.9085],
            [175.8345, -37.9197],
            [175.8448, -37.9226],
            [175.8485, -37.9271],
            [175.8568, -37.9239],
            [175.8564, -37.9152],
            [175.8577, -37.914],
            [175.8553, -37.9099],
            [175.8727, -37.9148],
            [175.8683, -37.9215],
            [175.8742, -37.9233],
            [175.8785, -37.9231],
            [175.8813, -37.9212],
            [175.8817, -37.9176],
            [175.8829, -37.9179],
            [175.8849, -37.9136],
            [175.884, -37.9128],
            [175.8943, -37.9137],
            [175.9014, -37.9114],
            [175.9041, -37.9126],
            [175.9046, -37.9093],
            [175.9121, -37.9079],
            [175.9157, -37.9116],
            [175.9084, -37.9129],
            [175.9101, -37.9163],
            [175.9096, -37.919],
            [175.908, -37.9188],
            [175.9086, -37.9206],
            [175.9202, -37.9235],
            [175.9542, -37.9019],
            [175.958, -37.9058],
            [175.9772, -37.9137],
            [175.9469, -37.9227],
            [175.9409, -37.9294],
            [175.9477, -37.9523],
            [175.9529, -37.9623],
            [175.9601, -37.9678],
            [175.9659, -37.9657],
            [175.9716, -37.9708],
            [175.9726, -37.9749],
            [175.9705, -37.9855],
            [175.9801, -37.9885],
            [176.0058, -37.9913],
            [176.0135, -37.9936],
            [176.023, -37.9989],
            [176.0331, -38.0085],
            [176.0548, -38.0196],
            [176.0623, -38.0268],
            [175.9991, -38.1315],
            [175.9817, -38.1386],
            [175.9845, -38.142],
            [176.0197, -38.1425],
            [176.022, -38.1393],
            [176.0307, -38.1392],
            [176.0307, -38.1666],
            [176.0583, -38.1667],
            [176.0583, -38.1642],
            [176.0732, -38.1642],
            [176.0887, -38.1643],
            [176.09, -38.167],
            [176.1101, -38.1669],
            [176.1503, -38.2182],
            [176.1205, -38.2679],
            [176.116, -38.2691],
            [176.1293, -38.2732],
            [176.1086, -38.2758],
            [176.1135, -38.2778],
            [176.114, -38.2804],
            [176.1198, -38.2802],
            [176.121, -38.2818],
            [176.123, -38.2809],
            [176.1299, -38.2828],
            [176.1312, -38.2855],
            [176.1327, -38.284],
            [176.1348, -38.2851],
            [176.1356, -38.2879],
            [176.1378, -38.2877],
            [176.1361, -38.2925],
            [176.1377, -38.2944],
            [176.1281, -38.2969],
            [176.1301, -38.2978],
            [176.1308, -38.2999],
            [176.1292, -38.3016],
            [176.1311, -38.3016],
            [176.1311, -38.3036],
            [176.1265, -38.3088],
            [176.1171, -38.3146],
            [176.1091, -38.3134],
            [176.0996, -38.3172],
            [176.0929, -38.3176],
            [176.0881, -38.3223],
            [176.0734, -38.3269],
            [176.0642, -38.3347],
            [176.0586, -38.3344],
            [176.063, -38.3404],
            [176.0606, -38.3429],
            [176.0555, -38.3431],
            [176.0571, -38.3453],
            [176.0488, -38.3498],
            [176.0501, -38.3544],
            [176.0478, -38.3541],
            [176.0466, -38.3564],
            [176.0398, -38.3588],
            [176.0377, -38.3581],
            [176.0311, -38.3636],
            [176.0237, -38.3651],
            [176.0248, -38.3687],
            [176.0272, -38.369],
            [176.0276, -38.3736],
            [176.0313, -38.3798],
            [176.026, -38.385],
            [176.0297, -38.3865],
            [176.0428, -38.3852],
            [176.0527, -38.3894],
            [176.0592, -38.3935],
            [176.0616, -38.3968],
            [176.0631, -38.3961],
            [176.0653, -38.3978],
            [176.0684, -38.4012],
            [176.0687, -38.4054],
            [176.0741, -38.408],
            [176.0831, -38.4086],
            [176.0883, -38.4067],
            [176.0968, -38.4124],
            [176.1062, -38.4134],
            [176.1126, -38.4112],
            [176.1187, -38.4132],
            [176.1301, -38.4259],
            [176.1319, -38.4326],
            [176.1391, -38.4386],
            [176.1394, -38.4405],
            [176.1376, -38.442],
            [176.1405, -38.4457],
            [176.1424, -38.4525],
            [176.1412, -38.4551],
            [176.1313, -38.4557],
            [176.1313, -38.465],
            [176.1144, -38.4659],
            [176.0736, -38.5098],
            [176.0489, -38.5083],
            [176.0463, -38.5166],
            [176.0461, -38.5237],
            [176.0497, -38.5275],
            [176.0518, -38.5338],
            [176.043, -38.5447],
            [176.044, -38.555],
            [176.04, -38.5556],
            [176.0395, -38.5583],
            [176.0213, -38.5582],
            [176.0207, -38.5549],
            [176.0181, -38.5551],
            [176.0172, -38.5566],
            [176.0217, -38.5613],
            [176.0165, -38.5608],
            [176.0162, -38.5643],
            [176.0102, -38.563],
            [176.0118, -38.5604],
            [175.9876, -38.558],
            [175.9833, -38.5634],
            [175.9761, -38.557],
            [175.9737, -38.5586],
            [175.9687, -38.5582],
            [175.9494, -38.5652],
            [175.9403, -38.5709],
            [175.9403, -38.5773],
            [175.9297, -38.6118],
            [175.9143, -38.6164],
            [175.8845, -38.649],
            [175.8834, -38.6554],
            [175.8847, -38.6622],
            [175.877, -38.6701],
            [175.8739, -38.6787],
            [175.8675, -38.6764],
            [175.8669, -38.6687],
            [175.8698, -38.6667],
            [175.8678, -38.6635],
            [175.8616, -38.6615],
            [175.8478, -38.6604],
            [175.8338, -38.6637],
            [175.8294, -38.6672],
            [175.8234, -38.6685],
            [175.82, -38.6728],
            [175.8207, -38.6768],
            [175.8187, -38.679],
            [175.8196, -38.6812],
            [175.8166, -38.6816],
            [175.8154, -38.684],
            [175.8096, -38.6799],
            [175.7997, -38.6805],
            [175.798, -38.6823],
            [175.7911, -38.676],
            [175.7748, -38.6795],
            [175.7711, -38.6846],
            [175.7674, -38.6948],
            [175.7695, -38.7014],
            [175.7725, -38.7033],
            [175.7724, -38.7049],
            [175.7609, -38.7097],
            [175.7562, -38.7182],
            [175.7481, -38.722],
            [175.7435, -38.7278],
            [175.7404, -38.7353],
            [175.7411, -38.7427],
            [175.7358, -38.7441],
            [175.7323, -38.7477],
            [175.7269, -38.7482],
            [175.722, -38.7516],
            [175.717, -38.75],
            [175.7144, -38.7508],
            [175.7081, -38.7465],
            [175.6958, -38.7483],
            [175.6925, -38.7446],
            [175.6859, -38.7443],
            [175.6826, -38.7422],
            [175.6779, -38.7434],
            [175.6763, -38.7416],
            [175.6706, -38.7418],
            [175.6636, -38.737],
            [175.6533, -38.7397],
            [175.6363, -38.7408],
            [175.629, -38.7446],
            [175.6124, -38.7482],
            [175.6114, -38.7509],
            [175.6057, -38.7537],
            [175.6051, -38.7566],
            [175.5829, -38.7626],
            [175.5811, -38.7649],
            [175.5582, -38.769],
            [175.5391, -38.7827],
            [175.5417, -38.7951],
            [175.5534, -38.7893],
            [175.5563, -38.791],
            [175.5637, -38.8037],
            [175.5746, -38.8163],
            [175.5776, -38.8255],
            [175.577, -38.8309],
            [175.5698, -38.833],
            [175.5615, -38.8386],
            [175.5604, -38.8434],
            [175.5462, -38.8601],
            [175.5447, -38.8643],
            [175.549, -38.8726],
            [175.5549, -38.8768],
            [175.5607, -38.8842],
            [175.5613, -38.8924],
            [175.58, -38.9107],
            [175.5761, -38.9185],
            [175.566, -38.9299],
            [175.5649, -38.9385],
            [175.5539, -38.9556],
            [175.5608, -38.9727],
            [175.5675, -38.9687],
            [175.5694, -38.97],
            [175.565, -38.9725],
            [175.5656, -38.9772],
            [175.5626, -38.9868],
            [175.6063, -38.9818],
            [175.6269, -38.974],
            [175.6412, -38.9803],
            [175.682, -38.9797],
            [175.6725, -38.9909],
            [175.6481, -39.0144],
            [175.648, -39.0279],
            [175.6358, -39.0453],
            [175.6312, -39.0489],
            [175.6318, -39.0456],
            [175.6136, -39.0506],
            [175.615, -39.0551],
            [175.6246, -39.0599],
            [175.6172, -39.0749],
            [175.618, -39.0812],
            [175.622, -39.087],
            [175.626, -39.0858],
            [175.6324, -39.0889],
            [175.6354, -39.0887],
            [175.6374, -39.0901],
            [175.6399, -39.0974],
            [175.6418, -39.0966],
            [175.6456, -39.1001],
            [175.6478, -39.1],
            [175.6462, -39.1027],
            [175.6428, -39.1043],
            [175.6372, -39.1291],
            [175.6631, -39.1317],
            [175.6656, -39.1366],
            [175.6709, -39.1385],
            [175.6748, -39.1443],
            [175.6788, -39.1457],
            [175.6935, -39.1603],
            [175.7078, -39.1632],
            [175.7229, -39.1748],
            [175.7308, -39.1786],
            [175.7365, -39.1781],
            [175.7388, -39.1813],
            [175.7437, -39.1792],
            [175.7526, -39.1794],
            [175.7582, -39.1823],
            [175.7628, -39.1808],
            [175.7749, -39.1842],
            [175.784, -39.1837],
            [175.7867, -39.1817],
            [175.787, -39.1916],
            [175.7911, -39.2011],
            [175.7869, -39.2054],
            [175.7786, -39.209],
            [175.778, -39.2117],
            [175.7724, -39.2127],
            [175.771, -39.2217],
            [175.7821, -39.2242],
            [175.7793, -39.23],
            [175.7867, -39.2287],
            [175.7885, -39.2364],
            [175.7854, -39.2366],
            [175.7839, -39.2409],
            [175.7784, -39.2399],
            [175.7799, -39.2424],
            [175.7747, -39.2454],
            [175.7708, -39.2516],
            [175.7677, -39.2516],
            [175.7694, -39.2533],
            [175.7676, -39.2539],
            [175.7639, -39.2608],
            [175.7644, -39.2644],
            [175.7626, -39.2688],
            [175.7579, -39.2672],
            [175.7553, -39.2711],
            [175.7439, -39.2772],
            [175.7449, -39.2794],
            [175.7417, -39.2837],
            [175.741, -39.2926],
            [175.7518, -39.2879],
            [175.7653, -39.2914],
            [175.7696, -39.295],
            [175.7801, -39.2934],
            [175.7836, -39.2943],
            [175.7909, -39.2998],
            [175.8126, -39.3003],
            [175.8164, -39.2986],
            [175.8286, -39.289],
            [175.8335, -39.2833],
            [175.836, -39.2768],
            [175.8423, -39.2709],
            [175.8627, -39.2665],
            [175.8681, -39.263],
            [175.8691, -39.2592],
            [175.8566, -39.252],
            [175.8547, -39.2442],
            [175.8582, -39.2445],
            [175.8726, -39.2391],
            [175.8854, -39.2295],
            [175.8864, -39.2271],
            [175.893, -39.2233],
            [175.8929, -39.2138],
            [175.888, -39.2112],
            [175.886, -39.2059],
            [175.8984, -39.2041],
            [175.9039, -39.1998],
            [175.9196, -39.1987],
            [175.9189, -39.191],
            [175.9213, -39.1897],
            [175.945, -39.1869],
            [175.9505, -39.1879],
            [175.9597, -39.1842],
            [175.9647, -39.1794],
            [175.9677, -39.1704],
            [175.9638, -39.1624],
            [175.964, -39.1595],
            [175.9715, -39.1578],
            [175.976, -39.15],
            [176.0441, -39.1569],
            [176.0775, -39.156],
            [176.0788, -39.1573],
            [176.0961, -39.1546],
            [176.1027, -39.1512],
            [176.1116, -39.1521],
            [176.1162, -39.1471],
            [176.1344, -39.143],
            [176.1356, -39.1398],
            [176.14, -39.1389],
            [176.1414, -39.1365],
            [176.1466, -39.1345],
            [176.1546, -39.1383],
            [176.1624, -39.1363],
            [176.1761, -39.1439],
            [176.1758, -39.1531],
            [176.1809, -39.1691],
            [176.1782, -39.1699],
            [176.1822, -39.1739],
            [176.1801, -39.1768],
            [176.1825, -39.1791],
            [176.18, -39.1806],
            [176.1798, -39.1852],
            [176.1865, -39.1894],
            [176.1905, -39.1949],
            [176.1947, -39.1963],
            [176.1955, -39.1987],
            [176.1932, -39.2019],
            [176.1958, -39.2085],
            [176.1929, -39.2115],
            [176.1961, -39.2149],
            [176.196, -39.2213],
            [176.2001, -39.2258],
            [176.2051, -39.2257],
            [176.2093, -39.2284],
            [176.2094, -39.2314],
            [176.2115, -39.2324],
            [176.2153, -39.2308],
            [176.2195, -39.2313],
            [176.2231, -39.2357],
            [176.231, -39.2321],
            [176.2398, -39.2329],
            [176.2421, -39.236],
            [176.2445, -39.2344],
            [176.249, -39.2346],
            [176.2496, -39.2376],
            [176.2517, -39.2389],
            [176.2553, -39.2365],
            [176.2551, -39.24],
            [176.258, -39.2406],
            [176.2571, -39.2446],
            [176.2764, -39.2399],
            [176.2789, -39.2427],
            [176.2896, -39.2463],
            [176.2924, -39.2512],
            [176.2873, -39.2514],
            [176.2882, -39.2549],
            [176.2917, -39.2553],
            [176.288, -39.2591],
            [176.2931, -39.2586],
            [176.2927, -39.2638],
            [176.2954, -39.2669],
            [176.2933, -39.2772],
            [176.2993, -39.276],
            [176.301, -39.2841],
            [176.2992, -39.2851],
            [176.3043, -39.2857],
            [176.3051, -39.2919],
            [176.3016, -39.2976],
            [176.3026, -39.3007],
            [176.2989, -39.3053],
            [176.2938, -39.3079],
            [176.2913, -39.3069],
            [176.2869, -39.3102],
            [176.2814, -39.3094],
            [176.2799, -39.3128],
            [176.2823, -39.3145],
            [176.2816, -39.3186],
            [176.2774, -39.3194],
            [176.2774, -39.327],
            [176.2725, -39.3288],
            [176.2763, -39.3299],
            [176.2711, -39.3343],
            [176.2728, -39.3377],
            [176.2638, -39.3373],
            [176.2664, -39.3413],
            [176.2661, -39.3446],
            [176.2701, -39.3461],
            [176.2654, -39.3495],
            [176.2715, -39.3525],
            [176.2706, -39.3581],
            [176.2732, -39.3596],
            [176.2758, -39.3586],
            [176.2759, -39.3623],
            [176.2783, -39.3617],
            [176.2785, -39.3593],
            [176.2804, -39.3585],
            [176.283, -39.3603],
            [176.2849, -39.3596],
            [176.2865, -39.3623],
            [176.2916, -39.363],
            [176.2932, -39.3581],
            [176.2984, -39.3587],
            [176.3024, -39.3566],
            [176.3033, -39.3598],
            [176.3067, -39.3612],
            [176.3049, -39.3653],
            [176.3115, -39.3665],
            [176.3107, -39.3702],
            [176.3215, -39.3707],
            [176.3282, -39.3685],
            [176.3291, -39.373],
            [176.332, -39.3747],
            [176.3314, -39.3772],
            [176.3276, -39.3783],
            [176.3285, -39.3799],
            [176.3306, -39.3783],
            [176.3319, -39.379],
            [176.3331, -39.3841],
            [176.3306, -39.3855],
            [176.3317, -39.3873],
            [176.3272, -39.3886],
            [176.3236, -39.3868],
            [176.3204, -39.3893],
            [176.3218, -39.3941],
            [176.326, -39.3921],
            [176.3286, -39.3934],
            [176.3275, -39.3966],
            [176.3238, -39.3982],
            [176.3258, -39.4003],
            [176.3229, -39.402],
            [176.3263, -39.406],
            [176.3196, -39.4068],
            [176.3203, -39.4085],
            [176.3236, -39.4082],
            [176.3234, -39.4116],
            [176.3201, -39.4117],
            [176.3228, -39.4141],
            [176.3184, -39.4146],
            [176.3156, -39.4127],
            [176.3104, -39.417],
            [176.3102, -39.4186],
            [176.317, -39.4195],
            [176.3115, -39.4228],
            [176.3082, -39.4283],
            [176.3065, -39.4281],
            [176.3062, -39.43],
            [176.309, -39.4312],
            [176.3025, -39.4371],
            [176.3065, -39.4383],
            [176.3087, -39.441],
            [176.3038, -39.4413],
            [176.3062, -39.4421],
            [176.3057, -39.4447],
            [176.3106, -39.4454],
            [176.3119, -39.4511],
            [176.3144, -39.4535],
            [176.3103, -39.4546],
            [176.3135, -39.4589],
            [176.3093, -39.4599],
            [176.3094, -39.4619],
            [176.3071, -39.463],
            [176.3118, -39.469],
            [176.3086, -39.4708],
            [176.3145, -39.4718],
            [176.3127, -39.4745],
            [176.315, -39.4756],
            [176.3178, -39.4743],
            [176.3216, -39.4789],
            [176.3188, -39.4811],
            [176.3163, -39.4791],
            [176.3138, -39.4824],
            [176.3194, -39.4877],
            [176.3153, -39.4932],
            [176.3181, -39.4935],
            [176.3159, -39.4972],
            [176.3209, -39.4976],
            [176.3219, -39.4933],
            [176.3257, -39.4935],
            [176.3252, -39.4878],
            [176.3307, -39.4877],
            [176.334, -39.4893],
            [176.3372, -39.4883],
            [176.3376, -39.4903],
            [176.3352, -39.491],
            [176.3363, -39.4926],
            [176.332, -39.4983],
            [176.3336, -39.4993],
            [176.339, -39.4966],
            [176.3396, -39.4984],
            [176.3378, -39.5013],
            [176.3416, -39.5008],
            [176.342, -39.5021],
            [176.3397, -39.5038],
            [176.338, -39.5029],
            [176.3327, -39.5044],
            [176.324, -39.5014],
            [176.3233, -39.5062],
            [176.3185, -39.5081],
            [176.3127, -39.5077],
            [176.3122, -39.5058],
            [176.3155, -39.5043],
            [176.3144, -39.5023],
            [176.3105, -39.5017],
            [176.3075, -39.5039],
            [176.3031, -39.5014],
            [176.2994, -39.504],
            [176.3019, -39.5051],
            [176.3003, -39.5075],
            [176.2916, -39.5008],
            [176.2854, -39.5054],
            [176.282, -39.5039],
            [176.282, -39.5024],
            [176.2795, -39.5026],
            [176.2789, -39.5074],
            [176.2712, -39.5068],
            [176.2715, -39.5099],
            [176.2682, -39.514],
            [176.2658, -39.5129],
            [176.2646, -39.5153],
            [176.2612, -39.5121],
            [176.2569, -39.5119],
            [176.2572, -39.5145],
            [176.2531, -39.515],
            [176.2543, -39.5169],
            [176.2509, -39.5171],
            [176.2494, -39.5211],
            [176.2432, -39.5248],
            [176.2378, -39.5253],
            [176.2373, -39.5282],
            [176.2353, -39.5304],
            [176.2323, -39.5302],
            [176.2321, -39.532],
            [176.2289, -39.5319],
            [176.2269, -39.5338],
            [176.2244, -39.5318],
            [176.2214, -39.5336],
            [176.2196, -39.5321],
            [176.2103, -39.5335],
            [176.2066, -39.5405],
            [176.1999, -39.5464],
            [176.2001, -39.5535],
            [176.1981, -39.5545],
            [176.1992, -39.5571],
            [176.1895, -39.5597],
            [176.1868, -39.5646],
            [176.1823, -39.5685],
            [176.1823, -39.5718],
            [176.1741, -39.5766],
            [176.1745, -39.5786],
            [176.1703, -39.5816],
            [176.1663, -39.5828],
            [176.1603, -39.5807],
            [176.1547, -39.5836],
            [176.1448, -39.5824],
            [176.1427, -39.5847],
            [176.1527, -39.5983],
            [176.1576, -39.5968],
            [176.1614, -39.6029],
            [176.1653, -39.6016],
            [176.1735, -39.6021],
            [176.179, -39.6053],
            [176.1813, -39.6169],
            [176.1651, -39.6487],
            [176.1959, -39.6636],
            [176.2009, -39.673],
            [176.1927, -39.6798],
            [176.1842, -39.6838],
            [176.1805, -39.7111],
            [176.1691, -39.7179],
            [176.1769, -39.744],
            [176.138, -39.8239],
            [176.135, -39.8506],
            [176.1268, -39.8615],
            [176.1172, -39.8868],
            [176.1231, -39.888],
            [176.1269, -39.8916],
            [176.1261, -39.9048],
            [176.1203, -39.9097],
            [176.1068, -39.9171],
            [176.1136, -39.9247],
            [176.1154, -39.9294],
            [176.1117, -39.938],
            [176.1096, -39.9392],
            [176.1097, -39.9419],
            [176.1245, -39.9478],
            [176.1171, -39.9577],
            [176.1211, -39.9624],
            [176.1162, -39.9696],
            [176.1121, -39.9705],
            [176.1032, -39.9772],
            [176.1016, -39.9843],
            [176.0958, -39.9916],
            [176.0895, -40.0055],
            [176.0777, -40.0129],
            [176.0766, -40.0167],
            [176.0775, -40.0273],
            [176.0741, -40.036],
            [176.0811, -40.0478],
            [176.077, -40.0509],
            [176.0698, -40.0615],
            [176.033, -40.08],
            [176.0172, -40.1054],
            [176.0034, -40.1147],
            [175.9877, -40.1281],
            [175.9794, -40.1425],
            [175.9575, -40.156],
            [175.9385, -40.1553],
            [175.9274, -40.1753],
            [175.9186, -40.1735],
            [175.8983, -40.1847],
            [175.8985, -40.1919],
            [175.8932, -40.2012],
            [175.8738, -40.2161],
            [175.8733, -40.2217],
            [175.8693, -40.2274],
            [175.8722, -40.2335],
            [175.8641, -40.2408],
            [175.8625, -40.244],
            [175.867, -40.2463],
            [175.8595, -40.2544],
            [175.8415, -40.2461],
            [175.8275, -40.262],
            [175.8275, -40.2472],
            [175.815, -40.2472],
            [175.8146, -40.2722],
            [175.8079, -40.269],
            [175.8051, -40.265],
            [175.7711, -40.3057],
            [175.7812, -40.3116],
            [175.7906, -40.3135],
            [175.7841, -40.3323],
            [175.7795, -40.3359],
            [175.7793, -40.3386],
            [175.7815, -40.3391],
            [175.776, -40.339],
            [175.7792, -40.3454],
            [175.7739, -40.3503],
            [175.7736, -40.3554],
            [175.7697, -40.3571],
            [175.7706, -40.3591],
            [175.7648, -40.3599],
            [175.7604, -40.3658],
            [175.7615, -40.3688],
            [175.7646, -40.3687],
            [175.7673, -40.3709],
            [175.7647, -40.3737],
            [175.7633, -40.3727],
            [175.7569, -40.3744],
            [175.7579, -40.3768],
            [175.7525, -40.3767],
            [175.7533, -40.3783],
            [175.751, -40.3784],
            [175.7512, -40.3819],
            [175.7482, -40.3827],
            [175.7466, -40.3867],
            [175.7396, -40.3885],
            [175.7401, -40.3903],
            [175.7382, -40.39],
            [175.7371, -40.3921],
            [175.7359, -40.3908],
            [175.7333, -40.3917],
            [175.7339, -40.3955],
            [175.7321, -40.3997],
            [175.7286, -40.3996],
            [175.7237, -40.4024],
            [175.7249, -40.4048],
            [175.7229, -40.4053],
            [175.7252, -40.4077],
            [175.7252, -40.41],
            [175.7288, -40.4106],
            [175.7297, -40.4125],
            [175.7228, -40.4187],
            [175.7243, -40.4212],
            [175.7223, -40.4223],
            [175.7224, -40.4245],
            [175.7151, -40.4267],
            [175.7131, -40.4304],
            [175.7055, -40.433],
            [175.7146, -40.4378],
            [175.6892, -40.4656],
            [175.683, -40.4667],
            [175.6253, -40.5101],
            [175.4477, -40.7252],
            [175.4463, -40.7307],
            [175.4428, -40.7354],
            [175.4424, -40.7406],
            [175.4398, -40.744],
            [175.4341, -40.7465],
            [175.4253, -40.7454],
            [175.4228, -40.7486],
            [175.4088, -40.7508],
            [175.4013, -40.7541],
            [175.3957, -40.7588],
            [175.3928, -40.7643],
            [175.3931, -40.7674],
            [175.3888, -40.7706],
            [175.3848, -40.7781],
            [175.3804, -40.7801],
            [175.3791, -40.7883],
            [175.376, -40.7939],
            [175.377, -40.8091],
            [175.3578, -40.8133],
            [175.3565, -40.8152],
            [175.3577, -40.8182],
            [175.3541, -40.8234],
            [175.3539, -40.8268],
            [175.3578, -40.834],
            [175.3554, -40.8387],
            [175.3561, -40.8479],
            [175.3583, -40.8596],
            [175.3605, -40.8612],
            [175.3587, -40.8686],
            [175.3611, -40.8731],
            [175.3566, -40.8884],
            [175.3509, -40.8959],
            [175.347, -40.8987],
            [175.3374, -40.9005],
            [175.3341, -40.908],
            [175.3334, -40.9144],
            [175.3177, -40.9179],
            [175.3104, -40.9256],
            [175.2999, -40.9258],
            [175.2851, -40.9341],
            [175.2709, -40.9374],
            [175.2702, -40.939],
            [175.2726, -40.941],
            [175.271, -40.9444],
            [175.2752, -40.9447],
            [175.2795, -40.9487],
            [175.2817, -40.9521],
            [175.2808, -40.9568],
            [175.2764, -40.9616],
            [175.2673, -40.9672],
            [175.2619, -40.9675],
            [175.2611, -40.9709],
            [175.2461, -40.9719],
            [175.2388, -40.9694],
            [175.2339, -40.9728],
            [175.2282, -40.9734],
            [175.2244, -40.9723],
            [175.2164, -40.9659],
            [175.2074, -40.9685],
            [175.2028, -40.979],
            [175.1983, -40.9799],
            [175.1935, -40.9735],
            [175.187, -40.9696],
            [175.1816, -40.973],
            [175.1786, -40.9729],
            [175.1737, -40.971],
            [175.1693, -40.9651],
            [175.1643, -40.9656],
            [175.1647, -40.9677],
            [175.1625, -40.967],
            [175.1572, -40.9688],
            [175.1537, -40.9666],
            [175.1473, -40.9672],
            [175.1448, -40.9645],
            [175.1345, -40.9646],
            [175.1292, -40.9493],
            [175.1116, -40.9528],
            [175.1141, -40.9569],
            [175.0917, -40.9613],
            [175.0988, -40.9821],
            [175.075, -40.9821],
            [175.0744, -40.9833],
            [175.0671, -40.9732],
            [175.0617, -40.9703],
            [175.0396, -41.0356],
            [175.0397, -41.0373],
            [175.0414, -41.0376],
            [175.0402, -41.0398],
            [175.0382, -41.04],
            [175.0393, -41.0412],
            [175.0445, -41.0405],
            [175.0448, -41.0423],
            [175.0417, -41.0426],
            [175.0445, -41.0438],
            [175.0445, -41.0462],
            [175.0549, -41.0455],
            [175.0544, -41.0505],
            [175.0562, -41.0572],
            [175.0553, -41.0619],
            [175.0524, -41.0619],
            [175.0515, -41.066],
            [175.0539, -41.0729],
            [175.0268, -41.0728],
            [175.0268, -41.0825],
            [175.0294, -41.0835],
            [175.0338, -41.0892],
            [175.0343, -41.0951],
            [175.032, -41.0966],
            [175.0358, -41.098],
            [175.035, -41.1021],
            [175.018, -41.1023],
            [175.0088, -41.1063],
            [175.0121, -41.1079],
            [175.0089, -41.1098],
            [175.0089, -41.1137],
            [174.9978, -41.1134],
            [174.9907, -41.1151],
            [174.9888, -41.1181],
            [174.9902, -41.1222],
            [174.9872, -41.1228],
            [174.9862, -41.1257],
            [174.9837, -41.1265],
            [174.9851, -41.1278],
            [174.9817, -41.1304],
            [174.9821, -41.1322],
            [174.9798, -41.135],
            [174.9778, -41.1361],
            [174.9743, -41.1328],
            [174.9723, -41.1365],
            [174.9737, -41.141],
            [174.9646, -41.1475],
            [174.9517, -41.145],
            [174.9487, -41.1531],
            [174.939, -41.1509],
            [174.9367, -41.1523],
            [174.9329, -41.1505],
            [174.9269, -41.1512],
            [174.9272, -41.1492],
            [174.916, -41.147],
            [174.9155, -41.1409],
            [174.911, -41.14],
            [174.9077, -41.1496],
            [174.8992, -41.1479],
            [174.8793, -41.1735],
            [174.8803, -41.1737],
            [174.8789, -41.1779],
            [174.8757, -41.1765],
            [174.8655, -41.1891],
            [174.8673, -41.1894],
            [174.8673, -41.1928],
            [174.8569, -41.1916],
            [174.854, -41.1905],
            [174.854, -41.189],
            [174.8531, -41.1918],
            [174.8128, -41.1882],
            [174.8135, -41.1834],
            [174.8108, -41.1832],
            [174.8117, -41.1789],
            [174.8088, -41.1786],
            [174.7961, -41.1706],
            [174.7948, -41.1652],
            [174.7945, -41.1636],
            [174.8044, -41.1491],
            [174.7902, -41.1435],
            [174.7873, -41.1478],
            [174.7781, -41.1439],
            [174.5592, -41.0242],
            [174.6035, -40.8959],
            [174.6025, -40.8829],
            [174.6035, -40.8605],
            [174.6094, -40.8326],
            [174.6174, -40.8118],
            [174.6252, -40.797],
            [174.6439, -40.7706],
            [174.6599, -40.7536],
            [174.6896, -40.7275],
            [174.7011, -40.7125],
            [174.7173, -40.6955],
            [174.7355, -40.6802],
            [174.7544, -40.6671],
            [174.7906, -40.6479],
            [174.8187, -40.6373],
            [174.8584, -40.6272],
            [174.8939, -40.6224],
            [174.8996, -40.6135],
            [174.9077, -40.5957],
            [174.9416, -40.5012],
            [174.9464, -40.4815],
            [174.9496, -40.4544],
            [174.9619, -40.403],
            [174.9663, -40.3682],
            [174.9636, -40.3166],
            [174.9499, -40.2396],
            [174.9467, -40.2288],
            [174.9332, -40.2036],
            [174.9115, -40.1799],
            [174.8865, -40.1565],
            [174.8729, -40.1396],
            [174.8602, -40.1271],
            [174.8365, -40.1162],
            [174.8109, -40.1012],
            [174.7906, -40.086],
            [174.7703, -40.0671],
            [174.7462, -40.0691],
            [174.7172, -40.069],
            [174.689, -40.0667],
            [174.6514, -40.0608],
            [174.5872, -40.0416],
            [174.5449, -40.0212],
            [174.5333, -40.0174],
            [174.4829, -40.0088],
            [174.4486, -39.9983],
            [174.4268, -39.9892],
            [174.389, -39.9695],
            [174.3566, -39.9488],
            [174.3319, -39.9365],
            [174.2799, -39.9065],
            [174.2349, -39.8717],
            [174.218, -39.8561],
            [174.1895, -39.8353],
            [174.1779, -39.825],
            [174.1588, -39.8037],
            [174.1374, -39.7953],
            [174.1177, -39.7854],
            [174.0759, -39.7768],
            [174.0432, -39.7751],
            [174.0114, -39.7702],
            [173.9863, -39.7641],
            [173.9563, -39.7537],
            [173.9286, -39.75],
            [173.8925, -39.7413],
            [173.817, -39.7129],
            [173.7667, -39.6896],
            [173.7346, -39.6704],
            [173.7094, -39.6505],
            [173.6977, -39.6389],
            [173.6798, -39.6162],
            [173.6641, -39.5998],
            [173.6067, -39.5544],
            [173.5847, -39.5335],
            [173.5641, -39.5063],
            [173.5381, -39.4651],
            [173.5298, -39.4475],
            [173.5203, -39.4186],
            [173.5091, -39.3747],
            [173.4979, -39.3457],
            [173.4943, -39.328],
            [173.4926, -39.3097],
            [173.4934, -39.2673],
            [173.4958, -39.2507],
            [173.5032, -39.2229],
            [173.5093, -39.2053],
            [173.529, -39.1605],
            [173.5563, -39.1107],
            [173.5721, -39.0878],
            [173.5967, -39.0615],
            [173.6472, -39.0218],
            [173.6906, -38.9938],
            [173.734, -38.9687],
            [173.7909, -38.9402],
            [173.8181, -38.9152],
            [173.8565, -38.8869],
            [173.8929, -38.8684],
            [173.9233, -38.8576],
            [173.9626, -38.8486],
            [174.0003, -38.8449],
            [174.0596, -38.8163],
            [174.093, -38.804],
            [174.1239, -38.7948],
            [174.1856, -38.7831],
            [174.212, -38.7799],
            [174.2479, -38.7791],
            [174.283, -38.7822],
            [174.3221, -38.7493],
            [174.3489, -38.732],
            [174.3543, -38.6788],
            [174.3632, -38.6495],
            [174.3663, -38.6252],
            [174.3752, -38.5824],
            [174.3771, -38.5363],
            [174.3743, -38.5188],
            [174.3736, -38.4979],
            [174.3757, -38.4779],
            [174.3821, -38.4463],
            [174.3792, -38.4247],
            [174.3772, -38.3861],
            [174.3813, -38.3531],
            [174.3901, -38.3258],
            [174.4062, -38.2959],
            [174.4247, -38.2722],
            [174.4514, -38.2472],
            [174.4504, -38.2307],
            [174.4517, -38.2096],
            [174.4413, -38.1907],
            [174.4351, -38.1756],
            [174.4266, -38.1385],
            [174.3981, -38.1211],
            [174.3688, -38.0965],
            [174.8091, -38.0848],
            [174.8888, -38.0475],
            [174.897, -38.0396],
            [174.9066, -38.0359],
            [174.9072, -38.0338],
            [174.9132, -38.033],
            [174.9097, -38.0233],
            [174.931, -38.0213],
            [174.9278, -38.0008],
            [174.9185, -38.0029],
            [174.9253, -37.9899],
            [174.9352, -37.9877],
            [174.9375, -37.981],
            [174.9414, -37.9785],
            [174.941, -37.9751],
            [174.9466, -37.972],
            [174.9539, -37.9705],
            [174.9531, -37.963],
            [174.9577, -37.9626],
            [174.9697, -37.9685],
            [174.9766, -37.9693],
            [174.9759, -37.9729],
            [174.9773, -37.9734],
            [174.9775, -37.9765],
            [174.9908, -37.9724],
            [174.9933, -37.977],
            [174.9962, -37.9786],
            [175.0061, -37.9759],
            [175.0076, -37.979],
            [175.0129, -37.9791],
            [175.0154, -37.9772],
            [175.0158, -37.9743],
            [175.0221, -37.9749],
            [175.0235, -37.9768],
            [175.0402, -37.9783],
            [175.0401, -37.9868],
            [175.099, -37.9838],
            [175.1018, -37.9783],
            [175.1202, -37.9943],
            [175.1043, -38.004],
            [175.1312, -38.0136],
            [175.1312, -38.0272],
            [175.1513, -38.0272],
            [175.1546, -38.0112],
            [175.1629, -38.0119],
            [175.1629, -38.0016],
            [175.1967, -38.0074],
            [175.1958, -38.0031],
            [175.2012, -38.0017],
            [175.2008, -38.004],
            [175.2023, -38.0053],
            [175.214, -38.0061],
            [175.2147, -38.0117],
            [175.2264, -38.018],
            [175.2275, -38.017],
            [175.2266, -38.0146],
            [175.2319, -38.0058],
            [175.241, -38.0092],
            [175.2536, -38.0101],
            [175.2622, -38.0134],
            [175.2843, -38.0137],
            [175.2872, -38.0157],
            [175.2855, -38.0164],
            [175.2878, -38.0254],
            [175.2864, -38.0267],
            [175.2878, -38.0267],
            [175.2878, -38.0282],
            [175.2901, -38.0275],
            [175.2907, -38.0298],
            [175.2959, -38.0298],
            [175.2976, -38.0313],
            [175.2968, -38.0332],
            [175.2982, -38.0356],
            [175.2991, -38.0334],
            [175.3032, -38.0346],
            [175.3049, -38.0372],
            [175.3074, -38.0361],
            [175.3068, -38.0393],
            [175.3113, -38.0361],
            [175.3131, -38.0382],
            [175.3211, -38.0401],
            [175.3187, -38.042],
            [175.3224, -38.0445],
            [175.3206, -38.0462],
            [175.3233, -38.0488],
            [175.3223, -38.0514],
            [175.3276, -38.051],
            [175.3276, -38.0526],
            [175.3302, -38.054],
            [175.3296, -38.0563],
            [175.3348, -38.0595],
            [175.3381, -38.0587],
            [175.3406, -38.0617],
            [175.3428, -38.06],
            [175.3442, -38.0658],
            [175.3483, -38.0635],
            [175.3517, -38.0671],
            [175.3546, -38.065],
            [175.3554, -38.0674],
            [175.3528, -38.0679],
            [175.3588, -38.0706],
            [175.3602, -38.0688],
            [175.3636, -38.0706],
            [175.3647, -38.0676],
            [175.3701, -38.069],
            [175.3709, -38.0716],
            [175.3678, -38.0792],
            [175.3703, -38.0794],
            [175.3699, -38.0815],
            [175.3765, -38.0828],
            [175.3781, -38.0808],
            [175.3823, -38.0809],
            [175.3856, -38.0731],
            [175.3893, -38.0716],
            [175.3896, -38.0686],
            [175.3917, -38.0677],
            [175.3953, -38.0599],
            [175.3983, -38.0574],
            [175.4113, -38.0681],
            [175.4192, -38.068],
            [175.4276, -38.074],
            [175.4317, -38.0739],
            [175.4302, -38.0654],
            [175.4327, -38.0602],
            [175.4352, -38.0587],
            [175.4331, -38.0532],
            [175.4339, -38.0517],
            [175.4368, -38.0512],
            [175.4365, -38.0536],
            [175.4408, -38.0555],
            [175.4408, -38.0585],
            [175.4457, -38.0574],
            [175.4485, -38.0612],
            [175.4489, -38.0589],
            [175.4514, -38.0598],
            [175.4529, -38.0571],
            [175.4545, -38.0584],
            [175.4592, -38.0573],
            [175.4588, -38.0554],
            [175.4724, -38.0435],
            [175.4818, -38.0388],
            [175.4835, -38.0299],
            [175.487, -38.0239],
            [175.4911, -38.0208],
            [175.4889, -38.0201],
            [175.4896, -38.0188],
            [175.4849, -38.0173],
            [175.4915, -38.0044],
            [175.4874, -38.0009],
            [175.4845, -37.9822],
            [175.4884, -37.9829],
            [175.4924, -37.9869],
            [175.4993, -37.9869],
            [175.5007, -37.9841],
            [175.5115, -37.9825],
            [175.5143, -37.978],
            [175.5237, -37.9791],
            [175.5191, -37.9693],
            [175.5293, -37.9605],
            [175.5148, -37.95],
            [175.537, -37.921],
            [175.539, -37.9251],
            [175.5449, -37.9264],
            [175.5515, -37.9392],
            [175.5574, -37.9431],
            [175.5739, -37.9446],
            [175.5872, -37.948],
            [175.6102, -37.9498],
            [175.627, -37.9544],
            [175.647, -37.9478],
            [175.651, -37.9488],
            [175.6503, -37.9468],
            [175.6561, -37.9489],
            [175.6586, -37.9521],
            [175.6619, -37.9493],
            [175.6627, -37.9463],
            [175.6669, -37.9452],
            [175.6697, -37.9411],
            [175.6742, -37.9441],
            [175.6757, -37.9422],
            [175.6852, -37.9416],
            [175.6861, -37.9395],
            [175.6919, -37.941],
            [175.7073, -37.9046],
            [175.7141, -37.9005],
            [175.7194, -37.9034],
            [175.7224, -37.9017],
            [175.7392, -37.9165],
            [175.7462, -37.914],
            [175.7599, -37.9044],
            [175.7712, -37.905],
            [175.7725, -37.9012],
            [175.7935, -37.9016],
            [175.7933, -37.8973],
            [175.7999, -37.8962]
          ]
        ]
      },
      "properties": { "name": "Te Tai Hau\u0101uru" }
    },
    {
      "type": "Feature",
      "id": 5,
      "geometry": {
        "type": "MultiPolygon",
        "coordinates": [
          [
            [
              [173.1296, -34.2139],
              [173.1445, -34.2203],
              [173.197, -34.2487],
              [173.2242, -34.2676],
              [173.2384, -34.2799],
              [173.2616, -34.3054],
              [173.2684, -34.3157],
              [173.278, -34.3314],
              [173.2904, -34.3622],
              [173.2947, -34.3779],
              [173.2979, -34.4092],
              [173.2964, -34.4353],
              [173.2936, -34.4496],
              [173.2865, -34.4736],
              [173.2796, -34.4883],
              [173.2712, -34.504],
              [173.2496, -34.5323],
              [173.2426, -34.5645],
              [173.2459, -34.5667],
              [173.3607, -34.5678],
              [173.4336, -34.5753],
              [173.4756, -34.584],
              [173.5112, -34.5966],
              [173.5315, -34.6067],
              [173.5594, -34.6248],
              [173.5821, -34.6447],
              [173.6027, -34.6681],
              [173.6208, -34.6811],
              [173.6411, -34.6986],
              [173.6627, -34.7205],
              [173.695, -34.7424],
              [173.726, -34.7452],
              [173.7527, -34.7504],
              [173.7988, -34.7526],
              [173.8386, -34.76],
              [173.8756, -34.7721],
              [173.8929, -34.769],
              [173.9299, -34.7658],
              [173.9537, -34.7662],
              [173.9799, -34.7689],
              [174.0336, -34.7806],
              [174.0592, -34.7882],
              [174.1027, -34.8076],
              [174.1171, -34.8158],
              [174.1453, -34.8366],
              [174.169, -34.8609],
              [174.1855, -34.8818],
              [174.2052, -34.9179],
              [174.2133, -34.9449],
              [174.2321, -34.9563],
              [174.3533, -34.9631],
              [174.3942, -34.9684],
              [174.4162, -34.9726],
              [174.4385, -34.9795],
              [174.4645, -34.9905],
              [174.4889, -35.004],
              [174.508, -35.0172],
              [174.5355, -35.0424],
              [174.5544, -35.0661],
              [174.5668, -35.0873],
              [174.5759, -35.1084],
              [174.5838, -35.1415],
              [174.5866, -35.1924],
              [174.5857, -35.2104],
              [174.6217, -35.2673],
              [174.6642, -35.2527],
              [174.6921, -35.2471],
              [174.7183, -35.2442],
              [174.7443, -35.2437],
              [174.7731, -35.2458],
              [174.8196, -35.2553],
              [174.8624, -35.2719],
              [174.8792, -35.2808],
              [174.9045, -35.2978],
              [174.9189, -35.3098],
              [174.9416, -35.3325],
              [174.9569, -35.3519],
              [174.9682, -35.3702],
              [174.981, -35.4008],
              [174.9868, -35.425],
              [174.9935, -35.4844],
              [174.993, -35.4984],
              [174.9893, -35.5225],
              [174.9834, -35.5422],
              [174.9726, -35.5664],
              [174.9655, -35.5995],
              [174.9518, -35.6311],
              [174.9421, -35.6468],
              [174.9246, -35.6686],
              [174.9045, -35.6879],
              [174.8857, -35.7022],
              [174.9095, -35.7123],
              [174.932, -35.7247],
              [174.9623, -35.7129],
              [174.987, -35.706],
              [175.0074, -35.702],
              [175.0391, -35.6987],
              [175.0669, -35.6986],
              [175.0908, -35.7006],
              [175.1161, -35.6994],
              [175.1435, -35.7004],
              [175.1868, -35.7074],
              [175.233, -35.7226],
              [175.3134, -35.7644],
              [175.3467, -35.7893],
              [175.366, -35.8089],
              [175.3789, -35.8252],
              [175.423, -35.8242],
              [175.4618, -35.8286],
              [175.5026, -35.8391],
              [175.5423, -35.856],
              [175.5708, -35.8735],
              [175.5944, -35.8927],
              [175.6261, -35.9282],
              [175.6388, -35.9476],
              [175.6735, -35.9668],
              [175.6965, -35.9843],
              [175.7173, -36.0046],
              [175.7336, -36.0257],
              [175.7422, -36.0398],
              [175.7524, -36.0615],
              [175.7592, -36.083],
              [175.7626, -36.101],
              [175.7642, -36.1249],
              [175.7633, -36.1495],
              [175.759, -36.173],
              [175.755, -36.1857],
              [175.7674, -36.2046],
              [175.779, -36.228],
              [175.8147, -36.231],
              [175.843, -36.2366],
              [175.877, -36.2469],
              [175.9033, -36.2583],
              [175.6281, -36.385],
              [175.4169, -36.3799],
              [175.251, -36.3997],
              [175.1631, -36.5239],
              [175.2039, -36.5949],
              [175.0105, -36.7324],
              [174.9553, -36.7751],
              [174.9234, -36.7968],
              [174.9187, -36.8017],
              [174.9155, -36.8089],
              [174.9193, -36.8237],
              [174.9172, -36.8328],
              [174.9127, -36.8364],
              [174.897, -36.8406],
              [174.89, -36.8461],
              [174.8819, -36.8335],
              [174.8204, -36.8345],
              [174.8046, -36.839],
              [174.7528, -36.8323],
              [174.7113, -36.8339],
              [174.6835, -36.8372],
              [174.6726, -36.8422],
              [174.6686, -36.8458],
              [174.6613, -36.8542],
              [174.6594, -36.8603],
              [174.6413, -36.8535],
              [174.6387, -36.8585],
              [174.6391, -36.8622],
              [174.6374, -36.8634],
              [174.6384, -36.8646],
              [174.638, -36.8634],
              [174.6364, -36.8642],
              [174.6373, -36.8697],
              [174.6346, -36.8716],
              [174.6358, -36.8758],
              [174.634, -36.8771],
              [174.6337, -36.8934],
              [174.6258, -36.9014],
              [174.625, -36.9048],
              [174.6169, -36.9015],
              [174.6102, -36.8963],
              [174.6014, -36.8957],
              [174.596, -36.897],
              [174.5953, -36.894],
              [174.5924, -36.892],
              [174.5957, -36.8891],
              [174.5933, -36.8848],
              [174.5775, -36.8916],
              [174.5721, -36.8908],
              [174.5695, -36.8878],
              [174.5651, -36.8864],
              [174.5587, -36.8918],
              [174.5556, -36.8884],
              [174.559, -36.8858],
              [174.551, -36.883],
              [174.5433, -36.8872],
              [174.5356, -36.8778],
              [174.5415, -36.8783],
              [174.5371, -36.8761],
              [174.5199, -36.875],
              [174.5177, -36.8721],
              [174.5087, -36.8693],
              [174.5042, -36.8658],
              [174.5018, -36.8666],
              [174.5025, -36.8677],
              [174.4989, -36.8662],
              [174.4986, -36.8682],
              [174.4802, -36.8686],
              [174.47, -36.8712],
              [174.4644, -36.8707],
              [174.4627, -36.8678],
              [174.461, -36.868],
              [174.4566, -36.8739],
              [174.4502, -36.8753],
              [174.447, -36.8784],
              [174.4478, -36.8826],
              [174.4499, -36.8847],
              [174.45, -36.8878],
              [174.4482, -36.8902],
              [174.4413, -36.8903],
              [174.4402, -36.893],
              [174.4381, -36.8938],
              [174.1786, -36.897],
              [174.1702, -36.8672],
              [174.1554, -36.8477],
              [174.1407, -36.8221],
              [174.1156, -36.7919],
              [174.0878, -36.7471],
              [174.0738, -36.7313],
              [174.0593, -36.7102],
              [174.0416, -36.694],
              [174.0098, -36.6597],
              [173.9939, -36.639],
              [173.9813, -36.6269],
              [173.9676, -36.6105],
              [173.8655, -36.5354],
              [173.8405, -36.5115],
              [173.8247, -36.4926],
              [173.7984, -36.4473],
              [173.7887, -36.4232],
              [173.7828, -36.3985],
              [173.7807, -36.3712],
              [173.7748, -36.3512],
              [173.7625, -36.3332],
              [173.7541, -36.3172],
              [173.7194, -36.2716],
              [173.6799, -36.229],
              [173.6389, -36.1783],
              [173.5902, -36.1264],
              [173.5584, -36.0863],
              [173.5228, -36.0487],
              [173.4984, -36.026],
              [173.4614, -35.9803],
              [173.4434, -35.9634],
              [173.4089, -35.9243],
              [173.3703, -35.8942],
              [173.3468, -35.8718],
              [173.3277, -35.8479],
              [173.3158, -35.8269],
              [173.2895, -35.7986],
              [173.2672, -35.7834],
              [173.2394, -35.7577],
              [173.2257, -35.741],
              [173.2081, -35.7117],
              [173.1845, -35.691],
              [173.1669, -35.6714],
              [173.1491, -35.6447],
              [173.1331, -35.6135],
              [173.1073, -35.5832],
              [173.0765, -35.5533],
              [173.0643, -35.5394],
              [173.0322, -35.5127],
              [172.9528, -35.4179],
              [172.9389, -35.3957],
              [172.9341, -35.3853],
              [172.9178, -35.3699],
              [172.9025, -35.3515],
              [172.8691, -35.3249],
              [172.8461, -35.2986],
              [172.828, -35.2687],
              [172.8172, -35.2403],
              [172.8102, -35.2037],
              [172.8103, -35.1669],
              [172.8138, -35.1463],
              [172.8222, -35.1184],
              [172.8426, -35.0772],
              [172.8664, -35.0459],
              [172.891, -35.0224],
              [172.8844, -35.0126],
              [172.8337, -34.953],
              [172.7804, -34.8947],
              [172.7408, -34.8457],
              [172.7207, -34.8321],
              [172.7041, -34.8171],
              [172.6869, -34.799],
              [172.6729, -34.7789],
              [172.6371, -34.7571],
              [172.6194, -34.7428],
              [172.5977, -34.7203],
              [172.5812, -34.6973],
              [172.564, -34.6878],
              [172.5427, -34.6734],
              [172.5132, -34.6468],
              [172.4748, -34.6242],
              [172.4484, -34.6019],
              [172.4214, -34.5684],
              [172.4143, -34.5566],
              [172.4039, -34.533],
              [172.3961, -34.5042],
              [172.3934, -34.4836],
              [172.3924, -34.4679],
              [172.3935, -34.4512],
              [172.395, -34.4369],
              [172.4017, -34.4115],
              [172.4084, -34.3941],
              [172.4168, -34.3785],
              [172.4247, -34.3658],
              [172.4426, -34.3433],
              [172.4598, -34.3267],
              [172.4723, -34.317],
              [172.48, -34.3062],
              [172.5036, -34.2828],
              [172.5274, -34.2643],
              [172.5641, -34.2439],
              [172.5902, -34.2337],
              [172.6138, -34.2274],
              [172.6464, -34.2218],
              [172.6641, -34.2203],
              [172.6966, -34.2204],
              [172.7332, -34.225],
              [172.7585, -34.2309],
              [172.7845, -34.2231],
              [172.8202, -34.2167],
              [172.8597, -34.2148],
              [172.8963, -34.2159],
              [172.9241, -34.2061],
              [172.9524, -34.1992],
              [172.9845, -34.1953],
              [173.0175, -34.1935],
              [173.0541, -34.1949],
              [173.0699, -34.1973],
              [173.1037, -34.2047],
              [173.1296, -34.2139]
            ]
          ],
          [
            [
              [172.0644, -34.3903],
              [172.0257, -34.3899],
              [171.9925, -34.3866],
              [171.96, -34.3798],
              [171.9274, -34.3686],
              [171.8963, -34.3527],
              [171.8677, -34.334],
              [171.8464, -34.315],
              [171.8266, -34.2913],
              [171.8145, -34.2716],
              [171.8066, -34.254],
              [171.7895, -34.1928],
              [171.8016, -34.1238],
              [171.8302, -34.0627],
              [171.8769, -34.0232],
              [171.9196, -34.0037],
              [171.9762, -33.9845],
              [172.0373, -33.9706],
              [172.1142, -33.9616],
              [172.1766, -33.9585],
              [172.2172, -33.9612],
              [172.2736, -33.9701],
              [172.3184, -33.9849],
              [172.3546, -34.0055],
              [172.3765, -34.0286],
              [172.3929, -34.064],
              [172.4019, -34.0902],
              [172.4081, -34.1147],
              [172.4071, -34.1632],
              [172.3968, -34.2062],
              [172.3833, -34.2402],
              [172.3659, -34.2676],
              [172.3449, -34.2912],
              [172.3209, -34.3114],
              [172.2913, -34.3306],
              [172.2595, -34.3458],
              [172.2186, -34.3595],
              [172.1322, -34.381],
              [172.0946, -34.3877],
              [172.0644, -34.3903]
            ]
          ]
        ]
      },
      "properties": { "name": "Te Tai Tokerau" }
    },
    {
      "type": "Feature",
      "id": 6,
      "geometry": {
        "type": "MultiPolygon",
        "coordinates": [
          [
            [
              [172.7394, -40.3013],
              [172.7478, -40.3025],
              [172.7925, -40.2999],
              [172.8519, -40.3028],
              [172.8891, -40.3088],
              [172.9257, -40.3112],
              [172.9956, -40.3202],
              [173.0731, -40.339],
              [173.1096, -40.3514],
              [173.1622, -40.3748],
              [173.2056, -40.4003],
              [173.2594, -40.4391],
              [173.2776, -40.4548],
              [173.2936, -40.4719],
              [173.3198, -40.5097],
              [173.328, -40.5252],
              [173.335, -40.5432],
              [173.3397, -40.5608],
              [173.3423, -40.5786],
              [173.3419, -40.6093],
              [173.336, -40.6372],
              [173.289, -40.7492],
              [173.4562, -40.8793],
              [173.5007, -40.8629],
              [173.5031, -40.8585],
              [173.5077, -40.8375],
              [173.5186, -40.8065],
              [173.5241, -40.782],
              [173.5333, -40.7585],
              [173.5444, -40.7385],
              [173.5728, -40.7005],
              [173.5845, -40.6754],
              [173.6027, -40.6491],
              [173.6186, -40.6317],
              [173.6435, -40.6108],
              [173.7136, -40.566],
              [173.7386, -40.5535],
              [173.7714, -40.5412],
              [173.7926, -40.5279],
              [173.8224, -40.5133],
              [173.8433, -40.5001],
              [173.8659, -40.4887],
              [173.9024, -40.475],
              [173.9332, -40.4673],
              [173.982, -40.4612],
              [174.0321, -40.4623],
              [174.081, -40.4707],
              [174.1269, -40.4859],
              [174.1583, -40.5015],
              [174.1846, -40.5188],
              [174.2075, -40.5377],
              [174.2326, -40.5644],
              [174.2503, -40.59],
              [174.261, -40.6123],
              [174.2679, -40.6346],
              [174.2715, -40.6567],
              [174.2858, -40.6737],
              [174.2979, -40.692],
              [174.3075, -40.7108],
              [174.3146, -40.7305],
              [174.3468, -40.7559],
              [174.373, -40.7855],
              [174.4011, -40.7902],
              [174.4263, -40.7966],
              [174.4695, -40.813],
              [174.5039, -40.8324],
              [174.5248, -40.8479],
              [174.5426, -40.8643],
              [174.5733, -40.8778],
              [174.6035, -40.8959],
              [174.5592, -41.0242],
              [174.7781, -41.1439],
              [174.7873, -41.1478],
              [174.7902, -41.1435],
              [174.8044, -41.1491],
              [174.7945, -41.1636],
              [174.7948, -41.1652],
              [174.7961, -41.1706],
              [174.8088, -41.1786],
              [174.8117, -41.1789],
              [174.8108, -41.1832],
              [174.8135, -41.1834],
              [174.8128, -41.1882],
              [174.8531, -41.1918],
              [174.854, -41.189],
              [174.854, -41.1905],
              [174.8569, -41.1916],
              [174.8673, -41.1928],
              [174.8664, -41.1961],
              [174.8645, -41.1958],
              [174.8608, -41.2026],
              [174.8652, -41.2028],
              [174.8645, -41.2074],
              [174.8708, -41.2074],
              [174.8709, -41.2118],
              [174.8777, -41.2128],
              [174.8788, -41.2167],
              [174.881, -41.2171],
              [174.9099, -41.2012],
              [174.9305, -41.1923],
              [174.9327, -41.1951],
              [174.9379, -41.1972],
              [174.9337, -41.2003],
              [174.9395, -41.2019],
              [174.9342, -41.205],
              [174.9416, -41.2059],
              [174.9419, -41.2081],
              [174.9399, -41.2097],
              [174.9465, -41.2121],
              [174.9488, -41.2193],
              [174.9439, -41.2188],
              [174.9404, -41.2211],
              [174.9226, -41.2443],
              [174.9241, -41.257],
              [174.9265, -41.2577],
              [174.9245, -41.262],
              [174.9232, -41.2617],
              [174.9271, -41.2696],
              [174.926, -41.2721],
              [174.9289, -41.2728],
              [174.9161, -41.2993],
              [174.9174, -41.2998],
              [174.9069, -41.3137],
              [174.9037, -41.3123],
              [174.8938, -41.3133],
              [174.8922, -41.3155],
              [174.8826, -41.3113],
              [174.8779, -41.317],
              [174.8719, -41.3183],
              [174.8712, -41.3254],
              [174.8647, -41.3316],
              [174.8626, -41.3316],
              [174.8611, -41.3354],
              [174.8589, -41.3367],
              [174.8588, -41.3409],
              [174.8519, -41.3493],
              [174.8528, -41.3524],
              [174.851, -41.3563],
              [174.6527, -41.563],
              [174.6121, -41.551],
              [174.5776, -41.5381],
              [174.5432, -41.5288],
              [174.5087, -41.5151],
              [174.4857, -41.5031],
              [174.463, -41.4879],
              [174.4446, -41.4728],
              [174.4294, -41.4574],
              [174.395, -41.4804],
              [174.4063, -41.5052],
              [174.4126, -41.5282],
              [174.4202, -41.5434],
              [174.4461, -41.5561],
              [174.4645, -41.5674],
              [174.4993, -41.5958],
              [174.5139, -41.6118],
              [174.5374, -41.6419],
              [174.5477, -41.659],
              [174.5573, -41.6803],
              [174.562, -41.6955],
              [174.5659, -41.7162],
              [174.5678, -41.739],
              [174.5659, -41.7665],
              [174.5607, -41.7886],
              [174.5543, -41.8053],
              [174.5414, -41.8291],
              [174.5289, -41.8467],
              [174.5111, -41.8677],
              [174.4898, -41.887],
              [174.4723, -41.8996],
              [174.4477, -41.9142],
              [174.435, -41.9342],
              [174.4197, -41.9528],
              [174.3763, -41.9971],
              [174.3403, -42.0237],
              [174.3288, -42.0385],
              [174.2974, -42.0732],
              [174.2738, -42.0926],
              [174.2458, -42.1102],
              [174.2301, -42.1276],
              [174.2079, -42.1467],
              [174.2085, -42.1748],
              [174.205, -42.1983],
              [174.1958, -42.2254],
              [174.1815, -42.2516],
              [174.1642, -42.274],
              [174.1393, -42.2989],
              [174.1165, -42.3167],
              [174.096, -42.3294],
              [174.0467, -42.3746],
              [174.0117, -42.3978],
              [173.9949, -42.4117],
              [173.9951, -42.4304],
              [173.9925, -42.4514],
              [173.9838, -42.4801],
              [173.9656, -42.5135],
              [173.9436, -42.5399],
              [173.9243, -42.5573],
              [173.9018, -42.5745],
              [173.8615, -42.5991],
              [173.8182, -42.6175],
              [173.7704, -42.6298],
              [173.7467, -42.6648],
              [173.7299, -42.6838],
              [173.716, -42.6965],
              [173.6761, -42.7686],
              [173.6577, -42.7978],
              [173.6393, -42.8343],
              [173.6326, -42.8553],
              [173.6223, -42.8769],
              [173.6034, -42.9041],
              [173.583, -42.9254],
              [173.5716, -42.9547],
              [173.5562, -42.9797],
              [173.5451, -42.9936],
              [173.5285, -43.0105],
              [173.491, -43.0425],
              [173.4791, -43.0581],
              [173.4628, -43.0756],
              [173.4372, -43.0966],
              [173.4123, -43.1124],
              [173.3659, -43.1365],
              [173.3233, -43.1536],
              [173.3019, -43.1796],
              [173.2824, -43.1975],
              [173.2602, -43.2135],
              [173.2269, -43.2319],
              [173.1989, -43.2434],
              [173.1646, -43.2535],
              [173.1239, -43.2608],
              [173.0837, -43.2634],
              [173.0447, -43.2745],
              [173.0351, -43.2782],
              [173.0063, -43.2958],
              [172.9882, -43.3369],
              [172.9851, -43.3484],
              [172.9842, -43.3622],
              [172.9889, -43.4247],
              [173.0047, -43.43],
              [173.0691, -43.4442],
              [173.1046, -43.4548],
              [173.1527, -43.4655],
              [173.1814, -43.4755],
              [173.2155, -43.4917],
              [173.246, -43.5114],
              [173.2655, -43.5278],
              [173.2927, -43.5462],
              [173.3208, -43.5699],
              [173.3373, -43.5863],
              [173.3521, -43.6043],
              [173.3719, -43.6357],
              [173.3903, -43.675],
              [173.4027, -43.7104],
              [173.4068, -43.7381],
              [173.4067, -43.7883],
              [173.4029, -43.8121],
              [173.3956, -43.8342],
              [173.3849, -43.8558],
              [173.3749, -43.8708],
              [173.3695, -43.8878],
              [173.3626, -43.9029],
              [173.3446, -43.9314],
              [173.3188, -43.959],
              [173.268, -44.0001],
              [173.2403, -44.0164],
              [173.2102, -44.03],
              [173.1724, -44.0502],
              [173.143, -44.0628],
              [173.1112, -44.0731],
              [173.0672, -44.0826],
              [173.0277, -44.0934],
              [172.9987, -44.0983],
              [172.9546, -44.1023],
              [172.926, -44.1031],
              [172.8511, -44.0993],
              [172.809, -44.0934],
              [172.7852, -44.0878],
              [172.744, -44.081],
              [172.7133, -44.0728],
              [172.6638, -44.0545],
              [172.6228, -44.0321],
              [172.5251, -44.0434],
              [172.457, -44.0486],
              [172.4321, -44.0536],
              [172.4012, -44.0573],
              [172.3843, -44.0618],
              [172.3383, -44.0785],
              [172.2567, -44.0994],
              [172.232, -44.109],
              [172.1977, -44.1187],
              [172.1715, -44.1301],
              [172.1383, -44.1408],
              [172.1017, -44.1588],
              [172.0586, -44.1732],
              [172.0265, -44.1908],
              [171.9868, -44.2061],
              [171.946, -44.2263],
              [171.9097, -44.2387],
              [171.8912, -44.2479],
              [171.8356, -44.271],
              [171.7994, -44.283],
              [171.7346, -44.3149],
              [171.7136, -44.3276],
              [171.6865, -44.3406],
              [171.6561, -44.3588],
              [171.6161, -44.3758],
              [171.5961, -44.3904],
              [171.5714, -44.4049],
              [171.5445, -44.4261],
              [171.5351, -44.4821],
              [171.5236, -44.5115],
              [171.5052, -44.5413],
              [171.4952, -44.5545],
              [171.4803, -44.5709],
              [171.4638, -44.5854],
              [171.4415, -44.6269],
              [171.4405, -44.6347],
              [171.4464, -44.6637],
              [171.4463, -44.693],
              [171.4503, -44.7158],
              [171.4511, -44.7673],
              [171.4549, -44.7932],
              [171.456, -44.8252],
              [171.454, -44.8605],
              [171.4473, -44.9053],
              [171.4345, -44.9526],
              [171.427, -44.9729],
              [171.4161, -44.9929],
              [171.4012, -45.0257],
              [171.3576, -45.0883],
              [171.3273, -45.1232],
              [171.3141, -45.136],
              [171.298, -45.1493],
              [171.2757, -45.1644],
              [171.2516, -45.1853],
              [171.2377, -45.2092],
              [171.2194, -45.2318],
              [171.1995, -45.2505],
              [171.1739, -45.2693],
              [171.1555, -45.2938],
              [171.1398, -45.3099],
              [171.15, -45.3435],
              [171.1523, -45.3709],
              [171.1497, -45.4183],
              [171.1415, -45.4502],
              [171.1284, -45.4772],
              [171.1125, -45.4993],
              [171.1081, -45.52],
              [171.1029, -45.535],
              [171.092, -45.557],
              [171.0847, -45.5682],
              [171.0685, -45.5885],
              [171.0485, -45.6077],
              [171.0256, -45.6249],
              [171.0076, -45.636],
              [170.9986, -45.6577],
              [170.9878, -45.676],
              [171.0085, -45.704],
              [171.0242, -45.7362],
              [171.0343, -45.7714],
              [171.0383, -45.7996],
              [171.0377, -45.8205],
              [171.034, -45.8405],
              [171.036, -45.8727],
              [171.0334, -45.9003],
              [171.0248, -45.9282],
              [171.0077, -45.9595],
              [170.9943, -45.9766],
              [170.9737, -45.9973],
              [170.9525, -46.0139],
              [170.9253, -46.0315],
              [170.8909, -46.049],
              [170.8586, -46.061],
              [170.8295, -46.0689],
              [170.8026, -46.0823],
              [170.7756, -46.0928],
              [170.7484, -46.101],
              [170.715, -46.1079],
              [170.6652, -46.113],
              [170.626, -46.1126],
              [170.6002, -46.1208],
              [170.567, -46.1283],
              [170.5375, -46.1325],
              [170.506, -46.1345],
              [170.4821, -46.1411],
              [170.4716, -46.1722],
              [170.4496, -46.2198],
              [170.4322, -46.2453],
              [170.4087, -46.2702],
              [170.3952, -46.2828],
              [170.3751, -46.2983],
              [170.3472, -46.3152],
              [170.3109, -46.3402],
              [170.289, -46.3523],
              [170.2527, -46.3675],
              [170.2286, -46.3807],
              [170.207, -46.3975],
              [170.1701, -46.4218],
              [170.1372, -46.4394],
              [170.1158, -46.4536],
              [170.1145, -46.4722],
              [170.108, -46.4993],
              [170.0991, -46.5202],
              [170.0856, -46.542],
              [170.0674, -46.5637],
              [170.0518, -46.5783],
              [170.025, -46.5983],
              [170.0019, -46.6119],
              [169.9733, -46.625],
              [169.9444, -46.6353],
              [169.9232, -46.6469],
              [169.9021, -46.6628],
              [169.8833, -46.6745],
              [169.8553, -46.689],
              [169.7989, -46.7143],
              [169.7766, -46.7292],
              [169.7524, -46.7422],
              [169.7208, -46.7555],
              [169.6874, -46.7659],
              [169.6478, -46.774],
              [169.6029, -46.7781],
              [169.556, -46.797],
              [169.5147, -46.8075],
              [169.4849, -46.8189],
              [169.4447, -46.8296],
              [169.3886, -46.8378],
              [169.3421, -46.8392],
              [169.3017, -46.852],
              [169.2531, -46.8612],
              [169.2165, -46.8643],
              [169.1609, -46.8627],
              [169.1126, -46.8699],
              [169.0123, -46.8774],
              [168.9724, -46.8759],
              [168.9067, -46.8679],
              [168.8748, -46.8698],
              [168.8381, -46.869],
              [168.8201, -46.8886],
              [168.7997, -46.9061],
              [168.7517, -46.9395],
              [168.7237, -46.9555],
              [168.688, -46.9709],
              [168.6443, -46.9837],
              [168.6076, -46.9988],
              [168.5787, -47.0074],
              [168.5441, -47.015],
              [168.5545, -47.0346],
              [168.5634, -47.061],
              [168.5668, -47.0824],
              [168.5664, -47.1084],
              [168.562, -47.1305],
              [168.5526, -47.1554],
              [168.5386, -47.1791],
              [168.5236, -47.1977],
              [168.4973, -47.2224],
              [168.4709, -47.2408],
              [168.4403, -47.2574],
              [168.4089, -47.2701],
              [168.3889, -47.2816],
              [168.3609, -47.2947],
              [168.3236, -47.3076],
              [168.2936, -47.3149],
              [168.1955, -47.3279],
              [168.2029, -47.3567],
              [168.2043, -47.379],
              [168.2024, -47.3994],
              [168.1956, -47.425],
              [168.1831, -47.4513],
              [168.1716, -47.4682],
              [168.1513, -47.4911],
              [168.1303, -47.5092],
              [168.1301, -47.5318],
              [168.1246, -47.5597],
              [168.1143, -47.5848],
              [168.0996, -47.6085],
              [168.0839, -47.6272],
              [168.0691, -47.6414],
              [168.0502, -47.6562],
              [168.0298, -47.6696],
              [167.9898, -47.6894],
              [167.9323, -47.7096],
              [167.9039, -47.7162],
              [167.864, -47.722],
              [167.8342, -47.7239],
              [167.7959, -47.7234],
              [167.7624, -47.72],
              [167.7306, -47.7144],
              [167.6943, -47.7046],
              [167.6707, -47.696],
              [167.6407, -47.6822],
              [167.6062, -47.661],
              [167.5755, -47.6345],
              [167.5533, -47.6077],
              [167.538, -47.5794],
              [167.5288, -47.5496],
              [167.5267, -47.5177],
              [167.5312, -47.4893],
              [167.4767, -47.4889],
              [167.4341, -47.4846],
              [167.381, -47.4751],
              [167.3532, -47.4684],
              [167.3109, -47.4625],
              [167.2679, -47.4516],
              [167.2335, -47.4388],
              [167.2086, -47.4267],
              [167.1757, -47.4063],
              [167.1608, -47.3947],
              [167.1218, -47.3743],
              [167.0966, -47.3565],
              [167.0729, -47.3347],
              [167.0534, -47.3105],
              [167.0404, -47.2876],
              [167.0303, -47.2592],
              [167.0262, -47.2327],
              [167.0273, -47.2067],
              [167.0325, -47.1836],
              [167.0423, -47.1598],
              [167.0583, -47.1341],
              [167.0786, -47.1103],
              [167.0969, -47.0931],
              [167.1228, -47.074],
              [167.1415, -47.0458],
              [167.1617, -47.024],
              [167.1823, -47.0061],
              [167.2031, -46.9912],
              [167.2312, -46.975],
              [167.2735, -46.9571],
              [167.3176, -46.9447],
              [167.3617, -46.9377],
              [167.3654, -46.9346],
              [167.3694, -46.9097],
              [167.3431, -46.8806],
              [167.3285, -46.8572],
              [167.3222, -46.8432],
              [167.3064, -46.7971],
              [167.3005, -46.7648],
              [167.3001, -46.748],
              [167.3028, -46.7245],
              [167.3107, -46.6978],
              [167.3202, -46.6785],
              [167.3351, -46.6564],
              [167.3491, -46.6404],
              [167.3676, -46.6234],
              [167.3872, -46.6088],
              [167.4153, -46.5921],
              [167.4417, -46.5798],
              [167.4835, -46.5656],
              [167.5056, -46.5499],
              [167.5408, -46.5306],
              [167.5334, -46.5128],
              [167.2924, -46.4591],
              [167.2459, -46.4641],
              [167.1914, -46.4657],
              [167.1546, -46.465],
              [167.1687, -46.4838],
              [167.1778, -46.4991],
              [167.1856, -46.5167],
              [167.1907, -46.533],
              [167.1963, -46.5693],
              [167.1965, -46.5846],
              [167.1948, -46.6014],
              [167.1902, -46.6215],
              [167.1757, -46.6544],
              [167.1604, -46.6769],
              [167.1446, -46.6946],
              [167.1122, -46.7215],
              [167.0754, -46.7432],
              [167.0512, -46.754],
              [167.0291, -46.7618],
              [166.982, -46.7738],
              [166.9266, -46.7809],
              [166.8601, -46.7809],
              [166.8096, -46.7741],
              [166.7655, -46.7626],
              [166.6978, -46.736],
              [166.6613, -46.7159],
              [166.6392, -46.6999],
              [166.6209, -46.6835],
              [166.6048, -46.6652],
              [166.5915, -46.6459],
              [166.5798, -46.6221],
              [166.5737, -46.6025],
              [166.5706, -46.5858],
              [166.5699, -46.5657],
              [166.5714, -46.5491],
              [166.5757, -46.5301],
              [166.5856, -46.5051],
              [166.5982, -46.4837],
              [166.6115, -46.4667],
              [166.6274, -46.4504],
              [166.6517, -46.4306],
              [166.6703, -46.4185],
              [166.6592, -46.4153],
              [166.6163, -46.4096],
              [166.565, -46.396],
              [166.4998, -46.3706],
              [166.4653, -46.3541],
              [166.4344, -46.3358],
              [166.3998, -46.3072],
              [166.3764, -46.2789],
              [166.363, -46.2654],
              [166.3415, -46.2552],
              [166.3175, -46.2413],
              [166.2935, -46.2238],
              [166.2784, -46.2101],
              [166.2607, -46.1904],
              [166.2418, -46.1601],
              [166.2176, -46.1377],
              [166.201, -46.1175],
              [166.1837, -46.0868],
              [166.1647, -46.0325],
              [166.1595, -46.0054],
              [166.1589, -45.9794],
              [166.1486, -45.9581],
              [166.1421, -45.937],
              [166.1395, -45.9213],
              [166.1387, -45.8988],
              [166.144, -45.8669],
              [166.1412, -45.8428],
              [166.1418, -45.824],
              [166.1484, -45.7936],
              [166.1574, -45.772],
              [166.1541, -45.7594],
              [166.1513, -45.7363],
              [166.1537, -45.7036],
              [166.1596, -45.6819],
              [166.1696, -45.6591],
              [166.1897, -45.6294],
              [166.2215, -45.594],
              [166.2575, -45.5638],
              [166.2706, -45.5449],
              [166.2847, -45.5289],
              [166.3198, -45.4964],
              [166.3485, -45.4755],
              [166.3689, -45.4638],
              [166.4, -45.45],
              [166.4137, -45.4389],
              [166.4414, -45.4019],
              [166.4495, -45.3786],
              [166.4563, -45.365],
              [166.4768, -45.3328],
              [166.4887, -45.3182],
              [166.5033, -45.2869],
              [166.517, -45.2659],
              [166.5456, -45.2272],
              [166.5708, -45.1995],
              [166.5865, -45.1848],
              [166.6003, -45.1668],
              [166.6121, -45.1446],
              [166.6254, -45.1262],
              [166.6824, -45.066],
              [166.707, -45.0471],
              [166.7239, -45.0295],
              [166.7416, -45.0148],
              [166.762, -45.0008],
              [166.7825, -44.9892],
              [166.8107, -44.9591],
              [166.8404, -44.9346],
              [166.8592, -44.9123],
              [166.8837, -44.8889],
              [166.9071, -44.8706],
              [166.9227, -44.8543],
              [166.9377, -44.8414],
              [166.9806, -44.8116],
              [166.9973, -44.7935],
              [167.0179, -44.7759],
              [167.0351, -44.7583],
              [167.0732, -44.7265],
              [167.1105, -44.7047],
              [167.147, -44.6896],
              [167.1924, -44.6582],
              [167.2143, -44.6455],
              [167.2488, -44.63],
              [167.2824, -44.6105],
              [167.3119, -44.5978],
              [167.3248, -44.5808],
              [167.3422, -44.5628],
              [167.3588, -44.5487],
              [167.3886, -44.527],
              [167.4611, -44.4831],
              [167.502, -44.4643],
              [167.528, -44.4504],
              [167.5497, -44.4198],
              [167.5813, -44.3829],
              [167.6029, -44.363],
              [167.613, -44.348],
              [167.6314, -44.327],
              [167.6505, -44.3099],
              [167.6814, -44.2887],
              [167.7199, -44.255],
              [167.7385, -44.2416],
              [167.7611, -44.2137],
              [167.784, -44.1933],
              [167.802, -44.1641],
              [167.8286, -44.1352],
              [167.8782, -44.0977],
              [167.9101, -44.0802],
              [167.9388, -44.0684],
              [167.959, -44.0534],
              [168.0145, -44.0225],
              [168.0308, -44.0108],
              [168.0471, -43.9929],
              [168.0699, -43.973],
              [168.0867, -43.9473],
              [168.1121, -43.9201],
              [168.1334, -43.8935],
              [168.1551, -43.8736],
              [168.1749, -43.8592],
              [168.1957, -43.8466],
              [168.2278, -43.8317],
              [168.2628, -43.8195],
              [168.2911, -43.8116],
              [168.3201, -43.8061],
              [168.3588, -43.8014],
              [168.3928, -43.7999],
              [168.4219, -43.801],
              [168.4738, -43.782],
              [168.5457, -43.7634],
              [168.5841, -43.7569],
              [168.6205, -43.7544],
              [168.6472, -43.7331],
              [168.6712, -43.7184],
              [168.7003, -43.7044],
              [168.7521, -43.6837],
              [168.8261, -43.6601],
              [168.8596, -43.6534],
              [168.8948, -43.6498],
              [168.923, -43.6425],
              [168.9382, -43.6278],
              [168.9595, -43.611],
              [168.9935, -43.5881],
              [169.0404, -43.5596],
              [169.0965, -43.5311],
              [169.1761, -43.5007],
              [169.2061, -43.4821],
              [169.2329, -43.4694],
              [169.2759, -43.4529],
              [169.306, -43.4438],
              [169.3668, -43.4278],
              [169.3959, -43.4217],
              [169.436, -43.4053],
              [169.4868, -43.393],
              [169.4999, -43.3863],
              [169.5132, -43.3734],
              [169.5457, -43.3366],
              [169.562, -43.3151],
              [169.5765, -43.3001],
              [169.5913, -43.2872],
              [169.6189, -43.2681],
              [169.6486, -43.2527],
              [169.6796, -43.2333],
              [169.7084, -43.2197],
              [169.7547, -43.2048],
              [169.8015, -43.1966],
              [169.828, -43.169],
              [169.8502, -43.15],
              [169.8811, -43.129],
              [169.9129, -43.1125],
              [169.9395, -43.0893],
              [169.9751, -43.0671],
              [169.9958, -43.0378],
              [170.0178, -43.0156],
              [170.0406, -42.9889],
              [170.0638, -42.9687],
              [170.0924, -42.9497],
              [170.1186, -42.9365],
              [170.1488, -42.9248],
              [170.1768, -42.9169],
              [170.2035, -42.9117],
              [170.2226, -42.8968],
              [170.2531, -42.8776],
              [170.2728, -42.8674],
              [170.3029, -42.855],
              [170.3754, -42.8325],
              [170.4267, -42.8212],
              [170.4626, -42.8162],
              [170.5048, -42.7899],
              [170.5623, -42.7652],
              [170.5889, -42.746],
              [170.609, -42.7347],
              [170.625, -42.7193],
              [170.6467, -42.7026],
              [170.6699, -42.6699],
              [170.6913, -42.6472],
              [170.7227, -42.6099],
              [170.7378, -42.5949],
              [170.7573, -42.5791],
              [170.7837, -42.5621],
              [170.8272, -42.5255],
              [170.8576, -42.5054],
              [170.885, -42.468],
              [170.9108, -42.4401],
              [170.9204, -42.424],
              [170.9252, -42.399],
              [170.931, -42.3823],
              [170.9391, -42.3652],
              [170.9526, -42.344],
              [170.961, -42.3173],
              [170.9777, -42.281],
              [170.9979, -42.2515],
              [171.0091, -42.239],
              [171.0278, -42.222],
              [171.04, -42.2074],
              [171.0461, -42.1965],
              [171.0468, -42.1718],
              [171.0564, -42.1177],
              [171.0582, -42.0893],
              [171.0655, -42.061],
              [171.0851, -42.0168],
              [171.1008, -41.9921],
              [171.1065, -41.9742],
              [171.116, -41.9537],
              [171.1288, -41.9336],
              [171.145, -41.9143],
              [171.1492, -41.8856],
              [171.157, -41.8614],
              [171.1678, -41.8386],
              [171.1859, -41.8122],
              [171.1819, -41.7887],
              [171.1809, -41.766],
              [171.1828, -41.7419],
              [171.187, -41.7227],
              [171.1935, -41.7042],
              [171.2074, -41.6782],
              [171.2174, -41.6549],
              [171.2258, -41.6404],
              [171.2411, -41.6199],
              [171.2578, -41.6011],
              [171.2701, -41.5898],
              [171.3004, -41.5675],
              [171.337, -41.5482],
              [171.3776, -41.5338],
              [171.4196, -41.5248],
              [171.4643, -41.521],
              [171.51, -41.523],
              [171.5478, -41.5293],
              [171.598, -41.5269],
              [171.642, -41.5021],
              [171.6684, -41.4774],
              [171.6801, -41.4627],
              [171.7049, -41.417],
              [171.7256, -41.3892],
              [171.733, -41.3742],
              [171.7552, -41.3416],
              [171.7811, -41.3141],
              [171.8134, -41.29],
              [171.8232, -41.2807],
              [171.8266, -41.2701],
              [171.8307, -41.2449],
              [171.839, -41.1729],
              [171.8385, -41.1595],
              [171.8324, -41.1306],
              [171.8315, -41.097],
              [171.8423, -41.0248],
              [171.8352, -41.0042],
              [171.8315, -40.9866],
              [171.83, -40.9611],
              [171.8266, -40.9397],
              [171.8264, -40.9201],
              [171.8288, -40.8924],
              [171.8322, -40.8757],
              [171.8381, -40.8575],
              [171.8578, -40.8137],
              [171.8844, -40.7764],
              [171.8974, -40.7544],
              [171.9111, -40.737],
              [171.9276, -40.72],
              [171.9457, -40.7051],
              [171.9682, -40.6809],
              [171.9963, -40.6589],
              [172.0147, -40.6409],
              [172.0353, -40.6251],
              [172.0561, -40.6121],
              [172.0797, -40.6003],
              [172.1093, -40.589],
              [172.1342, -40.5821],
              [172.1555, -40.5664],
              [172.1767, -40.5541],
              [172.2037, -40.5275],
              [172.2743, -40.4755],
              [172.3516, -40.4336],
              [172.3774, -40.4133],
              [172.3954, -40.4021],
              [172.4186, -40.3904],
              [172.4482, -40.3694],
              [172.485, -40.3466],
              [172.5145, -40.3329],
              [172.5415, -40.3226],
              [172.5901, -40.3094],
              [172.6165, -40.3041],
              [172.6754, -40.2984],
              [172.7061, -40.2987],
              [172.7394, -40.3013]
            ]
          ],
          [
            [
              [-176.3746, -43.555],
              [-176.361, -43.5576],
              [-176.3234, -43.5493],
              [-176.2846, -43.5449],
              [-176.2453, -43.5444],
              [-176.2063, -43.5479],
              [-176.1684, -43.5553],
              [-176.1322, -43.5664],
              [-176.0985, -43.5811],
              [-176.0828, -43.5897],
              [-176.0679, -43.5991],
              [-176.041, -43.62],
              [-176.0184, -43.6433],
              [-176.0005, -43.6688],
              [-175.9876, -43.6958],
              [-175.9799, -43.7238],
              [-175.9778, -43.7523],
              [-175.9796, -43.7726],
              [-175.9628, -43.7639],
              [-175.9268, -43.749],
              [-175.8883, -43.7379],
              [-175.8684, -43.7338],
              [-175.8481, -43.7308],
              [-175.807, -43.7278],
              [-175.7656, -43.7289],
              [-175.7451, -43.7311],
              [-175.7249, -43.7342],
              [-175.6855, -43.7436],
              [-175.6666, -43.7497],
              [-175.6308, -43.7648],
              [-175.6141, -43.7736],
              [-175.5833, -43.7937],
              [-175.5567, -43.8167],
              [-175.5452, -43.8292],
              [-175.5348, -43.8422],
              [-175.5179, -43.8696],
              [-175.5065, -43.8985],
              [-175.5007, -43.9282],
              [-175.5, -43.9432],
              [-175.5029, -43.9731],
              [-175.5065, -43.9879],
              [-175.518, -44.0167],
              [-175.5349, -44.0442],
              [-175.557, -44.0696],
              [-175.5838, -44.0926],
              [-175.5988, -44.103],
              [-175.6148, -44.1126],
              [-175.6494, -44.1294],
              [-175.6868, -44.1424],
              [-175.7103, -44.1484],
              [-175.6775, -44.1651],
              [-175.6482, -44.1849],
              [-175.623, -44.2075],
              [-175.6121, -44.2196],
              [-175.6024, -44.2323],
              [-175.5869, -44.259],
              [-175.581, -44.2728],
              [-175.5735, -44.3012],
              [-175.5718, -44.3156],
              [-175.5726, -44.3446],
              [-175.5791, -44.3731],
              [-175.5844, -44.3871],
              [-175.5989, -44.414],
              [-175.6082, -44.4269],
              [-175.6186, -44.4393],
              [-175.6431, -44.4623],
              [-175.6717, -44.4827],
              [-175.6875, -44.4917],
              [-175.7215, -44.5073],
              [-175.7582, -44.5194],
              [-175.7774, -44.5241],
              [-175.8168, -44.5304],
              [-175.8369, -44.5321],
              [-175.8773, -44.5324],
              [-175.9174, -44.5286],
              [-175.9564, -44.5209],
              [-176.0026, -44.5059],
              [-176.0366, -44.5334],
              [-176.0555, -44.5458],
              [-176.0968, -44.5676],
              [-176.1419, -44.5851],
              [-176.1901, -44.5979],
              [-176.215, -44.6024],
              [-176.2402, -44.6057],
              [-176.2915, -44.6085],
              [-176.3427, -44.6061],
              [-176.393, -44.5987],
              [-176.4414, -44.5862],
              [-176.4868, -44.5691],
              [-176.5284, -44.5476],
              [-176.5654, -44.5222],
              [-176.6204, -44.4741],
              [-176.6416, -44.4539],
              [-176.6609, -44.4327],
              [-176.678, -44.4105],
              [-176.6929, -44.3876],
              [-176.7055, -44.364],
              [-176.7174, -44.3353],
              [-176.7508, -44.3242],
              [-176.7831, -44.3113],
              [-176.8435, -44.281],
              [-176.8713, -44.2636],
              [-176.8973, -44.2449],
              [-176.9215, -44.2248],
              [-176.9436, -44.2037],
              [-176.9636, -44.1814],
              [-176.9814, -44.1582],
              [-176.9969, -44.1342],
              [-177.017, -44.0935],
              [-177.0377, -44.0952],
              [-177.0794, -44.0954],
              [-177.1207, -44.0914],
              [-177.1409, -44.0878],
              [-177.1802, -44.0777],
              [-177.1989, -44.0712],
              [-177.2344, -44.0554],
              [-177.2508, -44.0462],
              [-177.2809, -44.0254],
              [-177.3066, -44.0018],
              [-177.3177, -43.9891],
              [-177.3361, -43.9621],
              [-177.349, -43.9336],
              [-177.3534, -43.9189],
              [-177.3578, -43.889],
              [-177.3579, -43.874],
              [-177.3537, -43.8441],
              [-177.3438, -43.8149],
              [-177.3367, -43.8008],
              [-177.3187, -43.7738],
              [-177.2956, -43.7488],
              [-177.268, -43.7264],
              [-177.2526, -43.7163],
              [-177.2364, -43.707],
              [-177.2014, -43.691],
              [-177.1534, -43.676],
              [-177.1768, -43.6544],
              [-177.1957, -43.6306],
              [-177.21, -43.6051],
              [-177.2192, -43.5784],
              [-177.2218, -43.5648],
              [-177.2232, -43.5373],
              [-177.2193, -43.51],
              [-177.2102, -43.4833],
              [-177.2037, -43.4703],
              [-177.1872, -43.4456],
              [-177.1772, -43.4339],
              [-177.154, -43.4122],
              [-177.1409, -43.4023],
              [-177.1121, -43.3846],
              [-177.0802, -43.3699],
              [-177.0458, -43.3587],
              [-177.0096, -43.351],
              [-176.9723, -43.3471],
              [-176.9346, -43.347],
              [-176.9158, -43.3483],
              [-176.8789, -43.3539],
              [-176.8434, -43.3632],
              [-176.8242, -43.37],
              [-176.7713, -43.3733],
              [-176.7371, -43.38],
              [-176.7044, -43.39],
              [-176.674, -43.4032],
              [-176.6464, -43.4194],
              [-176.6141, -43.4415],
              [-176.576, -43.4729],
              [-176.5593, -43.4899],
              [-176.5334, -43.5226],
              [-176.5069, -43.5266],
              [-176.4815, -43.5333],
              [-176.4576, -43.5425],
              [-176.4412, -43.5508],
              [-176.4077, -43.5512],
              [-176.3746, -43.555]
            ]
          ]
        ]
      },
      "properties": { "name": "Te Tai Tonga" }
    },
    {
      "type": "Feature",
      "id": 7,
      "geometry": {
        "type": "Polygon",
        "coordinates": [
          [
            [176.6014, -37.3965],
            [176.6198, -37.412],
            [176.6328, -37.4256],
            [176.6616, -37.4381],
            [176.6896, -37.4545],
            [176.7111, -37.4708],
            [176.7267, -37.4854],
            [176.7467, -37.5098],
            [176.7592, -37.5301],
            [176.7655, -37.5435],
            [176.7789, -37.5599],
            [176.7908, -37.5782],
            [176.8006, -37.5979],
            [176.8086, -37.6231],
            [176.8469, -37.6165],
            [176.8758, -37.6149],
            [176.9154, -37.6166],
            [176.9502, -37.6226],
            [176.9297, -37.6041],
            [176.917, -37.5901],
            [176.8963, -37.5595],
            [176.8831, -37.5286],
            [176.8762, -37.4925],
            [176.8771, -37.4599],
            [176.8809, -37.4402],
            [176.8859, -37.4241],
            [176.8927, -37.4077],
            [176.9053, -37.3857],
            [176.9166, -37.3702],
            [176.9324, -37.3526],
            [176.947, -37.3395],
            [176.9713, -37.3216],
            [177.0058, -37.3031],
            [177.0459, -37.2881],
            [177.07, -37.2821],
            [177.1011, -37.2772],
            [177.1518, -37.276],
            [177.1934, -37.2815],
            [177.2241, -37.2891],
            [177.2413, -37.295],
            [177.2799, -37.3134],
            [177.3157, -37.3382],
            [177.3412, -37.3508],
            [177.3641, -37.3655],
            [177.3847, -37.3822],
            [177.4077, -37.4062],
            [177.4301, -37.4411],
            [177.4403, -37.4669],
            [177.4443, -37.4816],
            [177.447, -37.5],
            [177.4477, -37.532],
            [177.4449, -37.5563],
            [177.441, -37.5724],
            [177.4351, -37.589],
            [177.425, -37.6094],
            [177.4163, -37.6234],
            [177.3999, -37.644],
            [177.3728, -37.6706],
            [177.3599, -37.6811],
            [177.3236, -37.7039],
            [177.2847, -37.7205],
            [177.2547, -37.729],
            [177.2337, -37.7329],
            [177.1904, -37.7366],
            [177.2105, -37.761],
            [177.2237, -37.7838],
            [177.2475, -37.79],
            [177.3114, -37.7893],
            [177.3487, -37.766],
            [177.3575, -37.7499],
            [177.3762, -37.7237],
            [177.4273, -37.674],
            [177.4411, -37.6471],
            [177.4626, -37.619],
            [177.4837, -37.599],
            [177.5002, -37.5863],
            [177.5169, -37.565],
            [177.53, -37.5519],
            [177.5647, -37.5234],
            [177.5936, -37.5063],
            [177.6295, -37.4911],
            [177.6643, -37.4815],
            [177.7023, -37.476],
            [177.727, -37.4573],
            [177.7584, -37.44],
            [177.7699, -37.4241],
            [177.7919, -37.4009],
            [177.8078, -37.3878],
            [177.826, -37.3755],
            [177.864, -37.3559],
            [177.8905, -37.3465],
            [177.917, -37.3396],
            [177.9525, -37.3343],
            [177.9788, -37.3331],
            [178.0163, -37.3351],
            [178.0451, -37.3398],
            [178.0649, -37.3381],
            [178.0853, -37.5424],
            [178.0891, -37.5512],
            [178.0983, -37.586],
            [178.1076, -37.5987],
            [178.0398, -37.5975],
            [178.0378, -37.5998],
            [178.034, -37.5997],
            [178.0339, -37.6026],
            [178.0303, -37.6042],
            [178.0262, -37.6032],
            [178.0252, -37.6049],
            [177.9867, -37.6088],
            [177.9801, -37.6132],
            [177.9782, -37.617],
            [177.9773, -37.6195],
            [177.9784, -37.6214],
            [177.9759, -37.6249],
            [177.9751, -37.6302],
            [177.9777, -37.6305],
            [177.9785, -37.6336],
            [177.9826, -37.6362],
            [177.9817, -37.6386],
            [177.9831, -37.6413],
            [177.9896, -37.6449],
            [177.9871, -37.6481],
            [177.9913, -37.6499],
            [177.9887, -37.654],
            [177.9912, -37.6535],
            [177.9916, -37.6581],
            [177.993, -37.6582],
            [177.9915, -37.668],
            [177.9938, -37.6694],
            [177.9947, -37.6741],
            [177.9921, -37.6794],
            [177.9949, -37.6809],
            [177.9919, -37.6861],
            [177.9937, -37.6869],
            [177.992, -37.6881],
            [177.9936, -37.6889],
            [177.9924, -37.6907],
            [177.9982, -37.6899],
            [177.9948, -37.6919],
            [177.9934, -37.6968],
            [177.9866, -37.6972],
            [177.9885, -37.6993],
            [177.9859, -37.7007],
            [177.9877, -37.7017],
            [177.985, -37.7034],
            [177.9866, -37.7043],
            [177.9858, -37.7073],
            [177.9893, -37.7113],
            [177.9887, -37.7145],
            [177.9933, -37.7167],
            [177.9925, -37.7196],
            [177.9886, -37.7216],
            [177.9867, -37.7255],
            [177.9787, -37.7306],
            [177.9781, -37.7344],
            [177.9799, -37.7366],
            [177.9768, -37.7404],
            [177.9781, -37.7443],
            [177.9923, -37.7529],
            [177.9966, -37.7602],
            [177.9945, -37.7644],
            [178.0388, -37.7331],
            [178.073, -37.7636],
            [177.9723, -37.845],
            [177.9168, -37.9814],
            [177.861, -38.1117],
            [177.8557, -38.1074],
            [177.8504, -38.1089],
            [177.849, -38.1113],
            [177.7727, -38.0598],
            [177.74, -38.042],
            [177.7244, -38.0226],
            [177.7008, -38.0222],
            [177.6983, -38.0186],
            [177.6912, -38.0163],
            [177.69, -38.014],
            [177.6824, -38.015],
            [177.6811, -38.0124],
            [177.6799, -38.0152],
            [177.6732, -38.0191],
            [177.6743, -38.0249],
            [177.6785, -38.0265],
            [177.6806, -38.0296],
            [177.6793, -38.0317],
            [177.683, -38.0339],
            [177.6826, -38.0381],
            [177.686, -38.0403],
            [177.6859, -38.0427],
            [177.6887, -38.0447],
            [177.6909, -38.0516],
            [177.6939, -38.0534],
            [177.694, -38.0579],
            [177.6973, -38.0594],
            [177.6975, -38.0627],
            [177.6918, -38.0661],
            [177.6875, -38.0754],
            [177.6883, -38.0782],
            [177.6796, -38.0793],
            [177.6767, -38.0866],
            [177.6801, -38.0866],
            [177.6816, -38.0835],
            [177.6859, -38.0832],
            [177.6885, -38.0918],
            [177.6942, -38.0934],
            [177.6898, -38.0977],
            [177.6959, -38.0976],
            [177.6949, -38.1002],
            [177.7033, -38.1064],
            [177.6954, -38.1037],
            [177.693, -38.1051],
            [177.6921, -38.1097],
            [177.6883, -38.1096],
            [177.6861, -38.1077],
            [177.6857, -38.1113],
            [177.6793, -38.1145],
            [177.6741, -38.1131],
            [177.6684, -38.1138],
            [177.6675, -38.1151],
            [177.6693, -38.1183],
            [177.6681, -38.1189],
            [177.6662, -38.1168],
            [177.6641, -38.1169],
            [177.6648, -38.1201],
            [177.6629, -38.1249],
            [177.6611, -38.1258],
            [177.6623, -38.1286],
            [177.6601, -38.131],
            [177.6548, -38.1316],
            [177.6556, -38.134],
            [177.6531, -38.1353],
            [177.6529, -38.1388],
            [177.6508, -38.1411],
            [177.6531, -38.1427],
            [177.6515, -38.1465],
            [177.6527, -38.1478],
            [177.6517, -38.1534],
            [177.6557, -38.1553],
            [177.6536, -38.1586],
            [177.6423, -38.1638],
            [177.634, -38.1608],
            [177.6277, -38.1609],
            [177.6223, -38.1683],
            [177.6182, -38.1684],
            [177.6153, -38.172],
            [177.6094, -38.1712],
            [177.6045, -38.173],
            [177.6024, -38.1712],
            [177.6048, -38.1866],
            [177.6017, -38.1845],
            [177.597, -38.1901],
            [177.5903, -38.1896],
            [177.5837, -38.1936],
            [177.5786, -38.1913],
            [177.5764, -38.1933],
            [177.5728, -38.1929],
            [177.567, -38.1984],
            [177.5567, -38.2044],
            [177.5573, -38.208],
            [177.5604, -38.2094],
            [177.5337, -38.2093],
            [177.5333, -38.2184],
            [177.5321, -38.2185],
            [177.5268, -38.2184],
            [177.5174, -38.2146],
            [177.512, -38.2175],
            [177.5062, -38.2167],
            [177.5032, -38.2127],
            [177.5013, -38.2132],
            [177.5019, -38.2178],
            [177.4982, -38.2181],
            [177.4983, -38.2205],
            [177.495, -38.2206],
            [177.4939, -38.2223],
            [177.4956, -38.2237],
            [177.4951, -38.2249],
            [177.4935, -38.224],
            [177.4946, -38.2267],
            [177.4928, -38.229],
            [177.4936, -38.2323],
            [177.4906, -38.2335],
            [177.4924, -38.2359],
            [177.4919, -38.2397],
            [177.4862, -38.2391],
            [177.4843, -38.2371],
            [177.482, -38.2384],
            [177.4832, -38.243],
            [177.4911, -38.25],
            [177.4887, -38.2581],
            [177.4899, -38.2612],
            [177.4924, -38.2625],
            [177.4976, -38.2608],
            [177.4843, -38.2745],
            [177.4863, -38.2963],
            [177.4637, -38.3335],
            [177.454, -38.3376],
            [177.4856, -38.3748],
            [177.4822, -38.3769],
            [177.479, -38.3757],
            [177.479, -38.3772],
            [177.5254, -38.4326],
            [177.5147, -38.4388],
            [177.5145, -38.445],
            [177.511, -38.4474],
            [177.5098, -38.456],
            [177.5059, -38.4647],
            [177.5033, -38.4655],
            [177.5002, -38.4702],
            [177.4928, -38.4719],
            [177.4852, -38.4706],
            [177.4782, -38.4716],
            [177.4685, -38.4673],
            [177.4578, -38.4777],
            [177.4499, -38.4746],
            [177.4398, -38.4733],
            [177.3888, -38.5126],
            [177.3996, -38.5212],
            [177.3469, -38.5164],
            [177.3534, -38.6246],
            [177.309, -38.5969],
            [177.3076, -38.6597],
            [177.2918, -38.6533],
            [177.2898, -38.654],
            [177.289, -38.6572],
            [177.2841, -38.6629],
            [177.2843, -38.6683],
            [177.2874, -38.6733],
            [177.2861, -38.6753],
            [177.289, -38.6784],
            [177.2886, -38.6853],
            [177.2844, -38.6882],
            [177.2848, -38.6934],
            [177.2792, -38.6945],
            [177.2784, -38.6985],
            [177.2731, -38.7005],
            [177.2661, -38.7071],
            [177.2576, -38.7114],
            [177.2568, -38.7142],
            [177.2523, -38.7183],
            [177.2487, -38.7495],
            [177.2933, -38.7528],
            [177.2962, -38.7593],
            [177.2824, -38.7646],
            [177.2807, -38.7732],
            [177.2786, -38.7741],
            [177.2774, -38.7796],
            [177.2791, -38.783],
            [177.2829, -38.7842],
            [177.2822, -38.7859],
            [177.2862, -38.7867],
            [177.2909, -38.796],
            [177.2967, -38.7983],
            [177.2946, -38.8008],
            [177.2954, -38.8042],
            [177.2935, -38.8052],
            [177.295, -38.8069],
            [177.2909, -38.8106],
            [177.2922, -38.8123],
            [177.2915, -38.8142],
            [177.2955, -38.8178],
            [177.2976, -38.8178],
            [177.2955, -38.8186],
            [177.2954, -38.8208],
            [177.2921, -38.8189],
            [177.293, -38.8215],
            [177.2887, -38.8226],
            [177.2934, -38.8265],
            [177.2905, -38.8267],
            [177.291, -38.8285],
            [177.287, -38.8305],
            [177.2667, -38.8328],
            [177.2603, -38.8357],
            [177.2571, -38.8418],
            [177.2541, -38.8441],
            [177.2526, -38.8495],
            [177.2474, -38.8551],
            [177.2379, -38.8607],
            [177.2399, -38.8738],
            [177.2349, -38.8771],
            [177.2371, -38.8787],
            [177.2439, -38.877],
            [177.2464, -38.8795],
            [177.2565, -38.8829],
            [177.2475, -38.883],
            [177.2447, -38.8815],
            [177.2449, -38.8793],
            [177.236, -38.8794],
            [177.2304, -38.8823],
            [177.2231, -38.8772],
            [177.2164, -38.877],
            [177.2136, -38.8739],
            [177.2112, -38.8748],
            [177.21, -38.8785],
            [177.2074, -38.8786],
            [177.2065, -38.8761],
            [177.2023, -38.875],
            [177.1969, -38.8687],
            [177.1983, -38.8679],
            [177.198, -38.8646],
            [177.1919, -38.8637],
            [177.1934, -38.8576],
            [177.1917, -38.8561],
            [177.1898, -38.856],
            [177.1867, -38.8589],
            [177.1836, -38.857],
            [177.1815, -38.8592],
            [177.1754, -38.8596],
            [177.1741, -38.8572],
            [177.177, -38.8558],
            [177.1768, -38.8529],
            [177.1716, -38.8521],
            [177.1671, -38.8482],
            [177.1664, -38.8465],
            [177.1691, -38.8459],
            [177.1687, -38.8445],
            [177.1638, -38.8445],
            [177.1691, -38.8413],
            [177.1679, -38.8387],
            [177.1463, -38.8384],
            [177.1464, -38.8283],
            [177.1349, -38.8342],
            [177.1258, -38.8233],
            [177.1058, -38.8232],
            [177.108, -38.8139],
            [177.1055, -38.8134],
            [177.1024, -38.8159],
            [177.1027, -38.8062],
            [177.0933, -38.7975],
            [177.0677, -38.8147],
            [177.0627, -38.82],
            [177.05, -38.8236],
            [177.0389, -38.8203],
            [177.0383, -38.8225],
            [177.0085, -38.8419],
            [176.9703, -38.8416],
            [176.9668, -38.8464],
            [176.9105, -38.8456],
            [176.9087, -38.8438],
            [176.9065, -38.8442],
            [176.9063, -38.8462],
            [176.9009, -38.8443],
            [176.8966, -38.8464],
            [176.8892, -38.8424],
            [176.8832, -38.8421],
            [176.8815, -38.8392],
            [176.8756, -38.8378],
            [176.8656, -38.829],
            [176.8053, -38.8149],
            [176.7822, -38.7893],
            [176.6966, -38.8126],
            [176.6958, -38.8213],
            [176.7012, -38.8233],
            [176.7041, -38.8271],
            [176.7002, -38.8381],
            [176.7042, -38.8451],
            [176.7, -38.8538],
            [176.5985, -38.9333],
            [176.5996, -38.9342],
            [176.597, -38.9415],
            [176.5981, -38.9469],
            [176.5964, -38.9534],
            [176.598, -38.9579],
            [176.5967, -38.9593],
            [176.6026, -38.9649],
            [176.5988, -38.9694],
            [176.601, -38.9722],
            [176.5999, -38.976],
            [176.603, -38.9769],
            [176.6019, -38.9794],
            [176.6059, -38.9802],
            [176.6058, -38.9857],
            [176.609, -38.9875],
            [176.6117, -38.987],
            [176.613, -38.9891],
            [176.6081, -38.996],
            [176.6104, -38.9983],
            [176.541, -38.9978],
            [176.541, -38.9992],
            [176.547, -39.0018],
            [176.4492, -39.0016],
            [176.4202, -39.0619],
            [176.4434, -39.1208],
            [176.4168, -39.1163],
            [176.3696, -39.1325],
            [176.3701, -39.134],
            [176.3757, -39.1338],
            [176.3783, -39.1384],
            [176.3822, -39.1341],
            [176.3871, -39.1368],
            [176.3869, -39.1409],
            [176.3894, -39.1422],
            [176.3863, -39.1445],
            [176.3862, -39.1466],
            [176.3899, -39.1513],
            [176.3968, -39.1509],
            [176.3909, -39.1561],
            [176.3926, -39.16],
            [176.3953, -39.1619],
            [176.3404, -39.1731],
            [176.2331, -39.0979],
            [176.2318, -39.1044],
            [176.2284, -39.1084],
            [176.2264, -39.1084],
            [176.2258, -39.1107],
            [176.2213, -39.1104],
            [176.2078, -39.119],
            [176.1973, -39.1215],
            [176.1964, -39.1236],
            [176.1886, -39.1266],
            [176.1846, -39.1266],
            [176.1826, -39.1294],
            [176.1847, -39.1336],
            [176.1761, -39.1439],
            [176.1624, -39.1363],
            [176.1546, -39.1383],
            [176.1466, -39.1345],
            [176.1414, -39.1365],
            [176.14, -39.1389],
            [176.1356, -39.1398],
            [176.1344, -39.143],
            [176.1162, -39.1471],
            [176.1116, -39.1521],
            [176.1027, -39.1512],
            [176.0961, -39.1546],
            [176.0788, -39.1573],
            [176.0775, -39.156],
            [176.0441, -39.1569],
            [175.976, -39.15],
            [175.9715, -39.1578],
            [175.964, -39.1595],
            [175.9638, -39.1624],
            [175.9677, -39.1704],
            [175.9647, -39.1794],
            [175.9597, -39.1842],
            [175.9505, -39.1879],
            [175.945, -39.1869],
            [175.9213, -39.1897],
            [175.9189, -39.191],
            [175.9196, -39.1987],
            [175.9039, -39.1998],
            [175.8984, -39.2041],
            [175.886, -39.2059],
            [175.888, -39.2112],
            [175.8929, -39.2138],
            [175.893, -39.2233],
            [175.8864, -39.2271],
            [175.8854, -39.2295],
            [175.8726, -39.2391],
            [175.8582, -39.2445],
            [175.8547, -39.2442],
            [175.8566, -39.252],
            [175.8691, -39.2592],
            [175.8681, -39.263],
            [175.8627, -39.2665],
            [175.8423, -39.2709],
            [175.836, -39.2768],
            [175.8335, -39.2833],
            [175.8286, -39.289],
            [175.8164, -39.2986],
            [175.8126, -39.3003],
            [175.7909, -39.2998],
            [175.7836, -39.2943],
            [175.7801, -39.2934],
            [175.7696, -39.295],
            [175.7653, -39.2914],
            [175.7518, -39.2879],
            [175.741, -39.2926],
            [175.7417, -39.2837],
            [175.7449, -39.2794],
            [175.7439, -39.2772],
            [175.7553, -39.2711],
            [175.7579, -39.2672],
            [175.7626, -39.2688],
            [175.7644, -39.2644],
            [175.7639, -39.2608],
            [175.7676, -39.2539],
            [175.7694, -39.2533],
            [175.7677, -39.2516],
            [175.7708, -39.2516],
            [175.7747, -39.2454],
            [175.7799, -39.2424],
            [175.7784, -39.2399],
            [175.7839, -39.2409],
            [175.7854, -39.2366],
            [175.7885, -39.2364],
            [175.7867, -39.2287],
            [175.7793, -39.23],
            [175.7821, -39.2242],
            [175.771, -39.2217],
            [175.7724, -39.2127],
            [175.778, -39.2117],
            [175.7786, -39.209],
            [175.7869, -39.2054],
            [175.7911, -39.2011],
            [175.787, -39.1916],
            [175.7867, -39.1817],
            [175.784, -39.1837],
            [175.7749, -39.1842],
            [175.7628, -39.1808],
            [175.7582, -39.1823],
            [175.7526, -39.1794],
            [175.7437, -39.1792],
            [175.7388, -39.1813],
            [175.7365, -39.1781],
            [175.7308, -39.1786],
            [175.7229, -39.1748],
            [175.7078, -39.1632],
            [175.6935, -39.1603],
            [175.6788, -39.1457],
            [175.6748, -39.1443],
            [175.6709, -39.1385],
            [175.6656, -39.1366],
            [175.6631, -39.1317],
            [175.6372, -39.1291],
            [175.6428, -39.1043],
            [175.6462, -39.1027],
            [175.6478, -39.1],
            [175.6456, -39.1001],
            [175.6418, -39.0966],
            [175.6399, -39.0974],
            [175.6374, -39.0901],
            [175.6354, -39.0887],
            [175.6324, -39.0889],
            [175.626, -39.0858],
            [175.622, -39.087],
            [175.6187, -39.0826],
            [175.6172, -39.0749],
            [175.6246, -39.0599],
            [175.615, -39.0551],
            [175.6136, -39.0506],
            [175.6318, -39.0456],
            [175.6312, -39.0489],
            [175.6358, -39.0453],
            [175.648, -39.0279],
            [175.6481, -39.0144],
            [175.6725, -38.9909],
            [175.682, -38.9797],
            [175.6412, -38.9803],
            [175.6269, -38.974],
            [175.6063, -38.9818],
            [175.5626, -38.9868],
            [175.5656, -38.9772],
            [175.565, -38.9725],
            [175.5694, -38.97],
            [175.5675, -38.9687],
            [175.5608, -38.9727],
            [175.5539, -38.9556],
            [175.5649, -38.9385],
            [175.566, -38.9299],
            [175.5761, -38.9185],
            [175.58, -38.9107],
            [175.5613, -38.8924],
            [175.5607, -38.8842],
            [175.5549, -38.8768],
            [175.549, -38.8726],
            [175.5447, -38.8643],
            [175.5462, -38.8601],
            [175.5604, -38.8434],
            [175.5615, -38.8386],
            [175.5698, -38.833],
            [175.577, -38.8309],
            [175.5776, -38.8255],
            [175.5746, -38.8163],
            [175.5637, -38.8037],
            [175.5563, -38.791],
            [175.5534, -38.7893],
            [175.5417, -38.7951],
            [175.5391, -38.7827],
            [175.5582, -38.769],
            [175.5811, -38.7649],
            [175.5829, -38.7626],
            [175.6051, -38.7566],
            [175.6057, -38.7537],
            [175.6114, -38.7509],
            [175.6124, -38.7482],
            [175.629, -38.7446],
            [175.6363, -38.7408],
            [175.6533, -38.7397],
            [175.6636, -38.737],
            [175.6706, -38.7418],
            [175.6763, -38.7416],
            [175.6779, -38.7434],
            [175.6826, -38.7422],
            [175.6859, -38.7443],
            [175.6925, -38.7446],
            [175.6958, -38.7483],
            [175.7081, -38.7465],
            [175.7144, -38.7508],
            [175.717, -38.75],
            [175.722, -38.7516],
            [175.7269, -38.7482],
            [175.7323, -38.7477],
            [175.7358, -38.7441],
            [175.7411, -38.7427],
            [175.7404, -38.7353],
            [175.7435, -38.7278],
            [175.7481, -38.722],
            [175.7562, -38.7182],
            [175.7609, -38.7097],
            [175.7724, -38.7049],
            [175.7725, -38.7033],
            [175.7695, -38.7014],
            [175.7674, -38.6948],
            [175.7711, -38.6846],
            [175.7748, -38.6795],
            [175.7911, -38.676],
            [175.798, -38.6823],
            [175.7997, -38.6805],
            [175.8096, -38.6799],
            [175.8154, -38.684],
            [175.8166, -38.6816],
            [175.8196, -38.6812],
            [175.8187, -38.679],
            [175.8207, -38.6768],
            [175.82, -38.6728],
            [175.8234, -38.6685],
            [175.8294, -38.6672],
            [175.8338, -38.6637],
            [175.8478, -38.6604],
            [175.8616, -38.6615],
            [175.8678, -38.6635],
            [175.8698, -38.6667],
            [175.8669, -38.6687],
            [175.8675, -38.6764],
            [175.8739, -38.6787],
            [175.877, -38.6701],
            [175.8847, -38.6622],
            [175.8834, -38.6554],
            [175.8845, -38.649],
            [175.9143, -38.6164],
            [175.9297, -38.6118],
            [175.9403, -38.5773],
            [175.9403, -38.5709],
            [175.9494, -38.5652],
            [175.9687, -38.5582],
            [175.9737, -38.5586],
            [175.9761, -38.557],
            [175.9833, -38.5634],
            [175.9876, -38.558],
            [176.0118, -38.5604],
            [176.0102, -38.563],
            [176.0162, -38.5643],
            [176.0165, -38.5608],
            [176.0217, -38.5613],
            [176.0172, -38.5566],
            [176.0181, -38.5551],
            [176.0207, -38.5549],
            [176.0213, -38.5582],
            [176.0395, -38.5583],
            [176.04, -38.5556],
            [176.044, -38.555],
            [176.043, -38.5447],
            [176.0518, -38.5338],
            [176.0497, -38.5275],
            [176.0461, -38.5237],
            [176.0463, -38.5166],
            [176.0489, -38.5083],
            [176.0736, -38.5098],
            [176.1144, -38.4659],
            [176.1313, -38.465],
            [176.1313, -38.4557],
            [176.1412, -38.4551],
            [176.1424, -38.4525],
            [176.1405, -38.4457],
            [176.1376, -38.442],
            [176.1394, -38.4405],
            [176.1391, -38.4386],
            [176.1319, -38.4326],
            [176.1301, -38.4259],
            [176.1187, -38.4132],
            [176.1126, -38.4112],
            [176.1062, -38.4134],
            [176.0968, -38.4124],
            [176.0883, -38.4067],
            [176.0831, -38.4086],
            [176.0741, -38.408],
            [176.0687, -38.4054],
            [176.0684, -38.4012],
            [176.0653, -38.3978],
            [176.0631, -38.3961],
            [176.0616, -38.3968],
            [176.0592, -38.3935],
            [176.0527, -38.3894],
            [176.0428, -38.3852],
            [176.0297, -38.3865],
            [176.026, -38.385],
            [176.0313, -38.3798],
            [176.0276, -38.3736],
            [176.0272, -38.369],
            [176.0248, -38.3687],
            [176.0237, -38.3651],
            [176.0311, -38.3636],
            [176.0377, -38.3581],
            [176.0398, -38.3588],
            [176.0466, -38.3564],
            [176.0478, -38.3541],
            [176.0501, -38.3544],
            [176.0488, -38.3498],
            [176.0571, -38.3453],
            [176.0555, -38.3431],
            [176.0606, -38.3429],
            [176.063, -38.3404],
            [176.0586, -38.3344],
            [176.0642, -38.3347],
            [176.0734, -38.3269],
            [176.0881, -38.3223],
            [176.0929, -38.3176],
            [176.0996, -38.3172],
            [176.1091, -38.3134],
            [176.1171, -38.3146],
            [176.1265, -38.3088],
            [176.1311, -38.3036],
            [176.1311, -38.3016],
            [176.1292, -38.3016],
            [176.1308, -38.2999],
            [176.1301, -38.2978],
            [176.1281, -38.2969],
            [176.1377, -38.2944],
            [176.1361, -38.2925],
            [176.1378, -38.2877],
            [176.1356, -38.2879],
            [176.133, -38.2841],
            [176.1312, -38.2855],
            [176.1299, -38.2828],
            [176.123, -38.2809],
            [176.121, -38.2818],
            [176.1198, -38.2802],
            [176.114, -38.2804],
            [176.1135, -38.2778],
            [176.1086, -38.2758],
            [176.1293, -38.2732],
            [176.116, -38.2691],
            [176.1205, -38.2679],
            [176.1503, -38.2182],
            [176.1101, -38.1669],
            [176.09, -38.167],
            [176.0887, -38.1643],
            [176.0732, -38.1642],
            [176.0583, -38.1642],
            [176.0583, -38.1667],
            [176.0307, -38.1666],
            [176.0307, -38.1392],
            [176.022, -38.1393],
            [176.0197, -38.1425],
            [175.9845, -38.142],
            [175.9817, -38.1386],
            [175.9991, -38.1315],
            [176.0623, -38.0268],
            [176.0548, -38.0196],
            [176.0331, -38.0085],
            [176.023, -37.9989],
            [176.0135, -37.9936],
            [175.9713, -37.9863],
            [175.9701, -37.9835],
            [175.9726, -37.9749],
            [175.9716, -37.9708],
            [175.9653, -37.9655],
            [175.9593, -37.9675],
            [175.9533, -37.9628],
            [175.9494, -37.9567],
            [175.9409, -37.9294],
            [175.9469, -37.9227],
            [175.9772, -37.9137],
            [175.958, -37.9058],
            [175.9542, -37.9019],
            [175.9718, -37.8828],
            [175.9677, -37.8833],
            [175.9609, -37.8894],
            [175.9478, -37.8788],
            [175.943, -37.8791],
            [175.9396, -37.8826],
            [175.9363, -37.8814],
            [175.9379, -37.8737],
            [175.9365, -37.8701],
            [175.9399, -37.868],
            [175.9319, -37.8616],
            [175.9279, -37.8521],
            [175.9281, -37.8472],
            [175.935, -37.8426],
            [175.9059, -37.8286],
            [175.9276, -37.7762],
            [175.8952, -37.7242],
            [175.8996, -37.7222],
            [175.8978, -37.7213],
            [175.9002, -37.7184],
            [175.8957, -37.7167],
            [175.898, -37.7142],
            [175.8968, -37.7118],
            [175.8921, -37.7112],
            [175.8899, -37.7092],
            [175.8897, -37.7011],
            [175.8795, -37.6993],
            [175.8721, -37.6863],
            [175.8709, -37.6775],
            [175.8648, -37.6722],
            [175.8652, -37.6681],
            [175.8563, -37.6628],
            [175.8521, -37.662],
            [175.8481, -37.6519],
            [175.8445, -37.6486],
            [175.8432, -37.6432],
            [175.8408, -37.6419],
            [175.8415, -37.6388],
            [175.8375, -37.6354],
            [175.8371, -37.6322],
            [175.8336, -37.6275],
            [175.8358, -37.6267],
            [175.8367, -37.6228],
            [175.8408, -37.6206],
            [175.8398, -37.6181],
            [175.8415, -37.6133],
            [175.8356, -37.6035],
            [175.8346, -37.5982],
            [175.8328, -37.5976],
            [175.823, -37.5826],
            [175.8217, -37.5716],
            [175.8117, -37.5643],
            [175.8129, -37.5552],
            [175.8265, -37.5457],
            [175.831, -37.5374],
            [175.829, -37.5318],
            [175.8237, -37.5268],
            [175.8246, -37.5198],
            [175.8233, -37.5158],
            [175.8091, -37.5137],
            [175.806, -37.5107],
            [175.8083, -37.5014],
            [175.8166, -37.4958],
            [175.818, -37.4927],
            [175.8135, -37.4849],
            [175.8328, -37.4716],
            [175.8437, -37.487],
            [175.8576, -37.4973],
            [175.8656, -37.5004],
            [175.8707, -37.5005],
            [175.8707, -37.4956],
            [175.9273, -37.4948],
            [175.931, -37.4834],
            [175.9303, -37.4803],
            [175.9349, -37.4732],
            [175.9367, -37.4632],
            [175.9263, -37.4573],
            [175.9137, -37.4629],
            [175.9065, -37.4582],
            [175.8946, -37.4549],
            [175.917, -37.4446],
            [175.9129, -37.4416],
            [175.9448, -37.4215],
            [175.944, -37.4204],
            [175.9545, -37.4208],
            [176.2043, -37.141],
            [176.3957, -37.0907],
            [176.4263, -37.1072],
            [176.4641, -37.1356],
            [176.482, -37.1533],
            [176.4967, -37.1709],
            [176.507, -37.1865],
            [176.5163, -37.2046],
            [176.5271, -37.2368],
            [176.5299, -37.252],
            [176.5311, -37.2737],
            [176.5295, -37.2957],
            [176.5264, -37.3117],
            [176.5146, -37.3531],
            [176.5428, -37.363],
            [176.563, -37.3723],
            [176.587, -37.3862],
            [176.6014, -37.3965]
          ]
        ]
      },
      "properties": { "name": "Waiariki" }
    }
  ]
}
