{"type":"FeatureCollection","features":[{"type":"Feature","id":1,"geometry":{"type":"MultiPolygon","coordinates":[[[[174.73558,-36.83248],[174.76304,-36.83281],[174.79593,-36.83742],[174.79273,-36.84854],[174.78589,-36.84747],[174.78356,-36.8477],[174.78184,-36.84995],[174.77963,-36.84896],[174.77783,-36.84941],[174.77591,-36.85114],[174.77526,-36.85087],[174.77121,-36.85523],[174.77072,-36.85347],[174.76879,-36.85455],[174.76544,-36.85948],[174.76359,-36.85842],[174.76246,-36.86036],[174.75828,-36.85957],[174.75437,-36.86214],[174.75276,-36.8597],[174.74658,-36.86467],[174.73951,-36.86705],[174.73774,-36.86605],[174.73736,-36.86434],[174.73441,-36.86391],[174.72808,-36.86801],[174.71902,-36.86797],[174.71902,-36.86385],[174.71854,-36.86443],[174.71715,-36.86397],[174.71667,-36.86479],[174.7153,-36.86344],[174.71222,-36.86283],[174.71201,-36.86206],[174.71078,-36.86255],[174.71103,-36.86074],[174.70907,-36.85879],[174.70863,-36.8553],[174.71069,-36.83399],[174.73558,-36.83248]]],[[[175.37409,-35.81891],[175.37886,-35.82524],[175.40423,-35.82386],[175.43816,-35.82529],[175.46176,-35.82863],[175.49443,-35.83639],[175.51374,-35.84307],[175.54233,-35.85601],[175.5641,-35.86894],[175.58151,-35.88168],[175.59439,-35.89273],[175.60593,-35.90428],[175.62606,-35.92819],[175.63884,-35.94759],[175.65562,-35.95587],[175.67351,-35.96679],[175.68752,-35.97699],[175.70404,-35.99101],[175.71726,-36.00465],[175.72783,-36.0176],[175.74218,-36.03979],[175.7493,-36.05382],[175.75773,-36.07755],[175.76091,-36.09127],[175.76335,-36.10971],[175.76435,-36.13323],[175.76327,-36.1495],[175.75897,-36.17299],[175.75496,-36.18568],[175.76744,-36.20461],[175.77896,-36.22798],[175.79834,-36.2291],[175.81467,-36.23105],[175.84303,-36.23662],[175.87704,-36.24685],[175.9033,-36.25828],[175.62812,-36.38503],[175.41692,-36.37989],[175.25102,-36.39972],[175.18066,-36.49998],[175.16308,-36.52393],[175.26664,-36.70384],[175.28957,-36.76811],[175.31101,-36.83838],[175.36154,-36.93033],[175.34142,-36.93494],[175.3282,-36.93625],[175.31656,-36.93585],[175.29583,-36.93373],[175.26093,-36.93223],[175.22697,-36.92793],[175.21509,-36.92464],[175.20329,-36.91949],[175.19292,-36.91787],[175.1864,-36.91863],[175.18216,-36.92007],[175.16687,-36.93159],[175.16305,-36.93249],[175.15856,-36.93225],[175.15305,-36.93019],[175.1484,-36.92429],[175.14642,-36.9229],[175.12883,-36.91988],[175.12173,-36.91714],[175.1184,-36.91364],[175.10807,-36.89663],[175.08758,-36.87634],[175.07596,-36.86849],[175.06554,-36.86269],[175.05165,-36.85673],[175.03704,-36.8519],[175.00465,-36.84388],[174.99351,-36.84245],[174.98458,-36.84232],[174.97202,-36.84391],[174.95507,-36.84826],[174.94501,-36.85241],[174.93758,-36.85702],[174.9024,-36.84671],[174.90156,-36.84585],[174.89003,-36.84611],[174.88189,-36.83348],[174.82038,-36.83454],[174.81932,-36.80254],[174.82152,-36.75624],[174.82657,-36.73413],[174.83082,-36.72353],[174.83589,-36.71374],[174.8439,-36.70122],[174.8591,-36.68356],[174.87202,-36.67186],[174.89333,-36.65583],[174.91347,-36.63887],[174.93089,-36.62211],[174.94657,-36.6048],[174.96006,-36.588],[174.9747,-36.5668],[174.98195,-36.55284],[174.98653,-36.53954],[174.98894,-36.52558],[174.98983,-36.5036],[174.97864,-36.15402],[174.97817,-36.10171],[174.98032,-36.0721],[174.98661,-36.04132],[174.99122,-36.02644],[174.99739,-36.01034],[175.00554,-35.99261],[175.02172,-35.96109],[175.07235,-35.84777],[175.08525,-35.8273],[175.10191,-35.80829],[175.12403,-35.78985],[175.14406,-35.77687],[175.1673,-35.765],[175.19332,-35.7554],[175.22594,-35.74607],[175.26553,-35.73966],[175.2724,-35.74398],[175.28906,-35.75128],[175.30627,-35.76006],[175.32311,-35.77065],[175.33697,-35.78101],[175.35618,-35.79821],[175.37409,-35.81891]]]]},"properties":{"name":"Auckland Central"}},{"type":"Feature","id":2,"geometry":{"type":"Polygon","coordinates":[[[173.30839,-43.55945],[173.32083,-43.56989],[173.33251,-43.58112],[173.34717,-43.59803],[173.35654,-43.61039],[173.37188,-43.63569],[173.39255,-43.68056],[173.39855,-43.69664],[173.40267,-43.71042],[173.40622,-43.73099],[173.40732,-43.76829],[173.40675,-43.78834],[173.40542,-43.79964],[173.40149,-43.81778],[173.392,-43.84233],[173.38485,-43.85575],[173.37491,-43.87079],[173.3717,-43.88172],[173.3651,-43.89801],[173.35593,-43.91485],[173.34821,-43.92652],[173.33962,-43.93758],[173.33033,-43.94791],[173.31311,-43.96394],[173.27995,-43.99153],[173.26798,-44.00005],[173.25001,-44.01116],[173.22946,-44.02167],[173.21022,-44.02998],[173.16354,-44.05431],[173.14303,-44.06284],[173.12205,-44.07004],[173.09871,-44.07625],[173.06718,-44.08263],[173.04633,-44.08898],[173.019,-44.09512],[172.99166,-44.09914],[172.94503,-44.10285],[172.90863,-44.10249],[172.88699,-44.10056],[172.86879,-44.10037],[172.84162,-44.09836],[172.80898,-44.09336],[172.78518,-44.08775],[172.76691,-44.08535],[172.74397,-44.081],[172.71332,-44.07277],[172.67256,-44.05825],[172.64866,-44.04721],[172.62284,-44.0321],[172.58411,-44.03704],[172.55483,-44.03902],[172.52507,-44.04335],[172.5082,-44.0448],[172.48478,-44.04555],[172.45697,-44.04858],[172.4294,-44.054],[172.36153,-43.85973],[172.57298,-43.77022],[172.57402,-43.76764],[172.57297,-43.76518],[172.57414,-43.76366],[172.57262,-43.76104],[172.57298,-43.75774],[172.58029,-43.7539],[172.58572,-43.75318],[172.59148,-43.75564],[172.60542,-43.75043],[172.60527,-43.73888],[172.60448,-43.73725],[172.60724,-43.73569],[172.60793,-43.73382],[172.60727,-43.7314],[172.60433,-43.72987],[172.59933,-43.72886],[172.59681,-43.72661],[172.59134,-43.72754],[172.58857,-43.72672],[172.58428,-43.72343],[172.58382,-43.72142],[172.58934,-43.71996],[172.59723,-43.71602],[172.59776,-43.71422],[172.59661,-43.71326],[172.60468,-43.70408],[172.60581,-43.70175],[172.60519,-43.69929],[172.60705,-43.69741],[172.6057,-43.69477],[172.60818,-43.69055],[172.6116,-43.68969],[172.6144,-43.68773],[172.61637,-43.68836],[172.6186,-43.6865],[172.61889,-43.68291],[172.62097,-43.67969],[172.62176,-43.67669],[172.62169,-43.67299],[172.62341,-43.67098],[172.62466,-43.66673],[172.62483,-43.66112],[172.62374,-43.65807],[172.62457,-43.65673],[172.6233,-43.65501],[172.62437,-43.65358],[172.62315,-43.65179],[172.62336,-43.65032],[172.62547,-43.64832],[172.6273,-43.64777],[172.62616,-43.64597],[172.62694,-43.6457],[172.62683,-43.64483],[172.62437,-43.64314],[172.62472,-43.64069],[172.6227,-43.63788],[172.62576,-43.63219],[172.62662,-43.62895],[172.62601,-43.62883],[172.62605,-43.62774],[172.62777,-43.62386],[172.62175,-43.62314],[172.61662,-43.62522],[172.61323,-43.62859],[172.60767,-43.62675],[172.60506,-43.62392],[172.60102,-43.62298],[172.59762,-43.61956],[172.59298,-43.61956],[172.5929,-43.61873],[172.58411,-43.61606],[172.58204,-43.61597],[172.5696,-43.62133],[172.56873,-43.61822],[172.57073,-43.61459],[172.56918,-43.61137],[172.56987,-43.609],[172.56828,-43.60691],[172.56208,-43.6063],[172.55573,-43.60709],[172.55408,-43.60525],[172.55281,-43.60554],[172.55246,-43.60491],[172.55359,-43.60293],[172.55648,-43.60199],[172.5572,-43.60056],[172.56018,-43.59961],[172.56089,-43.59849],[172.55872,-43.59836],[172.55683,-43.59634],[172.55444,-43.59636],[172.55231,-43.59883],[172.55021,-43.59905],[172.54946,-43.59796],[172.55057,-43.59637],[172.5488,-43.5936],[172.5402,-43.59034],[172.53723,-43.58758],[172.53793,-43.5873],[172.53655,-43.58481],[172.53711,-43.58404],[172.53618,-43.58347],[172.53906,-43.57776],[172.54723,-43.58279],[172.55376,-43.57721],[172.54651,-43.57257],[172.54874,-43.57063],[172.54805,-43.57009],[172.54821,-43.56875],[172.55068,-43.56857],[172.55272,-43.5654],[172.57137,-43.57169],[172.57339,-43.56855],[172.581,-43.56179],[172.59047,-43.57027],[172.59573,-43.56808],[172.61316,-43.56367],[172.61916,-43.56012],[172.6201,-43.55832],[172.63074,-43.55201],[172.63686,-43.55718],[172.63692,-43.56121],[172.63898,-43.56066],[172.64054,-43.56217],[172.63893,-43.56852],[172.64064,-43.57031],[172.64372,-43.57026],[172.64527,-43.56908],[172.64808,-43.5621],[172.64744,-43.55701],[172.64838,-43.55496],[172.65112,-43.55317],[172.65519,-43.5524],[172.65798,-43.55294],[172.6602,-43.55625],[172.65714,-43.55898],[172.6583,-43.56188],[172.66099,-43.56275],[172.66499,-43.5609],[172.66574,-43.55751],[172.66693,-43.55579],[172.66656,-43.55376],[172.66755,-43.55292],[172.66024,-43.54879],[172.67312,-43.53359],[172.68475,-43.54086],[172.68746,-43.5407],[172.68768,-43.5384],[172.69306,-43.53932],[172.69307,-43.54028],[172.6991,-43.54333],[172.69554,-43.54645],[172.70346,-43.55066],[172.70802,-43.55197],[172.71415,-43.55229],[172.72792,-43.5484],[172.7343,-43.54858],[172.73874,-43.55026],[172.74084,-43.55252],[172.74478,-43.56112],[172.74658,-43.56227],[172.75131,-43.56241],[172.75637,-43.56143],[172.98889,-43.42473],[173.00473,-43.43002],[173.03743,-43.4381],[173.06008,-43.44215],[173.07616,-43.44597],[173.10462,-43.45479],[173.11947,-43.45731],[173.14314,-43.46283],[173.17155,-43.4717],[173.19044,-43.47927],[173.21546,-43.49167],[173.23934,-43.50655],[173.25774,-43.52079],[173.26551,-43.52782],[173.28616,-43.54128],[173.30839,-43.55945]]]},"properties":{"name":"Banks Peninsula"}},{"type":"Feature","id":3,"geometry":{"type":"Polygon","coordinates":[[[175.10807,-36.89663],[175.11551,-36.90866],[175.08215,-36.92551],[175.05308,-36.92003],[175.04977,-36.93018],[175.03835,-36.92815],[175.0353,-36.93602],[175.03066,-36.9352],[175.02969,-36.93641],[175.0302,-36.93796],[175.02905,-36.93899],[175.02906,-36.94042],[175.0263,-36.94214],[175.02625,-36.94347],[175.02491,-36.94461],[175.02368,-36.94463],[175.02166,-36.94279],[175.02031,-36.94402],[175.01753,-36.94375],[175.01445,-36.94477],[175.01271,-36.94645],[175.01156,-36.94543],[175.01163,-36.94282],[175.00995,-36.94219],[175.01037,-36.94516],[175.00314,-36.9458],[175.00344,-36.94854],[174.99608,-36.94892],[174.99715,-36.95722],[174.99239,-36.95763],[174.99886,-36.96468],[174.96698,-36.9838],[174.96468,-36.98344],[174.96378,-36.98554],[174.95205,-36.98562],[174.9501,-36.99045],[174.94553,-36.98844],[174.9441,-36.98889],[174.94274,-36.98828],[174.94628,-36.98366],[174.94535,-36.98306],[174.94642,-36.97974],[174.9386,-36.97835],[174.93846,-36.97753],[174.93747,-36.97742],[174.93816,-36.97519],[174.93262,-36.9742],[174.93407,-36.96907],[174.92668,-36.96723],[174.92271,-36.96758],[174.91233,-36.96595],[174.88972,-36.96151],[174.88877,-36.96051],[174.89176,-36.95061],[174.8804,-36.94928],[174.87977,-36.94746],[174.87601,-36.94597],[174.87221,-36.94739],[174.86541,-36.94834],[174.85962,-36.94425],[174.859,-36.94289],[174.86021,-36.93987],[174.86657,-36.93558],[174.86836,-36.93348],[174.86805,-36.93139],[174.8651,-36.92648],[174.87033,-36.92622],[174.87613,-36.92744],[174.88165,-36.92644],[174.88645,-36.92654],[174.88846,-36.92572],[174.89292,-36.91967],[174.89588,-36.91753],[174.89798,-36.91773],[174.89861,-36.92009],[174.89969,-36.92021],[174.90053,-36.91806],[174.90412,-36.91564],[174.90497,-36.91286],[174.90438,-36.91156],[174.90514,-36.91095],[174.90349,-36.90854],[174.90738,-36.90606],[174.90767,-36.90388],[174.91151,-36.9052],[174.91865,-36.90157],[174.92065,-36.90361],[174.92867,-36.90619],[174.93126,-36.90637],[174.93244,-36.90529],[174.93452,-36.90631],[174.93499,-36.9059],[174.93848,-36.90925],[174.93734,-36.91036],[174.93796,-36.91105],[174.9407,-36.90906],[174.94135,-36.90966],[174.94199,-36.91198],[174.93906,-36.91384],[174.94241,-36.91631],[174.94795,-36.91467],[174.95285,-36.91116],[174.95821,-36.90923],[174.96066,-36.90377],[174.96201,-36.89327],[174.96244,-36.8809],[174.96167,-36.86459],[174.93758,-36.85702],[174.95091,-36.84975],[174.97202,-36.84391],[174.98681,-36.84226],[175.00243,-36.8435],[175.03491,-36.85131],[175.05371,-36.85751],[175.07242,-36.86643],[175.08758,-36.87634],[175.10807,-36.89663]]]},"properties":{"name":"Botany"}},{"type":"Feature","id":4,"geometry":{"type":"Polygon","coordinates":[[[172.62936,-43.46471],[172.63185,-43.46601],[172.63271,-43.46479],[172.6339,-43.46479],[172.63246,-43.46765],[172.6323,-43.47178],[172.63362,-43.47183],[172.63341,-43.47442],[172.63496,-43.47449],[172.63395,-43.48802],[172.64522,-43.48807],[172.6542,-43.48989],[172.65264,-43.49321],[172.6481,-43.49503],[172.65158,-43.4999],[172.6517,-43.51782],[172.65065,-43.51923],[172.65024,-43.52371],[172.65101,-43.52501],[172.65007,-43.52595],[172.65062,-43.5263],[172.65055,-43.53538],[172.66284,-43.53538],[172.66917,-43.53764],[172.66024,-43.54879],[172.66755,-43.55292],[172.66656,-43.55376],[172.66693,-43.55579],[172.66574,-43.55751],[172.66499,-43.5609],[172.66099,-43.56275],[172.6583,-43.56188],[172.65714,-43.55898],[172.6602,-43.55625],[172.65798,-43.55294],[172.65519,-43.5524],[172.65112,-43.55317],[172.64838,-43.55496],[172.6474,-43.55709],[172.64809,-43.56207],[172.64527,-43.56908],[172.64232,-43.5706],[172.64,-43.56992],[172.63867,-43.56813],[172.64054,-43.56217],[172.63898,-43.56066],[172.63692,-43.56121],[172.63686,-43.55718],[172.63074,-43.55201],[172.6201,-43.55832],[172.61916,-43.56012],[172.61438,-43.56294],[172.60559,-43.55425],[172.61155,-43.55073],[172.60857,-43.54808],[172.59774,-43.54687],[172.59467,-43.54414],[172.59709,-43.54113],[172.61233,-43.54105],[172.61165,-43.54045],[172.61234,-43.54008],[172.61226,-43.5288],[172.61319,-43.52395],[172.61837,-43.52239],[172.6228,-43.52235],[172.62452,-43.52079],[172.62808,-43.52088],[172.62181,-43.51216],[172.60792,-43.49702],[172.60604,-43.49619],[172.60593,-43.4933],[172.60655,-43.48545],[172.61236,-43.47305],[172.61749,-43.4696],[172.61798,-43.4674],[172.62012,-43.46701],[172.62024,-43.46469],[172.62092,-43.46422],[172.62538,-43.46496],[172.62795,-43.46327],[172.62936,-43.46471]]]},"properties":{"name":"Christchurch Central"}},{"type":"Feature","id":5,"geometry":{"type":"Polygon","coordinates":[[[172.98629,-43.38728],[172.98889,-43.42473],[172.75637,-43.56143],[172.75131,-43.56241],[172.74658,-43.56227],[172.74478,-43.56112],[172.74084,-43.55252],[172.73874,-43.55026],[172.7343,-43.54858],[172.72792,-43.5484],[172.71415,-43.55229],[172.70802,-43.55197],[172.70346,-43.55066],[172.69554,-43.54645],[172.6991,-43.54333],[172.69307,-43.54028],[172.69306,-43.53932],[172.68768,-43.5384],[172.68746,-43.5407],[172.68475,-43.54086],[172.67312,-43.53359],[172.66917,-43.53764],[172.66284,-43.53538],[172.65055,-43.53538],[172.65062,-43.5263],[172.65007,-43.52595],[172.65101,-43.52501],[172.65024,-43.52371],[172.65065,-43.51923],[172.6517,-43.51782],[172.65158,-43.4999],[172.6481,-43.49503],[172.65264,-43.49321],[172.6542,-43.48989],[172.64522,-43.48807],[172.63395,-43.48802],[172.63496,-43.47449],[172.63341,-43.47442],[172.63362,-43.47183],[172.6323,-43.47178],[172.63246,-43.46765],[172.6339,-43.46479],[172.63919,-43.46796],[172.64203,-43.46736],[172.64236,-43.46831],[172.64715,-43.46863],[172.65106,-43.46531],[172.65819,-43.46241],[172.65805,-43.45458],[172.65567,-43.4416],[172.64969,-43.43259],[172.64883,-43.42721],[172.65269,-43.42074],[172.65285,-43.41505],[172.65119,-43.41285],[172.65517,-43.41117],[172.66422,-43.4038],[172.67322,-43.39864],[172.67929,-43.39117],[172.68359,-43.39024],[172.68887,-43.39118],[172.69551,-43.38989],[172.70047,-43.39091],[172.98602,-43.3794],[172.98629,-43.38728]]]},"properties":{"name":"Christchurch East"}},{"type":"Feature","id":6,"geometry":{"type":"Polygon","coordinates":[[[176.02181,-36.37127],[176.02853,-36.38773],[176.03286,-36.40276],[176.05553,-36.41155],[176.08442,-36.42651],[176.09615,-36.43395],[176.10947,-36.44375],[176.12907,-36.46102],[176.14022,-36.47288],[176.15392,-36.4909],[176.16247,-36.50443],[176.17305,-36.52677],[176.18008,-36.54882],[176.18785,-36.56838],[176.19177,-36.58285],[176.19606,-36.60698],[176.19745,-36.62794],[176.19519,-36.65461],[176.18958,-36.67784],[176.18105,-36.69949],[176.16815,-36.7223],[176.16628,-36.73116],[176.18477,-36.73743],[176.20027,-36.74378],[176.22674,-36.75738],[176.24989,-36.77304],[176.26905,-36.78923],[176.28144,-36.79831],[176.2956,-36.81054],[176.31388,-36.82991],[176.32307,-36.84201],[176.33169,-36.85515],[176.34308,-36.87799],[176.34868,-36.89363],[176.35443,-36.91933],[176.35574,-36.93623],[176.35601,-36.95351],[176.35453,-36.97382],[176.34939,-36.99819],[176.34528,-37.01054],[176.34017,-37.02252],[176.33005,-37.0413],[176.31335,-37.06682],[176.33638,-37.07084],[176.35673,-37.07606],[176.37996,-37.08401],[176.39987,-37.09255],[176.41979,-37.10332],[176.43515,-37.1131],[176.45845,-37.13073],[176.4761,-37.14707],[176.14986,-37.62424],[176.15922,-37.63656],[176.15823,-37.63947],[176.15534,-37.64103],[176.15374,-37.64314],[176.15113,-37.64423],[176.14648,-37.64251],[176.14415,-37.64044],[176.13827,-37.64483],[176.11748,-37.64403],[176.11085,-37.64288],[176.1039,-37.64047],[176.10019,-37.63812],[176.09411,-37.63248],[176.08682,-37.63977],[176.0741,-37.64963],[176.07022,-37.65162],[176.05538,-37.65533],[176.04718,-37.66024],[176.04783,-37.6643],[176.05199,-37.66857],[176.04971,-37.67177],[176.05056,-37.67314],[176.05335,-37.67451],[176.05248,-37.67763],[176.0535,-37.67965],[176.05144,-37.6798],[176.05151,-37.68161],[176.0507,-37.68163],[176.04957,-37.68091],[176.04982,-37.67902],[176.04611,-37.67947],[176.04423,-37.68281],[176.04326,-37.6811],[176.04129,-37.6805],[176.03802,-37.68247],[176.03608,-37.68246],[176.03532,-37.6841],[176.03612,-37.68437],[176.03461,-37.68459],[176.03208,-37.68738],[176.02959,-37.6883],[176.02896,-37.6896],[176.02597,-37.69144],[176.02551,-37.69371],[176.02375,-37.6956],[176.02459,-37.69544],[176.02464,-37.69643],[176.02301,-37.69753],[176.02356,-37.69891],[176.02183,-37.69945],[176.02119,-37.70179],[176.01992,-37.7023],[176.01864,-37.70487],[176.01549,-37.70699],[176.01597,-37.70843],[176.01499,-37.70897],[176.01562,-37.71235],[176.01678,-37.71307],[176.01438,-37.71764],[176.01426,-37.72197],[176.01182,-37.72727],[176.01321,-37.73381],[176.01177,-37.73449],[176.01583,-37.7376],[176.01688,-37.74163],[176.01621,-37.74874],[176.0217,-37.75774],[176.01959,-37.75862],[176.0145,-37.78633],[176.00421,-37.78944],[175.99258,-37.8026],[175.99162,-37.80151],[175.99177,-37.79909],[175.98886,-37.79926],[175.9881,-37.79765],[175.98577,-37.79858],[175.9847,-37.79686],[175.98181,-37.79856],[175.98096,-37.7955],[175.97812,-37.79561],[175.97651,-37.79479],[175.97507,-37.796],[175.97247,-37.79575],[175.97149,-37.79445],[175.96755,-37.79239],[175.96644,-37.78965],[175.96181,-37.78985],[175.9617,-37.78714],[175.95943,-37.78639],[175.96045,-37.78398],[175.95962,-37.78167],[175.9569,-37.78139],[175.95832,-37.78018],[175.95764,-37.7797],[175.95861,-37.77848],[175.95616,-37.77779],[175.95705,-37.77687],[175.95613,-37.77484],[175.95229,-37.77771],[175.94997,-37.77827],[175.94877,-37.77729],[175.9472,-37.77759],[175.94693,-37.77619],[175.94552,-37.77716],[175.94338,-37.777],[175.94324,-37.77528],[175.94055,-37.77452],[175.93914,-37.77566],[175.93645,-37.77453],[175.93428,-37.77701],[175.93479,-37.77877],[175.92758,-37.77616],[175.89521,-37.72422],[175.89956,-37.72216],[175.89784,-37.72127],[175.89812,-37.71937],[175.9002,-37.71837],[175.89573,-37.7167],[175.898,-37.71423],[175.89683,-37.71181],[175.89214,-37.71121],[175.88991,-37.70919],[175.88965,-37.704],[175.89052,-37.70261],[175.88974,-37.70115],[175.8795,-37.69931],[175.87642,-37.69316],[175.87456,-37.69242],[175.87214,-37.68631],[175.87086,-37.67755],[175.86481,-37.67217],[175.86524,-37.66811],[175.85631,-37.66277],[175.85206,-37.66205],[175.84812,-37.65188],[175.84451,-37.64859],[175.84514,-37.64694],[175.84317,-37.64319],[175.8408,-37.64193],[175.84148,-37.63876],[175.84006,-37.63654],[175.83746,-37.63537],[175.83706,-37.63222],[175.83359,-37.62749],[175.83582,-37.62668],[175.83539,-37.62494],[175.83671,-37.62276],[175.84082,-37.62058],[175.83983,-37.61827],[175.84148,-37.61331],[175.84009,-37.61236],[175.84041,-37.61146],[175.84004,-37.61003],[175.83917,-37.60968],[175.83886,-37.60752],[175.83716,-37.60657],[175.83688,-37.60463],[175.8356,-37.6035],[175.83563,-37.60173],[175.83444,-37.60008],[175.83464,-37.59823],[175.83281,-37.59764],[175.82304,-37.58264],[175.82167,-37.57157],[175.81633,-37.56825],[175.76474,-37.52322],[175.74346,-37.5334],[175.75329,-37.52661],[175.75129,-37.52303],[175.75169,-37.52053],[175.75385,-37.51785],[175.75262,-37.51375],[175.75351,-37.5101],[175.75257,-37.50899],[175.7526,-37.503],[175.75142,-37.50199],[175.75213,-37.50135],[175.75093,-37.49983],[175.75163,-37.49902],[175.75096,-37.49704],[175.75222,-37.49646],[175.75176,-37.49466],[175.75063,-37.4938],[175.75208,-37.49264],[175.75161,-37.49212],[175.75287,-37.49087],[175.75297,-37.48868],[175.75506,-37.48669],[175.75339,-37.48201],[175.75525,-37.47902],[175.75579,-37.47146],[175.75488,-37.46307],[175.73232,-37.46327],[175.73181,-37.46241],[175.71213,-37.46247],[175.70621,-37.45935],[175.70759,-37.4687],[175.70629,-37.46859],[175.70613,-37.46927],[175.70167,-37.45857],[175.69036,-37.4631],[175.68468,-37.45709],[175.6721,-37.45089],[175.6686,-37.45079],[175.65931,-37.45334],[175.65646,-37.45262],[175.64616,-37.45474],[175.64315,-37.45361],[175.64006,-37.45377],[175.63918,-37.45292],[175.6386,-37.44995],[175.64033,-37.4492],[175.64013,-37.44695],[175.63934,-37.44573],[175.63746,-37.44496],[175.63716,-37.44387],[175.63993,-37.44199],[175.64029,-37.43964],[175.6348,-37.43514],[175.63169,-37.43339],[175.62951,-37.43322],[175.62922,-37.42662],[175.63263,-37.42486],[175.63272,-37.42118],[175.63139,-37.41877],[175.59811,-37.41902],[175.58774,-37.42406],[175.58389,-37.41916],[175.52074,-37.41984],[175.52123,-37.42152],[175.52047,-37.42298],[175.51612,-37.42675],[175.5113,-37.42899],[175.51154,-37.43031],[175.46922,-37.43613],[175.4566,-37.44165],[175.45604,-37.44248],[175.43703,-37.45009],[175.43797,-37.44058],[175.43093,-37.44168],[175.4087,-37.43797],[175.40953,-37.43338],[175.41249,-37.4286],[175.41168,-37.42484],[175.39589,-37.43918],[175.39043,-37.4322],[175.39181,-37.42733],[175.39133,-37.42583],[175.39519,-37.42434],[175.39689,-37.42182],[175.39511,-37.41624],[175.39575,-37.41399],[175.39452,-37.41276],[175.39493,-37.41075],[175.39356,-37.40822],[175.38859,-37.40468],[175.38788,-37.40079],[175.38593,-37.40061],[175.38471,-37.39741],[175.3795,-37.39497],[175.37936,-37.3935],[175.3774,-37.39307],[175.37634,-37.38956],[175.37837,-37.3875],[175.37906,-37.38477],[175.38169,-37.3816],[175.38204,-37.37639],[175.38391,-37.3742],[175.37908,-37.37032],[175.37571,-37.36978],[175.36023,-37.35388],[175.34174,-37.32483],[175.32238,-37.28406],[175.31631,-37.287],[175.30538,-37.28501],[175.29497,-37.27855],[175.2837,-37.27479],[175.28068,-37.2698],[175.2793,-37.26886],[175.27495,-37.26777],[175.26924,-37.26436],[175.26446,-37.2633],[175.25177,-37.25586],[175.24598,-37.25366],[175.23616,-37.25377],[175.22769,-37.25015],[175.21953,-37.24879],[175.20909,-37.24585],[175.19573,-37.24607],[175.18842,-37.24811],[175.185,-37.24722],[175.18754,-37.24498],[175.18823,-37.24283],[175.18609,-37.24295],[175.18591,-37.24409],[175.18426,-37.24418],[175.18082,-37.23957],[175.17609,-37.23991],[175.17535,-37.23708],[175.17248,-37.2341],[175.17228,-37.23302],[175.17379,-37.23184],[175.17456,-37.22925],[175.1779,-37.22953],[175.17938,-37.22857],[175.17742,-37.22605],[175.17456,-37.22473],[175.17363,-37.22278],[175.17405,-37.22225],[175.1775,-37.2232],[175.1769,-37.22072],[175.17605,-37.22065],[175.17535,-37.21888],[175.17415,-37.21903],[175.17598,-37.21651],[175.17569,-37.21489],[175.17055,-37.21448],[175.16953,-37.20644],[175.16382,-37.20601],[175.16363,-37.20118],[175.16022,-37.19839],[175.15737,-37.19463],[175.15189,-37.19408],[175.15046,-37.18073],[175.14841,-37.17864],[175.14756,-37.17501],[175.14112,-37.1756],[175.13968,-37.17319],[175.1402,-37.17185],[175.13864,-37.17171],[175.13745,-37.16992],[175.1339,-37.16819],[175.14416,-37.16769],[175.14628,-37.15233],[175.14525,-37.14459],[175.14821,-37.14284],[175.15224,-37.14297],[175.15315,-37.13926],[175.15268,-37.13822],[175.1539,-37.13611],[175.15318,-37.13426],[175.15409,-37.13206],[175.153,-37.1309],[175.15329,-37.12898],[175.15235,-37.12745],[175.154,-37.12502],[175.1542,-37.12102],[175.14998,-37.11966],[175.14952,-37.11744],[175.14821,-37.1163],[175.14726,-37.10992],[175.1434,-37.10861],[175.1446,-37.10134],[175.14082,-37.09873],[175.14285,-37.0973],[175.14266,-37.09519],[175.14383,-37.0935],[175.14368,-37.09248],[175.1464,-37.0898],[175.14452,-37.08716],[175.14408,-37.08255],[175.14475,-37.07905],[175.14597,-37.07593],[175.14834,-37.07592],[175.15046,-37.0703],[175.14659,-37.07123],[175.14768,-37.07021],[175.14574,-37.06948],[175.14638,-37.06922],[175.14547,-37.06844],[175.14707,-37.06851],[175.14904,-37.06729],[175.1473,-37.06606],[175.14813,-37.06567],[175.147,-37.06501],[175.14658,-37.06323],[175.14714,-37.06235],[175.14627,-37.06024],[175.14671,-37.05828],[175.1483,-37.05687],[175.14759,-37.05488],[175.14819,-37.0548],[175.148,-37.05356],[175.15131,-37.05253],[175.15119,-37.05025],[175.154,-37.04971],[175.15561,-37.04704],[175.1535,-37.0432],[175.1536,-37.0388],[175.15476,-37.03789],[175.1531,-37.03733],[175.15543,-37.03247],[175.15495,-37.03206],[175.15563,-37.02982],[175.15359,-37.02801],[175.15157,-37.02458],[175.15209,-37.02156],[175.15434,-37.02059],[175.15626,-37.01809],[175.15994,-37.01713],[175.16078,-37.01591],[175.16388,-37.01608],[175.165,-37.01718],[175.16482,-37.01943],[175.16605,-37.0214],[175.1677,-37.02106],[175.16868,-37.02334],[175.17305,-37.02703],[175.17607,-37.02766],[175.17685,-37.02985],[175.1785,-37.03025],[175.17767,-37.03188],[175.17871,-37.034],[175.1801,-37.03587],[175.18163,-37.0365],[175.18278,-37.03934],[175.18476,-37.04076],[175.18976,-37.03866],[175.19287,-37.03951],[175.19714,-37.03588],[175.19957,-37.03631],[175.20209,-37.03874],[175.20668,-37.03735],[175.20271,-37.036],[175.20771,-37.03006],[175.26785,-37.02744],[175.29107,-37.02404],[175.38865,-37.0219],[175.37932,-36.96263],[175.31101,-36.83838],[175.28957,-36.76811],[175.26664,-36.70384],[175.16308,-36.52393],[175.18066,-36.49998],[175.25102,-36.39972],[175.41692,-36.37989],[175.62812,-36.38503],[175.9033,-36.25828],[175.91931,-36.26684],[175.93964,-36.28029],[175.9667,-36.3007],[175.98133,-36.31408],[175.99326,-36.32712],[176.00575,-36.34307],[176.01456,-36.35724],[176.02181,-36.37127]]]},"properties":{"name":"Coromandel"}},{"type":"Feature","id":7,"geometry":{"type":"Polygon","coordinates":[[[170.55535,-45.51232],[170.55629,-45.5132],[170.5554,-45.51435],[170.55138,-45.51232],[170.55575,-45.51547],[170.55367,-45.5179],[170.55431,-45.5188],[170.55359,-45.51949],[170.55492,-45.52119],[170.5546,-45.524],[170.5563,-45.52841],[170.55891,-45.53162],[170.55859,-45.53279],[170.56141,-45.53578],[170.56244,-45.53834],[170.56179,-45.54101],[170.56032,-45.54196],[170.56277,-45.54602],[170.56214,-45.5477],[170.56321,-45.55105],[170.5618,-45.55395],[170.56731,-45.55501],[170.57286,-45.55464],[170.57525,-45.557],[170.57475,-45.55874],[170.57563,-45.56066],[170.5801,-45.56346],[170.57985,-45.56755],[170.58126,-45.56817],[170.58195,-45.56949],[170.58307,-45.5694],[170.58416,-45.5706],[170.58807,-45.57195],[170.59055,-45.57245],[170.59775,-45.56935],[170.59941,-45.57057],[170.60352,-45.57143],[170.60482,-45.57402],[170.61372,-45.57573],[170.6302,-45.57096],[170.62717,-45.56917],[170.62807,-45.56708],[170.63133,-45.5632],[170.63679,-45.55978],[170.67799,-45.55995],[170.6806,-45.55864],[170.68325,-45.55941],[170.7156,-45.55948],[170.70869,-45.55109],[170.71525,-45.54875],[170.71613,-45.55044],[170.72259,-45.55282],[170.72366,-45.55142],[170.72141,-45.5508],[170.72439,-45.55059],[170.72388,-45.54972],[170.72691,-45.5488],[170.72752,-45.54995],[170.72563,-45.55194],[170.72571,-45.55393],[170.7267,-45.55587],[170.72865,-45.55615],[170.72833,-45.55765],[170.72696,-45.5576],[170.72716,-45.55644],[170.72597,-45.55696],[170.72822,-45.56131],[170.72672,-45.56929],[171.00757,-45.63597],[170.99859,-45.65767],[170.98785,-45.67604],[170.99584,-45.68566],[171.00588,-45.69983],[171.01859,-45.72319],[171.02726,-45.74507],[171.0354,-45.77638],[171.03753,-45.78973],[171.03841,-45.8048],[171.03766,-45.82046],[171.03404,-45.84051],[171.03594,-45.86852],[171.03526,-45.8871],[171.03339,-45.90027],[171.02836,-45.91884],[171.02283,-45.93285],[171.01586,-45.9465],[171.00441,-45.96406],[170.99433,-45.97659],[170.98664,-45.98501],[170.96893,-46.0014],[170.95247,-46.01388],[170.92535,-46.03146],[170.90505,-46.0424],[170.89087,-46.04896],[170.85859,-46.06099],[170.8295,-46.06885],[170.80263,-46.08231],[170.77561,-46.09284],[170.74843,-46.10099],[170.70833,-46.10902],[170.53879,-45.90769],[170.54114,-45.90424],[170.54046,-45.90411],[170.54064,-45.90067],[170.54255,-45.89606],[170.53609,-45.89234],[170.5309,-45.89154],[170.52912,-45.89303],[170.52832,-45.89249],[170.52016,-45.89413],[170.5163,-45.89413],[170.51386,-45.89499],[170.51324,-45.89626],[170.51148,-45.89715],[170.50914,-45.89711],[170.50438,-45.89396],[170.5,-45.88785],[170.4942,-45.89072],[170.49399,-45.89188],[170.4894,-45.89182],[170.48566,-45.89365],[170.48007,-45.895],[170.46958,-45.89544],[170.46248,-45.89685],[170.46187,-45.89526],[170.46151,-45.89605],[170.45464,-45.89334],[170.46262,-45.88294],[170.46266,-45.88159],[170.46127,-45.88099],[170.45735,-45.87981],[170.45259,-45.87991],[170.458,-45.87527],[170.45779,-45.87102],[170.45111,-45.87122],[170.44852,-45.87009],[170.45292,-45.86494],[170.44904,-45.8632],[170.442,-45.86457],[170.43436,-45.86396],[170.43863,-45.86269],[170.44042,-45.86017],[170.44389,-45.85802],[170.44758,-45.85403],[170.45006,-45.85401],[170.449,-45.85096],[170.4582,-45.84944],[170.47004,-45.85168],[170.48817,-45.84107],[170.48111,-45.83494],[170.48751,-45.83128],[170.48726,-45.82216],[170.48768,-45.82255],[170.49413,-45.81724],[170.49674,-45.80965],[170.49673,-45.80099],[170.45157,-45.74573],[170.4516,-45.744],[170.424,-45.66516],[170.42242,-45.66332],[170.41963,-45.66333],[170.42009,-45.66173],[170.41941,-45.65793],[170.42081,-45.65475],[170.41974,-45.65268],[170.42049,-45.64783],[170.41971,-45.63197],[170.41389,-45.63383],[170.41279,-45.63513],[170.40872,-45.63693],[170.41067,-45.62861],[170.41418,-45.62163],[170.41642,-45.61266],[170.416,-45.61101],[170.41243,-45.60616],[170.40851,-45.59609],[170.40241,-45.59339],[170.40447,-45.59151],[170.40647,-45.58661],[170.40375,-45.58399],[170.40406,-45.5826],[170.39985,-45.58148],[170.39746,-45.57191],[170.38979,-45.56203],[170.38786,-45.55707],[170.38768,-45.55409],[170.41934,-45.51873],[170.43127,-45.52315],[170.44686,-45.52595],[170.45583,-45.52861],[170.46721,-45.52889],[170.4708,-45.53153],[170.47644,-45.53297],[170.48159,-45.50924],[170.55291,-45.50937],[170.55575,-45.51038],[170.55535,-45.51232]]]},"properties":{"name":"Dunedin"}},{"type":"Feature","id":8,"geometry":{"type":"Polygon","coordinates":[[[177.42811,-37.60379],[177.41626,-37.62344],[177.40632,-37.63647],[177.39985,-37.644],[177.3812,-37.66274],[177.37048,-37.67264],[177.35276,-37.68637],[177.32907,-37.70095],[177.30138,-37.71434],[177.27228,-37.7245],[177.25467,-37.72897],[177.23369,-37.73294],[177.21079,-37.73558],[177.19037,-37.73662],[177.19783,-37.74478],[177.21046,-37.76104],[177.22372,-37.78381],[177.24747,-37.78999],[177.31144,-37.78934],[177.32695,-37.77853],[177.34875,-37.76599],[177.35746,-37.74986],[177.36979,-37.73166],[177.37624,-37.72374],[177.39322,-37.70608],[177.40504,-37.69568],[177.42727,-37.67404],[177.43375,-37.66002],[177.44114,-37.64709],[177.45022,-37.63409],[177.46264,-37.61898],[177.48366,-37.59895],[177.50019,-37.58626],[177.51694,-37.56505],[177.52995,-37.55188],[177.54474,-37.53881],[177.56475,-37.52342],[177.57785,-37.51498],[177.59361,-37.50626],[177.61717,-37.49562],[177.62953,-37.49109],[177.63992,-37.48772],[177.66426,-37.48154],[177.69077,-37.47702],[177.70229,-37.47596],[177.71644,-37.46463],[177.72705,-37.4573],[177.73851,-37.45015],[177.75839,-37.44003],[177.76987,-37.42414],[177.79187,-37.4009],[177.80778,-37.3878],[177.8193,-37.37979],[177.84883,-37.36274],[177.87936,-37.34999],[177.90745,-37.34179],[177.9233,-37.33831],[177.94139,-37.33551],[177.97172,-37.33322],[177.98746,-37.33312],[178.0073,-37.33418],[178.02711,-37.33659],[178.04513,-37.33975],[178.06487,-37.33808],[178.10163,-37.33922],[178.13171,-37.33391],[178.15929,-37.33164],[178.17678,-37.33137],[178.20345,-37.33303],[178.23342,-37.33333],[178.25618,-37.33556],[178.27141,-37.33798],[178.29859,-37.34432],[178.32999,-37.35502],[178.35889,-37.35777],[178.37435,-37.36033],[178.396,-37.36535],[178.41395,-37.37077],[178.43456,-37.37859],[178.46615,-37.39376],[178.48383,-37.40448],[178.50058,-37.41689],[178.51335,-37.42809],[178.52381,-37.43855],[178.54717,-37.44312],[178.55823,-37.44605],[178.60405,-37.46146],[178.6168,-37.46689],[178.63254,-37.47499],[178.65152,-37.48642],[178.66393,-37.49525],[178.69053,-37.50356],[178.70899,-37.51105],[178.72325,-37.5182],[178.73483,-37.52453],[178.75582,-37.53843],[178.77179,-37.55141],[178.7877,-37.56709],[178.79618,-37.57685],[178.81173,-37.59893],[178.81775,-37.60984],[178.82445,-37.62449],[178.83043,-37.64234],[178.8347,-37.66254],[178.83621,-37.68283],[178.83607,-37.69463],[178.8347,-37.70774],[178.8303,-37.72874],[178.82431,-37.74695],[178.81604,-37.76421],[178.80769,-37.77819],[178.795,-37.79546],[178.78024,-37.81278],[178.76218,-37.82987],[178.73919,-37.84672],[178.72543,-37.85495],[178.71583,-37.86623],[178.70412,-37.87773],[178.69544,-37.90008],[178.68047,-37.92744],[178.6653,-37.94917],[178.65441,-37.96136],[178.65178,-37.97707],[178.64563,-37.99753],[178.64168,-38.00761],[178.62985,-38.03029],[178.63355,-38.05194],[178.63434,-38.06494],[178.63407,-38.07641],[178.63209,-38.09406],[178.62821,-38.11108],[178.62669,-38.12217],[178.62062,-38.14562],[178.62347,-38.16811],[178.62303,-38.19065],[178.62006,-38.21011],[178.61631,-38.22453],[178.62245,-38.23917],[178.62955,-38.2646],[178.63222,-38.28817],[178.63165,-38.31126],[178.62919,-38.32657],[178.62439,-38.34483],[178.61788,-38.36159],[178.6081,-38.38032],[178.60373,-38.39437],[178.60499,-38.40532],[178.60506,-38.42445],[178.60388,-38.43716],[178.60095,-38.45306],[178.59724,-38.46646],[178.59375,-38.47555],[178.58753,-38.48982],[178.58295,-38.49801],[178.57111,-38.51656],[178.56258,-38.52732],[178.55478,-38.53568],[178.55266,-38.55904],[178.55012,-38.57018],[178.54353,-38.59168],[178.53799,-38.60399],[178.53135,-38.61618],[178.50858,-38.65209],[178.4892,-38.67513],[178.47015,-38.69251],[178.45446,-38.70435],[178.43654,-38.71545],[178.41181,-38.7279],[178.4053,-38.73753],[178.39271,-38.75322],[178.37567,-38.7702],[178.35497,-38.78667],[178.34284,-38.79477],[178.32718,-38.80382],[178.3027,-38.82018],[178.28814,-38.82782],[177.94196,-38.71142],[177.93684,-38.71714],[177.93735,-38.71966],[177.9341,-38.72017],[177.93173,-38.71609],[177.92173,-38.70829],[177.91799,-38.70781],[177.90847,-38.70989],[177.90067,-38.70879],[177.89714,-38.70421],[177.89285,-38.70606],[177.88695,-38.69735],[177.88682,-38.69506],[177.88315,-38.69102],[177.8769,-38.6947],[177.87397,-38.69049],[177.87049,-38.68884],[177.86997,-38.68597],[177.86558,-38.68376],[177.86648,-38.68274],[177.87055,-38.68251],[177.86994,-38.68137],[177.86712,-38.68083],[177.86851,-38.6786],[177.86022,-38.67896],[177.85782,-38.67819],[177.85581,-38.67387],[177.84875,-38.67257],[177.84089,-38.67224],[177.8399,-38.67135],[177.83771,-38.67115],[177.84386,-38.6648],[177.84933,-38.66413],[177.85074,-38.65862],[177.84655,-38.64869],[177.85312,-38.64597],[177.85737,-38.6455],[177.8696,-38.6546],[177.87591,-38.64503],[177.88595,-38.64909],[177.88826,-38.64207],[177.88335,-38.64262],[177.88026,-38.62661],[177.88181,-38.62569],[177.88251,-38.62357],[177.884,-38.62347],[177.88644,-38.62113],[177.88765,-38.62123],[177.89129,-38.61902],[177.89229,-38.6149],[177.88914,-38.61428],[177.88373,-38.60956],[177.89053,-38.60444],[177.89594,-38.60524],[177.89954,-38.60055],[177.90041,-38.59532],[177.89744,-38.58506],[177.90012,-38.58098],[177.90315,-38.57985],[177.90419,-38.57868],[177.90472,-38.57741],[177.90409,-38.57495],[177.90783,-38.56839],[177.90406,-38.56488],[177.90222,-38.56459],[177.89905,-38.56234],[177.89149,-38.56235],[177.89053,-38.56138],[177.89065,-38.55963],[177.88919,-38.55929],[177.8898,-38.55831],[177.88835,-38.55843],[177.88695,-38.55593],[177.88425,-38.55503],[177.88288,-38.55665],[177.88323,-38.55782],[177.88029,-38.55974],[177.88011,-38.56131],[177.88095,-38.56199],[177.88005,-38.5628],[177.88002,-38.56597],[177.87633,-38.56686],[177.87505,-38.56863],[177.87257,-38.56907],[177.86664,-38.57432],[177.86088,-38.57322],[177.85984,-38.57179],[177.85726,-38.57143],[177.85104,-38.57745],[177.85046,-38.57705],[177.84503,-38.5792],[177.84473,-38.5786],[177.83418,-38.57844],[177.81937,-38.56363],[177.84135,-38.53326],[177.8289,-38.5273],[177.82525,-38.52461],[177.82473,-38.5224],[177.82319,-38.52146],[177.82253,-38.5169],[177.8202,-38.51391],[177.81946,-38.50951],[177.84936,-38.4938],[177.84965,-38.49232],[177.84451,-38.48689],[177.84251,-38.48271],[177.83998,-38.47974],[177.83725,-38.47834],[177.83786,-38.47669],[177.83254,-38.47576],[177.83309,-38.47332],[177.82905,-38.45907],[177.83091,-38.45444],[177.82956,-38.44678],[177.83198,-38.44516],[177.83345,-38.43924],[177.83174,-38.43677],[177.83002,-38.43011],[177.83146,-38.42822],[177.83103,-38.42682],[177.82941,-38.42578],[177.8299,-38.42331],[177.82705,-38.42307],[177.82637,-38.42389],[177.82569,-38.42313],[177.82318,-38.42405],[177.821,-38.42146],[177.81809,-38.42326],[177.81839,-38.42054],[177.81516,-38.42039],[177.81384,-38.41872],[177.81106,-38.41864],[177.81071,-38.41781],[177.80855,-38.4173],[177.8086,-38.41612],[177.80695,-38.41584],[177.80786,-38.41449],[177.80708,-38.41239],[177.80765,-38.409],[177.80829,-38.4094],[177.80837,-38.40859],[177.80691,-38.40716],[177.80395,-38.4066],[177.80509,-38.40512],[177.80202,-38.40233],[177.8018,-38.40092],[177.79791,-38.40172],[177.79629,-38.40086],[177.79474,-38.40167],[177.7937,-38.40097],[177.79189,-38.40151],[177.79131,-38.40082],[177.79039,-38.40143],[177.79014,-38.40046],[177.78809,-38.40071],[177.78827,-38.39988],[177.78579,-38.40016],[177.78517,-38.39928],[177.78358,-38.3993],[177.78284,-38.40028],[177.78121,-38.3999],[177.77945,-38.40095],[177.7778,-38.40008],[177.77738,-38.4013],[177.7755,-38.40226],[177.76934,-38.40162],[177.76353,-38.4053],[177.7623,-38.40501],[177.76302,-38.40589],[177.76087,-38.40577],[177.76048,-38.40675],[177.75778,-38.40587],[177.75619,-38.40752],[177.7559,-38.40695],[177.757,-38.40612],[177.75621,-38.40616],[177.75724,-38.40109],[177.75742,-38.39304],[177.75748,-38.38969],[177.75659,-38.3875],[177.75198,-38.3849],[177.7474,-38.38527],[177.74592,-38.38604],[177.74681,-38.38712],[177.74431,-38.38723],[177.74223,-38.38611],[177.74006,-38.38707],[177.73299,-38.38476],[177.73269,-38.38238],[177.73067,-38.38227],[177.72708,-38.37944],[177.72421,-38.37898],[177.72041,-38.38047],[177.71575,-38.37777],[177.71566,-38.3767],[177.71277,-38.37729],[177.70933,-38.37455],[177.7069,-38.3743],[177.70266,-38.37128],[177.70056,-38.3689],[177.70137,-38.36827],[177.70124,-38.36631],[177.69997,-38.36661],[177.63665,-38.33832],[177.61833,-38.32455],[177.62442,-38.35041],[177.62269,-38.35111],[177.6222,-38.35336],[177.62115,-38.35383],[177.62009,-38.35281],[177.61854,-38.35317],[177.61556,-38.35415],[177.61488,-38.35519],[177.61751,-38.3563],[177.61985,-38.35865],[177.62181,-38.35865],[177.59733,-38.36764],[177.59796,-38.36861],[177.6,-38.36924],[177.60078,-38.37125],[177.60212,-38.37059],[177.60353,-38.37262],[177.60668,-38.37285],[177.57422,-38.38488],[177.57379,-38.38406],[177.5745,-38.3833],[177.57222,-38.37758],[177.57279,-38.37529],[177.56875,-38.37018],[177.57156,-38.3677],[177.57431,-38.35921],[177.57143,-38.35641],[177.56174,-38.35219],[177.56062,-38.3423],[177.55964,-38.34034],[177.55419,-38.33669],[177.56085,-38.32837],[177.55966,-38.32675],[177.55957,-38.32489],[177.55768,-38.3238],[177.5542,-38.31938],[177.55023,-38.31602],[177.52957,-38.32294],[177.53,-38.32391],[177.52829,-38.32447],[177.52751,-38.32621],[177.53152,-38.33048],[177.53015,-38.33144],[177.53009,-38.33247],[177.53258,-38.3334],[177.5312,-38.33477],[177.53151,-38.33743],[177.51475,-38.33442],[177.51205,-38.33283],[177.50998,-38.33338],[177.50833,-38.33107],[177.5061,-38.33237],[177.50504,-38.33051],[177.50348,-38.32996],[177.50398,-38.32901],[177.50227,-38.32883],[177.50261,-38.32786],[177.50156,-38.32604],[177.50011,-38.32659],[177.49985,-38.32444],[177.49771,-38.32349],[177.49669,-38.32368],[177.49654,-38.32504],[177.4957,-38.32503],[177.49439,-38.32676],[177.49216,-38.327],[177.49015,-38.32534],[177.48913,-38.32656],[177.48711,-38.32601],[177.48426,-38.32714],[177.48349,-38.32646],[177.48209,-38.32708],[177.48105,-38.32643],[177.4816,-38.32336],[177.48045,-38.32149],[177.47865,-38.32062],[177.47487,-38.32193],[177.47124,-38.32116],[177.46369,-38.33354],[177.34641,-38.38215],[177.23692,-38.42634],[177.25739,-38.50828],[177.25467,-38.513],[177.25117,-38.51369],[177.24307,-38.51002],[177.24089,-38.51021],[177.24012,-38.51205],[177.24055,-38.51321],[177.2379,-38.51954],[177.23271,-38.52576],[177.23022,-38.52719],[177.22787,-38.53061],[177.22722,-38.53344],[177.22583,-38.5341],[177.21401,-38.53011],[177.20574,-38.52481],[177.20255,-38.52432],[177.20035,-38.52633],[177.19982,-38.52845],[177.19653,-38.53256],[177.18925,-38.53695],[177.17697,-38.5609],[177.17253,-38.56439],[177.16625,-38.56782],[177.16403,-38.57298],[177.16698,-38.57623],[177.167,-38.57781],[177.15945,-38.57796],[177.15247,-38.58378],[177.15079,-38.58428],[177.14563,-38.58355],[177.1406,-38.5776],[177.13819,-38.5768],[177.13039,-38.5796],[177.12006,-38.58527],[177.11822,-38.58777],[177.11633,-38.59318],[177.10603,-38.60411],[177.10326,-38.61033],[177.10183,-38.62417],[177.09974,-38.62744],[177.09749,-38.62736],[177.09665,-38.62631],[177.09734,-38.62075],[177.09553,-38.61887],[177.09268,-38.61828],[177.08831,-38.6203],[177.08593,-38.62051],[177.08193,-38.61676],[177.07978,-38.61175],[177.07791,-38.61064],[177.07173,-38.6123],[177.06551,-38.6192],[177.06076,-38.6221],[177.05712,-38.62224],[177.05111,-38.62008],[177.04585,-38.62088],[177.04182,-38.62658],[177.03705,-38.6277],[177.03496,-38.62914],[177.02696,-38.63951],[177.02546,-38.64581],[177.02198,-38.64966],[177.02087,-38.66078],[177.017,-38.66717],[177.0064,-38.67592],[177.00327,-38.68081],[176.99145,-38.69369],[176.98565,-38.69421],[176.98209,-38.69758],[176.97731,-38.69956],[176.97339,-38.70391],[176.96894,-38.70503],[176.96632,-38.70419],[176.96497,-38.70284],[176.96415,-38.69827],[176.96186,-38.69683],[176.95418,-38.69747],[176.94342,-38.69489],[176.93266,-38.69842],[176.9292,-38.69817],[176.92771,-38.69705],[176.9264,-38.69332],[176.92432,-38.69097],[176.9139,-38.68928],[176.90483,-38.68569],[176.89948,-38.68259],[176.89646,-38.67771],[176.89529,-38.67342],[176.89344,-38.67015],[176.88684,-38.6665],[176.88315,-38.66777],[176.87968,-38.66698],[176.87645,-38.66802],[176.87476,-38.6702],[176.8699,-38.67252],[176.86745,-38.6755],[176.86135,-38.68006],[176.85958,-38.67939],[176.85647,-38.67246],[176.84561,-38.67252],[176.83999,-38.67825],[176.83287,-38.67988],[176.83093,-38.68256],[176.82598,-38.6865],[176.82428,-38.69047],[176.82251,-38.69136],[176.81962,-38.69076],[176.81576,-38.68687],[176.8096,-38.68643],[176.80694,-38.685],[176.80356,-38.6816],[176.79939,-38.68053],[176.79436,-38.68218],[176.78861,-38.6808],[176.78575,-38.68093],[176.77802,-38.68414],[176.77327,-38.6845],[176.76675,-38.68931],[176.76673,-38.69348],[176.76537,-38.69605],[176.76709,-38.69835],[176.76718,-38.70032],[176.75923,-38.70885],[176.75501,-38.70951],[176.75254,-38.71082],[176.748,-38.70973],[176.74422,-38.71193],[176.74479,-38.71549],[176.74275,-38.71905],[176.74439,-38.72224],[176.74451,-38.72442],[176.74288,-38.72776],[176.73911,-38.72857],[176.73431,-38.72823],[176.72876,-38.72244],[176.7271,-38.7218],[176.7215,-38.724],[176.71728,-38.72452],[176.71408,-38.72788],[176.71426,-38.73058],[176.71328,-38.73308],[176.71402,-38.73599],[176.71095,-38.73944],[176.71026,-38.742],[176.71108,-38.74819],[176.70714,-38.75538],[176.71045,-38.75859],[176.70969,-38.76915],[176.707,-38.77232],[176.70607,-38.77822],[176.70358,-38.78381],[176.70458,-38.78699],[176.70793,-38.78905],[176.70258,-38.7915],[176.70001,-38.79411],[176.70171,-38.80056],[176.70017,-38.80349],[176.69734,-38.80547],[176.69203,-38.80625],[176.69278,-38.80807],[176.69549,-38.8095],[176.69647,-38.81091],[176.69546,-38.81797],[176.69597,-38.82159],[176.69752,-38.82282],[176.70172,-38.82366],[176.70407,-38.82708],[176.70221,-38.83037],[176.70229,-38.83207],[176.7002,-38.83788],[176.70419,-38.84512],[176.69996,-38.85376],[176.69771,-38.85596],[176.64816,-38.78303],[176.63719,-38.76333],[176.62418,-38.75429],[176.61746,-38.70135],[176.64595,-38.60593],[176.6178,-38.5947],[176.61722,-38.59759],[176.61327,-38.60232],[176.6122,-38.60267],[176.61274,-38.60555],[176.61204,-38.60714],[176.60995,-38.6079],[176.6067,-38.60754],[176.60562,-38.60869],[176.55205,-38.58081],[176.55303,-38.57783],[176.55132,-38.57678],[176.54483,-38.5677],[176.54577,-38.56656],[176.54071,-38.5602],[176.54347,-38.55512],[176.54319,-38.55437],[176.53904,-38.55372],[176.53639,-38.55228],[176.52954,-38.54429],[176.53337,-38.53515],[176.50283,-38.52646],[176.50184,-38.52312],[176.50247,-38.52169],[176.50218,-38.51076],[176.47628,-38.51009],[176.49994,-38.43247],[176.50532,-38.40221],[176.52147,-38.41935],[176.57811,-38.42696],[176.58048,-38.32919],[176.58165,-38.32294],[176.58131,-38.29131],[176.58402,-38.12466],[176.6036,-38.12056],[176.60339,-38.06558],[176.60532,-38.06465],[176.60773,-38.06658],[176.60828,-38.06586],[176.60738,-38.0649],[176.60773,-38.06401],[176.61517,-38.05874],[176.61133,-38.05681],[176.60992,-38.05489],[176.60537,-38.05372],[176.60306,-38.05196],[176.60295,-38.01135],[176.60003,-38.01135],[176.59875,-38.00877],[176.55311,-38.00919],[176.55386,-38.00734],[176.55259,-38.00667],[176.55382,-38.00585],[176.55432,-38.0043],[176.55325,-38.00227],[176.54755,-38.00073],[176.54483,-37.9991],[176.54067,-37.99835],[176.53787,-37.99573],[176.53618,-37.9921],[176.53335,-37.99096],[176.53093,-37.99053],[176.52768,-37.99181],[176.52494,-37.99058],[176.51811,-37.99323],[176.51575,-37.9949],[176.51358,-37.99536],[176.50868,-37.99449],[176.50897,-37.9931],[176.50629,-37.99134],[176.5035,-37.98809],[176.50503,-37.98376],[176.5038,-37.98269],[176.50414,-37.98035],[176.50153,-37.97798],[176.50219,-37.97638],[176.49962,-37.97038],[176.49806,-37.96252],[176.50005,-37.95882],[176.47238,-37.95882],[176.47265,-37.96106],[176.47167,-37.96456],[176.46934,-37.96692],[176.44033,-37.95781],[176.42821,-37.9562],[176.38402,-37.95493],[176.38315,-37.95412],[176.3843,-37.94915],[176.37099,-37.94916],[176.37086,-37.94763],[176.35153,-37.94016],[176.35103,-37.93717],[176.28618,-37.93696],[176.30359,-37.92488],[176.3055,-37.92191],[176.31087,-37.91919],[176.31673,-37.918],[176.31893,-37.91667],[176.3222,-37.91331],[176.3216,-37.91252],[176.32205,-37.91099],[176.32439,-37.9105],[176.32495,-37.9095],[176.32442,-37.9092],[176.32538,-37.90846],[176.32898,-37.90866],[176.33233,-37.90464],[176.33596,-37.90287],[176.33621,-37.9004],[176.34001,-37.90029],[176.34065,-37.8977],[176.34419,-37.89563],[176.34345,-37.89482],[176.34485,-37.89306],[176.34333,-37.89225],[176.34448,-37.89192],[176.34538,-37.88991],[176.34434,-37.88835],[176.34897,-37.88329],[176.3199,-37.86351],[176.32156,-37.86179],[176.32243,-37.85889],[176.3265,-37.85689],[176.32728,-37.85526],[176.33025,-37.85273],[176.33055,-37.8513],[176.32964,-37.84976],[176.33384,-37.84248],[176.33357,-37.84129],[176.33676,-37.83871],[176.33932,-37.83886],[176.34073,-37.83717],[176.34334,-37.83728],[176.34744,-37.83408],[176.35263,-37.82619],[176.35243,-37.82532],[176.35483,-37.82249],[176.35785,-37.81033],[176.37527,-37.81347],[176.3769,-37.81012],[176.37247,-37.80231],[176.37032,-37.80042],[176.37012,-37.79787],[176.36392,-37.79417],[176.36748,-37.79252],[176.37045,-37.78839],[176.35526,-37.79067],[176.34868,-37.78995],[176.34124,-37.7862],[176.33795,-37.78002],[176.33972,-37.77706],[176.34165,-37.77582],[176.34083,-37.76999],[176.34412,-37.76685],[176.34464,-37.7629],[176.34596,-37.76092],[176.34707,-37.7561],[176.35437,-37.74887],[176.35495,-37.74629],[176.35392,-37.74541],[176.35448,-37.7446],[176.35219,-37.74041],[176.35373,-37.74099],[176.35559,-37.74039],[176.36038,-37.74457],[176.36741,-37.74714],[176.37583,-37.7456],[176.39515,-37.75136],[176.39957,-37.75129],[176.40232,-37.75249],[176.40582,-37.75056],[176.40993,-37.7518],[176.41326,-37.7511],[176.4149,-37.74753],[176.68955,-37.45446],[176.71111,-37.47079],[176.72674,-37.48541],[176.74005,-37.50076],[176.7467,-37.50983],[176.75919,-37.53013],[176.76554,-37.54347],[176.77591,-37.55578],[176.7908,-37.57824],[176.80063,-37.59787],[176.80862,-37.62305],[176.82451,-37.6197],[176.84694,-37.61651],[176.86752,-37.61504],[176.88409,-37.61485],[176.91541,-37.61664],[176.93262,-37.61899],[176.95024,-37.62257],[176.93807,-37.6122],[176.92388,-37.59812],[176.90764,-37.5778],[176.90035,-37.56662],[176.89292,-37.55291],[176.88608,-37.53698],[176.88101,-37.52104],[176.87802,-37.50689],[176.87615,-37.49254],[176.87582,-37.47654],[176.87708,-37.45993],[176.87853,-37.45053],[176.88338,-37.43125],[176.89272,-37.40771],[176.90533,-37.38573],[176.92399,-37.36122],[176.94696,-37.33949],[176.95877,-37.3301],[176.97134,-37.32158],[176.99621,-37.3076],[177.03339,-37.29214],[177.06342,-37.28352],[177.10105,-37.27719],[177.11966,-37.27586],[177.14087,-37.27568],[177.17026,-37.27782],[177.2064,-37.28431],[177.22412,-37.28914],[177.24126,-37.29501],[177.26176,-37.30384],[177.27992,-37.31338],[177.29879,-37.32526],[177.31569,-37.33822],[177.33452,-37.34711],[177.35556,-37.35957],[177.37474,-37.37356],[177.39279,-37.3898],[177.40774,-37.40615],[177.41371,-37.41437],[177.42355,-37.42896],[177.43005,-37.44115],[177.43674,-37.45614],[177.44033,-37.46694],[177.44432,-37.4816],[177.44593,-37.49123],[177.44744,-37.50695],[177.44779,-37.52554],[177.4464,-37.5469],[177.44097,-37.57243],[177.43509,-37.58902],[177.42811,-37.60379]]]},"properties":{"name":"East Cape"}},{"type":"Feature","id":9,"geometry":{"type":"Polygon","coordinates":[[[174.88997,-36.65848],[174.87039,-36.67322],[174.85205,-36.69113],[174.84338,-36.70192],[174.83775,-36.71056],[174.8319,-36.72126],[174.82735,-36.73189],[174.75134,-36.73303],[174.74985,-36.73235],[174.74864,-36.73028],[174.74194,-36.73166],[174.73953,-36.73345],[174.7376,-36.7332],[174.73507,-36.73407],[174.73458,-36.73355],[174.73409,-36.73416],[174.73522,-36.73568],[174.73289,-36.73709],[174.73347,-36.73885],[174.73204,-36.74071],[174.72706,-36.74395],[174.72248,-36.74471],[174.71681,-36.74325],[174.71645,-36.74146],[174.71513,-36.74197],[174.70419,-36.74127],[174.69283,-36.74295],[174.69301,-36.74444],[174.6828,-36.7411],[174.68268,-36.73986],[174.68167,-36.73954],[174.6789,-36.74347],[174.67864,-36.74673],[174.67626,-36.75036],[174.67635,-36.7535],[174.67315,-36.75914],[174.66169,-36.77065],[174.66111,-36.77295],[174.64605,-36.77225],[174.6324,-36.77358],[174.63318,-36.76014],[174.63578,-36.75509],[174.63547,-36.75253],[174.63884,-36.75207],[174.63719,-36.75102],[174.6394,-36.7498],[174.63817,-36.74925],[174.63837,-36.74679],[174.64002,-36.7459],[174.64505,-36.74551],[174.65509,-36.74144],[174.65725,-36.73678],[174.66025,-36.73442],[174.6591,-36.73357],[174.65805,-36.73058],[174.6582,-36.72781],[174.6546,-36.72737],[174.6539,-36.72542],[174.65073,-36.72693],[174.65006,-36.72502],[174.64869,-36.72433],[174.64659,-36.72124],[174.64492,-36.72144],[174.64302,-36.71932],[174.64388,-36.71769],[174.63947,-36.71821],[174.63916,-36.71724],[174.64259,-36.71633],[174.64373,-36.71486],[174.64917,-36.71282],[174.6509,-36.71399],[174.65388,-36.71368],[174.65632,-36.71542],[174.6619,-36.71277],[174.66528,-36.71251],[174.66803,-36.71073],[174.67216,-36.71245],[174.67411,-36.71419],[174.67708,-36.7109],[174.67823,-36.71104],[174.68166,-36.70898],[174.68332,-36.70998],[174.6868,-36.70975],[174.68976,-36.70858],[174.69128,-36.71009],[174.69676,-36.71208],[174.70039,-36.7109],[174.7054,-36.71112],[174.70701,-36.7101],[174.70287,-36.68984],[174.7007,-36.6853],[174.6964,-36.68131],[174.6883,-36.67833],[174.68461,-36.67529],[174.68634,-36.67475],[174.6881,-36.6772],[174.68949,-36.67227],[174.69256,-36.67236],[174.69275,-36.67138],[174.70807,-36.67403],[174.71025,-36.67527],[174.71389,-36.67528],[174.721,-36.67097],[174.72396,-36.67106],[174.72833,-36.66716],[174.73095,-36.66636],[174.73478,-36.66361],[174.73616,-36.66145],[174.7438,-36.66072],[174.88997,-36.65848]]]},"properties":{"name":"East Coast Bays"}},{"type":"Feature","id":10,"geometry":{"type":"Polygon","coordinates":[[[174.78741,-36.84757],[174.79273,-36.84854],[174.80428,-36.85904],[174.81156,-36.86156],[174.81303,-36.86254],[174.81207,-36.86288],[174.81806,-36.86512],[174.8174,-36.86751],[174.81884,-36.87088],[174.8168,-36.87468],[174.81716,-36.87405],[174.81786,-36.87507],[174.8179,-36.87957],[174.81187,-36.88038],[174.79066,-36.89271],[174.7823,-36.89304],[174.77887,-36.89911],[174.77755,-36.90447],[174.77472,-36.90587],[174.77429,-36.90437],[174.77175,-36.90371],[174.77206,-36.90272],[174.76305,-36.90084],[174.76331,-36.9],[174.75705,-36.89873],[174.75994,-36.88979],[174.74743,-36.88703],[174.75531,-36.86275],[174.75437,-36.86214],[174.75828,-36.85957],[174.76246,-36.86036],[174.76359,-36.85842],[174.76544,-36.85948],[174.76879,-36.85455],[174.77072,-36.85347],[174.77121,-36.85523],[174.77526,-36.85087],[174.77591,-36.85114],[174.77783,-36.84941],[174.77963,-36.84896],[174.78184,-36.84995],[174.78356,-36.8477],[174.78741,-36.84757]]]},"properties":{"name":"Epsom"}},{"type":"Feature","id":11,"geometry":{"type":"Polygon","coordinates":[[[174.69477,-36.83571],[174.69071,-36.87214],[174.69466,-36.88504],[174.69425,-36.88603],[174.69962,-36.88705],[174.70042,-36.88613],[174.70215,-36.8861],[174.70225,-36.88768],[174.70403,-36.88706],[174.70491,-36.88802],[174.70447,-36.88911],[174.70556,-36.8891],[174.70598,-36.89025],[174.70544,-36.89188],[174.70187,-36.8942],[174.69885,-36.89459],[174.69918,-36.89852],[174.69686,-36.89855],[174.69398,-36.90118],[174.69009,-36.90269],[174.68159,-36.90883],[174.67744,-36.90893],[174.67587,-36.91122],[174.66939,-36.91136],[174.66604,-36.9105],[174.66085,-36.91159],[174.66398,-36.90817],[174.64804,-36.8972],[174.64619,-36.89741],[174.64385,-36.89949],[174.64349,-36.90215],[174.64265,-36.90264],[174.64178,-36.9024],[174.64161,-36.90067],[174.63774,-36.90478],[174.63559,-36.90418],[174.6333,-36.90155],[174.6319,-36.89585],[174.63262,-36.89357],[174.63371,-36.89333],[174.63292,-36.88958],[174.63381,-36.88619],[174.6334,-36.88407],[174.63484,-36.87991],[174.634,-36.87721],[174.63576,-36.87582],[174.63481,-36.87424],[174.63464,-36.87164],[174.63671,-36.8694],[174.6363,-36.86441],[174.63881,-36.86218],[174.63848,-36.85852],[174.64075,-36.8551],[174.6424,-36.84651],[174.64143,-36.84514],[174.6338,-36.84375],[174.63211,-36.84254],[174.63139,-36.84074],[174.63229,-36.83845],[174.63733,-36.8362],[174.63978,-36.83342],[174.64085,-36.83157],[174.64161,-36.82505],[174.64545,-36.82214],[174.65205,-36.81945],[174.6746,-36.81468],[174.69477,-36.83571]]]},"properties":{"name":"Glendene"}},{"type":"Feature","id":12,"geometry":{"type":"Polygon","coordinates":[[[175.27925,-37.71987],[175.2864,-37.72257],[175.28988,-37.72179],[175.28742,-37.7328],[175.28961,-37.74045],[175.29336,-37.74823],[175.30672,-37.74514],[175.31594,-37.75942],[175.32719,-37.76671],[175.33023,-37.76988],[175.33302,-37.77448],[175.33638,-37.78497],[175.33927,-37.78894],[175.34487,-37.79288],[175.3412,-37.79571],[175.3353,-37.79581],[175.33346,-37.79733],[175.33439,-37.79897],[175.33228,-37.80059],[175.33166,-37.80589],[175.33027,-37.8064],[175.33137,-37.80765],[175.33055,-37.80864],[175.33154,-37.80962],[175.32971,-37.81212],[175.32863,-37.81245],[175.32812,-37.81509],[175.32674,-37.81381],[175.32492,-37.81362],[175.32209,-37.80823],[175.31639,-37.80775],[175.31341,-37.80481],[175.31151,-37.80478],[175.30804,-37.80657],[175.3035,-37.80764],[175.30018,-37.80773],[175.29759,-37.80587],[175.29328,-37.80538],[175.28835,-37.80264],[175.28701,-37.7998],[175.29073,-37.79455],[175.29083,-37.79241],[175.28297,-37.78433],[175.27979,-37.7789],[175.27062,-37.77263],[175.26833,-37.77004],[175.26607,-37.76414],[175.2625,-37.76012],[175.26292,-37.75857],[175.26597,-37.75504],[175.26508,-37.75059],[175.25264,-37.7418],[175.24841,-37.73996],[175.24693,-37.73763],[175.24495,-37.73679],[175.24695,-37.7326],[175.24878,-37.73099],[175.24899,-37.72986],[175.2482,-37.72919],[175.24925,-37.72784],[175.24789,-37.72685],[175.25096,-37.72634],[175.2541,-37.72313],[175.26614,-37.72228],[175.27258,-37.72005],[175.27737,-37.72084],[175.27821,-37.71954],[175.27925,-37.71987]]]},"properties":{"name":"Hamilton East"}},{"type":"Feature","id":13,"geometry":{"type":"Polygon","coordinates":[[[175.22783,-37.72289],[175.22938,-37.72061],[175.2312,-37.72135],[175.23272,-37.71874],[175.23398,-37.71959],[175.23458,-37.71897],[175.24248,-37.7204],[175.2467,-37.71988],[175.25186,-37.72294],[175.2541,-37.72313],[175.25096,-37.72634],[175.24789,-37.72685],[175.24925,-37.72784],[175.2482,-37.72919],[175.24899,-37.72986],[175.24878,-37.73099],[175.24695,-37.7326],[175.24495,-37.73679],[175.24693,-37.73763],[175.24841,-37.73996],[175.25264,-37.7418],[175.26508,-37.75059],[175.26597,-37.75504],[175.26292,-37.75857],[175.2625,-37.76012],[175.26607,-37.76414],[175.26833,-37.77004],[175.27062,-37.77263],[175.27979,-37.7789],[175.28297,-37.78433],[175.29083,-37.79241],[175.29073,-37.79455],[175.28701,-37.7998],[175.28843,-37.80271],[175.29328,-37.80538],[175.2976,-37.80588],[175.2997,-37.80766],[175.30756,-37.80671],[175.31252,-37.80466],[175.31435,-37.80539],[175.31599,-37.80759],[175.32116,-37.80783],[175.32317,-37.80927],[175.32338,-37.81453],[175.32552,-37.81752],[175.32955,-37.82075],[175.3302,-37.82376],[175.32847,-37.82637],[175.32678,-37.82736],[175.32599,-37.82702],[175.32363,-37.83035],[175.31996,-37.83354],[175.31451,-37.83608],[175.30897,-37.84196],[175.30806,-37.84589],[175.30684,-37.84604],[175.30553,-37.84081],[175.2977,-37.83188],[175.29684,-37.82781],[175.2945,-37.82841],[175.29234,-37.83176],[175.29082,-37.8309],[175.28968,-37.83179],[175.28301,-37.82895],[175.28473,-37.82641],[175.27955,-37.82396],[175.27189,-37.82433],[175.2713,-37.82304],[175.27238,-37.82219],[175.27118,-37.82032],[175.26807,-37.82196],[175.26616,-37.81555],[175.26589,-37.80897],[175.24603,-37.80422],[175.24564,-37.80482],[175.24381,-37.80438],[175.24088,-37.80698],[175.24033,-37.80658],[175.23066,-37.81527],[175.22681,-37.81753],[175.23337,-37.81929],[175.23247,-37.82186],[175.23138,-37.82141],[175.22926,-37.8246],[175.22732,-37.82462],[175.22564,-37.83223],[175.21183,-37.8324],[175.21133,-37.81441],[175.21825,-37.81436],[175.21968,-37.81139],[175.22828,-37.80705],[175.23161,-37.80325],[175.23305,-37.79731],[175.22813,-37.79672],[175.22949,-37.78716],[175.22606,-37.78668],[175.22362,-37.78466],[175.22113,-37.78518],[175.22144,-37.78304],[175.21853,-37.78254],[175.21818,-37.78142],[175.21981,-37.78004],[175.21842,-37.77839],[175.21961,-37.77686],[175.21761,-37.77417],[175.21819,-37.76718],[175.21596,-37.76734],[175.21385,-37.76589],[175.21306,-37.7672],[175.20845,-37.76989],[175.20597,-37.76941],[175.20207,-37.76438],[175.2025,-37.76348],[175.20964,-37.76246],[175.20657,-37.75722],[175.20332,-37.75495],[175.20303,-37.75342],[175.19941,-37.75367],[175.19806,-37.75096],[175.19081,-37.75017],[175.19164,-37.74819],[175.19104,-37.74584],[175.1843,-37.74299],[175.18727,-37.74211],[175.19466,-37.74232],[175.19784,-37.7408],[175.2023,-37.74011],[175.20564,-37.74057],[175.20662,-37.73592],[175.20981,-37.73282],[175.20723,-37.72525],[175.20854,-37.71729],[175.20729,-37.71298],[175.2073,-37.70862],[175.21105,-37.69933],[175.21601,-37.70265],[175.21897,-37.7136],[175.22282,-37.71917],[175.22783,-37.72289]]]},"properties":{"name":"Hamilton West"}},{"type":"Feature","id":14,"geometry":{"type":"Polygon","coordinates":[[[174.63479,-36.8236],[174.63664,-36.8235],[174.64133,-36.82564],[174.64085,-36.83157],[174.63733,-36.8362],[174.63229,-36.83845],[174.63139,-36.84074],[174.63211,-36.84254],[174.6338,-36.84375],[174.64143,-36.84514],[174.6424,-36.84651],[174.64213,-36.85032],[174.64044,-36.85591],[174.63848,-36.85852],[174.63881,-36.86218],[174.63638,-36.8641],[174.63671,-36.8694],[174.63473,-36.87116],[174.6348,-36.87421],[174.63576,-36.87582],[174.634,-36.87722],[174.63484,-36.87991],[174.6334,-36.88407],[174.63381,-36.88619],[174.63292,-36.88958],[174.63371,-36.89333],[174.63262,-36.89357],[174.63109,-36.89701],[174.62879,-36.89823],[174.62862,-36.89933],[174.62556,-36.90178],[174.62504,-36.90476],[174.61587,-36.90093],[174.61288,-36.89799],[174.60834,-36.89582],[174.6092,-36.89415],[174.60746,-36.89355],[174.60601,-36.89512],[174.60514,-36.89388],[174.60436,-36.89433],[174.60137,-36.88194],[174.59834,-36.88182],[174.59707,-36.87499],[174.59057,-36.87595],[174.58887,-36.87229],[174.58584,-36.87273],[174.58504,-36.87195],[174.58299,-36.87225],[174.57631,-36.8774],[174.57089,-36.87841],[174.57346,-36.87601],[174.57306,-36.87418],[174.5751,-36.87255],[174.57447,-36.86948],[174.57595,-36.86857],[174.57344,-36.86564],[174.57001,-36.86474],[174.57344,-36.86104],[174.57345,-36.85841],[174.56659,-36.85821],[174.56659,-36.85751],[174.56516,-36.85751],[174.56475,-36.85546],[174.56602,-36.8537],[174.56123,-36.85545],[174.55798,-36.85451],[174.55711,-36.85143],[174.55831,-36.84897],[174.55743,-36.84221],[174.57756,-36.8446],[174.5792,-36.84329],[174.58274,-36.83771],[174.58444,-36.83786],[174.58612,-36.83641],[174.59192,-36.83739],[174.59557,-36.83588],[174.59828,-36.83745],[174.60158,-36.83658],[174.6098,-36.82664],[174.61567,-36.828],[174.61517,-36.82575],[174.61969,-36.82412],[174.62685,-36.82499],[174.63479,-36.8236]]]},"properties":{"name":"Henderson"}},{"type":"Feature","id":15,"geometry":{"type":"Polygon","coordinates":[[[174.92273,-41.14833],[174.92725,-41.14923],[174.92663,-41.15103],[174.92775,-41.15152],[174.93293,-41.15053],[174.93467,-41.15234],[174.93668,-41.15229],[174.93893,-41.15087],[174.93967,-41.15139],[174.93783,-41.15774],[174.93671,-41.15889],[174.96578,-41.16448],[174.96281,-41.16658],[174.96336,-41.16707],[174.95902,-41.17126],[174.95401,-41.17401],[174.94869,-41.1791],[174.94716,-41.1788],[174.94429,-41.18159],[174.92857,-41.19071],[174.93052,-41.19235],[174.91776,-41.19799],[174.93598,-41.20222],[174.93569,-41.20306],[174.93641,-41.20367],[174.92588,-41.21058],[174.92651,-41.21105],[174.93831,-41.21277],[174.94019,-41.21383],[174.94394,-41.2188],[174.94598,-41.21848],[174.94892,-41.21941],[174.95864,-41.21849],[174.95988,-41.21752],[174.96288,-41.2215],[174.97155,-41.22351],[174.97294,-41.21485],[174.9871,-41.21498],[174.98885,-41.20682],[174.9911,-41.20377],[174.99225,-41.20492],[174.9924,-41.20745],[174.9982,-41.21176],[174.99936,-41.21459],[175.00646,-41.21524],[175.0154,-41.21312],[175.01996,-41.21773],[175.02865,-41.21696],[175.03117,-41.21869],[175.03691,-41.2186],[175.03938,-41.22156],[175.04208,-41.2222],[175.04811,-41.21677],[175.05246,-41.2156],[175.06013,-41.2181],[175.06508,-41.21894],[175.06739,-41.21851],[175.06878,-41.21571],[175.07355,-41.21425],[175.07503,-41.21236],[175.07595,-41.21227],[175.07844,-41.21397],[175.08022,-41.21734],[175.08186,-41.21787],[175.08137,-41.21964],[175.07982,-41.22051],[175.0812,-41.22145],[175.08054,-41.22413],[175.08351,-41.22808],[175.08155,-41.231],[175.08169,-41.23399],[175.07963,-41.23743],[175.0802,-41.24092],[175.07569,-41.24313],[175.07421,-41.24477],[175.07535,-41.2475],[175.07511,-41.25044],[175.07582,-41.25202],[175.07829,-41.25505],[175.08703,-41.26255],[175.08684,-41.26348],[175.08079,-41.26915],[175.08176,-41.27216],[175.08375,-41.27321],[175.08436,-41.27525],[175.08703,-41.27793],[175.0859,-41.28012],[175.08238,-41.28104],[175.083,-41.28434],[175.08037,-41.28447],[175.07688,-41.286],[175.07491,-41.28787],[175.0741,-41.29024],[175.07266,-41.29117],[175.07321,-41.2944],[175.06529,-41.29673],[175.06304,-41.29891],[175.06209,-41.30208],[175.05626,-41.30576],[175.05612,-41.30813],[175.05517,-41.30954],[175.04772,-41.31328],[175.04703,-41.31545],[175.0481,-41.31886],[175.0462,-41.32003],[175.04638,-41.32125],[175.04537,-41.32245],[175.04222,-41.32268],[175.04086,-41.3249],[175.04438,-41.32859],[175.04421,-41.3298],[175.0397,-41.33158],[175.03421,-41.33112],[175.03317,-41.33167],[175.02985,-41.33604],[175.02277,-41.3409],[175.02245,-41.3422],[175.024,-41.34614],[175.02235,-41.34825],[175.02025,-41.34947],[175.01442,-41.35058],[175.01243,-41.35007],[175.00386,-41.34457],[174.99886,-41.34413],[174.99344,-41.34501],[174.98987,-41.3495],[174.98906,-41.35291],[174.9851,-41.35586],[174.98084,-41.36481],[174.9765,-41.36646],[174.97493,-41.36826],[174.97078,-41.3705],[174.96652,-41.37568],[174.95865,-41.38292],[174.98655,-41.39619],[174.9825,-41.67828],[174.80006,-41.62081],[174.76797,-41.60704],[174.75345,-41.59916],[174.73497,-41.58739],[174.63716,-41.55839],[174.83525,-41.35203],[174.85081,-41.33152],[174.85273,-41.29366],[174.84973,-41.27165],[174.82738,-41.26209],[174.82719,-41.25626],[174.81224,-41.24966],[174.81126,-41.24879],[174.81325,-41.24731],[174.81358,-41.24369],[174.80595,-41.23855],[174.80533,-41.23723],[174.80577,-41.23551],[174.80964,-41.23179],[174.818,-41.22979],[174.81994,-41.22514],[174.8238,-41.22346],[174.82256,-41.22099],[174.8229,-41.22026],[174.82398,-41.22073],[174.8241,-41.21978],[174.82521,-41.21979],[174.82539,-41.21905],[174.82896,-41.21949],[174.8264,-41.21489],[174.82784,-41.20895],[174.83398,-41.20218],[174.83748,-41.20261],[174.84433,-41.19832],[174.84374,-41.19676],[174.84223,-41.19717],[174.84221,-41.19579],[174.84085,-41.19401],[174.84549,-41.19411],[174.84597,-41.19305],[174.85076,-41.19203],[174.85278,-41.19292],[174.85436,-41.18784],[174.85449,-41.18466],[174.86806,-41.18633],[174.87534,-41.17851],[174.87568,-41.17648],[174.87893,-41.17792],[174.88034,-41.17374],[174.87929,-41.17351],[174.8992,-41.1479],[174.90766,-41.14956],[174.91097,-41.13997],[174.91553,-41.14087],[174.91483,-41.14334],[174.91593,-41.14475],[174.91601,-41.14702],[174.92273,-41.14833]]]},"properties":{"name":"Hutt South"}},{"type":"Feature","id":16,"geometry":{"type":"Polygon","coordinates":[[[172.55174,-43.43558],[172.56529,-43.46046],[172.56935,-43.47092],[172.57056,-43.47224],[172.59956,-43.48424],[172.60712,-43.48411],[172.60609,-43.48776],[172.60604,-43.49619],[172.60792,-43.49702],[172.62181,-43.51216],[172.62808,-43.52088],[172.62452,-43.52079],[172.6228,-43.52235],[172.61399,-43.52335],[172.61264,-43.525],[172.61226,-43.5288],[172.57202,-43.53194],[172.50887,-43.51258],[172.48821,-43.51023],[172.47995,-43.51182],[172.4665,-43.50766],[172.42956,-43.50091],[172.42817,-43.50048],[172.43903,-43.4685],[172.42822,-43.4681],[172.41852,-43.4666],[172.41044,-43.46692],[172.40732,-43.4665],[172.39851,-43.46271],[172.39406,-43.46227],[172.39301,-43.46301],[172.39567,-43.45574],[172.41477,-43.45317],[172.42619,-43.45046],[172.43242,-43.44765],[172.46312,-43.44736],[172.51475,-43.44194],[172.52266,-43.44225],[172.53487,-43.44002],[172.55174,-43.43558]]]},"properties":{"name":"Ilam"}},{"type":"Feature","id":17,"geometry":{"type":"Polygon","coordinates":[[[167.93153,-45.67204],[167.93428,-45.67279],[167.9362,-45.6747],[167.94441,-45.67845],[167.94587,-45.68154],[167.94787,-45.68267],[167.94839,-45.68525],[167.95245,-45.6886],[167.95223,-45.68975],[167.95356,-45.68942],[167.95622,-45.69103],[167.96087,-45.69062],[167.96703,-45.69161],[167.968,-45.6942],[167.97115,-45.69391],[167.97894,-45.69689],[167.98156,-45.69646],[167.98164,-45.69759],[167.9789,-45.69826],[167.98182,-45.69838],[167.98196,-45.70021],[167.98539,-45.70168],[167.98503,-45.70416],[167.98836,-45.7041],[167.99046,-45.70505],[167.99289,-45.70454],[167.99657,-45.70692],[167.99813,-45.7091],[168.00044,-45.70791],[168.00735,-45.71055],[168.01099,-45.71109],[168.01342,-45.71645],[168.01192,-45.71809],[168.01365,-45.71902],[168.01015,-45.7249],[168.01078,-45.72562],[168.01226,-45.72455],[168.01445,-45.72497],[168.01274,-45.72732],[168.01381,-45.72949],[168.0134,-45.7319],[168.01465,-45.73295],[168.01535,-45.7364],[168.01448,-45.73828],[168.01545,-45.73939],[168.01801,-45.73979],[168.01762,-45.74163],[168.02003,-45.7437],[168.02044,-45.74556],[168.01882,-45.7457],[168.01762,-45.74421],[168.01586,-45.74561],[168.01378,-45.74537],[168.01205,-45.74688],[168.00609,-45.74836],[167.9999,-45.76383],[168.02042,-45.76819],[168.01934,-45.77194],[168.0197,-45.7731],[168.01888,-45.77376],[168.01909,-45.77514],[168.01678,-45.78137],[168.01564,-45.78207],[168.01433,-45.78116],[168.01183,-45.78263],[168.01182,-45.78469],[168.01017,-45.78579],[168.00763,-45.79085],[168.00857,-45.79131],[168.00902,-45.79289],[168.01509,-45.79257],[168.01578,-45.79437],[168.01863,-45.79199],[168.03603,-45.79307],[168.03807,-45.79409],[168.04431,-45.79351],[168.04405,-45.79162],[168.04593,-45.79001],[168.05467,-45.7847],[168.07149,-45.78381],[168.07137,-45.78248],[168.08794,-45.7829],[168.10603,-45.78204],[168.14765,-45.80523],[168.149,-45.80452],[168.15566,-45.80503],[168.15647,-45.80416],[168.20426,-45.81419],[168.25265,-45.80919],[168.25824,-45.81165],[168.26844,-45.82505],[168.26846,-45.85052],[168.23141,-45.8506],[168.23023,-45.85206],[168.22734,-45.8583],[168.22665,-45.86219],[168.23271,-45.86757],[168.2269,-45.87242],[168.22611,-45.87624],[168.22726,-45.8774],[168.22763,-45.88059],[168.23011,-45.88147],[168.23022,-45.88386],[168.23162,-45.88493],[168.23358,-45.88512],[168.23408,-45.88916],[168.23105,-45.89395],[168.2293,-45.89932],[168.22515,-45.90383],[168.22522,-45.90538],[168.22075,-45.90574],[168.22054,-45.90906],[168.21558,-45.9121],[168.21492,-45.91405],[168.21706,-45.9168],[168.2167,-45.91837],[168.21813,-45.92039],[168.21,-45.92038],[168.20942,-45.9528],[168.21032,-45.95498],[168.21017,-45.98035],[168.20906,-45.98325],[168.21013,-45.98325],[168.21004,-46.05695],[168.15803,-46.05693],[168.18738,-46.09894],[168.18899,-46.09894],[168.18994,-46.10595],[168.19586,-46.12974],[168.20348,-46.13247],[168.21673,-46.14894],[168.21672,-46.16091],[168.20846,-46.17085],[168.21192,-46.17221],[168.21193,-46.17997],[168.21355,-46.17998],[168.21328,-46.18511],[168.22787,-46.18554],[168.23449,-46.19065],[168.25235,-46.1964],[168.26218,-46.19782],[168.26864,-46.19633],[168.27004,-46.19856],[168.26672,-46.20251],[168.26813,-46.20379],[168.26966,-46.20397],[168.27806,-46.20195],[168.2813,-46.20258],[168.28406,-46.20528],[168.44829,-46.20491],[168.44852,-46.20545],[168.4799,-46.20551],[168.48577,-46.20944],[168.49687,-46.20806],[168.49738,-46.21168],[168.49913,-46.21362],[168.50167,-46.21475],[168.50494,-46.21305],[168.50687,-46.20989],[168.50816,-46.20957],[168.50661,-46.20846],[168.50693,-46.20785],[168.5126,-46.20567],[168.51176,-46.20163],[168.51314,-46.19897],[168.50829,-46.19786],[168.50794,-46.19568],[168.51224,-46.19582],[168.51202,-46.19385],[168.51452,-46.19311],[168.51317,-46.19219],[168.51342,-46.1915],[168.51651,-46.19097],[168.51774,-46.18854],[168.51932,-46.18924],[168.52168,-46.18821],[168.52237,-46.18397],[168.52114,-46.18241],[168.52209,-46.18154],[168.52026,-46.18006],[168.51907,-46.18039],[168.51783,-46.18264],[168.51484,-46.18142],[168.51744,-46.17909],[168.51602,-46.17769],[168.51915,-46.17696],[168.5197,-46.17655],[168.51911,-46.17541],[168.52446,-46.17345],[168.52429,-46.16952],[168.52349,-46.16823],[168.52458,-46.16684],[168.53787,-46.16904],[168.5353,-46.17644],[168.54275,-46.17743],[168.54214,-46.17919],[168.547,-46.18001],[168.54965,-46.17876],[168.55273,-46.18191],[168.55795,-46.18034],[168.55553,-46.17891],[168.55754,-46.17838],[168.55898,-46.1763],[168.57293,-46.17935],[168.57335,-46.18113],[168.57583,-46.18198],[168.57818,-46.18403],[168.57941,-46.18295],[168.58833,-46.18068],[168.58936,-46.17704],[168.59613,-46.17726],[168.59868,-46.17658],[168.60336,-46.17912],[168.60869,-46.17737],[168.61073,-46.17861],[168.61423,-46.17834],[168.6191,-46.18747],[168.62077,-46.18974],[168.62216,-46.18979],[168.62194,-46.15535],[168.67472,-46.15508],[168.67487,-46.17368],[168.68863,-46.17361],[168.68866,-46.18435],[168.69827,-46.18059],[168.70335,-46.18035],[168.70825,-46.1776],[168.72107,-46.17945],[168.72918,-46.1786],[168.75447,-46.18089],[168.75685,-46.18174],[168.7589,-46.18382],[168.76213,-46.18493],[168.76479,-46.1847],[168.76801,-46.18302],[168.77448,-46.18204],[168.78143,-46.18536],[168.78876,-46.18597],[168.79614,-46.18941],[168.79359,-46.19091],[168.79077,-46.19425],[168.79289,-46.19765],[168.78806,-46.20209],[168.78608,-46.20211],[168.78334,-46.20379],[168.78125,-46.20663],[168.78266,-46.21055],[168.78094,-46.21653],[168.78194,-46.2229],[168.77638,-46.22804],[168.77148,-46.22926],[168.76996,-46.23376],[168.76688,-46.23507],[168.79605,-46.24405],[168.8023,-46.24293],[168.80197,-46.24421],[168.81469,-46.248],[168.83292,-46.25132],[168.83277,-46.24997],[168.83783,-46.24951],[168.8404,-46.24802],[168.84034,-46.24313],[168.8376,-46.24311],[168.83729,-46.2417],[168.9129,-46.24273],[168.91248,-46.26048],[168.91903,-46.25905],[168.92848,-46.26123],[168.93537,-46.25947],[168.94503,-46.25958],[168.94983,-46.26088],[168.95637,-46.261],[168.96128,-46.25871],[168.96862,-46.2572],[168.98181,-46.25878],[168.98318,-46.25997],[168.98795,-46.2613],[168.99553,-46.26235],[168.99734,-46.26369],[168.99719,-46.26618],[168.99852,-46.26733],[168.99337,-46.2717],[168.99493,-46.27349],[168.99483,-46.27488],[168.99129,-46.2773],[168.99119,-46.27855],[168.99346,-46.27966],[168.99886,-46.27983],[168.9996,-46.28225],[169.00138,-46.28391],[169.00749,-46.28631],[169.01129,-46.28651],[169.01192,-46.28889],[169.01475,-46.28879],[169.01825,-46.29082],[169.01793,-46.29192],[169.02235,-46.29361],[169.02865,-46.29401],[169.03127,-46.29602],[169.03443,-46.29583],[169.03815,-46.29885],[169.03955,-46.29821],[169.04136,-46.29872],[169.04404,-46.29725],[169.04425,-46.29604],[169.04563,-46.29594],[169.04628,-46.29361],[169.04829,-46.29304],[169.05332,-46.28734],[169.05313,-46.28575],[169.05522,-46.28448],[169.05428,-46.28344],[169.05686,-46.28335],[169.05776,-46.28133],[169.06124,-46.28063],[169.06103,-46.27926],[169.06292,-46.2777],[169.06536,-46.27838],[169.06756,-46.2766],[169.06968,-46.27795],[169.07316,-46.27606],[169.07826,-46.27635],[169.08248,-46.27477],[169.08251,-46.27378],[169.08727,-46.2748],[169.09126,-46.27375],[169.09262,-46.2746],[169.1,-46.27464],[169.10366,-46.27367],[169.10662,-46.2743],[169.10769,-46.27341],[169.11032,-46.27384],[169.1131,-46.27256],[169.11964,-46.27269],[169.12041,-46.27084],[169.1211,-46.27208],[169.12235,-46.2722],[169.1227,-46.27045],[169.12718,-46.27203],[169.12852,-46.27087],[169.13119,-46.27103],[169.13067,-46.26988],[169.13535,-46.26716],[169.13882,-46.26811],[169.14245,-46.26678],[169.14419,-46.26863],[169.15492,-46.26855],[169.18282,-46.2904],[169.18549,-46.29545],[169.18501,-46.29906],[169.18938,-46.30134],[169.18859,-46.30238],[169.19692,-46.30431],[169.18843,-46.31351],[169.17742,-46.32187],[169.19071,-46.32636],[169.17958,-46.33314],[169.17363,-46.33587],[169.16613,-46.34216],[169.16126,-46.34492],[169.16134,-46.34652],[169.16031,-46.34794],[169.15556,-46.3482],[169.1532,-46.34991],[169.14838,-46.35053],[169.14509,-46.35332],[169.14238,-46.35348],[169.14537,-46.35455],[169.14661,-46.35603],[169.14634,-46.35912],[169.14013,-46.36528],[169.13739,-46.36624],[169.13618,-46.37412],[169.13414,-46.37544],[169.14424,-46.38242],[169.16109,-46.3818],[169.17025,-46.3854],[169.17502,-46.38637],[169.17875,-46.38844],[169.17778,-46.39182],[169.18675,-46.39564],[169.1889,-46.39905],[169.1913,-46.39935],[169.196,-46.40441],[169.19402,-46.40841],[169.19946,-46.41637],[169.19931,-46.41994],[169.19467,-46.42425],[169.18815,-46.42745],[169.19085,-46.43413],[169.19681,-46.4388],[169.18585,-46.44315],[169.18436,-46.44514],[169.18319,-46.44882],[169.17995,-46.45148],[169.16797,-46.45435],[169.16513,-46.45565],[169.16333,-46.45772],[169.16312,-46.45923],[169.16414,-46.4618],[169.16131,-46.4659],[169.16226,-46.46849],[169.16587,-46.47244],[169.17483,-46.47551],[169.17847,-46.47831],[169.17855,-46.48082],[169.17368,-46.48415],[169.17299,-46.48537],[169.17343,-46.48705],[169.17769,-46.48985],[169.18149,-46.49127],[169.20248,-46.4949],[169.20543,-46.49929],[169.21477,-46.50226],[169.23309,-46.51176],[169.23671,-46.51243],[169.24561,-46.50983],[169.24745,-46.51033],[169.2503,-46.51331],[169.2501,-46.51654],[169.24666,-46.51941],[169.24557,-46.52197],[169.24479,-46.52956],[169.23617,-46.53618],[169.23127,-46.54371],[169.22543,-46.54994],[169.21618,-46.55417],[169.19369,-46.55509],[169.19108,-46.5558],[169.19052,-46.55692],[169.19227,-46.55875],[169.19554,-46.55972],[169.19607,-46.56061],[169.20094,-46.56071],[169.23034,-46.57296],[169.23446,-46.57305],[169.23791,-46.5752],[169.24508,-46.57524],[169.24821,-46.57725],[169.25111,-46.58097],[169.25417,-46.5806],[169.26489,-46.58585],[169.26425,-46.59391],[169.2665,-46.59359],[169.26724,-46.59588],[169.26158,-46.59855],[169.27411,-46.61134],[169.26531,-46.61549],[169.27504,-46.62148],[169.27917,-46.62241],[169.34206,-46.83922],[169.32534,-46.84518],[169.30169,-46.85201],[169.27333,-46.85819],[169.2531,-46.86124],[169.2165,-46.8643],[169.19175,-46.86443],[169.16095,-46.86268],[169.1419,-46.86625],[169.12151,-46.86899],[169.10003,-46.87086],[169.07854,-46.8716],[169.05921,-46.87442],[169.03426,-46.87667],[169.00377,-46.87739],[168.9845,-46.87672],[168.95863,-46.87444],[168.90671,-46.86788],[168.87482,-46.86982],[168.83814,-46.86901],[168.82006,-46.88862],[168.79967,-46.90613],[168.77335,-46.92382],[168.75167,-46.93954],[168.72372,-46.95555],[168.70853,-46.96266],[168.68801,-46.97095],[168.66517,-46.97836],[168.6443,-46.98372],[168.61964,-46.99436],[168.60145,-47.0008],[168.57873,-47.00736],[168.54407,-47.015],[168.55611,-47.03848],[168.56338,-47.06096],[168.56678,-47.0824],[168.56681,-47.10282],[168.56323,-47.12637],[168.5555,-47.14885],[168.54652,-47.16655],[168.53336,-47.18617],[168.51956,-47.20206],[168.50863,-47.21273],[168.49219,-47.22634],[168.47684,-47.23704],[168.44719,-47.25404],[168.42594,-47.2636],[168.40887,-47.27011],[168.38893,-47.28162],[168.36086,-47.29468],[168.32981,-47.30571],[168.29362,-47.31487],[168.26303,-47.31991],[168.23743,-47.32232],[168.19548,-47.32787],[168.20052,-47.34505],[168.20287,-47.3567],[168.20427,-47.37896],[168.20325,-47.39356],[168.20119,-47.4056],[168.19907,-47.41438],[168.19326,-47.43082],[168.18307,-47.45129],[168.16744,-47.47347],[168.15126,-47.49114],[168.13032,-47.50918],[168.13045,-47.52758],[168.12817,-47.5451],[168.12455,-47.55965],[168.11886,-47.57536],[168.10926,-47.594],[168.0996,-47.60849],[168.08887,-47.6217],[168.07382,-47.63699],[168.05024,-47.65623],[168.0345,-47.66672],[168.01922,-47.67555],[167.98982,-47.68937],[167.94532,-47.70567],[167.93227,-47.70959],[167.90387,-47.7162],[167.87078,-47.72127],[167.83416,-47.72389],[167.79591,-47.72336],[167.7624,-47.71997],[167.73687,-47.71562],[167.71303,-47.7101],[167.68475,-47.70131],[167.66303,-47.69272],[167.64065,-47.6822],[167.6113,-47.6646],[167.58999,-47.64822],[167.56989,-47.62875],[167.55687,-47.61267],[167.54663,-47.59703],[167.5361,-47.57482],[167.52984,-47.55397],[167.52693,-47.53539],[167.52713,-47.51201],[167.5312,-47.4893],[167.47668,-47.48888],[167.44271,-47.48578],[167.381,-47.47506],[167.35325,-47.46845],[167.32903,-47.46558],[167.31088,-47.46253],[167.28426,-47.45634],[167.26014,-47.44909],[167.23352,-47.4388],[167.21746,-47.43139],[167.20129,-47.42263],[167.18687,-47.41373],[167.17571,-47.40626],[167.16082,-47.39469],[167.13717,-47.38316],[167.12177,-47.37431],[167.10529,-47.36317],[167.09036,-47.35142],[167.08174,-47.3435],[167.06362,-47.32418],[167.05344,-47.31051],[167.04494,-47.29664],[167.03484,-47.2741],[167.02849,-47.25129],[167.02655,-47.23789],[167.026,-47.22709],[167.02622,-47.21755],[167.02809,-47.20158],[167.03119,-47.18802],[167.03579,-47.17425],[167.04227,-47.15984],[167.04832,-47.14884],[167.06215,-47.12916],[167.08318,-47.10571],[167.09218,-47.09714],[167.10768,-47.08444],[167.12277,-47.07402],[167.1301,-47.0615],[167.14152,-47.0458],[167.14887,-47.03709],[167.16629,-47.01959],[167.18231,-47.00611],[167.20315,-46.99123],[167.22397,-46.97887],[167.24742,-46.96735],[167.27352,-46.95708],[167.29729,-46.94962],[167.33057,-46.94213],[167.36167,-46.93767],[167.3654,-46.93458],[167.36689,-46.92151],[167.36941,-46.90971],[167.35497,-46.89513],[167.34703,-46.88562],[167.33963,-46.87557],[167.3316,-46.86274],[167.32224,-46.84322],[167.3171,-46.82759],[167.30928,-46.80757],[167.30644,-46.79705],[167.30124,-46.77024],[167.3001,-46.74799],[167.30108,-46.73438],[167.30276,-46.72445],[167.30692,-46.70834],[167.3107,-46.69778],[167.32022,-46.67849],[167.33506,-46.65639],[167.34914,-46.64045],[167.36764,-46.62341],[167.38721,-46.60877],[167.41527,-46.59215],[167.4417,-46.57977],[167.46076,-46.57262],[167.48354,-46.56558],[167.50559,-46.54986],[167.52381,-46.53915],[167.54085,-46.53064],[167.53335,-46.51277],[167.29237,-46.45909],[167.26651,-46.46256],[167.24586,-46.46414],[167.21262,-46.46452],[167.19135,-46.46567],[167.15463,-46.46503],[167.16268,-46.47519],[167.17179,-46.4886],[167.18082,-46.50533],[167.18726,-46.52123],[167.19181,-46.53808],[167.19563,-46.56336],[167.19653,-46.58461],[167.19554,-46.59648],[167.19286,-46.61153],[167.1888,-46.62551],[167.18349,-46.63898],[167.1757,-46.65436],[167.16692,-46.66817],[167.15323,-46.68541],[167.14068,-46.69837],[167.12435,-46.71245],[167.10631,-46.72543],[167.08787,-46.73663],[167.06961,-46.746],[167.05123,-46.75395],[167.0291,-46.76184],[167.00467,-46.76889],[166.96344,-46.77698],[166.93487,-46.78033],[166.91709,-46.78138],[166.88677,-46.78183],[166.86011,-46.78087],[166.84035,-46.77895],[166.81714,-46.77551],[166.78962,-46.76954],[166.77364,-46.7651],[166.75026,-46.75724],[166.69777,-46.73597],[166.66713,-46.71958],[166.65635,-46.71263],[166.63921,-46.69986],[166.61734,-46.67975],[166.60872,-46.67015],[166.59799,-46.65605],[166.59148,-46.64593],[166.58488,-46.63362],[166.57984,-46.62211],[166.57549,-46.60904],[166.57065,-46.58584],[166.56988,-46.56572],[166.57076,-46.55452],[166.57185,-46.54664],[166.57575,-46.53014],[166.57943,-46.51936],[166.58561,-46.50505],[166.59816,-46.4837],[166.61146,-46.46671],[166.62009,-46.45753],[166.64204,-46.43789],[166.65168,-46.43062],[166.6703,-46.41845],[166.65916,-46.4153],[166.63377,-46.41238],[166.60926,-46.40809],[166.58982,-46.4035],[166.56501,-46.39598],[166.49979,-46.37055],[166.46533,-46.35412],[166.442,-46.3408],[166.42216,-46.32687],[166.40574,-46.31289],[166.39064,-46.2974],[166.3831,-46.28845],[166.37636,-46.27886],[166.363,-46.26538],[166.34148,-46.25522],[166.31748,-46.24127],[166.29899,-46.22807],[166.28336,-46.21484],[166.27387,-46.20543],[166.26072,-46.19037],[166.24765,-46.17103],[166.24183,-46.16013],[166.22816,-46.1484],[166.21094,-46.13008],[166.45355,-45.98985],[166.70153,-45.84386],[166.9228,-45.9094],[167.05617,-45.7254],[167.40634,-45.82132],[167.42427,-45.78891],[167.41859,-45.7743],[167.42288,-45.77899],[167.4311,-45.78362],[167.45041,-45.7902],[167.45729,-45.78821],[167.46374,-45.78812],[167.47875,-45.78486],[167.48406,-45.78279],[167.48646,-45.77925],[167.48979,-45.77742],[167.49303,-45.77672],[167.49524,-45.7769],[167.49844,-45.77904],[167.50228,-45.77738],[167.50617,-45.77747],[167.50825,-45.77969],[167.51166,-45.78049],[167.51405,-45.78216],[167.5164,-45.78166],[167.52141,-45.78235],[167.53078,-45.77792],[167.53178,-45.77562],[167.53447,-45.77367],[167.53532,-45.7714],[167.53702,-45.77205],[167.53631,-45.77409],[167.53724,-45.77489],[167.54292,-45.77417],[167.5477,-45.77589],[167.55202,-45.77385],[167.55591,-45.77392],[167.56008,-45.77236],[167.56324,-45.77284],[167.56681,-45.7714],[167.57342,-45.7712],[167.57764,-45.77204],[167.58086,-45.77066],[167.58479,-45.7712],[167.58731,-45.76979],[167.59212,-45.77004],[167.59249,-45.76865],[167.59526,-45.76816],[167.59911,-45.76548],[167.60387,-45.76484],[167.60205,-45.76285],[167.60174,-45.761],[167.60364,-45.75284],[167.60739,-45.74881],[167.60694,-45.74681],[167.6027,-45.74532],[167.58923,-45.74749],[167.58818,-45.7469],[167.58618,-45.74292],[167.58575,-45.74008],[167.58836,-45.73687],[167.59232,-45.73418],[167.60429,-45.73076],[167.60977,-45.73024],[167.61538,-45.72804],[167.62178,-45.72172],[167.62228,-45.71955],[167.62083,-45.71588],[167.62109,-45.71066],[167.62009,-45.70724],[167.61836,-45.70527],[167.61238,-45.70276],[167.61077,-45.70008],[167.6118,-45.6966],[167.61112,-45.69103],[167.6202,-45.68621],[167.62388,-45.69012],[167.62768,-45.69216],[167.63237,-45.69202],[167.63917,-45.69452],[167.65178,-45.69375],[167.65415,-45.6955],[167.65732,-45.69615],[167.66517,-45.70216],[167.66908,-45.70698],[167.67179,-45.70843],[167.6746,-45.71151],[167.67874,-45.71379],[167.68257,-45.7148],[167.68578,-45.71711],[167.69205,-45.71901],[167.69745,-45.71942],[167.70227,-45.71898],[167.70578,-45.7176],[167.71482,-45.71708],[167.7228,-45.71911],[167.72768,-45.71938],[167.72972,-45.7185],[167.7322,-45.71858],[167.73476,-45.71959],[167.73623,-45.71893],[167.73899,-45.71966],[167.74444,-45.71789],[167.75058,-45.71846],[167.75798,-45.71775],[167.76663,-45.71912],[167.77341,-45.72118],[167.78143,-45.71958],[167.78524,-45.72132],[167.78795,-45.72113],[167.78862,-45.72025],[167.7941,-45.71988],[167.79486,-45.71862],[167.79798,-45.71873],[167.8005,-45.71749],[167.80234,-45.71797],[167.80877,-45.71679],[167.81839,-45.71238],[167.81957,-45.71103],[167.81984,-45.70889],[167.82137,-45.70757],[167.82145,-45.70129],[167.82287,-45.69871],[167.82273,-45.69659],[167.82494,-45.69248],[167.83608,-45.68729],[167.83652,-45.68371],[167.83518,-45.68246],[167.83494,-45.68013],[167.84695,-45.67406],[167.85489,-45.67344],[167.86203,-45.67088],[167.87033,-45.67215],[167.88062,-45.67177],[167.88349,-45.6726],[167.88446,-45.67412],[167.88804,-45.67338],[167.89403,-45.67491],[167.89377,-45.67656],[167.89611,-45.67781],[167.89785,-45.67739],[167.9026,-45.67845],[167.90445,-45.67784],[167.91076,-45.6788],[167.91448,-45.67819],[167.92133,-45.67332],[167.92724,-45.67245],[167.9301,-45.67095],[167.93153,-45.67204]]]},"properties":{"name":"Invercargill"}},{"type":"Feature","id":18,"geometry":{"type":"Polygon","coordinates":[[[174.53965,-41.10551],[174.51479,-41.21572],[174.38804,-41.42715],[174.41297,-41.46938],[174.395,-41.48039],[174.40067,-41.49163],[174.40628,-41.50521],[174.41263,-41.52825],[174.42017,-41.54343],[174.44004,-41.55283],[174.46446,-41.56741],[174.48249,-41.58077],[174.50109,-41.59758],[174.51389,-41.6118],[174.53736,-41.64188],[174.54773,-41.65902],[174.55734,-41.68032],[174.56199,-41.69548],[174.56504,-41.71042],[174.56743,-41.73153],[174.5676,-41.75115],[174.56586,-41.76651],[174.56067,-41.78857],[174.55429,-41.80534],[174.54818,-41.81777],[174.54137,-41.82914],[174.52889,-41.84667],[174.51819,-41.85989],[174.50471,-41.87394],[174.48117,-41.89352],[174.464,-41.9049],[174.44768,-41.91419],[174.43762,-41.93049],[174.42716,-41.94426],[174.4134,-41.95933],[174.40273,-41.96904],[174.38502,-41.98865],[174.36752,-42.00453],[174.34025,-42.02367],[174.32876,-42.03846],[174.30955,-42.06067],[174.29739,-42.07321],[174.27379,-42.09255],[174.25885,-42.10264],[174.24582,-42.11022],[174.2301,-42.12758],[174.20789,-42.1467],[174.20874,-42.16994],[174.20809,-42.1797],[174.20496,-42.19834],[174.20089,-42.21213],[174.19575,-42.22543],[174.19108,-42.23529],[174.18152,-42.25156],[174.16425,-42.274],[174.13746,-42.30045],[174.1165,-42.31666],[174.09598,-42.32943],[174.08672,-42.33876],[174.07076,-42.35243],[174.05033,-42.37167],[174.03238,-42.38508],[174.01167,-42.39783],[173.99493,-42.41167],[173.99507,-42.43038],[173.99246,-42.4514],[173.98837,-42.46727],[173.98379,-42.48009],[173.97996,-42.4888],[173.97126,-42.50485],[173.95634,-42.52588],[173.94712,-42.53622],[173.9284,-42.55395],[173.90178,-42.5745],[173.88311,-42.58693],[173.86146,-42.5991],[173.83712,-42.61037],[173.81822,-42.6175],[173.79016,-42.62558],[173.77036,-42.62979],[173.76081,-42.64514],[173.74668,-42.66485],[173.72987,-42.68383],[173.71596,-42.69654],[173.70021,-42.72306],[173.67608,-42.76857],[173.65772,-42.79781],[173.65113,-42.81238],[173.63926,-42.83431],[173.63123,-42.85875],[173.62229,-42.87694],[173.61362,-42.89074],[173.60673,-42.90001],[173.59339,-42.91529],[173.58298,-42.92543],[173.57812,-42.93994],[173.57158,-42.95467],[173.56381,-42.96852],[173.55615,-42.97971],[173.54515,-42.99356],[173.52848,-43.01054],[173.49095,-43.04248],[173.48282,-43.05356],[173.47139,-43.0669],[173.45437,-43.08325],[173.43174,-43.10046],[173.40827,-43.1146],[173.36065,-43.13892],[173.32334,-43.15362],[173.31302,-43.16739],[173.30192,-43.17965],[173.28237,-43.1975],[173.26018,-43.21355],[173.24642,-43.22186],[173.2269,-43.23187],[173.19889,-43.24335],[173.16463,-43.25349],[173.14622,-43.2574],[173.12395,-43.2608],[173.10484,-43.26257],[173.08368,-43.2634],[173.04469,-43.27452],[173.03505,-43.27818],[173.00635,-43.29584],[172.72535,-43.27762],[172.71385,-43.27877],[172.69678,-43.27867],[172.67413,-43.27581],[172.65854,-43.27586],[172.64166,-43.28005],[172.63501,-43.28022],[172.6259,-43.28217],[172.60368,-43.28261],[172.58886,-43.28033],[172.58017,-43.28164],[172.56262,-43.28273],[172.55023,-43.28268],[172.54787,-43.28289],[172.54804,-43.28371],[172.51639,-43.2829],[172.50724,-43.2816],[172.48957,-43.27758],[172.46386,-43.26308],[172.45368,-43.25885],[172.44283,-43.25588],[172.43134,-43.2548],[172.41119,-43.25543],[172.39637,-43.25666],[172.38221,-43.25926],[172.37716,-43.25946],[172.36992,-43.25843],[172.36208,-43.25622],[172.35777,-43.25329],[172.35157,-43.2525],[172.33532,-43.24457],[172.32237,-43.24106],[172.30941,-43.24124],[172.29015,-43.24354],[172.26576,-43.24178],[172.24823,-43.24403],[172.23108,-43.23783],[172.22977,-43.2355],[172.22977,-43.22987],[172.22834,-43.2281],[172.22605,-43.22699],[172.22301,-43.22736],[172.22011,-43.22985],[172.21562,-43.23022],[172.21103,-43.22888],[172.20717,-43.23034],[172.20751,-43.23256],[172.2049,-43.23626],[172.20162,-43.23568],[172.20436,-43.23439],[172.20527,-43.23197],[172.20118,-43.23439],[172.19978,-43.234],[172.19883,-43.23265],[172.19644,-43.23263],[172.19731,-43.22981],[172.19626,-43.22814],[172.19205,-43.22786],[172.19352,-43.22668],[172.19445,-43.22341],[172.19598,-43.22221],[172.20224,-43.22325],[172.20345,-43.2224],[172.19951,-43.21959],[172.20047,-43.21427],[172.1996,-43.2138],[172.19826,-43.21393],[172.19762,-43.21682],[172.19581,-43.21822],[172.19442,-43.21805],[172.18984,-43.21468],[172.18807,-43.21484],[172.18566,-43.21627],[172.18526,-43.21834],[172.18606,-43.22007],[172.18479,-43.22165],[172.17912,-43.22168],[172.17756,-43.22094],[172.17535,-43.22273],[172.17149,-43.2232],[172.16909,-43.22252],[172.16622,-43.22381],[172.16242,-43.2238],[172.16003,-43.22703],[172.1585,-43.2265],[172.15614,-43.2233],[172.15283,-43.22295],[172.15351,-43.22097],[172.15168,-43.21968],[172.15298,-43.21811],[172.15267,-43.21677],[172.14673,-43.21715],[172.14932,-43.21561],[172.14924,-43.20881],[172.14853,-43.20795],[172.14552,-43.20739],[172.14169,-43.20392],[172.14131,-43.19899],[172.13827,-43.19448],[172.14105,-43.18794],[172.14283,-43.18675],[172.14927,-43.18563],[172.15319,-43.18383],[172.15819,-43.1791],[172.1651,-43.17528],[172.17479,-43.18766],[172.18392,-43.18481],[172.18778,-43.18566],[172.19333,-43.18518],[172.19589,-43.18636],[172.2035,-43.18547],[172.20554,-43.18389],[172.20944,-43.18274],[172.21101,-43.1806],[172.21981,-43.17876],[172.22216,-43.17993],[172.22465,-43.17857],[172.22542,-43.1734],[172.22909,-43.17263],[172.23162,-43.1687],[172.23028,-43.1673],[172.22929,-43.16325],[172.2262,-43.16014],[172.23033,-43.1535],[172.23204,-43.15307],[172.23335,-43.15042],[172.23177,-43.14524],[172.23983,-43.13905],[172.24433,-43.13707],[172.24746,-43.12966],[172.24579,-43.12665],[172.24612,-43.12551],[172.25062,-43.12387],[172.25483,-43.12436],[172.25674,-43.12784],[172.25917,-43.12891],[172.26925,-43.12584],[172.27563,-43.12728],[172.29074,-43.12748],[172.32889,-43.14444],[172.33321,-43.14135],[172.3358,-43.14072],[172.3367,-43.13892],[172.34509,-43.1315],[172.35594,-43.13032],[172.35511,-43.12941],[172.35086,-43.12943],[172.34813,-43.12618],[172.34838,-43.12539],[172.3501,-43.12522],[172.35412,-43.12817],[172.35734,-43.12517],[172.36009,-43.12606],[172.36521,-43.12516],[172.36412,-43.12311],[172.36047,-43.12224],[172.36175,-43.12016],[172.3601,-43.11955],[172.36021,-43.11868],[172.36308,-43.11665],[172.35896,-43.11534],[172.35883,-43.11445],[172.36036,-43.11317],[172.35754,-43.10961],[172.35755,-43.10846],[172.35901,-43.10771],[172.36108,-43.10858],[172.36284,-43.10535],[172.36599,-43.10823],[172.36865,-43.10892],[172.37023,-43.10462],[172.37385,-43.10013],[172.37526,-43.10012],[172.37671,-43.10236],[172.38003,-43.10139],[172.37835,-43.10022],[172.37889,-43.09846],[172.37707,-43.09667],[172.38216,-43.09356],[172.38179,-43.08721],[172.38451,-43.08584],[172.38482,-43.08455],[172.38403,-43.08327],[172.38667,-43.08293],[172.38532,-43.0808],[172.38608,-43.07892],[172.38276,-43.07819],[172.37965,-43.07554],[172.38143,-43.07429],[172.38113,-43.07377],[172.37641,-43.07325],[172.37457,-43.07163],[172.3689,-43.06954],[172.36898,-43.06783],[172.36593,-43.06545],[172.36573,-43.06434],[172.36215,-43.06292],[172.36114,-43.06119],[172.35873,-43.06062],[172.35751,-43.05635],[172.35372,-43.0557],[172.34718,-43.05044],[172.34402,-43.0488],[172.33685,-43.04695],[172.33383,-43.04484],[172.32848,-43.03626],[172.32913,-43.03413],[172.33222,-43.03201],[172.33465,-43.02822],[172.33326,-43.02627],[172.33249,-43.01864],[172.3315,-43.01777],[172.32659,-43.0184],[172.32299,-43.02012],[172.31914,-43.02412],[172.31143,-43.02756],[172.30735,-43.02864],[172.29826,-43.02805],[172.28933,-43.02907],[172.28642,-43.02577],[172.28097,-43.02309],[172.26981,-43.01974],[172.267,-43.01722],[172.26549,-43.00695],[172.25802,-43.00415],[172.2573,-43.00279],[172.25792,-42.99917],[172.26095,-42.99574],[172.2644,-42.99378],[172.26976,-42.99299],[172.27139,-42.99187],[172.27042,-42.98865],[172.26789,-42.98659],[172.26847,-42.98526],[172.26645,-42.98381],[172.26665,-42.98134],[172.2639,-42.98301],[172.26361,-42.98023],[172.26244,-42.97938],[172.26164,-42.98214],[172.26089,-42.98275],[172.26005,-42.98232],[172.25923,-42.98025],[172.25982,-42.97861],[172.26102,-42.97811],[172.26123,-42.97668],[172.25849,-42.97822],[172.25413,-42.97739],[172.2527,-42.97891],[172.24329,-42.9821],[172.23456,-42.98137],[172.23175,-42.98255],[172.23051,-42.98183],[172.22874,-42.98206],[172.22389,-42.9752],[172.21966,-42.97391],[172.21678,-42.97056],[172.21375,-42.97039],[172.21201,-42.97362],[172.21109,-42.97083],[172.20938,-42.96973],[172.21002,-42.96619],[172.21494,-42.9672],[172.21464,-42.96583],[172.2128,-42.96471],[172.21426,-42.96344],[172.21567,-42.9598],[172.21822,-42.95724],[172.22309,-42.95663],[172.22629,-42.95257],[172.23361,-42.95152],[172.24183,-42.9463],[172.24744,-42.93712],[172.24575,-42.9326],[172.24581,-42.9245],[172.24459,-42.92168],[172.24509,-42.92073],[172.24396,-42.91658],[172.23651,-42.91404],[172.23085,-42.91001],[172.23607,-42.90522],[172.24424,-42.89422],[172.24674,-42.89287],[172.25095,-42.88836],[172.25388,-42.88642],[172.25611,-42.8804],[172.25843,-42.87778],[172.25723,-42.87575],[172.25747,-42.8709],[172.25021,-42.86657],[172.24196,-42.8661],[172.24059,-42.8641],[172.23918,-42.86382],[172.237,-42.86438],[172.23113,-42.86828],[172.22443,-42.86808],[172.22092,-42.86922],[172.21605,-42.86916],[172.21469,-42.87106],[172.21137,-42.87332],[172.20897,-42.87362],[172.20258,-42.87049],[172.19439,-42.86357],[172.19125,-42.8619],[172.18903,-42.86164],[172.1859,-42.86249],[172.1805,-42.86644],[172.17683,-42.86808],[172.17234,-42.86817],[172.16903,-42.86563],[172.16442,-42.86648],[172.15374,-42.87257],[172.14825,-42.8722],[172.14164,-42.86857],[172.14009,-42.86848],[172.13645,-42.87061],[172.13237,-42.87069],[172.12936,-42.87173],[172.12738,-42.87299],[172.12656,-42.87506],[172.12459,-42.87115],[172.11962,-42.86944],[172.11077,-42.86977],[172.10714,-42.87078],[172.10553,-42.87299],[172.10144,-42.86967],[172.09944,-42.866],[172.10015,-42.8589],[172.08501,-42.84301],[172.08456,-42.83938],[172.08281,-42.83711],[172.0775,-42.83544],[172.07398,-42.83627],[172.07151,-42.82946],[172.06905,-42.82866],[172.06172,-42.82915],[172.05769,-42.82634],[172.05465,-42.82069],[172.049,-42.81851],[172.04648,-42.8075],[172.03719,-42.8058],[172.03573,-42.80246],[172.03611,-42.79849],[172.02848,-42.79508],[172.02978,-42.78888],[172.0274,-42.78573],[172.02513,-42.78461],[172.01648,-42.78572],[172.01215,-42.78682],[172.0066,-42.79045],[172.00369,-42.79075],[172.00061,-42.78392],[172.00086,-42.78195],[171.99697,-42.78102],[171.99338,-42.78302],[171.99192,-42.78294],[171.97388,-42.77594],[171.966,-42.77566],[171.96059,-42.77236],[171.9559,-42.77251],[171.94983,-42.7709],[171.94464,-42.76732],[171.94321,-42.76463],[171.94097,-42.7626],[171.93754,-42.76214],[171.93251,-42.76362],[171.92723,-42.76124],[171.92385,-42.75812],[171.92,-42.75661],[171.91702,-42.75257],[171.91463,-42.75102],[171.91553,-42.74771],[171.91494,-42.74585],[171.91331,-42.74406],[171.90765,-42.74084],[171.89871,-42.74338],[171.89692,-42.74562],[171.89448,-42.74674],[171.88439,-42.74963],[171.88301,-42.74681],[171.88407,-42.73925],[171.88239,-42.73312],[171.88283,-42.72795],[171.88477,-42.7222],[171.88506,-42.71875],[171.88736,-42.71685],[171.90056,-42.71119],[171.90388,-42.70756],[171.90799,-42.7047],[171.9125,-42.69467],[171.91345,-42.69046],[171.9157,-42.68807],[171.91564,-42.68173],[171.92281,-42.67742],[171.92778,-42.67155],[171.92804,-42.66901],[171.92573,-42.66637],[171.92786,-42.66523],[171.93374,-42.66418],[171.94246,-42.66352],[171.94883,-42.66024],[171.95069,-42.6581],[171.95837,-42.65366],[171.96353,-42.65288],[171.96954,-42.65382],[171.97234,-42.65347],[171.97334,-42.65225],[171.97379,-42.6475],[171.97536,-42.64543],[171.97439,-42.63911],[171.98062,-42.63778],[171.9897,-42.63721],[171.99676,-42.63357],[172.00746,-42.63493],[172.01204,-42.63401],[172.01555,-42.63184],[172.01914,-42.6323],[172.02193,-42.63468],[172.02849,-42.63676],[172.0408,-42.63095],[172.04411,-42.63103],[172.04735,-42.63241],[172.05084,-42.62977],[172.0557,-42.62903],[172.05776,-42.62753],[172.06163,-42.62728],[172.06793,-42.62464],[172.07556,-42.62272],[172.07929,-42.62215],[172.08209,-42.62389],[172.08561,-42.62395],[172.08873,-42.62335],[172.09393,-42.62089],[172.09584,-42.61735],[172.09775,-42.61034],[172.10117,-42.60818],[172.10271,-42.60613],[172.09848,-42.59342],[172.10314,-42.58781],[172.10713,-42.5859],[172.10716,-42.58317],[172.1085,-42.58047],[172.11083,-42.5793],[172.11509,-42.57348],[172.11936,-42.56979],[172.12121,-42.56658],[172.1243,-42.56356],[172.12831,-42.56156],[172.12887,-42.55937],[172.1329,-42.55525],[172.14042,-42.55444],[172.14415,-42.5523],[172.14974,-42.55492],[172.15584,-42.5531],[172.16436,-42.54692],[172.16757,-42.54277],[172.17406,-42.5393],[172.17829,-42.53551],[172.1788,-42.53288],[172.18278,-42.52651],[172.18167,-42.52124],[172.18052,-42.52016],[172.18132,-42.51555],[172.18087,-42.51353],[172.18325,-42.50936],[172.18573,-42.50698],[172.18688,-42.50395],[172.19038,-42.50071],[172.19326,-42.49987],[172.19541,-42.49649],[172.20523,-42.49296],[172.20852,-42.4912],[172.21107,-42.48857],[172.21717,-42.48629],[172.21987,-42.48629],[172.2231,-42.4822],[172.22713,-42.47952],[172.23168,-42.47267],[172.23214,-42.46994],[172.23146,-42.46541],[172.23442,-42.46134],[172.23586,-42.45642],[172.23789,-42.45607],[172.24112,-42.45703],[172.25483,-42.45128],[172.25716,-42.45346],[172.26169,-42.45201],[172.264,-42.45461],[172.26555,-42.45513],[172.2728,-42.45096],[172.27879,-42.4499],[172.28668,-42.4441],[172.28983,-42.44305],[172.29328,-42.44041],[172.29346,-42.43843],[172.29551,-42.43626],[172.296,-42.43387],[172.30072,-42.42846],[172.30113,-42.4261],[172.29945,-42.42275],[172.29979,-42.42174],[172.31067,-42.4199],[172.31751,-42.4198],[172.32477,-42.41645],[172.3275,-42.41383],[172.32869,-42.41056],[172.3337,-42.40832],[172.33511,-42.40583],[172.33488,-42.40344],[172.33725,-42.39973],[172.34283,-42.39836],[172.34463,-42.39718],[172.34509,-42.39355],[172.34719,-42.39182],[172.3562,-42.39061],[172.36019,-42.38797],[172.36431,-42.3879],[172.36865,-42.38503],[172.38556,-42.38109],[172.39335,-42.37792],[172.41685,-42.38376],[172.42578,-42.37633],[172.42921,-42.37211],[172.4358,-42.36968],[172.4381,-42.37008],[172.44357,-42.36675],[172.44952,-42.35547],[172.44782,-42.35154],[172.44306,-42.34469],[172.44575,-42.33975],[172.44871,-42.32861],[172.45081,-42.32568],[172.45418,-42.32293],[172.45622,-42.3223],[172.46102,-42.32355],[172.46325,-42.32262],[172.46615,-42.31951],[172.46313,-42.31737],[172.46448,-42.31378],[172.46198,-42.31138],[172.4617,-42.30747],[172.4642,-42.30519],[172.4649,-42.30187],[172.47458,-42.29672],[172.47798,-42.29139],[172.47847,-42.29018],[172.47759,-42.28809],[172.47978,-42.28566],[172.47895,-42.28294],[172.48004,-42.2814],[172.47808,-42.27457],[172.47855,-42.27286],[172.48134,-42.27157],[172.48371,-42.26798],[172.48682,-42.26579],[172.49621,-42.26809],[172.5023,-42.26838],[172.51519,-42.26403],[172.51665,-42.26107],[172.51714,-42.25707],[172.52079,-42.25471],[172.52494,-42.2503],[172.53042,-42.24807],[172.53325,-42.24425],[172.53397,-42.24136],[172.54114,-42.24016],[172.54527,-42.23849],[172.5485,-42.23325],[172.55118,-42.23232],[172.55442,-42.22688],[172.55719,-42.22432],[172.55937,-42.21996],[172.56925,-42.21504],[172.57503,-42.2157],[172.57799,-42.21441],[172.58346,-42.21679],[172.58884,-42.2154],[172.59275,-42.21308],[172.59679,-42.20797],[172.59912,-42.20728],[172.60156,-42.20515],[172.60587,-42.20379],[172.60732,-42.1991],[172.60953,-42.19687],[172.61455,-42.19553],[172.61622,-42.19416],[172.61712,-42.19256],[172.61662,-42.19046],[172.61715,-42.18918],[172.61442,-42.18521],[172.61366,-42.1824],[172.6114,-42.18023],[172.61214,-42.17845],[172.61127,-42.17534],[172.61207,-42.17404],[172.60975,-42.16925],[172.60969,-42.16584],[172.61208,-42.16112],[172.61177,-42.15808],[172.61455,-42.15565],[172.6158,-42.15271],[172.61899,-42.14974],[172.61968,-42.14798],[172.62687,-42.14291],[172.62947,-42.13913],[172.63444,-42.13762],[172.63695,-42.13459],[172.64086,-42.1329],[172.64039,-42.13107],[172.63481,-42.1263],[172.63347,-42.12289],[172.63166,-42.1219],[172.63279,-42.11917],[172.63211,-42.11346],[172.63338,-42.11098],[172.63283,-42.10782],[172.63496,-42.10514],[172.6356,-42.10243],[172.63884,-42.10084],[172.64588,-42.10094],[172.65976,-42.09771],[172.66523,-42.09467],[172.66903,-42.09428],[172.67134,-42.09129],[172.6784,-42.08785],[172.68138,-42.0885],[172.68459,-42.0924],[172.68434,-42.09542],[172.68615,-42.10002],[172.68675,-42.10421],[172.69096,-42.10655],[172.69572,-42.10429],[172.69775,-42.10233],[172.70168,-42.1013],[172.71769,-42.10164],[172.72147,-42.10349],[172.72357,-42.09913],[172.72573,-42.09768],[172.72742,-42.09447],[172.72721,-42.09155],[172.72346,-42.08223],[172.72605,-42.0782],[172.72551,-42.07408],[172.72842,-42.07258],[172.73155,-42.06961],[172.7319,-42.06434],[172.7353,-42.0579],[172.73314,-42.05662],[172.73148,-42.05354],[172.7327,-42.04988],[172.73237,-42.04408],[172.73401,-42.0406],[172.73304,-42.03445],[172.7361,-42.03412],[172.73909,-42.03199],[172.7462,-42.03371],[172.75025,-42.03265],[172.75374,-42.0341],[172.75563,-42.03601],[172.75714,-42.036],[172.76398,-42.02634],[172.77331,-42.02224],[172.77387,-42.0205],[172.77981,-42.01481],[172.78332,-42.00892],[172.78199,-42.00758],[172.78142,-42.00444],[172.77816,-42.00221],[172.77904,-41.99806],[172.78719,-41.99167],[172.79194,-41.99251],[172.79655,-41.98962],[172.79912,-41.98686],[172.80299,-41.98518],[172.80383,-41.98156],[172.80696,-41.97704],[172.80937,-41.97498],[172.80874,-41.97118],[172.81162,-41.96501],[172.81064,-41.96182],[172.80802,-41.95912],[172.80806,-41.95813],[172.8146,-41.95451],[172.81907,-41.95313],[172.82222,-41.95081],[172.83707,-41.94719],[172.84716,-41.94257],[172.84907,-41.93925],[172.84878,-41.93653],[172.85013,-41.93204],[172.85293,-41.92736],[172.85502,-41.92538],[172.86111,-41.92247],[172.86232,-41.91972],[172.86177,-41.91611],[172.86473,-41.90888],[172.86003,-41.89755],[172.85317,-41.89473],[172.85189,-41.89192],[172.84595,-41.89156],[172.8447,-41.89086],[172.84478,-41.88445],[172.8469,-41.87952],[172.84648,-41.87657],[172.84757,-41.87429],[172.85095,-41.87136],[172.85557,-41.86964],[172.85916,-41.86683],[172.86152,-41.86677],[172.86441,-41.86878],[172.86767,-41.86659],[172.869,-41.85917],[172.86806,-41.85519],[172.87261,-41.85028],[172.87254,-41.84396],[172.87597,-41.84018],[172.88048,-41.8322],[172.88949,-41.82109],[172.89096,-41.81825],[172.89691,-41.8162],[172.90098,-41.81244],[172.90781,-41.80871],[172.91725,-41.79834],[172.92631,-41.79386],[172.92996,-41.78739],[172.93875,-41.78475],[172.94568,-41.78093],[172.94151,-41.77227],[172.93906,-41.77258],[172.94449,-41.76941],[172.94439,-41.76609],[172.9358,-41.77009],[172.93632,-41.77121],[172.93575,-41.77129],[172.93574,-41.76971],[172.93306,-41.76918],[172.93298,-41.76186],[172.92624,-41.75773],[172.92668,-41.75045],[172.92604,-41.74841],[172.93062,-41.74381],[172.94244,-41.74883],[172.94576,-41.74881],[172.94981,-41.75018],[172.95789,-41.74952],[172.96398,-41.74432],[173.00379,-41.7248],[173.05738,-41.66846],[173.05811,-41.66565],[173.05722,-41.6637],[173.05821,-41.66055],[173.05397,-41.65194],[173.05534,-41.64602],[173.05368,-41.6431],[173.05358,-41.63774],[173.05396,-41.63629],[173.05818,-41.63169],[173.05843,-41.62988],[173.05756,-41.62792],[173.0588,-41.62564],[173.06724,-41.62355],[173.0756,-41.62533],[173.08039,-41.62417],[173.08423,-41.62513],[173.08926,-41.62415],[173.09882,-41.61774],[173.10182,-41.61186],[173.1035,-41.61026],[173.12148,-41.60802],[173.12578,-41.60324],[173.12908,-41.59202],[173.13215,-41.58965],[173.13412,-41.58889],[173.13956,-41.59012],[173.14662,-41.58659],[173.15156,-41.58555],[173.15377,-41.58237],[173.15456,-41.57888],[173.1547,-41.57494],[173.15353,-41.5733],[173.15544,-41.56991],[173.15517,-41.56827],[173.15939,-41.56503],[173.16029,-41.5611],[173.16344,-41.5557],[173.16551,-41.54982],[173.16971,-41.54803],[173.17457,-41.54245],[173.17386,-41.53917],[173.1687,-41.53115],[173.16955,-41.52817],[173.17244,-41.52409],[173.1746,-41.52589],[173.17839,-41.52727],[173.18318,-41.52752],[173.18627,-41.52881],[173.18924,-41.52736],[173.19358,-41.52737],[173.19641,-41.52608],[173.1987,-41.52304],[173.20367,-41.52026],[173.2156,-41.51823],[173.22075,-41.519],[173.22463,-41.51869],[173.2301,-41.52059],[173.23386,-41.51958],[173.23769,-41.52274],[173.24581,-41.52317],[173.24927,-41.52449],[173.2523,-41.52382],[173.2553,-41.52115],[173.26418,-41.52191],[173.27004,-41.51915],[173.27946,-41.5165],[173.28378,-41.51692],[173.28712,-41.51826],[173.29866,-41.51559],[173.30014,-41.51265],[173.30393,-41.50871],[173.30406,-41.50593],[173.2968,-41.50111],[173.28885,-41.49327],[173.28204,-41.49199],[173.27467,-41.4888],[173.27366,-41.48763],[173.27337,-41.48484],[173.26845,-41.4798],[173.26264,-41.47637],[173.2563,-41.46902],[173.25083,-41.46658],[173.25371,-41.46267],[173.26063,-41.45789],[173.26024,-41.45455],[173.26271,-41.45213],[173.26472,-41.45077],[173.2711,-41.45014],[173.27354,-41.44895],[173.27637,-41.43951],[173.28192,-41.4371],[173.28349,-41.43354],[173.28834,-41.43132],[173.29485,-41.42564],[173.2889,-41.4172],[173.28993,-41.41587],[173.28958,-41.41423],[173.2854,-41.40544],[173.28611,-41.40459],[173.28501,-41.4027],[173.28613,-41.40114],[173.28846,-41.4005],[173.29756,-41.39307],[173.30452,-41.39336],[173.30834,-41.39094],[173.3175,-41.38937],[173.32159,-41.38696],[173.33752,-41.38554],[173.3394,-41.38361],[173.34055,-41.37838],[173.3442,-41.37586],[173.34585,-41.37222],[173.35721,-41.36095],[173.36075,-41.3532],[173.376,-41.34234],[173.39397,-41.33673],[173.40679,-41.33096],[173.41476,-41.32306],[173.41747,-41.31749],[173.41647,-41.31567],[173.41664,-41.31345],[173.41994,-41.31062],[173.42077,-41.30843],[173.4191,-41.30518],[173.41927,-41.30194],[173.42099,-41.29977],[173.41551,-41.28878],[173.42671,-41.28098],[173.43133,-41.27609],[173.43697,-41.27289],[173.44011,-41.2695],[173.44166,-41.26428],[173.44636,-41.26077],[173.45567,-41.2561],[173.45956,-41.25273],[173.46048,-41.25018],[173.46361,-41.24881],[173.47115,-41.2428],[173.47232,-41.23947],[173.47272,-41.23405],[173.4762,-41.22892],[173.48338,-41.22587],[173.48774,-41.22161],[173.49485,-41.21896],[173.50401,-41.21766],[173.50714,-41.21551],[173.5128,-41.2152],[173.5158,-41.2139],[173.51924,-41.21046],[173.52037,-41.20664],[173.52201,-41.20663],[173.5201,-41.19998],[173.52233,-41.19829],[173.53429,-41.19588],[173.5376,-41.19279],[173.54032,-41.19269],[173.54391,-41.18979],[173.54919,-41.19136],[173.55359,-41.19051],[173.55699,-41.19173],[173.55819,-41.18978],[173.5625,-41.191],[173.56738,-41.19004],[173.56913,-41.18888],[173.56906,-41.18695],[173.57113,-41.18646],[173.57283,-41.18406],[173.57442,-41.18372],[173.57428,-41.18044],[173.57634,-41.17142],[173.57872,-41.16619],[173.57998,-41.16414],[173.58091,-41.16398],[173.58054,-41.16071],[173.57928,-41.15929],[173.58131,-41.15532],[173.57823,-41.15169],[173.5784,-41.15053],[173.58146,-41.14839],[173.58185,-41.14659],[173.58161,-41.14507],[173.57998,-41.14313],[173.57991,-41.13782],[173.57857,-41.13594],[173.5808,-41.13132],[173.58072,-41.12781],[173.5791,-41.12406],[173.57986,-41.1208],[173.58344,-41.11885],[173.58547,-41.11451],[173.59001,-41.10845],[173.59017,-41.10731],[173.5873,-41.10386],[173.58821,-41.10011],[173.59653,-41.08943],[173.59392,-41.08041],[173.59191,-41.07837],[173.59561,-41.07516],[173.59862,-41.07111],[173.59872,-41.06796],[173.59662,-41.06575],[173.59612,-41.06329],[173.59703,-41.05808],[173.50067,-40.86287],[173.50305,-40.85845],[173.50507,-40.84751],[173.50919,-40.83278],[173.51864,-40.80652],[173.52156,-40.79106],[173.52546,-40.77762],[173.53579,-40.7533],[173.54713,-40.73464],[173.56515,-40.70963],[173.57277,-40.70045],[173.58258,-40.67875],[173.595,-40.65901],[173.61096,-40.63959],[173.62812,-40.62309],[173.6395,-40.61378],[173.65633,-40.60201],[173.6803,-40.58833],[173.70277,-40.57241],[173.72327,-40.56072],[173.74931,-40.54905],[173.77139,-40.54124],[173.79259,-40.5279],[173.82241,-40.51331],[173.8433,-40.50007],[173.86157,-40.49074],[173.88455,-40.48098],[173.91558,-40.47126],[173.94569,-40.4651],[173.96558,-40.46245],[173.98195,-40.46124],[174.00483,-40.46081],[174.03701,-40.46283],[174.06365,-40.46687],[174.09233,-40.4737],[174.12145,-40.48368],[174.1488,-40.49629],[174.17239,-40.5102],[174.19654,-40.52808],[174.21413,-40.54425],[174.22664,-40.55725],[174.23534,-40.5677],[174.25025,-40.58998],[174.26096,-40.61231],[174.26685,-40.63012],[174.26969,-40.64339],[174.27151,-40.65674],[174.28584,-40.67375],[174.2979,-40.692],[174.30746,-40.71078],[174.31459,-40.73049],[174.3328,-40.7437],[174.34684,-40.75594],[174.36139,-40.77093],[174.37297,-40.78551],[174.39232,-40.78844],[174.42028,-40.79486],[174.44486,-40.80284],[174.46951,-40.81301],[174.49069,-40.82418],[174.51203,-40.83807],[174.53099,-40.8532],[174.54255,-40.86426],[174.55769,-40.87031],[174.57334,-40.87782],[174.59112,-40.88778],[174.60348,-40.89586],[174.55916,-41.02419],[174.53965,-41.10551]]]},"properties":{"name":"Kaikōura"}},{"type":"Feature","id":19,"geometry":{"type":"Polygon","coordinates":[[[175.08383,-35.69983],[175.09081,-35.70065],[175.11612,-35.69936],[175.1435,-35.70044],[175.16424,-35.703],[175.18121,-35.70614],[175.20184,-35.71144],[175.22447,-35.71923],[175.24082,-35.72619],[175.26553,-35.73966],[175.22286,-35.7468],[175.18745,-35.75725],[175.1673,-35.765],[175.14736,-35.77504],[175.1303,-35.7854],[175.11203,-35.79929],[175.09711,-35.81315],[175.08158,-35.83244],[175.06871,-35.85478],[175.02172,-35.96109],[175.00112,-36.00186],[174.99122,-36.02644],[174.98523,-36.04662],[174.98097,-36.06765],[174.97887,-36.08641],[174.97808,-36.10713],[174.97864,-36.15402],[174.98983,-36.5036],[174.98866,-36.52827],[174.98503,-36.54474],[174.72028,-36.55073],[174.71526,-36.54907],[174.70889,-36.54211],[174.70661,-36.54217],[174.70258,-36.54037],[174.69582,-36.53969],[174.69335,-36.5379],[174.69205,-36.53796],[174.68826,-36.54035],[174.68352,-36.53815],[174.68103,-36.53816],[174.68096,-36.5458],[174.68,-36.55185],[174.68123,-36.55678],[174.68062,-36.55952],[174.67888,-36.5621],[174.6721,-36.56721],[174.66574,-36.58016],[174.66289,-36.5939],[174.66223,-36.60293],[174.6601,-36.60958],[174.66038,-36.61228],[174.6628,-36.6171],[174.66293,-36.6209],[174.65711,-36.62097],[174.65591,-36.62237],[174.64921,-36.62563],[174.64221,-36.6276],[174.63382,-36.62869],[174.63023,-36.63033],[174.6207,-36.63256],[174.61529,-36.63321],[174.61225,-36.63272],[174.60879,-36.63509],[174.60266,-36.63751],[174.58415,-36.64158],[174.58848,-36.64648],[174.58706,-36.64737],[174.58915,-36.64806],[174.58429,-36.65232],[174.58796,-36.65506],[174.58672,-36.65604],[174.58834,-36.65793],[174.58504,-36.66098],[174.58706,-36.66337],[174.58034,-36.67128],[174.57557,-36.67165],[174.56881,-36.67037],[174.56595,-36.67209],[174.56511,-36.6758],[174.56558,-36.67701],[174.56743,-36.67745],[174.57094,-36.6804],[174.57462,-36.68128],[174.57421,-36.68625],[174.57149,-36.68887],[174.5726,-36.69066],[174.57472,-36.69131],[174.57578,-36.69281],[174.57815,-36.6934],[174.5829,-36.69312],[174.58274,-36.6966],[174.58387,-36.69843],[174.59277,-36.7025],[174.59398,-36.70373],[174.5947,-36.70655],[174.59759,-36.70914],[174.60084,-36.70928],[174.60381,-36.71117],[174.60426,-36.71298],[174.6064,-36.71468],[174.6106,-36.71121],[174.61328,-36.71042],[174.61593,-36.71065],[174.61878,-36.7068],[174.62569,-36.70381],[174.62689,-36.70729],[174.62647,-36.71057],[174.62748,-36.7137],[174.63217,-36.71505],[174.63433,-36.71653],[174.63916,-36.71724],[174.63947,-36.71821],[174.64388,-36.71769],[174.64302,-36.71932],[174.64492,-36.72144],[174.64659,-36.72124],[174.64869,-36.72433],[174.65006,-36.72502],[174.65073,-36.72693],[174.6539,-36.72542],[174.6546,-36.72737],[174.6582,-36.72781],[174.65805,-36.73058],[174.6591,-36.73357],[174.66025,-36.73442],[174.65725,-36.73678],[174.65509,-36.74144],[174.64505,-36.74551],[174.64002,-36.7459],[174.63837,-36.74679],[174.63817,-36.74925],[174.6394,-36.7498],[174.63719,-36.75102],[174.63884,-36.75207],[174.63547,-36.75253],[174.63578,-36.75509],[174.63318,-36.76014],[174.6324,-36.77358],[174.61952,-36.77278],[174.6138,-36.77345],[174.60813,-36.77241],[174.60761,-36.77405],[174.60424,-36.77688],[174.60007,-36.7826],[174.59973,-36.78154],[174.59705,-36.78217],[174.59621,-36.78338],[174.59737,-36.78262],[174.59887,-36.78344],[174.59852,-36.78452],[174.59589,-36.78551],[174.5934,-36.78857],[174.59179,-36.78818],[174.59154,-36.79407],[174.58825,-36.79536],[174.5883,-36.79716],[174.58572,-36.80277],[174.58652,-36.80306],[174.58564,-36.80451],[174.58707,-36.80611],[174.58545,-36.80718],[174.58641,-36.8076],[174.587,-36.81163],[174.58838,-36.81274],[174.59114,-36.81841],[174.58909,-36.81954],[174.58943,-36.82101],[174.58727,-36.82386],[174.5842,-36.82552],[174.58218,-36.82776],[174.58131,-36.83294],[174.58489,-36.83457],[174.58634,-36.83634],[174.58444,-36.83786],[174.58274,-36.83771],[174.5792,-36.84329],[174.57756,-36.8446],[174.53962,-36.84015],[174.53839,-36.8443],[174.53662,-36.84208],[174.53594,-36.8422],[174.53302,-36.83762],[174.52338,-36.84235],[174.51938,-36.83779],[174.51256,-36.84213],[174.51086,-36.83935],[174.51093,-36.8364],[174.51157,-36.83591],[174.50595,-36.83504],[174.50364,-36.83338],[174.50226,-36.83484],[174.49638,-36.83454],[174.49288,-36.83549],[174.48921,-36.83501],[174.48723,-36.83587],[174.4831,-36.83502],[174.48105,-36.8329],[174.47558,-36.83399],[174.47385,-36.83445],[174.47083,-36.83691],[174.46957,-36.83697],[174.46589,-36.84087],[174.46396,-36.84556],[174.46231,-36.84627],[174.46179,-36.84756],[174.46032,-36.8485],[174.45598,-36.84743],[174.45421,-36.84872],[174.45409,-36.84943],[174.45756,-36.85258],[174.45717,-36.855],[174.45588,-36.85652],[174.45647,-36.85723],[174.45582,-36.85817],[174.45701,-36.85799],[174.45602,-36.85935],[174.4567,-36.86046],[174.45355,-36.86306],[174.45409,-36.86439],[174.45252,-36.86407],[174.44745,-36.86684],[174.44818,-36.8695],[174.45142,-36.87095],[174.45184,-36.87323],[174.44628,-36.87499],[174.44546,-36.87662],[174.17292,-36.87948],[174.17024,-36.86718],[174.15542,-36.84765],[174.14074,-36.82215],[174.12778,-36.80805],[174.12006,-36.79812],[174.11225,-36.78655],[174.10333,-36.77073],[174.09532,-36.75961],[174.08779,-36.74709],[174.07377,-36.73131],[174.05934,-36.71019],[174.04156,-36.694],[174.02586,-36.67587],[174.00984,-36.65971],[173.9994,-36.64698],[173.99391,-36.63899],[173.98132,-36.6269],[173.96756,-36.61055],[173.89663,-36.55851],[174.12296,-36.43514],[174.15842,-36.41792],[174.18442,-36.40671],[174.19305,-36.40159],[174.19535,-36.39881],[174.20187,-36.38541],[174.21486,-36.34554],[174.23505,-36.30139],[174.23707,-36.29798],[174.23912,-36.29626],[174.2427,-36.29526],[174.24839,-36.2956],[174.2706,-36.29806],[174.29368,-36.30181],[174.30085,-36.30538],[174.30711,-36.31438],[174.31184,-36.31764],[174.31499,-36.31805],[174.32188,-36.31526],[174.32395,-36.31513],[174.33405,-36.31936],[174.34242,-36.31982],[174.3511,-36.31783],[174.35766,-36.31511],[174.36065,-36.31181],[174.36437,-36.30452],[174.37181,-36.29902],[174.37766,-36.29704],[174.39232,-36.29534],[174.39899,-36.29256],[174.40357,-36.28882],[174.40841,-36.28145],[174.41198,-36.27767],[174.42675,-36.27267],[174.42933,-36.26764],[174.43251,-36.26651],[174.43647,-36.2663],[174.43967,-36.26491],[174.44871,-36.2584],[174.45383,-36.25328],[174.45645,-36.25331],[174.45788,-36.25798],[174.4609,-36.26036],[174.46471,-36.26107],[174.46808,-36.25984],[174.4697,-36.25778],[174.47321,-36.24913],[174.47364,-36.24428],[174.47232,-36.23956],[174.47257,-36.23717],[174.4783,-36.22952],[174.481,-36.2281],[174.48317,-36.22803],[174.48354,-36.2302],[174.48508,-36.2296],[174.48592,-36.22895],[174.48579,-36.22578],[174.48853,-36.22295],[174.4895,-36.22414],[174.49845,-36.22432],[174.50243,-36.2206],[174.50636,-36.21965],[174.51851,-36.21048],[174.52113,-36.21092],[174.523,-36.21008],[174.5254,-36.20783],[174.5232,-36.20471],[174.52452,-36.20278],[174.52316,-36.20151],[174.5223,-36.19722],[174.52629,-36.19346],[174.52665,-36.19183],[174.53031,-36.18961],[174.53124,-36.18692],[174.53457,-36.18351],[174.5397,-36.18282],[174.54585,-36.17948],[174.54802,-36.18021],[174.55185,-36.17743],[174.55618,-36.17755],[174.55795,-36.17852],[174.56283,-36.17909],[174.5641,-36.17384],[174.56576,-36.17411],[174.56564,-36.17131],[174.57029,-36.1719],[174.57115,-36.16615],[174.58019,-36.16703],[174.58285,-36.16437],[174.58267,-36.1622],[174.58513,-36.16081],[174.58672,-36.15768],[174.58396,-36.1559],[174.58257,-36.14824],[174.58409,-36.14418],[174.58568,-36.14212],[174.58838,-36.14053],[174.59372,-36.14181],[174.59856,-36.14028],[174.59905,-36.13848],[174.6017,-36.13671],[174.60085,-36.13323],[174.6068,-36.13278],[174.60686,-36.13025],[174.60447,-36.12709],[174.60687,-36.12281],[174.60591,-36.12162],[174.61678,-36.1175],[174.78256,-36.00708],[174.80915,-35.98587],[174.82979,-35.96605],[174.85745,-35.93001],[174.87274,-35.9071],[174.88726,-35.87957],[174.8983,-35.85115],[174.90732,-35.81895],[174.91209,-35.78813],[174.91315,-35.77015],[174.91366,-35.73586],[174.91319,-35.72605],[174.91138,-35.71328],[174.93202,-35.72472],[174.95293,-35.71608],[174.97157,-35.71001],[174.99462,-35.70429],[175.00737,-35.70203],[175.0391,-35.69873],[175.06692,-35.69859],[175.08383,-35.69983]]]},"properties":{"name":"Kaipara ki Mahurangi"}},{"type":"Feature","id":20,"geometry":{"type":"Polygon","coordinates":[[[175.17328,-40.71965],[175.1747,-40.71937],[175.17834,-40.72135],[175.18377,-40.7179],[175.20443,-40.73027],[175.20295,-40.73149],[175.20651,-40.73209],[175.20433,-40.73939],[175.20197,-40.73897],[175.19872,-40.74343],[175.18983,-40.74184],[175.18867,-40.74304],[175.18825,-40.74511],[175.19312,-40.75265],[175.19302,-40.75732],[175.20139,-40.75932],[175.20032,-40.76093],[175.20112,-40.76122],[175.20786,-40.76095],[175.21323,-40.76324],[175.21896,-40.76247],[175.22159,-40.75999],[175.22814,-40.75665],[175.23151,-40.75695],[175.23487,-40.75595],[175.24376,-40.75838],[175.24449,-40.75977],[175.24968,-40.76139],[175.25314,-40.76443],[175.26113,-40.76554],[175.26479,-40.76813],[175.2689,-40.7687],[175.27332,-40.76675],[175.27677,-40.76626],[175.2789,-40.7634],[175.2837,-40.76152],[175.28874,-40.75587],[175.29137,-40.75414],[175.29767,-40.75206],[175.29995,-40.75326],[175.30511,-40.75245],[175.30704,-40.75173],[175.30744,-40.75021],[175.30925,-40.74973],[175.32658,-40.74938],[175.32769,-40.74782],[175.32834,-40.74416],[175.33164,-40.74588],[175.33276,-40.74878],[175.3361,-40.75174],[175.33759,-40.75163],[175.33898,-40.74992],[175.3411,-40.7493],[175.34643,-40.75218],[175.35287,-40.74629],[175.35223,-40.74247],[175.353,-40.74023],[175.35183,-40.7349],[175.35557,-40.73129],[175.35576,-40.73011],[175.36037,-40.73278],[175.36084,-40.73156],[175.36425,-40.73068],[175.36762,-40.72772],[175.37149,-40.72682],[175.37482,-40.72923],[175.37747,-40.73254],[175.38882,-40.73103],[175.39476,-40.73603],[175.39829,-40.73754],[175.40208,-40.73685],[175.40443,-40.73531],[175.40742,-40.73575],[175.41264,-40.73873],[175.41636,-40.74205],[175.41935,-40.74272],[175.42308,-40.74553],[175.4253,-40.7454],[175.42288,-40.74852],[175.41872,-40.74995],[175.41435,-40.75081],[175.4098,-40.7506],[175.40497,-40.75219],[175.39975,-40.75512],[175.3984,-40.75735],[175.39626,-40.75829],[175.39363,-40.76195],[175.39273,-40.76502],[175.39312,-40.76731],[175.38866,-40.77079],[175.3846,-40.77832],[175.38019,-40.7805],[175.37899,-40.78479],[175.37904,-40.78837],[175.37597,-40.79403],[175.37686,-40.79573],[175.37652,-40.79901],[175.37744,-40.80113],[175.37646,-40.80389],[175.37696,-40.80912],[175.35972,-40.81221],[175.35664,-40.8148],[175.3577,-40.81816],[175.35624,-40.82152],[175.35421,-40.82329],[175.35389,-40.82664],[175.35531,-40.8306],[175.35781,-40.83409],[175.35546,-40.83835],[175.35613,-40.84783],[175.35715,-40.85349],[175.35875,-40.85732],[175.35831,-40.8595],[175.36051,-40.86127],[175.35895,-40.86441],[175.35871,-40.86848],[175.36107,-40.87293],[175.35685,-40.88451],[175.35658,-40.8884],[175.34931,-40.89726],[175.34677,-40.89873],[175.33915,-40.89947],[175.33757,-40.90034],[175.33699,-40.9036],[175.33518,-40.90506],[175.33413,-40.90801],[175.33321,-40.91451],[175.31773,-40.91791],[175.31447,-40.92064],[175.31373,-40.92294],[175.31056,-40.92551],[175.29998,-40.92579],[175.293,-40.93062],[175.28514,-40.93406],[175.27095,-40.93742],[175.27022,-40.93895],[175.27262,-40.94117],[175.27111,-40.94451],[175.27483,-40.94453],[175.27977,-40.94906],[175.28169,-40.95228],[175.28075,-40.95687],[175.27783,-40.95893],[175.27649,-40.9615],[175.27235,-40.96343],[175.26715,-40.96724],[175.26192,-40.9675],[175.26112,-40.97088],[175.24606,-40.97186],[175.23894,-40.96937],[175.23381,-40.97279],[175.22842,-40.97339],[175.22454,-40.97233],[175.21951,-40.96717],[175.21627,-40.96596],[175.20757,-40.9684],[175.20277,-40.97895],[175.20144,-40.97987],[175.19843,-40.97988],[175.19687,-40.97912],[175.19348,-40.97354],[175.18696,-40.96961],[175.18198,-40.97282],[175.17862,-40.97289],[175.17368,-40.97098],[175.17043,-40.96552],[175.16926,-40.96507],[175.16683,-40.96599],[175.1643,-40.96558],[175.16518,-40.96746],[175.16468,-40.96769],[175.16247,-40.96695],[175.16039,-40.96849],[175.15721,-40.96882],[175.15361,-40.96659],[175.14733,-40.96717],[175.14477,-40.96449],[175.13445,-40.96459],[175.12919,-40.94934],[175.11156,-40.95282],[175.11381,-40.9549],[175.11436,-40.95685],[175.09172,-40.96128],[175.09877,-40.98213],[175.07499,-40.98213],[175.07554,-40.98311],[175.07436,-40.98332],[175.06763,-40.97377],[175.06338,-40.9721],[175.06298,-40.97084],[175.06168,-40.97027],[175.03961,-41.03563],[175.03977,-41.03739],[175.04138,-41.03764],[175.04034,-41.03973],[175.03824,-41.03997],[175.03944,-41.0412],[175.04216,-41.03994],[175.04457,-41.04055],[175.04448,-41.04251],[175.04166,-41.04286],[175.04448,-41.04383],[175.04445,-41.04616],[175.04744,-41.0453],[175.05491,-41.04552],[175.05437,-41.0505],[175.05558,-41.05348],[175.05521,-41.05566],[175.05623,-41.05716],[175.05522,-41.05866],[175.05525,-41.0619],[175.05237,-41.06188],[175.05151,-41.06602],[175.05393,-41.07286],[175.02685,-41.07281],[175.02682,-41.08249],[175.02944,-41.08346],[175.02985,-41.08478],[175.03223,-41.08659],[175.03246,-41.08858],[175.03375,-41.08922],[175.0343,-41.09507],[175.03251,-41.09566],[175.03203,-41.09664],[175.0328,-41.09762],[175.0347,-41.0973],[175.03578,-41.09797],[175.0346,-41.1014],[175.035,-41.10208],[175.02229,-41.10316],[175.01799,-41.10227],[175.00875,-41.10643],[175.0107,-41.10659],[175.01213,-41.1079],[175.00885,-41.10975],[175.00887,-41.11375],[174.99897,-41.11416],[174.99779,-41.11341],[174.99071,-41.11514],[174.98881,-41.11808],[174.98939,-41.11857],[174.98896,-41.1197],[174.99003,-41.11958],[174.98959,-41.12014],[174.9906,-41.12063],[174.99015,-41.12232],[174.98933,-41.12312],[174.98723,-41.12282],[174.98619,-41.12567],[174.98369,-41.12655],[174.98354,-41.12742],[174.98526,-41.12716],[174.98513,-41.12783],[174.98171,-41.13039],[174.98205,-41.13223],[174.98071,-41.13257],[174.97983,-41.135],[174.97784,-41.13614],[174.97488,-41.13371],[174.97504,-41.13275],[174.97433,-41.13278],[174.97235,-41.13654],[174.97319,-41.13744],[174.97259,-41.13857],[174.97372,-41.14099],[174.96456,-41.14751],[174.95168,-41.14497],[174.94864,-41.15313],[174.93893,-41.15087],[174.93668,-41.15229],[174.93467,-41.15234],[174.93293,-41.15053],[174.92775,-41.15152],[174.92663,-41.15103],[174.92725,-41.14923],[174.91601,-41.14702],[174.91593,-41.14475],[174.91483,-41.14334],[174.91553,-41.14087],[174.91097,-41.13997],[174.90766,-41.14956],[174.8992,-41.1479],[174.89541,-41.15279],[174.88331,-41.14742],[174.89034,-41.13835],[174.89308,-41.12896],[174.88509,-41.1263],[174.87601,-41.11337],[174.86163,-41.10612],[174.86508,-41.10329],[174.86569,-41.10165],[174.86354,-41.09815],[174.86407,-41.09328],[174.86226,-41.09105],[174.85492,-41.08663],[174.84727,-41.08559],[174.83448,-41.08628],[174.81379,-41.09225],[174.78558,-41.10922],[174.7566,-41.13174],[174.55916,-41.02419],[174.60348,-40.89586],[174.60259,-40.87128],[174.60347,-40.86054],[174.6063,-40.8444],[174.61375,-40.82039],[174.6174,-40.81177],[174.6252,-40.79701],[174.63586,-40.78085],[174.64738,-40.76653],[174.65989,-40.75358],[174.68962,-40.72748],[174.70107,-40.71255],[174.71734,-40.69548],[174.72821,-40.68589],[174.74564,-40.67274],[174.77476,-40.65542],[174.79636,-40.64548],[174.81331,-40.63907],[174.82924,-40.63407],[174.85141,-40.62859],[175.13607,-40.7002],[175.17074,-40.7107],[175.16929,-40.71815],[175.17328,-40.71965]]]},"properties":{"name":"Kapiti"}},{"type":"Feature","id":21,"geometry":{"type":"Polygon","coordinates":[[[174.55916,-41.02419],[174.7566,-41.13174],[174.78558,-41.10922],[174.81379,-41.09225],[174.82811,-41.08773],[174.83771,-41.0858],[174.84727,-41.08559],[174.85492,-41.08663],[174.86052,-41.08948],[174.86407,-41.09328],[174.86353,-41.09811],[174.86558,-41.1023],[174.86163,-41.10612],[174.87601,-41.11337],[174.88509,-41.1263],[174.89308,-41.12896],[174.89034,-41.13835],[174.88331,-41.14742],[174.89541,-41.15279],[174.87929,-41.17351],[174.88034,-41.17374],[174.87893,-41.17792],[174.87568,-41.17648],[174.87534,-41.17851],[174.86806,-41.18633],[174.85449,-41.18466],[174.85436,-41.18784],[174.85278,-41.19292],[174.85076,-41.19203],[174.84597,-41.19305],[174.84549,-41.19411],[174.84085,-41.19401],[174.84221,-41.19579],[174.84223,-41.19717],[174.84374,-41.19676],[174.84433,-41.19832],[174.83748,-41.20261],[174.83398,-41.20218],[174.82784,-41.20895],[174.8264,-41.21489],[174.82896,-41.21949],[174.82539,-41.21905],[174.82521,-41.21979],[174.8241,-41.21978],[174.82398,-41.22073],[174.8229,-41.22026],[174.82256,-41.22099],[174.8238,-41.22346],[174.81994,-41.22514],[174.818,-41.22979],[174.80964,-41.23179],[174.80855,-41.23283],[174.806,-41.23247],[174.80572,-41.23426],[174.80464,-41.23497],[174.8015,-41.23279],[174.79813,-41.23713],[174.79799,-41.23267],[174.79632,-41.23337],[174.79403,-41.23178],[174.7948,-41.23114],[174.79441,-41.23001],[174.79216,-41.22945],[174.79142,-41.23008],[174.79185,-41.22815],[174.78811,-41.22695],[174.78625,-41.22507],[174.78644,-41.23227],[174.7822,-41.23185],[174.78125,-41.23332],[174.77965,-41.23347],[174.78095,-41.23522],[174.78084,-41.23631],[174.7774,-41.23958],[174.77372,-41.23709],[174.76847,-41.24062],[174.76827,-41.23996],[174.76429,-41.2399],[174.76158,-41.24224],[174.76296,-41.24326],[174.76294,-41.24448],[174.7636,-41.24432],[174.76016,-41.24687],[174.75596,-41.24358],[174.74933,-41.24857],[174.74549,-41.24894],[174.73905,-41.24533],[174.74135,-41.24268],[174.73544,-41.23945],[174.74408,-41.2297],[174.71974,-41.21676],[174.7252,-41.2106],[174.53968,-41.10539],[174.55916,-41.02419]]]},"properties":{"name":"Kenepuru"}},{"type":"Feature","id":22,"geometry":{"type":"Polygon","coordinates":[[[174.77038,-36.93511],[174.77912,-36.93539],[174.78946,-36.93357],[174.82119,-36.93577],[174.82433,-36.94047],[174.81666,-36.94893],[174.81589,-36.95175],[174.81862,-36.95288],[174.82114,-36.95251],[174.82099,-36.95399],[174.82428,-36.95412],[174.82477,-36.95355],[174.8287,-36.95564],[174.8288,-36.9542],[174.83223,-36.95387],[174.8342,-36.95161],[174.83579,-36.95799],[174.85092,-36.97988],[174.85009,-36.97984],[174.84827,-36.98347],[174.84598,-36.9836],[174.84552,-36.98301],[174.84373,-36.98392],[174.84297,-36.98308],[174.84225,-36.98342],[174.84268,-36.98402],[174.83976,-36.98517],[174.8381,-36.98305],[174.83592,-36.98589],[174.83673,-36.98727],[174.83632,-36.98781],[174.84455,-36.99433],[174.85079,-36.99743],[174.85071,-36.99799],[174.84829,-36.99791],[174.84787,-36.99962],[174.84716,-36.99943],[174.84696,-37.00225],[174.84518,-37.00276],[174.8458,-37.00389],[174.8451,-37.00398],[174.84542,-37.00507],[174.84452,-37.00584],[174.8453,-37.00579],[174.84402,-37.00651],[174.84431,-37.00787],[174.84327,-37.00874],[174.84417,-37.00908],[174.84321,-37.00895],[174.842,-37.01111],[174.83971,-37.01135],[174.83889,-37.01276],[174.83933,-37.01434],[174.83818,-37.01409],[174.8383,-37.01522],[174.83717,-37.01541],[174.83873,-37.01588],[174.83851,-37.0173],[174.84123,-37.01843],[174.84215,-37.01961],[174.84665,-37.01949],[174.84819,-37.02197],[174.85014,-37.02126],[174.8528,-37.02268],[174.85469,-37.02577],[174.85292,-37.0303],[174.8419,-37.0455],[174.82617,-37.03952],[174.81161,-37.03624],[174.79603,-37.03401],[174.77903,-37.03379],[174.76887,-37.03654],[174.74403,-37.03991],[174.71115,-37.03682],[174.69791,-37.03668],[174.6892,-37.03493],[174.6809,-37.03165],[174.66363,-37.02899],[174.65273,-37.03025],[174.63257,-37.02468],[174.62183,-37.02618],[174.62204,-37.02086],[174.62376,-37.01589],[174.62863,-37.01184],[174.64128,-37.00628],[174.66858,-36.99821],[174.67715,-36.99495],[174.6832,-36.98924],[174.69426,-36.98151],[174.71777,-36.96919],[174.72386,-36.95933],[174.73013,-36.95213],[174.73074,-36.94941],[174.73004,-36.94589],[174.73082,-36.94206],[174.73357,-36.9383],[174.73967,-36.93599],[174.74783,-36.93545],[174.75484,-36.93251],[174.76023,-36.93283],[174.77038,-36.93511]]]},"properties":{"name":"Māngere"}},{"type":"Feature","id":23,"geometry":{"type":"Polygon","coordinates":[[[174.87459,-36.97943],[174.87764,-36.98155],[174.88181,-36.98019],[174.89025,-36.99684],[174.8971,-37.00579],[174.90415,-37.01088],[174.90947,-37.01977],[174.89892,-37.02345],[174.90584,-37.03282],[174.89466,-37.03631],[174.89689,-37.04055],[174.89297,-37.04188],[174.89232,-37.04004],[174.8912,-37.03947],[174.88961,-37.04163],[174.88775,-37.03936],[174.88319,-37.04273],[174.88321,-37.04396],[174.87636,-37.04315],[174.86998,-37.04863],[174.86327,-37.0571],[174.85404,-37.05141],[174.8419,-37.0455],[174.85292,-37.0303],[174.85469,-37.02577],[174.8528,-37.02268],[174.85014,-37.02126],[174.84819,-37.02197],[174.84665,-37.01949],[174.84215,-37.01961],[174.84123,-37.01843],[174.83851,-37.0173],[174.83873,-37.01588],[174.83731,-37.01588],[174.83715,-37.0152],[174.8383,-37.01522],[174.83818,-37.01409],[174.83943,-37.01416],[174.83889,-37.01276],[174.83971,-37.01135],[174.842,-37.01111],[174.84321,-37.00895],[174.84421,-37.00902],[174.84327,-37.00874],[174.84431,-37.00787],[174.84402,-37.00651],[174.8453,-37.00579],[174.84452,-37.00584],[174.84542,-37.00507],[174.8451,-37.00398],[174.8458,-37.00389],[174.84518,-37.00276],[174.84696,-37.00225],[174.84674,-37.00088],[174.84757,-37.00023],[174.84716,-36.99943],[174.84807,-36.99926],[174.84791,-36.99834],[174.84886,-36.99759],[174.85071,-36.99799],[174.85079,-36.99743],[174.84455,-36.99433],[174.83632,-36.98781],[174.83673,-36.98727],[174.83592,-36.98589],[174.8381,-36.98305],[174.83976,-36.98517],[174.84268,-36.98402],[174.84225,-36.98342],[174.84297,-36.98308],[174.84373,-36.98392],[174.84552,-36.98301],[174.84598,-36.9836],[174.84827,-36.98347],[174.85009,-36.97984],[174.86033,-36.9787],[174.86199,-36.97964],[174.86581,-36.97513],[174.87459,-36.97943]]]},"properties":{"name":"Manurewa"}},{"type":"Feature","id":24,"geometry":{"type":"Polygon","coordinates":[[[174.80188,-36.88622],[174.80937,-36.88655],[174.81145,-36.88894],[174.82026,-36.88715],[174.82961,-36.88752],[174.83141,-36.88806],[174.8377,-36.89284],[174.83921,-36.89126],[174.84102,-36.89236],[174.84343,-36.8919],[174.84924,-36.88749],[174.85229,-36.88804],[174.85332,-36.88739],[174.85337,-36.88833],[174.85483,-36.8885],[174.85517,-36.8875],[174.85607,-36.88763],[174.85592,-36.88869],[174.85865,-36.88875],[174.8621,-36.8907],[174.86628,-36.88994],[174.8677,-36.89082],[174.87523,-36.88929],[174.87309,-36.89189],[174.87148,-36.90042],[174.87021,-36.90307],[174.8602,-36.9065],[174.85757,-36.90903],[174.85812,-36.91152],[174.85648,-36.91554],[174.86207,-36.92254],[174.85817,-36.92323],[174.85835,-36.9239],[174.84209,-36.92674],[174.84336,-36.93329],[174.84052,-36.93442],[174.83542,-36.9346],[174.83593,-36.93602],[174.82986,-36.93837],[174.82119,-36.93577],[174.79165,-36.93366],[174.77912,-36.93539],[174.77305,-36.93536],[174.77165,-36.92571],[174.77011,-36.92576],[174.77148,-36.92333],[174.75825,-36.91772],[174.76046,-36.91148],[174.7624,-36.90919],[174.76045,-36.90916],[174.76305,-36.90084],[174.77206,-36.90272],[174.77175,-36.90371],[174.77429,-36.90437],[174.77477,-36.90587],[174.77755,-36.90447],[174.77887,-36.89911],[174.7823,-36.89304],[174.79066,-36.89271],[174.80188,-36.88622]]]},"properties":{"name":"Maungakiekie"}},{"type":"Feature","id":25,"geometry":{"type":"Polygon","coordinates":[[[174.70907,-36.85879],[174.71103,-36.86074],[174.71078,-36.86255],[174.71201,-36.86206],[174.71222,-36.86283],[174.7153,-36.86344],[174.71667,-36.86479],[174.71715,-36.86397],[174.71854,-36.86443],[174.71902,-36.86385],[174.71902,-36.86797],[174.72587,-36.8682],[174.72808,-36.86801],[174.73436,-36.86391],[174.73736,-36.86434],[174.73774,-36.86605],[174.73951,-36.86705],[174.74658,-36.86467],[174.75276,-36.8597],[174.75531,-36.86275],[174.74743,-36.88703],[174.75994,-36.88979],[174.75705,-36.89873],[174.74451,-36.89616],[174.73962,-36.91113],[174.73625,-36.91065],[174.71873,-36.90112],[174.71151,-36.89837],[174.70809,-36.89908],[174.70893,-36.89726],[174.70556,-36.89392],[174.70263,-36.896],[174.70207,-36.89549],[174.70305,-36.89506],[174.70321,-36.893],[174.70568,-36.8915],[174.70567,-36.8892],[174.70447,-36.88911],[174.70491,-36.88802],[174.70403,-36.88706],[174.70191,-36.88753],[174.70215,-36.8861],[174.70042,-36.88613],[174.69962,-36.88705],[174.69425,-36.88603],[174.69466,-36.88504],[174.69071,-36.87214],[174.69477,-36.83571],[174.71069,-36.83399],[174.70863,-36.8553],[174.70907,-36.85879]]]},"properties":{"name":"Mt Albert"}},{"type":"Feature","id":26,"geometry":{"type":"Polygon","coordinates":[[[176.51203,-37.64422],[176.4149,-37.74753],[176.41326,-37.7511],[176.41224,-37.75154],[176.40993,-37.7518],[176.40582,-37.75056],[176.40256,-37.7525],[176.39957,-37.75129],[176.39564,-37.75147],[176.37557,-37.74556],[176.36967,-37.74712],[176.36665,-37.74696],[176.36038,-37.74457],[176.35562,-37.7404],[176.35364,-37.74098],[176.3539,-37.73767],[176.34598,-37.73388],[176.32859,-37.72713],[176.31341,-37.72335],[176.30726,-37.71925],[176.30534,-37.71883],[176.29284,-37.71821],[176.29284,-37.71913],[176.28453,-37.71664],[176.28444,-37.72262],[176.28595,-37.72414],[176.27882,-37.72462],[176.27587,-37.72393],[176.27112,-37.7204],[176.26733,-37.7199],[176.26545,-37.71693],[176.26402,-37.71809],[176.26085,-37.71737],[176.25817,-37.7187],[176.25273,-37.71884],[176.24997,-37.72084],[176.24896,-37.71982],[176.24556,-37.71895],[176.23904,-37.71806],[176.23717,-37.71626],[176.22962,-37.71857],[176.22336,-37.71952],[176.22167,-37.71846],[176.21723,-37.71904],[176.21463,-37.72408],[176.21333,-37.72391],[176.21226,-37.72523],[176.2096,-37.72609],[176.2126,-37.73223],[176.20812,-37.73322],[176.20608,-37.73873],[176.20256,-37.74013],[176.20476,-37.74405],[176.19914,-37.745],[176.19452,-37.74344],[176.19112,-37.74795],[176.1923,-37.74923],[176.19002,-37.7498],[176.18606,-37.74918],[176.18393,-37.75028],[176.1823,-37.74984],[176.18154,-37.74871],[176.17475,-37.75094],[176.17682,-37.75305],[176.17615,-37.75437],[176.17007,-37.75822],[176.16979,-37.75675],[176.16535,-37.75914],[176.16232,-37.75895],[176.1588,-37.76009],[176.1583,-37.76393],[176.15758,-37.76369],[176.15705,-37.7647],[176.15804,-37.76565],[176.15408,-37.77368],[176.1485,-37.7724],[176.14775,-37.76951],[176.1466,-37.76833],[176.14297,-37.7683],[176.14405,-37.76706],[176.14188,-37.7637],[176.14362,-37.76123],[176.14172,-37.76062],[176.14264,-37.75965],[176.14272,-37.75804],[176.14377,-37.75799],[176.14358,-37.75726],[176.13257,-37.75665],[176.1331,-37.75584],[176.13167,-37.7538],[176.13195,-37.75162],[176.13522,-37.748],[176.13495,-37.74678],[176.13672,-37.74551],[176.13512,-37.74561],[176.13534,-37.74505],[176.13688,-37.74472],[176.13672,-37.74329],[176.13784,-37.74196],[176.14011,-37.74055],[176.14176,-37.74107],[176.14103,-37.73922],[176.14229,-37.73917],[176.14261,-37.73691],[176.14678,-37.73587],[176.14732,-37.73465],[176.14406,-37.73174],[176.14521,-37.72976],[176.14663,-37.7291],[176.14626,-37.72624],[176.14851,-37.72621],[176.17386,-37.71103],[176.17912,-37.70196],[176.17793,-37.67484],[176.17655,-37.67488],[176.17828,-37.67383],[176.17705,-37.67318],[176.17665,-37.67093],[176.17611,-37.67096],[176.17682,-37.66885],[176.17764,-37.66861],[176.17679,-37.65062],[176.16093,-37.65096],[176.15922,-37.63656],[176.14986,-37.62424],[176.4761,-37.14707],[176.48772,-37.15961],[176.49667,-37.17092],[176.51059,-37.19295],[176.51632,-37.20459],[176.52204,-37.21888],[176.5288,-37.24507],[176.53101,-37.26585],[176.53071,-37.28439],[176.52948,-37.29565],[176.5219,-37.33094],[176.51463,-37.35308],[176.5428,-37.36298],[176.57037,-37.37622],[176.58698,-37.38615],[176.60136,-37.39649],[176.61975,-37.41205],[176.63276,-37.42564],[176.6616,-37.43808],[176.67666,-37.44625],[176.68955,-37.45446],[176.51203,-37.64422]]]},"properties":{"name":"Mt Maunganui"}},{"type":"Feature","id":27,"geometry":{"type":"Polygon","coordinates":[[[174.70308,-36.89442],[174.70207,-36.89549],[174.70271,-36.89606],[174.70556,-36.89392],[174.70714,-36.89513],[174.70894,-36.89727],[174.70809,-36.89908],[174.71151,-36.89837],[174.71873,-36.90112],[174.73625,-36.91065],[174.73962,-36.91113],[174.74451,-36.89616],[174.76331,-36.9],[174.76045,-36.90916],[174.7624,-36.90919],[174.76046,-36.91148],[174.75825,-36.91772],[174.77148,-36.92333],[174.77011,-36.92576],[174.77165,-36.92571],[174.77305,-36.93536],[174.75992,-36.93278],[174.75484,-36.93251],[174.74783,-36.93545],[174.73967,-36.93599],[174.73357,-36.9383],[174.73082,-36.94206],[174.73004,-36.94589],[174.73074,-36.94941],[174.73013,-36.95213],[174.72386,-36.95933],[174.71777,-36.96919],[174.69445,-36.98139],[174.6832,-36.98924],[174.69356,-36.97826],[174.69337,-36.96899],[174.68923,-36.92927],[174.68927,-36.92679],[174.69144,-36.92102],[174.69262,-36.92102],[174.69217,-36.91629],[174.69135,-36.91588],[174.69202,-36.91413],[174.69075,-36.91171],[174.69296,-36.90843],[174.69281,-36.90684],[174.69162,-36.90597],[174.69266,-36.90414],[174.68961,-36.903],[174.69398,-36.90118],[174.69686,-36.89855],[174.69918,-36.89852],[174.69885,-36.89459],[174.70333,-36.89357],[174.70308,-36.89442]]]},"properties":{"name":"Mt Roskill"}},{"type":"Feature","id":28,"geometry":{"type":"Polygon","coordinates":[[[177.55419,-38.33626],[177.55518,-38.33792],[177.55964,-38.34034],[177.56062,-38.3423],[177.56174,-38.35219],[177.57143,-38.35641],[177.57431,-38.35921],[177.57156,-38.3677],[177.56875,-38.37018],[177.57279,-38.37529],[177.57222,-38.37758],[177.5745,-38.3833],[177.57379,-38.38406],[177.57422,-38.38488],[177.60668,-38.37285],[177.60353,-38.37262],[177.60212,-38.37059],[177.60078,-38.37125],[177.6,-38.36924],[177.59796,-38.36861],[177.59733,-38.36764],[177.62181,-38.35865],[177.61985,-38.35865],[177.61751,-38.3563],[177.61488,-38.35519],[177.61556,-38.35415],[177.61854,-38.35317],[177.62009,-38.35281],[177.62115,-38.35383],[177.6222,-38.35336],[177.62269,-38.35111],[177.62442,-38.35041],[177.61833,-38.32455],[177.63665,-38.33832],[177.69997,-38.36661],[177.70124,-38.36631],[177.70137,-38.36827],[177.70056,-38.3689],[177.70266,-38.37128],[177.7069,-38.3743],[177.70933,-38.37455],[177.71277,-38.37729],[177.71566,-38.3767],[177.71575,-38.37777],[177.72041,-38.38047],[177.72421,-38.37898],[177.72708,-38.37944],[177.73067,-38.38227],[177.73269,-38.38238],[177.73299,-38.38476],[177.74006,-38.38707],[177.74223,-38.38611],[177.74431,-38.38723],[177.74681,-38.38712],[177.74592,-38.38604],[177.7474,-38.38527],[177.75198,-38.3849],[177.75659,-38.3875],[177.75748,-38.38969],[177.75742,-38.39304],[177.75724,-38.40109],[177.75621,-38.40616],[177.757,-38.40612],[177.7559,-38.40695],[177.75619,-38.40752],[177.75778,-38.40587],[177.76048,-38.40675],[177.76087,-38.40577],[177.76302,-38.40589],[177.7623,-38.40501],[177.76353,-38.4053],[177.76934,-38.40162],[177.7755,-38.40226],[177.77738,-38.4013],[177.7778,-38.40008],[177.77945,-38.40095],[177.78121,-38.3999],[177.78284,-38.40028],[177.78358,-38.3993],[177.78517,-38.39928],[177.78579,-38.40016],[177.78827,-38.39988],[177.78809,-38.40071],[177.79014,-38.40046],[177.79039,-38.40143],[177.79131,-38.40082],[177.79189,-38.40151],[177.7937,-38.40097],[177.79474,-38.40167],[177.79629,-38.40086],[177.79791,-38.40172],[177.8018,-38.40092],[177.80202,-38.40233],[177.80509,-38.40512],[177.80395,-38.4066],[177.80691,-38.40716],[177.80837,-38.40859],[177.80829,-38.4094],[177.80765,-38.409],[177.80708,-38.41239],[177.80786,-38.41449],[177.80695,-38.41584],[177.8086,-38.41612],[177.80855,-38.4173],[177.81071,-38.41781],[177.81106,-38.41864],[177.81384,-38.41872],[177.81516,-38.42039],[177.81839,-38.42054],[177.81809,-38.42326],[177.821,-38.42146],[177.82318,-38.42405],[177.82569,-38.42313],[177.82637,-38.42389],[177.82705,-38.42307],[177.8299,-38.42331],[177.82941,-38.42578],[177.83103,-38.42682],[177.83146,-38.42822],[177.83002,-38.43011],[177.83174,-38.43677],[177.83345,-38.43924],[177.83198,-38.44516],[177.82956,-38.44678],[177.83091,-38.45444],[177.82905,-38.45907],[177.83309,-38.47332],[177.83254,-38.47576],[177.83786,-38.47669],[177.83725,-38.47834],[177.83998,-38.47974],[177.84251,-38.48271],[177.84451,-38.48689],[177.84965,-38.49232],[177.84936,-38.4938],[177.81946,-38.50951],[177.8202,-38.51391],[177.82253,-38.5169],[177.82319,-38.52146],[177.82473,-38.5224],[177.82525,-38.52461],[177.8289,-38.5273],[177.84135,-38.53326],[177.81937,-38.56363],[177.83418,-38.57844],[177.84473,-38.5786],[177.84503,-38.5792],[177.85046,-38.57705],[177.85104,-38.57745],[177.85726,-38.57143],[177.85984,-38.57179],[177.86088,-38.57322],[177.86664,-38.57432],[177.87257,-38.56907],[177.87505,-38.56863],[177.87633,-38.56686],[177.88002,-38.56597],[177.88005,-38.5628],[177.88095,-38.56199],[177.88011,-38.56131],[177.88029,-38.55974],[177.88323,-38.55782],[177.88288,-38.55665],[177.88425,-38.55503],[177.88695,-38.55593],[177.88835,-38.55843],[177.8898,-38.55831],[177.88919,-38.55929],[177.89065,-38.55963],[177.89053,-38.56138],[177.89149,-38.56235],[177.89905,-38.56234],[177.90222,-38.56459],[177.90406,-38.56488],[177.90783,-38.56839],[177.90409,-38.57495],[177.90472,-38.57741],[177.90419,-38.57868],[177.90315,-38.57985],[177.90012,-38.58098],[177.89744,-38.58506],[177.90041,-38.59532],[177.89954,-38.60055],[177.89594,-38.60524],[177.89053,-38.60444],[177.88373,-38.60956],[177.88914,-38.61428],[177.89229,-38.6149],[177.89129,-38.61902],[177.88765,-38.62123],[177.88644,-38.62113],[177.884,-38.62347],[177.88251,-38.62357],[177.88181,-38.62569],[177.88026,-38.62661],[177.88335,-38.64262],[177.88826,-38.64207],[177.88595,-38.64909],[177.87591,-38.64503],[177.8696,-38.6546],[177.85737,-38.6455],[177.85312,-38.64597],[177.84655,-38.64869],[177.85074,-38.65862],[177.84933,-38.66413],[177.84386,-38.6648],[177.83771,-38.67115],[177.8399,-38.67135],[177.84089,-38.67224],[177.84875,-38.67257],[177.85581,-38.67387],[177.85782,-38.67819],[177.86022,-38.67896],[177.86851,-38.6786],[177.86712,-38.68083],[177.86994,-38.68137],[177.87055,-38.68251],[177.86648,-38.68274],[177.86558,-38.68376],[177.86997,-38.68597],[177.87049,-38.68884],[177.87397,-38.69049],[177.8769,-38.6947],[177.88315,-38.69102],[177.88682,-38.69506],[177.88695,-38.69735],[177.89285,-38.70606],[177.89714,-38.70421],[177.90067,-38.70879],[177.90847,-38.70989],[177.91799,-38.70781],[177.92173,-38.70829],[177.93173,-38.71609],[177.9341,-38.72017],[177.93735,-38.71966],[177.93684,-38.71714],[177.94196,-38.71142],[178.28814,-38.82782],[178.26689,-38.83753],[178.25198,-38.85009],[178.22604,-38.86752],[178.17366,-38.89465],[178.16942,-38.91196],[178.16626,-38.94631],[178.17637,-38.95273],[178.1915,-38.96433],[178.21251,-38.98452],[178.22307,-38.99667],[178.23271,-39.00978],[178.24202,-39.02538],[178.24531,-39.03228],[178.25411,-39.05422],[178.25935,-39.07312],[178.26203,-39.08801],[178.26297,-39.11315],[178.26129,-39.13062],[178.25778,-39.14699],[178.25539,-39.1554],[178.24884,-39.17271],[178.23224,-39.2037],[178.21674,-39.22481],[178.20222,-39.24068],[178.20435,-39.25424],[178.20537,-39.26836],[178.20445,-39.28834],[178.19994,-39.31272],[178.19347,-39.3316],[178.18935,-39.34128],[178.17538,-39.3657],[178.16079,-39.38416],[178.14921,-39.39638],[178.12637,-39.41567],[178.11622,-39.42286],[178.09429,-39.43606],[178.06948,-39.44786],[178.04156,-39.45773],[178.01865,-39.47186],[177.99969,-39.48135],[177.97811,-39.49005],[177.95719,-39.49685],[177.93204,-39.50265],[177.91187,-39.50591],[177.88217,-39.50834],[177.86322,-39.50838],[177.84244,-39.5073],[177.8162,-39.50426],[177.79979,-39.50095],[177.78242,-39.49656],[177.75559,-39.48805],[177.7218,-39.47385],[177.6931,-39.4571],[177.67991,-39.44755],[177.66887,-39.43859],[177.65735,-39.42778],[177.64885,-39.41848],[177.63448,-39.40011],[177.62682,-39.38818],[177.61653,-39.36766],[177.61243,-39.3566],[177.6067,-39.3355],[177.60411,-39.31365],[177.60413,-39.30654],[177.59731,-39.28966],[177.59466,-39.28068],[177.58998,-39.25457],[177.56413,-39.25564],[177.52671,-39.25513],[177.49756,-39.25671],[177.45805,-39.26292],[177.43111,-39.2662],[177.40276,-39.27347],[177.37404,-39.28172],[177.33548,-39.29524],[177.31872,-39.30007],[177.29547,-39.30959],[177.31927,-39.4305],[176.92646,-39.56167],[176.9297,-39.56818],[176.92883,-39.56848],[176.91624,-39.56626],[176.90894,-39.56746],[176.90449,-39.5699],[176.8929,-39.58181],[176.88085,-39.59207],[176.87386,-39.59651],[176.86903,-39.59835],[176.86259,-39.59832],[176.84225,-39.59293],[176.83974,-39.5914],[176.83794,-39.58635],[176.83249,-39.58035],[176.81631,-39.57621],[176.80098,-39.57941],[176.79589,-39.58126],[176.79269,-39.58345],[176.77598,-39.58949],[176.75144,-39.58707],[176.72857,-39.59319],[176.72396,-39.59567],[176.72161,-39.60118],[176.71835,-39.60428],[176.70614,-39.61122],[176.69062,-39.61728],[176.67702,-39.6307],[176.67115,-39.63464],[176.65879,-39.64099],[176.6493,-39.64403],[176.64347,-39.64477],[176.63266,-39.64372],[176.61636,-39.63743],[176.60877,-39.62707],[176.59922,-39.61896],[176.5937,-39.61311],[176.59108,-39.61103],[176.57702,-39.60555],[176.57491,-39.60283],[176.57455,-39.59834],[176.57194,-39.59563],[176.5662,-39.5938],[176.54262,-39.59106],[176.53766,-39.58799],[176.53273,-39.58367],[176.5296,-39.58254],[176.51766,-39.58269],[176.5113,-39.5859],[176.50872,-39.58598],[176.50779,-39.58384],[176.50879,-39.5782],[176.50782,-39.57584],[176.50565,-39.57371],[176.50372,-39.57265],[176.50156,-39.5726],[176.49582,-39.57526],[176.49098,-39.57184],[176.48241,-39.57088],[176.48144,-39.56951],[176.48454,-39.56431],[176.48428,-39.56199],[176.48273,-39.56116],[176.47891,-39.56148],[176.47532,-39.56066],[176.47024,-39.5567],[176.46635,-39.55641],[176.45565,-39.55819],[176.44496,-39.56376],[176.44086,-39.56444],[176.43859,-39.56332],[176.43591,-39.56047],[176.42391,-39.55893],[176.4205,-39.5594],[176.4126,-39.56241],[176.40428,-39.56164],[176.39896,-39.55898],[176.39678,-39.55577],[176.39569,-39.55245],[176.39161,-39.55047],[176.38932,-39.55181],[176.38836,-39.55502],[176.3848,-39.55472],[176.37966,-39.54968],[176.38184,-39.54282],[176.37553,-39.53778],[176.3738,-39.53208],[176.37366,-39.52855],[176.37223,-39.52607],[176.36978,-39.52516],[176.36404,-39.52647],[176.36123,-39.51783],[176.35665,-39.51865],[176.35665,-39.52217],[176.35581,-39.52364],[176.35208,-39.5239],[176.35053,-39.52529],[176.34923,-39.52477],[176.34886,-39.52234],[176.34985,-39.51948],[176.34855,-39.51883],[176.34868,-39.51741],[176.34595,-39.51458],[176.34917,-39.50963],[176.34917,-39.50825],[176.33969,-39.5038],[176.34044,-39.50255],[176.34194,-39.50232],[176.34214,-39.5012],[176.34098,-39.5007],[176.33782,-39.50133],[176.33961,-39.49842],[176.33942,-39.49675],[176.33359,-39.49929],[176.33201,-39.49826],[176.33454,-39.49345],[176.33625,-39.49284],[176.33519,-39.49099],[176.33631,-39.49142],[176.33728,-39.49071],[176.33786,-39.48866],[176.33682,-39.48831],[176.33404,-39.4893],[176.3307,-39.4877],[176.32812,-39.48844],[176.32553,-39.48765],[176.32506,-39.4885],[176.32574,-39.49347],[176.32187,-39.49333],[176.32088,-39.49763],[176.31594,-39.49723],[176.31625,-39.49532],[176.31814,-39.49378],[176.31528,-39.4932],[176.31796,-39.49073],[176.31791,-39.48858],[176.31938,-39.48772],[176.31548,-39.48404],[176.3139,-39.48376],[176.31379,-39.4824],[176.31616,-39.48034],[176.31633,-39.47905],[176.31881,-39.48112],[176.32158,-39.47895],[176.31781,-39.47428],[176.31495,-39.4756],[176.31273,-39.47451],[176.31273,-39.4734],[176.31447,-39.47287],[176.31452,-39.47182],[176.31113,-39.47182],[176.30855,-39.47079],[176.31176,-39.46902],[176.3076,-39.46477],[176.30708,-39.46298],[176.30938,-39.46192],[176.30927,-39.45991],[176.3135,-39.4589],[176.31277,-39.45645],[176.31085,-39.45624],[176.31032,-39.45463],[176.31443,-39.45354],[176.31363,-39.4528],[176.3137,-39.45149],[176.31193,-39.45106],[176.31041,-39.44523],[176.30572,-39.44468],[176.30524,-39.4439],[176.30621,-39.44212],[176.30382,-39.44131],[176.30508,-39.44086],[176.30765,-39.44185],[176.30868,-39.44101],[176.30646,-39.43834],[176.30249,-39.43711],[176.30372,-39.4367],[176.30509,-39.4343],[176.30902,-39.4312],[176.30618,-39.42997],[176.30649,-39.42809],[176.30844,-39.42812],[176.30898,-39.42528],[176.31129,-39.42403],[176.3115,-39.42284],[176.317,-39.41953],[176.31607,-39.41883],[176.31021,-39.41862],[176.30971,-39.41801],[176.31037,-39.41699],[176.31559,-39.41274],[176.31842,-39.41462],[176.32161,-39.41489],[176.32277,-39.41406],[176.32074,-39.41288],[176.32015,-39.41165],[176.32335,-39.41157],[176.32402,-39.41073],[176.32369,-39.4085],[176.32032,-39.40849],[176.31963,-39.40676],[176.32222,-39.40563],[176.32511,-39.40623],[176.32648,-39.40575],[176.32288,-39.40204],[176.3256,-39.40061],[176.32377,-39.39825],[176.32748,-39.39656],[176.32857,-39.39344],[176.32602,-39.39211],[176.32178,-39.39406],[176.32015,-39.39155],[176.32037,-39.38932],[176.32359,-39.38676],[176.32512,-39.3882],[176.3272,-39.3886],[176.32748,-39.3878],[176.33152,-39.38746],[176.33057,-39.38548],[176.33314,-39.38411],[176.33186,-39.37901],[176.33056,-39.37831],[176.32853,-39.37987],[176.32762,-39.3785],[176.32862,-39.37731],[176.33147,-39.37714],[176.33213,-39.37496],[176.32919,-39.37314],[176.32963,-39.37093],[176.32839,-39.36857],[176.32154,-39.37065],[176.31074,-39.37022],[176.31154,-39.36655],[176.31079,-39.3659],[176.30504,-39.3654],[176.305,-39.36312],[176.30667,-39.36118],[176.30334,-39.35978],[176.30241,-39.35661],[176.29838,-39.35867],[176.2936,-39.35787],[176.29286,-39.3586],[176.29274,-39.36182],[176.29158,-39.36298],[176.28653,-39.36229],[176.28499,-39.35968],[176.28293,-39.36025],[176.28038,-39.35853],[176.27841,-39.35947],[176.27842,-39.36159],[176.27569,-39.36222],[176.27522,-39.36046],[176.27579,-39.35859],[176.27316,-39.35957],[176.27069,-39.35826],[176.27146,-39.35253],[176.26552,-39.34963],[176.26572,-39.34865],[176.2701,-39.34606],[176.26601,-39.34443],[176.26644,-39.34148],[176.26379,-39.33782],[176.26536,-39.33674],[176.27093,-39.33832],[176.2728,-39.33768],[176.27288,-39.33681],[176.27097,-39.33462],[176.27628,-39.32989],[176.2756,-39.32937],[176.27283,-39.3298],[176.2725,-39.32884],[176.27381,-39.32771],[176.27744,-39.32699],[176.27819,-39.32473],[176.27678,-39.32247],[176.27746,-39.31937],[176.28157,-39.31864],[176.28225,-39.31447],[176.27988,-39.31258],[176.28121,-39.31112],[176.28152,-39.30925],[176.28314,-39.30886],[176.28599,-39.31038],[176.28923,-39.309],[176.29128,-39.30692],[176.29288,-39.30793],[176.29416,-39.30772],[176.29886,-39.30527],[176.29989,-39.30285],[176.3026,-39.30065],[176.30164,-39.29762],[176.30506,-39.29192],[176.30433,-39.28587],[176.30352,-39.28533],[176.30059,-39.28601],[176.29928,-39.28522],[176.2994,-39.28441],[176.30103,-39.28385],[176.29993,-39.28207],[176.29924,-39.27596],[176.29331,-39.27718],[176.29547,-39.26752],[176.29275,-39.26375],[176.29312,-39.25874],[176.28927,-39.25982],[176.28801,-39.25901],[176.28845,-39.25778],[176.29174,-39.25544],[176.28807,-39.25477],[176.28737,-39.25127],[176.29138,-39.25165],[176.29233,-39.25102],[176.29069,-39.24968],[176.28974,-39.24637],[176.27877,-39.24258],[176.27655,-39.23998],[176.26548,-39.24174],[176.25726,-39.2446],[176.25667,-39.24397],[176.25774,-39.24282],[176.25803,-39.24066],[176.25517,-39.24003],[176.25544,-39.23665],[176.25435,-39.23672],[176.25275,-39.23875],[176.25133,-39.2388],[176.24948,-39.23742],[176.24904,-39.2346],[176.24674,-39.23518],[176.24446,-39.23439],[176.24205,-39.23596],[176.2397,-39.23289],[176.23517,-39.23318],[176.23082,-39.23215],[176.22767,-39.23294],[176.22318,-39.23566],[176.21954,-39.23129],[176.21506,-39.23086],[176.21293,-39.23242],[176.21152,-39.23237],[176.20951,-39.23151],[176.20949,-39.2288],[176.20847,-39.2277],[176.20413,-39.22529],[176.20036,-39.22593],[176.19819,-39.22362],[176.19797,-39.22235],[176.1961,-39.22143],[176.19676,-39.21798],[176.19608,-39.21497],[176.19469,-39.21459],[176.19447,-39.21205],[176.1929,-39.21144],[176.19343,-39.20996],[176.19583,-39.20831],[176.19384,-39.20557],[176.19323,-39.20177],[176.19548,-39.19821],[176.1937,-39.19535],[176.19048,-39.19485],[176.18872,-39.19203],[176.18704,-39.19106],[176.18651,-39.18946],[176.17983,-39.18515],[176.17999,-39.18059],[176.18247,-39.17906],[176.18014,-39.17675],[176.18201,-39.17583],[176.18216,-39.17387],[176.17901,-39.17172],[176.17818,-39.16993],[176.17856,-39.16913],[176.18008,-39.16976],[176.18086,-39.16913],[176.17896,-39.16478],[176.17895,-39.15994],[176.17676,-39.15718],[176.17575,-39.15309],[176.17551,-39.14934],[176.17689,-39.14487],[176.17612,-39.1439],[176.18466,-39.13364],[176.18258,-39.12944],[176.18467,-39.12658],[176.18863,-39.1266],[176.19395,-39.12389],[176.19636,-39.12361],[176.19637,-39.12212],[176.1974,-39.12149],[176.20173,-39.12101],[176.2028,-39.11965],[176.20775,-39.11899],[176.20804,-39.11788],[176.21183,-39.11715],[176.21218,-39.11605],[176.2165,-39.11424],[176.21846,-39.1117],[176.21997,-39.11161],[176.22145,-39.11036],[176.22578,-39.1107],[176.22682,-39.10932],[176.22653,-39.10831],[176.22744,-39.10774],[176.22837,-39.10835],[176.23032,-39.10621],[176.2304,-39.10498],[176.23181,-39.10443],[176.23158,-39.1018],[176.23279,-39.10085],[176.23226,-39.09913],[176.23323,-39.09787],[176.34036,-39.17312],[176.39529,-39.16193],[176.39259,-39.15999],[176.39088,-39.15613],[176.39139,-39.15466],[176.39587,-39.15262],[176.39685,-39.15095],[176.39598,-39.15039],[176.38991,-39.15131],[176.38878,-39.14831],[176.38623,-39.1466],[176.38627,-39.14449],[176.38939,-39.1422],[176.38691,-39.1409],[176.38631,-39.13863],[176.38721,-39.13696],[176.38362,-39.13576],[176.3822,-39.13412],[176.37982,-39.13527],[176.37927,-39.13805],[176.3783,-39.13836],[176.3759,-39.13395],[176.37369,-39.13303],[176.37023,-39.13399],[176.36958,-39.13261],[176.37227,-39.13077],[176.4168,-39.1163],[176.44342,-39.12077],[176.42018,-39.06194],[176.44923,-39.00162],[176.54701,-39.00182],[176.54657,-39.00103],[176.5435,-39.00041],[176.54255,-38.99884],[176.54105,-38.9992],[176.54103,-38.99775],[176.61036,-38.99826],[176.60807,-38.99609],[176.60913,-38.99551],[176.60988,-38.99285],[176.61199,-38.99092],[176.6117,-38.9896],[176.61295,-38.98905],[176.61194,-38.98711],[176.61103,-38.98778],[176.60916,-38.98752],[176.60583,-38.98565],[176.6052,-38.98474],[176.60672,-38.9839],[176.60548,-38.98295],[176.60628,-38.98201],[176.60559,-38.98131],[176.60613,-38.98057],[176.60186,-38.97934],[176.60299,-38.97844],[176.60294,-38.97689],[176.59995,-38.97598],[176.60102,-38.97231],[176.5995,-38.97142],[176.59884,-38.96938],[176.60234,-38.96657],[176.60263,-38.96502],[176.59968,-38.96339],[176.59985,-38.96185],[176.59818,-38.96154],[176.59756,-38.95937],[176.59673,-38.95933],[176.59803,-38.95776],[176.59697,-38.95754],[176.59778,-38.95641],[176.59642,-38.95371],[176.59812,-38.94672],[176.59731,-38.94622],[176.59783,-38.9437],[176.59706,-38.94139],[176.59928,-38.93559],[176.59825,-38.93561],[176.59828,-38.93497],[176.59955,-38.9342],[176.59847,-38.93329],[176.69996,-38.85376],[176.70419,-38.84512],[176.7002,-38.83788],[176.70229,-38.83207],[176.70221,-38.83037],[176.70407,-38.82708],[176.70172,-38.82366],[176.69752,-38.82282],[176.69597,-38.82159],[176.69546,-38.81797],[176.69647,-38.81091],[176.69549,-38.8095],[176.69278,-38.80807],[176.69203,-38.80625],[176.69734,-38.80547],[176.70017,-38.80349],[176.70171,-38.80056],[176.70001,-38.79411],[176.70258,-38.7915],[176.70793,-38.78905],[176.70458,-38.78699],[176.70358,-38.78381],[176.70607,-38.77822],[176.707,-38.77232],[176.70969,-38.76915],[176.71045,-38.75859],[176.70714,-38.75538],[176.71108,-38.74819],[176.71026,-38.742],[176.71095,-38.73944],[176.71402,-38.73599],[176.71328,-38.73308],[176.71426,-38.73058],[176.71408,-38.72788],[176.71728,-38.72452],[176.7215,-38.724],[176.7271,-38.7218],[176.72876,-38.72244],[176.73431,-38.72823],[176.73911,-38.72857],[176.74288,-38.72776],[176.74451,-38.72442],[176.74439,-38.72224],[176.74275,-38.71905],[176.74479,-38.71549],[176.74422,-38.71193],[176.748,-38.70973],[176.75254,-38.71082],[176.75501,-38.70951],[176.75923,-38.70885],[176.76718,-38.70032],[176.76709,-38.69835],[176.76537,-38.69605],[176.76673,-38.69348],[176.76675,-38.68931],[176.77327,-38.6845],[176.77802,-38.68414],[176.78575,-38.68093],[176.78861,-38.6808],[176.79436,-38.68218],[176.79939,-38.68053],[176.80356,-38.6816],[176.80694,-38.685],[176.8096,-38.68643],[176.81576,-38.68687],[176.81962,-38.69076],[176.82251,-38.69136],[176.82428,-38.69047],[176.82598,-38.6865],[176.83093,-38.68256],[176.83287,-38.67988],[176.83999,-38.67825],[176.84561,-38.67252],[176.85647,-38.67246],[176.85958,-38.67939],[176.86135,-38.68006],[176.86745,-38.6755],[176.8699,-38.67252],[176.87476,-38.6702],[176.87645,-38.66802],[176.87968,-38.66698],[176.88315,-38.66777],[176.88684,-38.6665],[176.89344,-38.67015],[176.89529,-38.67342],[176.89646,-38.67771],[176.89948,-38.68259],[176.90483,-38.68569],[176.9139,-38.68928],[176.92432,-38.69097],[176.9264,-38.69332],[176.92771,-38.69705],[176.9292,-38.69817],[176.93266,-38.69842],[176.94342,-38.69489],[176.95418,-38.69747],[176.96186,-38.69683],[176.96415,-38.69827],[176.96497,-38.70284],[176.96632,-38.70419],[176.96894,-38.70503],[176.97339,-38.70391],[176.97731,-38.69956],[176.98209,-38.69758],[176.98565,-38.69421],[176.99145,-38.69369],[177.00327,-38.68081],[177.0064,-38.67592],[177.017,-38.66717],[177.02087,-38.66078],[177.02198,-38.64966],[177.02546,-38.64581],[177.02696,-38.63951],[177.03496,-38.62914],[177.03705,-38.6277],[177.04182,-38.62658],[177.04585,-38.62088],[177.05111,-38.62008],[177.05712,-38.62224],[177.06076,-38.6221],[177.06551,-38.6192],[177.07173,-38.6123],[177.07791,-38.61064],[177.07978,-38.61175],[177.08193,-38.61676],[177.08593,-38.62051],[177.08831,-38.6203],[177.09268,-38.61828],[177.09553,-38.61887],[177.09734,-38.62075],[177.09665,-38.62631],[177.09749,-38.62736],[177.09974,-38.62744],[177.10183,-38.62417],[177.10326,-38.61033],[177.10603,-38.60411],[177.11633,-38.59318],[177.11822,-38.58777],[177.12006,-38.58527],[177.13039,-38.5796],[177.13819,-38.5768],[177.1406,-38.5776],[177.14563,-38.58355],[177.15079,-38.58428],[177.15247,-38.58378],[177.15945,-38.57796],[177.167,-38.57781],[177.16698,-38.57623],[177.16403,-38.57298],[177.16625,-38.56782],[177.17253,-38.56439],[177.17697,-38.5609],[177.18925,-38.53695],[177.19653,-38.53256],[177.19982,-38.52845],[177.20035,-38.52633],[177.20255,-38.52432],[177.20574,-38.52481],[177.21401,-38.53011],[177.22583,-38.5341],[177.22722,-38.53344],[177.22787,-38.53061],[177.23022,-38.52719],[177.23271,-38.52576],[177.2379,-38.51954],[177.24055,-38.51321],[177.24012,-38.51205],[177.24089,-38.51021],[177.24307,-38.51002],[177.25117,-38.51369],[177.25467,-38.513],[177.25739,-38.50828],[177.23692,-38.42634],[177.34641,-38.38215],[177.46369,-38.33354],[177.47124,-38.32116],[177.47487,-38.32193],[177.47865,-38.32062],[177.48045,-38.32149],[177.4816,-38.32336],[177.48105,-38.32643],[177.48209,-38.32708],[177.48349,-38.32646],[177.48426,-38.32714],[177.48711,-38.32601],[177.48913,-38.32656],[177.49015,-38.32534],[177.49216,-38.327],[177.49439,-38.32676],[177.4957,-38.32503],[177.49654,-38.32504],[177.49669,-38.32368],[177.49771,-38.32349],[177.49985,-38.32444],[177.50011,-38.32659],[177.50156,-38.32604],[177.50261,-38.32786],[177.50227,-38.32883],[177.50398,-38.32901],[177.50348,-38.32996],[177.50504,-38.33051],[177.5061,-38.33237],[177.50833,-38.33107],[177.50998,-38.33338],[177.51205,-38.33283],[177.51475,-38.33442],[177.53151,-38.33743],[177.5312,-38.33477],[177.53258,-38.3334],[177.53009,-38.33247],[177.53015,-38.33144],[177.53152,-38.33048],[177.52751,-38.32621],[177.52829,-38.32447],[177.53,-38.32391],[177.52957,-38.32294],[177.55023,-38.31602],[177.5542,-38.31938],[177.55768,-38.3238],[177.55957,-38.32489],[177.55966,-38.32675],[177.56085,-38.32837],[177.55419,-38.33626]]]},"properties":{"name":"Napier"}},{"type":"Feature","id":29,"geometry":{"type":"Polygon","coordinates":[[[173.36103,-40.80538],[173.45623,-40.87932],[173.47777,-40.87038],[173.50067,-40.86287],[173.59703,-41.05808],[173.59612,-41.06329],[173.59662,-41.06575],[173.59872,-41.06796],[173.59862,-41.07111],[173.59561,-41.07516],[173.59191,-41.07837],[173.59392,-41.08041],[173.59653,-41.08943],[173.58821,-41.10011],[173.5873,-41.10386],[173.59017,-41.10731],[173.59001,-41.10845],[173.58547,-41.11451],[173.58344,-41.11885],[173.57986,-41.1208],[173.5791,-41.12406],[173.58072,-41.12781],[173.5808,-41.13132],[173.57857,-41.13594],[173.57991,-41.13782],[173.57998,-41.14313],[173.58161,-41.14507],[173.58185,-41.14659],[173.58146,-41.14839],[173.5784,-41.15053],[173.57823,-41.15169],[173.58131,-41.15532],[173.57928,-41.15929],[173.58054,-41.16071],[173.58091,-41.16398],[173.57998,-41.16414],[173.57872,-41.16619],[173.57634,-41.17142],[173.57428,-41.18044],[173.57442,-41.18372],[173.57283,-41.18406],[173.57113,-41.18646],[173.56906,-41.18695],[173.56913,-41.18888],[173.56738,-41.19004],[173.5625,-41.191],[173.55819,-41.18978],[173.55699,-41.19173],[173.55359,-41.19051],[173.54919,-41.19136],[173.54391,-41.18979],[173.54032,-41.19269],[173.5376,-41.19279],[173.53429,-41.19588],[173.52233,-41.19829],[173.5201,-41.19998],[173.52201,-41.20663],[173.52037,-41.20664],[173.51924,-41.21046],[173.5158,-41.2139],[173.5128,-41.2152],[173.50714,-41.21551],[173.50401,-41.21766],[173.49485,-41.21896],[173.48774,-41.22161],[173.48338,-41.22587],[173.47617,-41.22894],[173.47272,-41.23405],[173.47232,-41.23947],[173.47115,-41.2428],[173.46361,-41.24881],[173.46048,-41.25018],[173.45956,-41.25273],[173.45567,-41.2561],[173.44636,-41.26077],[173.44166,-41.26428],[173.44011,-41.2695],[173.43697,-41.27289],[173.43133,-41.27609],[173.42671,-41.28098],[173.41551,-41.28878],[173.42099,-41.29977],[173.41927,-41.30194],[173.4191,-41.30518],[173.42085,-41.30768],[173.42037,-41.31006],[173.41664,-41.31345],[173.41647,-41.31567],[173.41747,-41.31749],[173.41469,-41.32315],[173.40679,-41.33096],[173.39397,-41.33673],[173.376,-41.34234],[173.36075,-41.3532],[173.35721,-41.36095],[173.34585,-41.37222],[173.3442,-41.37586],[173.34055,-41.37838],[173.3394,-41.38361],[173.33752,-41.38554],[173.32159,-41.38696],[173.3175,-41.38937],[173.30834,-41.39094],[173.30452,-41.39336],[173.29756,-41.39307],[173.28846,-41.4005],[173.28619,-41.40109],[173.28501,-41.4027],[173.28611,-41.40459],[173.2854,-41.40544],[173.28958,-41.41423],[173.28529,-41.41599],[173.28115,-41.41577],[173.27846,-41.41444],[173.2741,-41.41384],[173.26476,-41.41446],[173.25484,-41.41332],[173.25066,-41.41161],[173.24999,-41.40972],[173.24611,-41.40907],[173.24633,-41.40785],[173.24456,-41.40441],[173.23839,-41.40202],[173.23413,-41.39748],[173.23286,-41.39823],[173.22653,-41.39843],[173.22422,-41.39648],[173.21458,-41.40394],[173.2121,-41.40319],[173.20836,-41.40603],[173.2088,-41.40714],[173.20693,-41.40617],[173.20799,-41.40286],[173.20528,-41.40086],[173.19422,-41.41103],[173.18922,-41.40744],[173.17882,-41.40697],[173.17389,-41.40507],[173.16251,-41.40967],[173.1591,-41.40788],[173.15709,-41.40549],[173.14835,-41.40385],[173.14663,-41.40442],[173.14661,-41.40812],[173.14458,-41.40942],[173.13684,-41.40936],[173.13528,-41.40807],[173.1325,-41.40759],[173.13028,-41.40507],[173.13283,-41.40124],[173.13229,-41.39922],[173.13283,-41.39766],[173.12929,-41.38998],[173.12878,-41.38215],[173.12245,-41.37881],[173.11772,-41.37366],[173.11411,-41.37234],[173.11256,-41.36925],[173.11422,-41.36504],[173.11289,-41.36343],[173.11277,-41.36073],[173.11369,-41.35902],[173.11611,-41.35768],[173.11708,-41.35513],[173.1173,-41.35219],[173.11612,-41.34927],[173.11597,-41.34479],[173.11806,-41.34357],[173.12108,-41.33434],[173.12678,-41.32295],[173.12742,-41.3204],[173.12706,-41.31498],[173.12803,-41.31126],[173.12995,-41.30778],[173.13407,-41.30503],[173.13501,-41.30318],[173.13741,-41.30171],[173.13833,-41.30014],[173.13625,-41.29647],[173.1383,-41.29159],[173.13672,-41.28499],[173.14564,-41.28376],[173.15782,-41.28529],[173.16822,-41.28457],[173.17168,-41.2856],[173.17884,-41.28559],[173.18518,-41.28777],[173.20575,-41.29934],[173.22032,-41.25379],[173.21556,-41.25119],[173.21459,-41.24918],[173.21471,-41.24698],[173.21591,-41.24499],[173.21813,-41.24346],[173.22382,-41.24283],[173.32884,-40.90984],[173.36103,-40.80538]]]},"properties":{"name":"Nelson"}},{"type":"Feature","id":30,"geometry":{"type":"Polygon","coordinates":[[[174.23538,-38.9878],[174.23813,-38.98746],[174.24037,-38.99036],[174.24384,-38.99015],[174.24705,-38.99414],[174.24857,-38.9933],[174.25182,-38.99448],[174.2549,-38.99293],[174.25793,-38.99674],[174.25505,-38.9982],[174.25924,-39.0034],[174.25429,-39.00582],[174.25051,-39.00111],[174.243,-39.007],[174.24336,-39.00999],[174.24223,-39.01029],[174.24228,-39.0122],[174.24458,-39.01637],[174.25208,-39.02244],[174.25443,-39.03104],[174.25168,-39.0362],[174.25513,-39.04057],[174.25911,-39.04245],[174.25578,-39.04479],[174.2549,-39.04738],[174.25115,-39.04755],[174.2494,-39.04851],[174.24933,-39.04961],[174.2466,-39.05183],[174.24895,-39.05359],[174.24395,-39.05765],[174.24094,-39.05874],[174.24116,-39.06309],[174.2384,-39.06564],[174.23469,-39.06728],[174.23267,-39.06665],[174.2305,-39.06907],[174.23031,-39.07106],[174.22673,-39.07434],[174.21998,-39.07752],[174.22038,-39.07813],[174.21911,-39.07985],[174.22036,-39.08249],[174.22049,-39.08509],[174.22158,-39.0863],[174.22487,-39.08698],[174.22316,-39.08958],[174.22036,-39.08916],[174.21621,-39.08548],[174.21157,-39.08624],[174.21128,-39.08522],[174.20615,-39.08584],[174.20502,-39.08715],[174.19301,-39.09006],[174.19958,-39.10333],[174.20619,-39.10137],[174.20625,-39.10383],[174.20052,-39.10544],[174.20261,-39.10986],[174.19985,-39.11075],[174.19921,-39.11175],[174.19965,-39.11616],[174.19767,-39.119],[174.19758,-39.12071],[174.19883,-39.12188],[174.19704,-39.12747],[174.19966,-39.13538],[174.19639,-39.13902],[174.1832,-39.13642],[174.18161,-39.14128],[174.18383,-39.14173],[174.18038,-39.14364],[174.18009,-39.14508],[174.17813,-39.14586],[174.17743,-39.14781],[174.17498,-39.14952],[174.17521,-39.15082],[174.1745,-39.15126],[174.16045,-39.15127],[174.15933,-39.15725],[174.15789,-39.15787],[174.15637,-39.16192],[174.1555,-39.16944],[174.1538,-39.17318],[174.15386,-39.17784],[174.14505,-39.17789],[174.14587,-39.17928],[174.14276,-39.1787],[174.14366,-39.1792],[174.14293,-39.18216],[174.13844,-39.18421],[174.13815,-39.18531],[174.13643,-39.18554],[174.13629,-39.187],[174.13476,-39.18724],[174.13387,-39.19185],[174.13236,-39.19466],[174.12819,-39.19928],[174.12759,-39.20306],[174.12482,-39.20556],[174.12386,-39.20997],[174.12188,-39.21197],[174.12009,-39.21178],[174.11957,-39.21298],[174.1159,-39.21414],[174.11513,-39.21655],[174.11346,-39.21783],[174.11338,-39.21942],[174.11149,-39.22125],[174.11086,-39.22317],[174.10807,-39.22475],[174.10512,-39.23075],[174.10101,-39.23468],[174.10134,-39.23741],[174.10435,-39.24068],[174.10173,-39.24418],[174.09702,-39.24799],[174.09589,-39.25145],[174.09663,-39.25372],[174.09339,-39.25698],[174.08879,-39.25929],[174.08734,-39.26112],[174.08748,-39.2629],[174.08507,-39.26424],[174.08486,-39.26603],[174.07942,-39.27172],[174.07698,-39.27258],[174.06378,-39.29604],[173.9718,-39.34976],[173.96977,-39.35019],[173.96975,-39.35192],[173.96603,-39.35431],[173.9655,-39.35561],[173.96336,-39.35662],[173.96295,-39.35558],[173.95972,-39.35787],[173.95997,-39.35844],[173.9583,-39.3603],[173.9591,-39.36174],[173.95639,-39.36394],[173.95579,-39.36588],[173.95436,-39.36636],[173.95512,-39.36868],[173.95214,-39.37113],[173.95223,-39.3729],[173.9482,-39.37331],[173.94823,-39.37622],[173.94537,-39.3769],[173.94613,-39.37765],[173.94481,-39.37934],[173.94309,-39.37893],[173.9425,-39.38041],[173.94031,-39.38199],[173.94109,-39.38397],[173.93975,-39.38451],[173.93889,-39.38773],[173.93661,-39.38848],[173.93482,-39.39126],[173.93498,-39.39327],[173.93321,-39.39545],[173.93276,-39.39803],[173.93045,-39.40085],[173.92082,-39.40722],[173.92029,-39.40869],[173.92098,-39.40994],[173.91974,-39.41073],[173.91997,-39.41499],[173.91767,-39.41499],[173.9189,-39.41619],[173.91657,-39.41661],[173.91717,-39.4184],[173.91561,-39.41907],[173.91448,-39.4213],[173.91168,-39.42274],[173.91039,-39.4252],[173.90696,-39.42583],[173.90603,-39.42943],[173.89341,-39.43575],[173.89281,-39.43792],[173.89453,-39.44041],[173.89081,-39.44453],[173.88368,-39.44602],[173.88225,-39.44896],[173.87867,-39.44997],[173.8773,-39.45136],[173.87752,-39.45364],[173.87518,-39.45248],[173.87252,-39.4528],[173.86917,-39.45466],[173.86627,-39.45426],[173.86484,-39.45561],[173.86797,-39.45556],[173.8681,-39.45681],[173.8659,-39.45757],[173.86597,-39.45851],[173.86272,-39.45955],[173.86553,-39.4597],[173.86443,-39.4614],[173.86459,-39.46255],[173.86356,-39.46239],[173.86354,-39.46082],[173.86256,-39.46077],[173.86194,-39.46287],[173.72829,-39.55693],[173.66411,-39.59975],[173.64635,-39.58661],[173.63394,-39.57631],[173.62747,-39.56986],[173.60671,-39.55436],[173.59115,-39.54013],[173.57696,-39.52442],[173.56415,-39.50633],[173.54101,-39.47059],[173.52984,-39.44754],[173.52031,-39.41861],[173.50908,-39.37469],[173.50391,-39.36344],[173.4979,-39.34571],[173.49428,-39.32797],[173.49263,-39.30966],[173.49341,-39.26733],[173.49729,-39.24398],[173.50542,-39.21599],[173.51203,-39.19876],[173.51845,-39.18633],[173.52391,-39.17126],[173.53845,-39.14171],[173.55628,-39.11074],[173.56307,-39.09989],[173.57208,-39.08778],[173.58719,-39.07062],[173.60225,-39.05696],[173.6242,-39.04045],[173.64722,-39.02177],[173.69063,-38.99385],[173.71144,-38.98256],[173.73404,-38.9687],[173.7724,-38.9487],[173.79089,-38.94025],[173.80809,-38.92356],[173.83573,-38.90103],[173.85654,-38.8869],[173.88504,-38.87185],[173.91308,-38.86081],[173.93921,-38.85332],[173.9677,-38.84791],[174.00029,-38.84487],[174.02179,-38.8353],[174.03535,-38.82765],[174.05325,-38.81906],[174.09303,-38.80401],[174.12392,-38.7948],[174.16209,-38.78761],[174.23383,-38.98587],[174.23538,-38.9878]]]},"properties":{"name":"New Plymouth"}},{"type":"Feature","id":31,"geometry":{"type":"Polygon","coordinates":[[[174.74985,-36.73169],[174.74985,-36.73235],[174.75212,-36.73304],[174.82735,-36.73189],[174.82283,-36.74847],[174.8208,-36.7632],[174.82098,-36.77729],[174.81957,-36.79389],[174.81923,-36.81299],[174.82038,-36.83454],[174.80463,-36.83898],[174.76304,-36.83281],[174.76305,-36.79911],[174.76132,-36.79936],[174.75472,-36.79124],[174.74376,-36.77368],[174.73726,-36.76113],[174.7268,-36.75164],[174.72129,-36.74439],[174.72706,-36.74395],[174.73204,-36.74071],[174.73347,-36.73885],[174.73289,-36.73709],[174.73522,-36.73568],[174.73409,-36.73416],[174.73458,-36.73355],[174.73507,-36.73407],[174.7376,-36.7332],[174.73953,-36.73345],[174.74194,-36.73166],[174.74864,-36.73028],[174.74985,-36.73169]]]},"properties":{"name":"North Shore"}},{"type":"Feature","id":32,"geometry":{"type":"Polygon","coordinates":[[[174.72899,-36.77033],[174.73638,-36.7698],[174.74116,-36.77245],[174.74275,-36.77183],[174.75472,-36.79124],[174.76132,-36.79936],[174.76305,-36.79911],[174.76304,-36.83281],[174.73558,-36.83248],[174.69477,-36.83571],[174.6746,-36.81468],[174.67665,-36.79001],[174.68192,-36.78588],[174.68832,-36.78391],[174.69335,-36.78137],[174.69588,-36.78111],[174.70287,-36.78508],[174.70775,-36.78464],[174.71257,-36.77978],[174.71739,-36.77884],[174.71867,-36.77673],[174.71796,-36.77634],[174.71855,-36.77534],[174.72145,-36.77462],[174.72062,-36.77306],[174.72179,-36.76986],[174.7256,-36.76904],[174.72899,-36.77033]]]},"properties":{"name":"Northcote"}},{"type":"Feature","id":33,"geometry":{"type":"MultiPolygon","coordinates":[[[[173.12963,-34.21388],[173.14448,-34.22031],[173.15748,-34.22715],[173.17167,-34.23595],[173.18518,-34.24181],[173.197,-34.24865],[173.2112,-34.25787],[173.22422,-34.26765],[173.23843,-34.27995],[173.25029,-34.29211],[173.26164,-34.30539],[173.26843,-34.31574],[173.27795,-34.3314],[173.2851,-34.34693],[173.2904,-34.36219],[173.29469,-34.37787],[173.29712,-34.39356],[173.29786,-34.40925],[173.29791,-34.42102],[173.29645,-34.43531],[173.29363,-34.44961],[173.28645,-34.4736],[173.27957,-34.48833],[173.27117,-34.50405],[173.26005,-34.51977],[173.24956,-34.53234],[173.2464,-34.54832],[173.24208,-34.56256],[173.24255,-34.56452],[173.24587,-34.56669],[173.36075,-34.56776],[173.38923,-34.5706],[173.40466,-34.57335],[173.43365,-34.57533],[173.44908,-34.57765],[173.47556,-34.58398],[173.48982,-34.58826],[173.51124,-34.59657],[173.53149,-34.6067],[173.55943,-34.62478],[173.57086,-34.63397],[173.59052,-34.65306],[173.60269,-34.66813],[173.62079,-34.68107],[173.64114,-34.69861],[173.66273,-34.72048],[173.69504,-34.74243],[173.71101,-34.7433],[173.72598,-34.74516],[173.7527,-34.75044],[173.76612,-34.75035],[173.79876,-34.75263],[173.8386,-34.76003],[173.87562,-34.77206],[173.89291,-34.76897],[173.92991,-34.76585],[173.9537,-34.7662],[173.97991,-34.7689],[173.9995,-34.77264],[174.0169,-34.77724],[174.0336,-34.78058],[174.05921,-34.78818],[174.07237,-34.79296],[174.10268,-34.80765],[174.11709,-34.81577],[174.14531,-34.83664],[174.15861,-34.84968],[174.16901,-34.86092],[174.18552,-34.88177],[174.19532,-34.89835],[174.20519,-34.91787],[174.21146,-34.93646],[174.21331,-34.94485],[174.22604,-34.952],[174.23207,-34.95628],[174.35334,-34.96306],[174.37565,-34.96555],[174.41617,-34.97256],[174.43846,-34.9795],[174.45702,-34.98693],[174.48086,-34.99917],[174.49683,-35.00916],[174.50798,-35.01725],[174.52744,-35.03402],[174.54113,-35.04875],[174.5544,-35.06612],[174.56682,-35.08732],[174.57588,-35.1084],[174.58214,-35.13188],[174.58466,-35.14992],[174.58516,-35.17247],[174.58657,-35.19238],[174.58574,-35.21041],[174.59503,-35.22341],[174.31137,-35.30177],[174.30463,-35.30207],[174.3042,-35.30339],[174.28888,-35.32004],[174.28658,-35.31961],[174.28636,-35.31881],[174.2834,-35.31735],[174.28158,-35.31588],[174.28029,-35.31345],[174.26689,-35.30752],[174.2649,-35.30505],[174.26099,-35.30467],[174.25931,-35.30361],[174.25846,-35.30172],[174.25614,-35.30249],[174.25428,-35.30458],[174.25487,-35.30549],[174.25352,-35.30647],[174.25546,-35.31168],[174.2549,-35.31402],[174.25724,-35.3195],[174.26292,-35.32035],[174.26237,-35.32234],[174.26285,-35.32393],[174.26215,-35.32505],[174.26413,-35.33151],[174.2625,-35.3339],[174.26287,-35.33526],[174.26151,-35.33607],[174.26285,-35.34008],[174.26632,-35.34087],[174.26893,-35.34303],[174.2719,-35.34416],[174.27228,-35.34551],[174.27696,-35.34755],[174.27801,-35.34954],[174.27764,-35.35049],[174.27952,-35.35132],[174.28126,-35.35423],[174.28626,-35.35362],[174.28763,-35.36142],[174.2851,-35.36308],[174.28599,-35.36596],[174.28691,-35.38673],[174.27763,-35.39785],[174.27682,-35.39725],[174.27524,-35.39782],[174.27247,-35.40154],[174.26685,-35.40264],[174.26453,-35.40424],[174.26036,-35.40532],[174.25792,-35.41018],[174.25623,-35.40984],[174.25352,-35.41267],[174.25471,-35.41321],[174.25522,-35.4161],[174.2569,-35.41709],[174.25687,-35.41956],[174.25452,-35.4212],[174.25517,-35.42242],[174.26049,-35.42368],[174.26424,-35.42807],[174.26603,-35.42799],[174.26594,-35.43731],[174.25155,-35.43727],[174.25245,-35.43601],[174.24639,-35.43588],[174.24179,-35.44664],[174.24181,-35.4581],[174.24109,-35.45954],[174.23728,-35.46106],[174.23693,-35.46783],[174.23324,-35.46944],[174.23376,-35.47149],[174.23472,-35.47212],[174.23096,-35.47403],[174.23071,-35.48357],[174.21555,-35.48347],[174.21551,-35.49803],[174.21476,-35.49976],[174.21261,-35.49969],[174.21219,-35.49879],[174.20814,-35.4989],[174.20446,-35.50053],[174.20463,-35.50254],[174.20547,-35.50308],[174.20509,-35.50412],[174.20636,-35.50466],[174.20609,-35.5038],[174.20715,-35.50499],[174.20496,-35.50669],[174.20954,-35.5069],[174.2106,-35.50837],[174.20984,-35.5116],[174.21198,-35.51211],[174.21076,-35.51368],[174.20899,-35.51336],[174.2089,-35.5151],[174.21018,-35.51665],[174.20742,-35.51894],[174.20802,-35.52015],[174.20666,-35.51942],[174.20404,-35.5201],[174.21687,-35.52481],[174.21817,-35.52612],[174.22483,-35.52934],[174.23035,-35.53297],[174.2326,-35.5368],[174.23464,-35.53839],[174.24835,-35.54115],[174.25323,-35.54284],[174.25883,-35.54239],[174.2665,-35.53886],[174.27357,-35.5396],[174.27591,-35.54109],[174.2782,-35.54467],[174.27805,-35.54827],[174.28332,-35.55488],[174.28275,-35.56327],[174.28415,-35.56706],[174.27482,-35.56852],[174.27384,-35.5701],[174.27397,-35.57215],[174.27299,-35.57161],[174.26591,-35.57507],[174.27024,-35.58135],[174.26857,-35.58215],[174.26935,-35.58333],[174.26711,-35.58391],[174.26791,-35.58583],[174.25098,-35.59429],[174.24555,-35.59278],[174.2455,-35.59399],[174.24777,-35.5949],[174.24717,-35.59647],[174.24932,-35.59771],[174.24407,-35.59902],[174.24707,-35.60109],[174.24765,-35.59934],[174.2489,-35.59964],[174.24843,-35.6027],[174.24528,-35.60584],[174.24421,-35.60334],[174.24162,-35.60257],[174.24003,-35.60307],[174.23862,-35.60075],[174.23727,-35.60112],[174.23659,-35.60312],[174.23848,-35.60344],[174.23938,-35.60612],[174.23764,-35.60758],[174.23821,-35.61028],[174.23757,-35.61085],[174.23474,-35.61026],[174.23367,-35.61421],[174.2318,-35.61662],[174.23179,-35.61856],[174.22486,-35.6213],[174.2219,-35.62087],[174.22095,-35.62211],[174.21755,-35.62327],[174.21853,-35.62487],[174.21347,-35.62576],[174.21048,-35.62782],[174.20889,-35.62781],[174.20118,-35.63092],[174.19709,-35.63464],[174.19379,-35.63629],[174.18666,-35.63648],[174.18304,-35.63495],[174.18175,-35.63622],[174.18242,-35.63769],[174.17915,-35.63902],[174.17761,-35.63786],[174.17515,-35.6398],[174.17452,-35.64186],[174.17269,-35.64102],[174.16992,-35.64106],[174.16397,-35.64615],[174.16102,-35.64606],[174.15856,-35.64879],[174.15264,-35.65001],[174.15296,-35.6516],[174.15171,-35.65384],[174.14757,-35.65258],[174.14358,-35.65257],[174.14071,-35.65542],[174.14039,-35.65831],[174.1421,-35.65994],[174.14163,-35.66152],[174.13652,-35.66423],[174.14003,-35.66493],[174.13941,-35.6662],[174.14013,-35.66895],[174.13971,-35.67054],[174.14114,-35.67167],[174.13966,-35.67298],[174.14,-35.67503],[174.13611,-35.6771],[174.12983,-35.67728],[174.1265,-35.67972],[174.12543,-35.68244],[174.12644,-35.68525],[174.12594,-35.68656],[174.12196,-35.68949],[174.12161,-35.69228],[174.1188,-35.69449],[174.12127,-35.69484],[174.11968,-35.69862],[174.11836,-35.69846],[174.11783,-35.69647],[174.11674,-35.69933],[174.11255,-35.69859],[174.11081,-35.69968],[174.11412,-35.70126],[174.1133,-35.7022],[174.11374,-35.70368],[174.11609,-35.70482],[174.11717,-35.7025],[174.11972,-35.70342],[174.11996,-35.70453],[174.12107,-35.70357],[174.12007,-35.70293],[174.12077,-35.7022],[174.12177,-35.70272],[174.1238,-35.70159],[174.12385,-35.70242],[174.12647,-35.7032],[174.12763,-35.70228],[174.12902,-35.70288],[174.13,-35.70153],[174.13276,-35.70021],[174.13561,-35.70302],[174.13564,-35.70458],[174.13212,-35.70569],[174.13807,-35.70851],[174.13797,-35.72117],[174.14495,-35.72014],[174.14867,-35.72407],[174.15265,-35.72285],[174.15804,-35.73125],[174.15391,-35.734],[174.15902,-35.73203],[174.16133,-35.72978],[174.16048,-35.72757],[174.16103,-35.72644],[174.16262,-35.72612],[174.16883,-35.73256],[174.16876,-35.73508],[174.1695,-35.73598],[174.17862,-35.73548],[174.18054,-35.73752],[174.17889,-35.73919],[174.1793,-35.73969],[174.19118,-35.74078],[174.19635,-35.74797],[174.19438,-35.75136],[174.19711,-35.752],[174.19695,-35.75439],[174.20128,-35.7545],[174.19939,-35.7599],[174.19827,-35.76086],[174.19961,-35.76178],[174.19749,-35.76193],[174.19776,-35.76395],[174.19876,-35.76315],[174.20127,-35.76363],[174.21018,-35.76831],[174.21382,-35.76932],[174.2193,-35.77488],[174.22256,-35.77427],[174.22077,-35.78064],[174.21777,-35.78005],[174.21493,-35.79023],[174.20809,-35.78887],[174.2075,-35.80569],[174.22595,-35.81329],[174.22914,-35.80798],[174.22914,-35.80621],[174.23687,-35.80147],[174.24398,-35.8109],[174.24599,-35.80989],[174.24717,-35.81112],[174.24368,-35.81343],[174.24352,-35.81509],[174.23926,-35.81728],[174.23663,-35.81961],[174.23374,-35.82475],[174.23727,-35.82759],[174.2448,-35.82896],[174.24899,-35.83469],[174.25151,-35.83488],[174.25329,-35.83672],[174.25655,-35.84308],[174.24788,-35.84644],[174.24855,-35.84718],[174.24733,-35.84825],[174.24779,-35.84889],[174.24472,-35.85052],[174.24555,-35.85179],[174.2449,-35.85341],[174.24561,-35.85302],[174.24613,-35.85456],[174.24584,-35.85634],[174.24494,-35.85677],[174.24552,-35.85762],[174.25023,-35.85922],[174.2511,-35.86063],[174.25084,-35.86197],[174.24906,-35.86177],[174.24828,-35.86433],[174.24664,-35.86585],[174.25366,-35.87366],[174.26609,-35.89],[174.26765,-35.89303],[174.2674,-35.90108],[174.26468,-35.90284],[174.2619,-35.90687],[174.26223,-35.90935],[174.26462,-35.91359],[174.26404,-35.91919],[174.26954,-35.92072],[174.27056,-35.9226],[174.26993,-35.92428],[174.27087,-35.92546],[174.27776,-35.92391],[174.2802,-35.92416],[174.28216,-35.92899],[174.30974,-35.95315],[174.32724,-35.95759],[174.3271,-35.9817],[174.32474,-35.98177],[174.31824,-35.98492],[174.31649,-35.98412],[174.31118,-35.98419],[174.31045,-35.98618],[174.31294,-35.98765],[174.31343,-35.99074],[174.31709,-35.99311],[174.31784,-35.99649],[174.31525,-36.00072],[174.31676,-36.00164],[174.31892,-36.0044],[174.31906,-36.00597],[174.32024,-36.00667],[174.3245,-36.02684],[174.32557,-36.02713],[174.32959,-36.02572],[174.33136,-36.0262],[174.33065,-36.02515],[174.335,-36.02311],[174.33935,-36.02267],[174.34041,-36.02137],[174.34257,-36.02447],[174.34243,-36.02754],[174.34519,-36.02824],[174.3461,-36.02945],[174.34408,-36.0325],[174.34431,-36.03452],[174.34881,-36.03732],[174.35205,-36.03822],[174.35576,-36.04221],[174.35911,-36.04346],[174.35879,-36.05364],[174.36816,-36.05365],[174.37315,-36.04858],[174.37834,-36.05214],[174.38135,-36.05102],[174.38225,-36.04895],[174.38208,-36.04577],[174.38337,-36.04497],[174.38457,-36.04566],[174.38634,-36.047],[174.39052,-36.05517],[174.38751,-36.05598],[174.38976,-36.05635],[174.39085,-36.05818],[174.39022,-36.0608],[174.39051,-36.06532],[174.38796,-36.06775],[174.38501,-36.06754],[174.38706,-36.06948],[174.39019,-36.07092],[174.39571,-36.07175],[174.40055,-36.07584],[174.40011,-36.07714],[174.4041,-36.07587],[174.40804,-36.07684],[174.40876,-36.07747],[174.40815,-36.07872],[174.41087,-36.07728],[174.4171,-36.0773],[174.41884,-36.07861],[174.42073,-36.0782],[174.4217,-36.07924],[174.42311,-36.07905],[174.42285,-36.07983],[174.42659,-36.07947],[174.42937,-36.08055],[174.4299,-36.08151],[174.43007,-36.08099],[174.43376,-36.08161],[174.43549,-36.08397],[174.4404,-36.08604],[174.44702,-36.08662],[174.45049,-36.08534],[174.45168,-36.08567],[174.45217,-36.08468],[174.45412,-36.08394],[174.45457,-36.0822],[174.45778,-36.08173],[174.46514,-36.07857],[174.46729,-36.07877],[174.47024,-36.07727],[174.47276,-36.07525],[174.47287,-36.07196],[174.47737,-36.07079],[174.48165,-36.07051],[174.48467,-36.07302],[174.48774,-36.07257],[174.48931,-36.07344],[174.49296,-36.07201],[174.49547,-36.07413],[174.49984,-36.07396],[174.5005,-36.07332],[174.50196,-36.07408],[174.50549,-36.07119],[174.51016,-36.07257],[174.51564,-36.069],[174.51698,-36.06917],[174.5181,-36.06691],[174.51992,-36.06539],[174.52453,-36.06345],[174.52743,-36.06608],[174.52846,-36.06595],[174.53037,-36.06732],[174.53626,-36.06637],[174.54095,-36.06795],[174.54222,-36.0696],[174.54548,-36.0697],[174.54719,-36.06861],[174.54884,-36.06897],[174.54971,-36.0677],[174.55622,-36.06623],[174.56409,-36.06656],[174.56531,-36.06519],[174.56421,-36.06139],[174.55731,-36.05749],[174.55584,-36.05547],[174.55993,-36.0585],[174.56297,-36.05919],[174.56549,-36.06115],[174.56585,-36.06059],[174.56864,-36.06088],[174.5683,-36.05997],[174.56954,-36.05998],[174.57009,-36.0591],[174.5732,-36.06108],[174.58041,-36.05316],[174.58304,-36.0432],[174.78256,-36.00708],[174.61678,-36.1175],[174.60591,-36.12162],[174.60687,-36.12281],[174.60447,-36.12709],[174.60686,-36.13025],[174.6068,-36.13278],[174.60085,-36.13323],[174.6017,-36.13671],[174.59905,-36.13848],[174.59856,-36.14028],[174.59372,-36.14181],[174.58838,-36.14053],[174.58568,-36.14212],[174.58409,-36.14418],[174.58257,-36.14824],[174.58396,-36.1559],[174.58672,-36.15768],[174.58513,-36.16081],[174.58267,-36.1622],[174.58285,-36.16437],[174.58019,-36.16703],[174.57115,-36.16615],[174.57029,-36.1719],[174.56564,-36.17131],[174.56576,-36.17411],[174.5641,-36.17384],[174.56283,-36.17909],[174.55795,-36.17852],[174.55618,-36.17755],[174.55185,-36.17743],[174.54802,-36.18021],[174.54585,-36.17948],[174.5397,-36.18282],[174.53457,-36.18351],[174.53124,-36.18692],[174.53031,-36.18961],[174.52665,-36.19183],[174.52629,-36.19346],[174.5223,-36.19722],[174.52316,-36.20151],[174.52452,-36.20278],[174.5232,-36.20471],[174.5254,-36.20783],[174.523,-36.21008],[174.52113,-36.21092],[174.51851,-36.21048],[174.50636,-36.21965],[174.50243,-36.2206],[174.49845,-36.22432],[174.4895,-36.22414],[174.48853,-36.22295],[174.48579,-36.22578],[174.48592,-36.22895],[174.48508,-36.2296],[174.48354,-36.2302],[174.48317,-36.22803],[174.481,-36.2281],[174.4783,-36.22952],[174.47257,-36.23717],[174.47232,-36.23956],[174.47364,-36.24428],[174.47318,-36.24927],[174.4696,-36.25797],[174.46758,-36.26018],[174.46428,-36.26109],[174.46063,-36.26023],[174.45776,-36.25778],[174.45648,-36.25335],[174.45383,-36.25328],[174.44871,-36.2584],[174.43967,-36.26491],[174.43647,-36.2663],[174.43251,-36.26651],[174.42933,-36.26764],[174.42675,-36.27267],[174.41198,-36.27767],[174.40841,-36.28145],[174.40357,-36.28882],[174.39899,-36.29256],[174.39232,-36.29534],[174.37766,-36.29704],[174.37181,-36.29902],[174.36437,-36.30452],[174.36065,-36.31181],[174.35766,-36.31511],[174.3511,-36.31783],[174.34242,-36.31982],[174.33405,-36.31936],[174.32395,-36.31513],[174.32188,-36.31526],[174.31499,-36.31805],[174.31184,-36.31764],[174.30711,-36.31438],[174.30085,-36.30538],[174.29368,-36.30181],[174.2706,-36.29806],[174.24839,-36.2956],[174.2427,-36.29526],[174.23912,-36.29626],[174.23707,-36.29798],[174.23505,-36.30139],[174.21486,-36.34554],[174.20187,-36.38541],[174.19535,-36.39881],[174.19305,-36.40159],[174.18442,-36.40671],[174.15842,-36.41792],[174.12296,-36.43514],[173.89663,-36.55851],[173.87097,-36.53965],[173.85272,-36.52388],[173.84052,-36.51155],[173.83014,-36.49948],[173.82469,-36.49261],[173.81547,-36.47828],[173.79841,-36.44732],[173.78867,-36.42321],[173.78563,-36.41266],[173.78276,-36.39846],[173.78098,-36.38245],[173.78065,-36.37121],[173.7748,-36.35118],[173.76251,-36.33322],[173.75407,-36.3172],[173.72556,-36.28119],[173.71935,-36.27162],[173.70568,-36.25817],[173.6924,-36.24178],[173.67993,-36.22904],[173.67108,-36.21848],[173.66222,-36.206],[173.6466,-36.18861],[173.63895,-36.17826],[173.62335,-36.16284],[173.61011,-36.14639],[173.59019,-36.12638],[173.57443,-36.10556],[173.55842,-36.08626],[173.54502,-36.07334],[173.52283,-36.04873],[173.50479,-36.03268],[173.49845,-36.02603],[173.47041,-35.99227],[173.46141,-35.98034],[173.4434,-35.96345],[173.42836,-35.94547],[173.42009,-35.93741],[173.40889,-35.92431],[173.39336,-35.91335],[173.37032,-35.89417],[173.34681,-35.87183],[173.33952,-35.86359],[173.32771,-35.8479],[173.31582,-35.82692],[173.30136,-35.81275],[173.28951,-35.79863],[173.26724,-35.78335],[173.24767,-35.76632],[173.23944,-35.75769],[173.22568,-35.74104],[173.21799,-35.72954],[173.20809,-35.7117],[173.18448,-35.69101],[173.16688,-35.67139],[173.15486,-35.6545],[173.14906,-35.64468],[173.1394,-35.62717],[173.13311,-35.61347],[173.11796,-35.59715],[173.10734,-35.58318],[173.08346,-35.5604],[173.06977,-35.54626],[173.06427,-35.53941],[173.04935,-35.52824],[173.03224,-35.51269],[173.0183,-35.49698],[173.0025,-35.47721],[172.99145,-35.46525],[172.97629,-35.44498],[172.96484,-35.43285],[172.95278,-35.41786],[172.93894,-35.39567],[172.93408,-35.38528],[172.91778,-35.36995],[172.90246,-35.35146],[172.88158,-35.33612],[172.86914,-35.32493],[172.85697,-35.31217],[172.84133,-35.29194],[172.83226,-35.27716],[172.82423,-35.26031],[172.81981,-35.24874],[172.81486,-35.23105],[172.81023,-35.20368],[172.80974,-35.19442],[172.81033,-35.16692],[172.8138,-35.14631],[172.81742,-35.1327],[172.82224,-35.1184],[172.82825,-35.10466],[172.84265,-35.07719],[172.85052,-35.06542],[172.86642,-35.04594],[172.87531,-35.03669],[172.89102,-35.0224],[172.88439,-35.01258],[172.87724,-35.00527],[172.83372,-34.95304],[172.78041,-34.89474],[172.7738,-34.88645],[172.77024,-34.88055],[172.74076,-34.84571],[172.72074,-34.83205],[172.70414,-34.81715],[172.68688,-34.79901],[172.67859,-34.78819],[172.67286,-34.77891],[172.65557,-34.76947],[172.64659,-34.76355],[172.63711,-34.75706],[172.61935,-34.74284],[172.60752,-34.73158],[172.59774,-34.72033],[172.58526,-34.70458],[172.58123,-34.69727],[172.56398,-34.68781],[172.54268,-34.67342],[172.5226,-34.65665],[172.51317,-34.64679],[172.49137,-34.63491],[172.47483,-34.62418],[172.44838,-34.6019],[172.43947,-34.59204],[172.42136,-34.56839],[172.41434,-34.55658],[172.40386,-34.53297],[172.39614,-34.5042],[172.39344,-34.48358],[172.39239,-34.46788],[172.39355,-34.45121],[172.39502,-34.43693],[172.39801,-34.42321],[172.40166,-34.41146],[172.40839,-34.39413],[172.4168,-34.37848],[172.42468,-34.36577],[172.44259,-34.34331],[172.45978,-34.32673],[172.47235,-34.31699],[172.48002,-34.30624],[172.50365,-34.28282],[172.51672,-34.2721],[172.53858,-34.25707],[172.56413,-34.24387],[172.59017,-34.23375],[172.61381,-34.22739],[172.64639,-34.22177],[172.6641,-34.22029],[172.69664,-34.22038],[172.73321,-34.22497],[172.75849,-34.23091],[172.78448,-34.22312],[172.82024,-34.21675],[172.83846,-34.21524],[172.8597,-34.21485],[172.88398,-34.21628],[172.89629,-34.21587],[172.90995,-34.21042],[172.92412,-34.20609],[172.95244,-34.19924],[172.98447,-34.19533],[173.01751,-34.19351],[173.05409,-34.1949],[173.06993,-34.19727],[173.10366,-34.20467],[173.12963,-34.21388]]],[[[172.06438,-34.39034],[172.02124,-34.38964],[171.98916,-34.38605],[171.95687,-34.37888],[171.92745,-34.36859],[171.91232,-34.36149],[171.89267,-34.35064],[171.88117,-34.34361],[171.86774,-34.334],[171.84642,-34.31501],[171.83566,-34.30309],[171.82663,-34.29133],[171.81586,-34.27411],[171.80664,-34.25405],[171.7895,-34.19276],[171.80164,-34.12379],[171.83025,-34.06268],[171.87693,-34.02324],[171.91961,-34.00369],[171.97621,-33.9845],[172.0373,-33.97059],[172.11425,-33.96161],[172.17661,-33.9585],[172.21717,-33.96123],[172.27361,-33.97009],[172.31842,-33.98489],[172.35461,-34.00548],[172.37654,-34.02863],[172.39286,-34.06403],[172.40189,-34.09018],[172.4081,-34.11467],[172.40715,-34.1632],[172.39799,-34.20175],[172.39133,-34.22259],[172.38499,-34.23684],[172.37679,-34.25171],[172.36587,-34.2676],[172.35655,-34.27898],[172.34488,-34.29121],[172.33293,-34.302],[172.32094,-34.31139],[172.28859,-34.33208],[172.25946,-34.34579],[172.23734,-34.35381],[172.2186,-34.35947],[172.17263,-34.37037],[172.13223,-34.38095],[172.09458,-34.38773],[172.06438,-34.39034]]]]},"properties":{"name":"Northland"}},{"type":"Feature","id":34,"geometry":{"type":"Polygon","coordinates":[[[174.8684,-36.93334],[174.86657,-36.93558],[174.85983,-36.94029],[174.85899,-36.94267],[174.85962,-36.94425],[174.86541,-36.94834],[174.87221,-36.94739],[174.87601,-36.94597],[174.87977,-36.94746],[174.8804,-36.94928],[174.89176,-36.95061],[174.88877,-36.96051],[174.88923,-36.96124],[174.90666,-36.96458],[174.90095,-36.98454],[174.89639,-36.9858],[174.8951,-36.9832],[174.89258,-36.98306],[174.88456,-36.98565],[174.88181,-36.98019],[174.87764,-36.98155],[174.86581,-36.97513],[174.86199,-36.97964],[174.86033,-36.9787],[174.85092,-36.97988],[174.83579,-36.95799],[174.8342,-36.95161],[174.83223,-36.95387],[174.8288,-36.9542],[174.8287,-36.95564],[174.82477,-36.95355],[174.82428,-36.95412],[174.82099,-36.95399],[174.82114,-36.95251],[174.81862,-36.95288],[174.81589,-36.95175],[174.81666,-36.94893],[174.82433,-36.94047],[174.82119,-36.93577],[174.82986,-36.93837],[174.83593,-36.93602],[174.83542,-36.9346],[174.84259,-36.93377],[174.84373,-36.9329],[174.84209,-36.92674],[174.85835,-36.9239],[174.85817,-36.92323],[174.86207,-36.92254],[174.86748,-36.93029],[174.8684,-36.93334]]]},"properties":{"name":"Ōtāhuhu"}},{"type":"Feature","id":35,"geometry":{"type":"Polygon","coordinates":[[[174.90217,-36.8463],[174.96167,-36.86459],[174.96224,-36.88966],[174.96066,-36.90377],[174.95939,-36.90757],[174.95693,-36.91008],[174.95285,-36.91116],[174.94795,-36.91467],[174.94241,-36.91631],[174.93906,-36.91384],[174.94199,-36.91198],[174.9407,-36.90906],[174.93796,-36.91105],[174.93734,-36.91036],[174.93848,-36.90925],[174.93499,-36.9059],[174.93452,-36.90631],[174.93244,-36.90529],[174.93126,-36.90637],[174.92867,-36.90619],[174.92065,-36.90361],[174.9185,-36.90157],[174.91151,-36.9052],[174.90767,-36.90388],[174.90738,-36.90606],[174.90349,-36.90854],[174.90514,-36.91097],[174.90438,-36.91156],[174.90482,-36.91414],[174.90368,-36.91643],[174.90214,-36.91659],[174.89933,-36.92034],[174.89856,-36.92],[174.89808,-36.9178],[174.89588,-36.91753],[174.89294,-36.91965],[174.88773,-36.92617],[174.87625,-36.92743],[174.87033,-36.92622],[174.8651,-36.92648],[174.85648,-36.91554],[174.85812,-36.91152],[174.85767,-36.9088],[174.86024,-36.90647],[174.8701,-36.90318],[174.87144,-36.90058],[174.87389,-36.8906],[174.87806,-36.8869],[174.89342,-36.87647],[174.8952,-36.87262],[174.89553,-36.86979],[174.88987,-36.86039],[174.88909,-36.8484],[174.89003,-36.84611],[174.90009,-36.84634],[174.90104,-36.84578],[174.90217,-36.8463]]]},"properties":{"name":"Pakuranga"}},{"type":"Feature","id":36,"geometry":{"type":"Polygon","coordinates":[[[175.61825,-40.27181],[175.6194,-40.27281],[175.6263,-40.26887],[175.63721,-40.27746],[175.63919,-40.27632],[175.64485,-40.28113],[175.64154,-40.28303],[175.64887,-40.28284],[175.67802,-40.28795],[175.6968,-40.28856],[175.7189,-40.29047],[175.73529,-40.28305],[175.74301,-40.29357],[175.74257,-40.2954],[175.74448,-40.29705],[175.72851,-40.30428],[175.73265,-40.30969],[175.73514,-40.30862],[175.73958,-40.30854],[175.74217,-40.3153],[175.74435,-40.31416],[175.74622,-40.31478],[175.74534,-40.31703],[175.73438,-40.32292],[175.72942,-40.32471],[175.72225,-40.32969],[175.71864,-40.33041],[175.71658,-40.33016],[175.71214,-40.32116],[175.70988,-40.32011],[175.70653,-40.32004],[175.7041,-40.32155],[175.70257,-40.32415],[175.70309,-40.32754],[175.7063,-40.33184],[175.70576,-40.33478],[175.70041,-40.33768],[175.69409,-40.33932],[175.70936,-40.35673],[175.71375,-40.35775],[175.71463,-40.35911],[175.71811,-40.3594],[175.72237,-40.36195],[175.72141,-40.3654],[175.72351,-40.36681],[175.72374,-40.37055],[175.72463,-40.37164],[175.72567,-40.37114],[175.72877,-40.37173],[175.74921,-40.38289],[175.74818,-40.38269],[175.74853,-40.38457],[175.74689,-40.38431],[175.74664,-40.38666],[175.74525,-40.38738],[175.74181,-40.38733],[175.7396,-40.38852],[175.74011,-40.39027],[175.73836,-40.38986],[175.73707,-40.39212],[175.73603,-40.39204],[175.73589,-40.39077],[175.73398,-40.39099],[175.73327,-40.39171],[175.73381,-40.39342],[175.73282,-40.3945],[175.7339,-40.39547],[175.73361,-40.39754],[175.73212,-40.39968],[175.72857,-40.39961],[175.72688,-40.40153],[175.72527,-40.40141],[175.7237,-40.40245],[175.72487,-40.40479],[175.72294,-40.40532],[175.72518,-40.40775],[175.72524,-40.41002],[175.72876,-40.41057],[175.72966,-40.41252],[175.72284,-40.41867],[175.72383,-40.4192],[175.72347,-40.41994],[175.72432,-40.42118],[175.72333,-40.42234],[175.72225,-40.42229],[175.7224,-40.42446],[175.71929,-40.42543],[175.71816,-40.42673],[175.71511,-40.42666],[175.715,-40.42874],[175.71203,-40.43097],[175.70969,-40.43088],[175.70667,-40.43323],[175.70561,-40.43272],[175.71458,-40.4378],[175.69793,-40.456],[175.62598,-40.45492],[175.6258,-40.43606],[175.61805,-40.43798],[175.61923,-40.43944],[175.6191,-40.44205],[175.62173,-40.442],[175.62343,-40.44393],[175.6224,-40.44616],[175.62104,-40.44675],[175.62179,-40.44853],[175.61966,-40.44692],[175.6216,-40.44613],[175.62268,-40.44343],[175.6188,-40.44207],[175.61587,-40.43781],[175.61347,-40.43677],[175.61274,-40.43428],[175.60956,-40.43261],[175.60897,-40.43056],[175.60533,-40.4271],[175.58054,-40.40889],[175.57904,-40.40998],[175.57604,-40.40729],[175.57724,-40.40636],[175.56399,-40.39587],[175.55456,-40.40021],[175.55441,-40.40206],[175.55684,-40.40631],[175.55551,-40.40829],[175.55178,-40.40923],[175.54824,-40.40532],[175.54683,-40.39866],[175.53907,-40.38812],[175.53955,-40.38563],[175.54527,-40.37797],[175.53988,-40.37091],[175.55188,-40.36559],[175.53181,-40.34812],[175.61214,-40.29368],[175.59646,-40.27999],[175.6138,-40.26808],[175.61825,-40.27181]]]},"properties":{"name":"Palmerston North"}},{"type":"Feature","id":37,"geometry":{"type":"Polygon","coordinates":[[[175.1484,-36.92429],[175.15305,-36.93019],[175.15678,-36.93183],[175.16123,-36.93253],[175.1651,-36.93218],[175.16814,-36.93092],[175.18274,-36.91978],[175.19292,-36.91787],[175.20329,-36.91949],[175.21509,-36.92464],[175.22697,-36.92793],[175.26093,-36.93223],[175.29583,-36.93373],[175.31656,-36.93585],[175.3282,-36.93625],[175.34142,-36.93494],[175.36154,-36.93033],[175.37932,-36.96263],[175.38865,-37.0219],[175.29107,-37.02404],[175.26785,-37.02744],[175.20771,-37.03006],[175.20271,-37.036],[175.20668,-37.03735],[175.20209,-37.03874],[175.19957,-37.03631],[175.19714,-37.03588],[175.19287,-37.03951],[175.18976,-37.03866],[175.18476,-37.04076],[175.18278,-37.03934],[175.18163,-37.0365],[175.1801,-37.03587],[175.17871,-37.034],[175.17767,-37.03188],[175.1785,-37.03025],[175.17685,-37.02985],[175.17607,-37.02766],[175.17305,-37.02703],[175.16868,-37.02334],[175.1677,-37.02106],[175.16605,-37.0214],[175.16482,-37.01943],[175.165,-37.01718],[175.16388,-37.01608],[175.16078,-37.01591],[175.15994,-37.01713],[175.15626,-37.01809],[175.15434,-37.02059],[175.15209,-37.02156],[175.15157,-37.02458],[175.15359,-37.02801],[175.15563,-37.02982],[175.15495,-37.03206],[175.15543,-37.03247],[175.1531,-37.03733],[175.15476,-37.03789],[175.1536,-37.0388],[175.1535,-37.0432],[175.15561,-37.04704],[175.154,-37.04971],[175.15119,-37.05025],[175.15131,-37.05253],[175.148,-37.05356],[175.14819,-37.0548],[175.14759,-37.05488],[175.1483,-37.05687],[175.14671,-37.05828],[175.14627,-37.06024],[175.14714,-37.06235],[175.14658,-37.06323],[175.147,-37.06501],[175.14813,-37.06567],[175.1473,-37.06606],[175.14904,-37.06729],[175.14707,-37.06851],[175.14547,-37.06844],[175.14638,-37.06922],[175.14574,-37.06948],[175.14768,-37.07021],[175.14659,-37.07123],[175.15046,-37.0703],[175.14834,-37.07592],[175.14597,-37.07593],[175.14475,-37.07905],[175.14408,-37.08255],[175.14452,-37.08716],[175.1464,-37.0898],[175.14368,-37.09248],[175.14383,-37.0935],[175.14266,-37.09519],[175.14285,-37.0973],[175.14082,-37.09873],[175.1446,-37.10134],[175.1434,-37.10861],[175.14726,-37.10992],[175.14821,-37.1163],[175.14952,-37.11744],[175.14998,-37.11966],[175.1542,-37.12102],[175.154,-37.12502],[175.15235,-37.12745],[175.15329,-37.12898],[175.153,-37.1309],[175.15409,-37.13206],[175.15318,-37.13426],[175.1539,-37.13611],[175.15268,-37.13822],[175.15315,-37.13926],[175.15224,-37.14297],[175.14821,-37.14284],[175.14525,-37.14459],[175.14628,-37.15233],[175.14416,-37.16769],[175.1339,-37.16819],[175.13745,-37.16992],[175.13864,-37.17171],[175.1402,-37.17185],[175.13978,-37.17357],[175.14191,-37.17576],[175.14042,-37.17597],[175.13167,-37.18168],[175.13264,-37.18538],[175.13074,-37.18637],[175.12708,-37.18637],[175.12503,-37.18494],[175.1233,-37.18481],[175.12312,-37.18627],[175.12086,-37.18961],[175.11348,-37.18642],[175.11029,-37.18789],[175.10522,-37.18141],[175.09634,-37.18223],[175.09617,-37.17988],[175.09553,-37.1796],[175.09279,-37.18083],[175.08961,-37.1795],[175.08722,-37.18223],[175.08126,-37.18168],[175.08163,-37.18253],[175.08325,-37.18235],[175.08229,-37.18331],[175.08341,-37.18464],[175.08155,-37.18562],[175.08109,-37.18676],[175.08569,-37.18971],[175.08442,-37.19155],[175.08622,-37.19252],[175.08461,-37.19214],[175.07381,-37.19475],[175.07221,-37.19229],[175.0667,-37.1909],[175.06609,-37.18188],[175.05982,-37.1813],[175.05838,-37.18027],[175.05447,-37.18079],[175.04529,-37.18282],[175.04502,-37.18812],[175.03787,-37.18844],[175.03732,-37.19206],[175.03562,-37.19095],[175.03267,-37.19079],[175.0326,-37.18869],[175.02916,-37.18885],[175.02963,-37.19616],[175.0273,-37.19635],[175.02757,-37.1968],[175.02044,-37.19961],[175.01835,-37.1955],[175.01419,-37.19692],[175.01112,-37.20115],[175.00752,-37.20298],[175.00707,-37.20546],[175.0037,-37.20671],[175.0041,-37.20737],[174.99026,-37.21659],[174.98121,-37.20812],[174.97964,-37.20917],[174.97502,-37.20107],[174.97322,-37.19476],[174.96652,-37.19643],[174.96468,-37.18455],[174.96611,-37.18421],[174.96436,-37.18233],[174.96394,-37.17949],[174.95688,-37.18124],[174.95495,-37.17972],[174.95168,-37.1798],[174.94973,-37.16782],[174.96164,-37.16486],[174.96114,-37.16327],[174.95869,-37.16383],[174.95824,-37.16265],[174.96076,-37.1621],[174.95987,-37.15775],[174.95254,-37.1597],[174.95188,-37.15847],[174.95224,-37.15574],[174.95422,-37.15564],[174.95428,-37.15236],[174.95363,-37.15203],[174.95397,-37.15002],[174.95122,-37.14747],[174.95217,-37.14669],[174.9519,-37.14574],[174.94193,-37.15176],[174.93734,-37.149],[174.93493,-37.1382],[174.92689,-37.13466],[174.92809,-37.13322],[174.92384,-37.13448],[174.92223,-37.1323],[174.92317,-37.13161],[174.91879,-37.12743],[174.91914,-37.12629],[174.91991,-37.12649],[174.9193,-37.12587],[174.9199,-37.12447],[174.91871,-37.12378],[174.90878,-37.12425],[174.90514,-37.12574],[174.89993,-37.13016],[174.88472,-37.13691],[174.8788,-37.14148],[174.86591,-37.1476],[174.84892,-37.14999],[174.84596,-37.15239],[174.83667,-37.15555],[174.82227,-37.16556],[174.80606,-37.16752],[174.79617,-37.14496],[174.79233,-37.13857],[174.7933,-37.13756],[174.79284,-37.13652],[174.79181,-37.13532],[174.79123,-37.13593],[174.79075,-37.13536],[174.79172,-37.13436],[174.79033,-37.13388],[174.7905,-37.13199],[174.78984,-37.13124],[174.78723,-37.13068],[174.78754,-37.12927],[174.78627,-37.12759],[174.78827,-37.12283],[174.78791,-37.11679],[174.79015,-37.10658],[174.79633,-37.09045],[174.77903,-37.03379],[174.8005,-37.03451],[174.82617,-37.03952],[174.8419,-37.0455],[174.85404,-37.05141],[174.86444,-37.05769],[174.87175,-37.06021],[174.88999,-37.05975],[174.90781,-37.05639],[174.91289,-37.0562],[174.92001,-37.05274],[174.92124,-37.05093],[174.92403,-37.05053],[174.92662,-37.04833],[174.92538,-37.04754],[174.92736,-37.04707],[174.92742,-37.0462],[174.93199,-37.04923],[174.93531,-37.0482],[174.9264,-37.03025],[174.94344,-37.02472],[174.93806,-37.01377],[174.93544,-37.01069],[174.93483,-37.00737],[174.92429,-36.99896],[174.92691,-36.999],[174.92697,-36.99973],[174.93058,-37.0005],[174.93268,-36.99803],[174.9372,-36.99739],[174.93634,-37.00034],[174.93863,-36.99986],[174.93906,-37.0017],[174.94347,-37.00147],[174.94092,-36.99629],[174.95347,-36.99986],[174.95262,-36.99122],[174.9501,-36.99045],[174.95205,-36.98562],[174.96378,-36.98554],[174.96468,-36.98344],[174.96698,-36.9838],[174.99886,-36.96468],[174.99239,-36.95763],[174.99715,-36.95722],[174.99608,-36.94892],[175.00344,-36.94854],[175.00314,-36.9458],[175.01037,-36.94516],[175.00995,-36.94219],[175.01163,-36.94282],[175.01156,-36.94543],[175.01271,-36.94645],[175.01445,-36.94477],[175.01753,-36.94375],[175.02031,-36.94402],[175.02166,-36.94279],[175.02368,-36.94463],[175.02491,-36.94461],[175.02625,-36.94347],[175.0263,-36.94214],[175.02906,-36.94042],[175.02905,-36.93899],[175.0302,-36.93796],[175.02969,-36.93641],[175.03066,-36.9352],[175.0353,-36.93602],[175.03835,-36.92815],[175.04977,-36.93018],[175.05308,-36.92003],[175.08215,-36.92551],[175.11551,-36.90866],[175.11947,-36.91508],[175.12346,-36.91811],[175.13079,-36.92029],[175.14456,-36.92231],[175.1484,-36.92429]]]},"properties":{"name":"Papakura"}},{"type":"Feature","id":38,"geometry":{"type":"Polygon","coordinates":[[[174.62203,-37.02632],[174.63257,-37.02468],[174.65273,-37.03025],[174.66363,-37.02899],[174.6809,-37.03165],[174.6892,-37.03493],[174.69791,-37.03668],[174.71115,-37.03682],[174.74403,-37.03991],[174.76887,-37.03654],[174.77903,-37.03379],[174.79633,-37.09045],[174.79015,-37.10658],[174.78791,-37.11679],[174.78827,-37.12283],[174.78627,-37.12759],[174.78754,-37.12927],[174.78723,-37.13068],[174.78984,-37.13124],[174.7905,-37.13199],[174.79033,-37.13388],[174.79172,-37.13436],[174.79075,-37.13536],[174.79123,-37.13593],[174.79181,-37.13532],[174.79284,-37.13652],[174.7933,-37.13756],[174.79233,-37.13857],[174.79617,-37.14496],[174.80606,-37.16752],[174.82227,-37.16556],[174.83667,-37.15555],[174.84596,-37.15239],[174.84892,-37.14999],[174.86591,-37.1476],[174.8788,-37.14148],[174.88472,-37.13691],[174.89993,-37.13016],[174.90514,-37.12574],[174.90878,-37.12425],[174.91871,-37.12378],[174.9199,-37.12447],[174.9193,-37.12587],[174.91991,-37.12649],[174.91914,-37.12629],[174.91879,-37.12743],[174.92317,-37.13161],[174.92223,-37.1323],[174.92384,-37.13448],[174.92809,-37.13322],[174.92689,-37.13466],[174.93493,-37.1382],[174.93734,-37.149],[174.94193,-37.15176],[174.9519,-37.14574],[174.95217,-37.14669],[174.95122,-37.14747],[174.95397,-37.15002],[174.95363,-37.15203],[174.95428,-37.15236],[174.95422,-37.15564],[174.95224,-37.15574],[174.95188,-37.15847],[174.95254,-37.1597],[174.95987,-37.15775],[174.96076,-37.1621],[174.95824,-37.16265],[174.95869,-37.16383],[174.96114,-37.16327],[174.96164,-37.16486],[174.94973,-37.16782],[174.95168,-37.1798],[174.95495,-37.17972],[174.95688,-37.18124],[174.96394,-37.17949],[174.96436,-37.18233],[174.96611,-37.18421],[174.96468,-37.18455],[174.96652,-37.19643],[174.97322,-37.19476],[174.97502,-37.20107],[174.97964,-37.20917],[174.98121,-37.20812],[174.99026,-37.21659],[175.0041,-37.20737],[175.0037,-37.20671],[175.00707,-37.20546],[175.00752,-37.20298],[175.01112,-37.20115],[175.01346,-37.19749],[175.01506,-37.19645],[175.01835,-37.1955],[175.02044,-37.19961],[175.02757,-37.1968],[175.0273,-37.19635],[175.02963,-37.19616],[175.02916,-37.18885],[175.0326,-37.18869],[175.03267,-37.19079],[175.03562,-37.19095],[175.03732,-37.19206],[175.03787,-37.18844],[175.04502,-37.18812],[175.04529,-37.18282],[175.05838,-37.18027],[175.05982,-37.1813],[175.06609,-37.18188],[175.0667,-37.1909],[175.07221,-37.19229],[175.07381,-37.19475],[175.08461,-37.19214],[175.08627,-37.19246],[175.08442,-37.19155],[175.08569,-37.18971],[175.08109,-37.18676],[175.08155,-37.18562],[175.08341,-37.18464],[175.08229,-37.18331],[175.08325,-37.18235],[175.08163,-37.18253],[175.08137,-37.18159],[175.08722,-37.18223],[175.08961,-37.1795],[175.09279,-37.18083],[175.09553,-37.1796],[175.09617,-37.17988],[175.09634,-37.18223],[175.10522,-37.18141],[175.11029,-37.18789],[175.11348,-37.18642],[175.12086,-37.18961],[175.12312,-37.18627],[175.1233,-37.18481],[175.12503,-37.18494],[175.12601,-37.18615],[175.13074,-37.18637],[175.13264,-37.18538],[175.13167,-37.18168],[175.14042,-37.17597],[175.14756,-37.17501],[175.14841,-37.17864],[175.15046,-37.18073],[175.15189,-37.19408],[175.15737,-37.19463],[175.16022,-37.19839],[175.16363,-37.20118],[175.16382,-37.20601],[175.16953,-37.20644],[175.17055,-37.21448],[175.17569,-37.21489],[175.17598,-37.21651],[175.17415,-37.21903],[175.17535,-37.21888],[175.17605,-37.22065],[175.1769,-37.22072],[175.1775,-37.2232],[175.17405,-37.22225],[175.17363,-37.22278],[175.17456,-37.22473],[175.17742,-37.22605],[175.17938,-37.22857],[175.1779,-37.22953],[175.17456,-37.22925],[175.17379,-37.23184],[175.17228,-37.23302],[175.17248,-37.2341],[175.17535,-37.23708],[175.17609,-37.23991],[175.18082,-37.23957],[175.18426,-37.24418],[175.18591,-37.24409],[175.18609,-37.24295],[175.18823,-37.24283],[175.18754,-37.24498],[175.185,-37.24722],[175.18842,-37.24811],[175.19573,-37.24607],[175.20909,-37.24585],[175.21953,-37.24879],[175.22769,-37.25015],[175.23616,-37.25377],[175.24598,-37.25366],[175.25177,-37.25586],[175.26446,-37.2633],[175.26924,-37.26436],[175.27495,-37.26777],[175.2793,-37.26886],[175.28068,-37.2698],[175.2837,-37.27479],[175.29497,-37.27855],[175.30538,-37.28501],[175.31631,-37.287],[175.32238,-37.28406],[175.34149,-37.32429],[175.33212,-37.32113],[175.32765,-37.33212],[175.31656,-37.32639],[175.31542,-37.32782],[175.29976,-37.32859],[175.29847,-37.32772],[175.28976,-37.33047],[175.2892,-37.32951],[175.28051,-37.32981],[175.2794,-37.33218],[175.27593,-37.33357],[175.27053,-37.33185],[175.26926,-37.32967],[175.26174,-37.32602],[175.25291,-37.33005],[175.25751,-37.33632],[175.25506,-37.33907],[175.24493,-37.34405],[175.25043,-37.35209],[175.24083,-37.35595],[175.23498,-37.35938],[175.2446,-37.36828],[175.20877,-37.38613],[175.20666,-37.38939],[175.21172,-37.39373],[175.21414,-37.39407],[175.21653,-37.39612],[175.22276,-37.40358],[175.22237,-37.4058],[175.22566,-37.40753],[175.22367,-37.41141],[175.22626,-37.41717],[175.2243,-37.41867],[175.22456,-37.42123],[175.22211,-37.42309],[175.22445,-37.42562],[175.22433,-37.42687],[175.16714,-37.43203],[175.16478,-37.43326],[175.15989,-37.43264],[175.15576,-37.43366],[175.15411,-37.43335],[175.14616,-37.43597],[175.14382,-37.43431],[175.13766,-37.43486],[175.13537,-37.43379],[175.13093,-37.43361],[175.12947,-37.43098],[175.12337,-37.42699],[175.11665,-37.42531],[175.10626,-37.42542],[175.10557,-37.42715],[175.09763,-37.42918],[175.09023,-37.43083],[175.0863,-37.43048],[175.0858,-37.438],[175.08946,-37.44076],[175.08867,-37.44448],[175.08738,-37.44601],[175.08818,-37.44734],[175.08655,-37.44858],[175.08729,-37.44966],[175.08507,-37.45141],[175.0831,-37.45454],[175.07963,-37.4554],[175.07938,-37.45402],[175.08053,-37.45328],[175.0781,-37.45386],[175.07817,-37.45675],[175.0759,-37.46029],[175.07617,-37.466],[175.07239,-37.46981],[175.07196,-37.47083],[175.07315,-37.47148],[175.07094,-37.47211],[175.07204,-37.47427],[175.06968,-37.47903],[175.0689,-37.4793],[175.0673,-37.47818],[175.06368,-37.47428],[175.06153,-37.4741],[175.0606,-37.4725],[175.06247,-37.47171],[175.06191,-37.47087],[175.06287,-37.47004],[175.06329,-37.46642],[175.05886,-37.47079],[175.05879,-37.47284],[175.06059,-37.47251],[175.0615,-37.4741],[175.0598,-37.47514],[175.05615,-37.47615],[175.05357,-37.47834],[175.05074,-37.47823],[175.04593,-37.47594],[175.04708,-37.47797],[175.04498,-37.48068],[175.04556,-37.48454],[175.0471,-37.48634],[175.04858,-37.48667],[175.04913,-37.48798],[175.04677,-37.48979],[175.04869,-37.49491],[175.04808,-37.49687],[175.04661,-37.49812],[175.04769,-37.50102],[175.04776,-37.50408],[175.04003,-37.50097],[175.04047,-37.50026],[175.03943,-37.50037],[175.04031,-37.50001],[175.03992,-37.49761],[175.03867,-37.49699],[175.03991,-37.49576],[175.04006,-37.4933],[175.03762,-37.49585],[175.03761,-37.49727],[175.03876,-37.49781],[175.03854,-37.5016],[175.0366,-37.5023],[175.036,-37.50333],[175.03474,-37.50309],[175.03548,-37.5003],[175.03394,-37.49908],[175.03323,-37.50131],[175.03121,-37.50238],[175.02999,-37.50417],[175.02982,-37.50738],[175.0273,-37.50769],[175.02469,-37.5155],[175.02262,-37.51556],[175.0227,-37.51765],[175.02541,-37.51758],[175.02673,-37.5225],[175.02405,-37.52551],[175.0231,-37.52841],[175.02655,-37.52625],[175.03032,-37.52509],[175.03054,-37.52994],[175.03169,-37.5323],[175.03409,-37.53262],[175.0305,-37.53614],[175.03033,-37.53788],[175.03156,-37.53835],[175.03279,-37.5376],[175.03465,-37.53952],[175.03711,-37.53798],[175.03906,-37.53515],[175.04724,-37.54375],[175.04231,-37.54465],[175.04165,-37.54573],[175.03735,-37.54614],[175.02414,-37.55628],[175.02309,-37.55489],[175.02053,-37.55629],[175.01574,-37.55722],[175.01129,-37.55624],[175.00898,-37.55708],[175.02432,-37.57315],[174.99118,-37.58816],[174.99149,-37.60465],[174.9888,-37.60713],[174.98021,-37.60988],[174.97693,-37.60902],[174.97575,-37.6159],[174.97401,-37.61773],[174.97167,-37.62256],[174.97081,-37.62328],[174.96298,-37.62409],[174.96622,-37.62634],[174.96809,-37.6266],[174.96907,-37.62968],[174.97253,-37.63436],[174.97311,-37.63698],[174.97586,-37.64175],[174.97676,-37.64211],[174.97584,-37.64463],[174.97693,-37.64763],[174.97592,-37.65027],[174.97419,-37.65179],[174.9714,-37.65189],[174.9675,-37.65436],[174.96623,-37.65412],[174.9618,-37.65593],[174.95881,-37.65591],[174.95478,-37.65322],[174.95113,-37.6533],[174.94661,-37.65485],[174.94296,-37.65343],[174.94173,-37.65377],[174.93997,-37.65584],[174.93376,-37.65626],[174.93146,-37.65471],[174.92454,-37.65402],[174.92023,-37.65791],[174.90592,-37.65945],[174.89843,-37.6408],[174.8923,-37.64127],[174.88498,-37.64476],[174.87847,-37.64282],[174.874,-37.64362],[174.87075,-37.64879],[174.85858,-37.65423],[174.85481,-37.65724],[174.85137,-37.65796],[174.84623,-37.65707],[174.84039,-37.65198],[174.83911,-37.64834],[174.83448,-37.64785],[174.8338,-37.64635],[174.82772,-37.64195],[174.82621,-37.64238],[174.82384,-37.64141],[174.82187,-37.64202],[174.81933,-37.64138],[174.81549,-37.63789],[174.81285,-37.63933],[174.80933,-37.63772],[174.80845,-37.63867],[174.80706,-37.63864],[174.80389,-37.63669],[174.80166,-37.63657],[174.80187,-37.6345],[174.79951,-37.63352],[174.79901,-37.63142],[174.79701,-37.63127],[174.79603,-37.63182],[174.79593,-37.63455],[174.79503,-37.63546],[174.79333,-37.63465],[174.55009,-37.69593],[174.54167,-37.68267],[174.53569,-37.67155],[174.51922,-37.65565],[174.50241,-37.63474],[174.49038,-37.61559],[174.48154,-37.59634],[174.47493,-37.57515],[174.47099,-37.55296],[174.47024,-37.5309],[174.47194,-37.51455],[174.46625,-37.50298],[174.46155,-37.49088],[174.45572,-37.47066],[174.44955,-37.44207],[174.44736,-37.422],[174.44739,-37.40996],[174.44092,-37.39428],[174.43115,-37.37527],[174.42883,-37.36922],[174.4158,-37.34777],[174.40733,-37.32998],[174.39427,-37.30814],[174.38889,-37.29661],[174.38524,-37.28641],[174.37845,-37.27457],[174.36145,-37.25193],[174.35658,-37.24411],[174.34831,-37.22767],[174.33925,-37.21422],[174.31454,-37.19915],[174.30134,-37.1889],[174.28775,-37.17685],[174.26955,-37.157],[174.25823,-37.14121],[174.25252,-37.13185],[174.26485,-37.12661],[174.27791,-37.1223],[174.29525,-37.11716],[174.32892,-37.10877],[174.35612,-37.10265],[174.43899,-37.08901],[174.47303,-37.08067],[174.49202,-37.07357],[174.51452,-37.06347],[174.52029,-37.05899],[174.52313,-37.05085],[174.53119,-37.04328],[174.53971,-37.03842],[174.55151,-37.0345],[174.56833,-37.03149],[174.58085,-37.03019],[174.59282,-37.03001],[174.60256,-37.02859],[174.60971,-37.0272],[174.62197,-37.02237],[174.62203,-37.02632]]]},"properties":{"name":"Port Waikato"}},{"type":"Feature","id":39,"geometry":{"type":"Polygon","coordinates":[[[171.11961,-43.0965],[171.12111,-43.0969],[171.12115,-43.09806],[171.12255,-43.09925],[171.12513,-43.09956],[171.13181,-43.10286],[171.13731,-43.10387],[171.14017,-43.10564],[171.15387,-43.10622],[171.15164,-43.1081],[171.15175,-43.11064],[171.15102,-43.11155],[171.15243,-43.11376],[171.15148,-43.1171],[171.1514,-43.12318],[171.15051,-43.12468],[171.15115,-43.12575],[171.14957,-43.13702],[171.15001,-43.14322],[171.14184,-43.15599],[171.13844,-43.16979],[171.13806,-43.1802],[171.13698,-43.18346],[171.14439,-43.19873],[171.14859,-43.20402],[171.15437,-43.2087],[171.15601,-43.21741],[171.15724,-43.21981],[171.15889,-43.22109],[171.16466,-43.22387],[171.18366,-43.2289],[171.20783,-43.24257],[171.237,-43.25742],[171.24438,-43.26279],[171.27117,-43.27371],[171.30409,-43.27947],[171.31451,-43.27832],[171.3292,-43.2754],[171.33811,-43.27493],[171.34708,-43.27605],[171.35285,-43.27805],[171.36207,-43.28327],[171.37204,-43.29238],[171.3832,-43.29955],[171.4101,-43.31943],[171.41807,-43.32604],[171.42374,-43.33284],[171.42699,-43.33519],[171.4491,-43.34318],[171.47222,-43.35269],[171.49851,-43.35824],[171.50525,-43.36073],[171.51583,-43.36765],[171.52344,-43.37793],[171.52682,-43.38105],[171.54052,-43.38967],[171.55329,-43.39181],[171.5637,-43.39547],[171.56663,-43.39785],[171.57407,-43.40973],[171.58266,-43.41502],[171.5843,-43.41783],[171.58432,-43.42392],[171.58622,-43.42662],[171.59902,-43.43465],[171.60512,-43.44219],[171.61184,-43.45347],[171.61506,-43.45682],[171.61997,-43.45998],[171.62329,-43.46432],[171.62441,-43.46735],[171.62301,-43.46992],[171.61937,-43.47221],[171.60868,-43.4763],[171.60701,-43.47765],[171.6068,-43.47933],[171.60852,-43.48043],[171.61991,-43.48273],[171.62195,-43.48384],[171.62285,-43.48581],[171.62211,-43.48856],[171.62514,-43.49197],[171.62405,-43.49384],[171.62443,-43.49482],[171.63221,-43.49981],[171.63131,-43.50309],[171.63165,-43.50459],[171.63521,-43.50626],[171.64113,-43.50666],[171.6432,-43.50805],[171.64003,-43.51199],[171.64025,-43.51345],[171.64307,-43.5139],[171.64663,-43.5158],[171.65184,-43.51614],[171.65556,-43.51744],[171.65985,-43.52619],[171.66361,-43.52962],[171.68546,-43.54225],[171.69078,-43.54304],[171.70833,-43.54147],[171.71431,-43.5435],[171.73953,-43.56572],[171.76239,-43.58139],[171.79311,-43.60432],[171.80753,-43.6184],[171.84007,-43.6451],[171.85519,-43.65518],[171.87132,-43.66769],[171.88159,-43.67285],[171.89623,-43.68217],[171.91785,-43.69199],[171.92511,-43.69612],[171.95378,-43.70724],[171.97723,-43.71738],[172.00557,-43.7311],[172.02826,-43.73979],[172.0371,-43.74394],[172.03068,-43.74939],[172.03962,-43.75098],[172.04324,-43.75361],[172.04556,-43.7565],[172.05151,-43.75869],[172.05304,-43.7608],[172.05195,-43.7616],[172.05232,-43.76218],[172.05541,-43.76485],[172.05724,-43.76805],[172.06408,-43.7724],[172.06434,-43.77289],[172.06218,-43.77413],[172.06616,-43.77661],[172.06689,-43.77617],[172.06735,-43.7796],[172.07497,-43.78514],[172.07978,-43.79119],[172.08042,-43.79372],[172.08383,-43.79814],[172.08439,-43.7986],[172.08673,-43.79742],[172.0885,-43.79988],[172.09285,-43.8033],[172.09423,-43.8075],[172.097,-43.80881],[172.09856,-43.81219],[172.10212,-43.81353],[172.1019,-43.81571],[172.10377,-43.81758],[172.10297,-43.81996],[172.10461,-43.82282],[172.1068,-43.82315],[172.10834,-43.82521],[172.11269,-43.82713],[172.11358,-43.83015],[172.11776,-43.83368],[172.12131,-43.83524],[172.12354,-43.83405],[172.12589,-43.83596],[172.13016,-43.84198],[172.13507,-43.84544],[172.13588,-43.84702],[172.14295,-43.84958],[172.14416,-43.85366],[172.14576,-43.85492],[172.14483,-43.85715],[172.14687,-43.86047],[172.14852,-43.86159],[172.14919,-43.86413],[172.15222,-43.86554],[172.15362,-43.86719],[172.15791,-43.86792],[172.15898,-43.869],[172.1609,-43.86934],[172.16788,-43.87454],[172.17254,-43.87617],[172.17372,-43.8774],[172.17451,-43.88093],[172.17873,-43.8837],[172.18067,-43.886],[172.18176,-43.88934],[172.18324,-43.88965],[172.18816,-43.89327],[172.18849,-43.89595],[172.19029,-43.89696],[172.19217,-43.90035],[172.19431,-43.90235],[172.30408,-44.08656],[172.28524,-44.09253],[172.25669,-44.09942],[172.23205,-44.10901],[172.1977,-44.11874],[172.17153,-44.13011],[172.13832,-44.14085],[172.12108,-44.15013],[172.09417,-44.1618],[172.07688,-44.16792],[172.05858,-44.17324],[172.04161,-44.18324],[172.02655,-44.19077],[172.01119,-44.19746],[171.98679,-44.20615],[171.97495,-44.21286],[171.95238,-44.22364],[171.92993,-44.23239],[171.9097,-44.23868],[171.89121,-44.24791],[171.85904,-44.26045],[171.83558,-44.27097],[171.79939,-44.283],[171.78079,-44.29277],[171.763,-44.30064],[171.73458,-44.31492],[171.71362,-44.32759],[171.68653,-44.34058],[171.67039,-44.35087],[171.6561,-44.35876],[171.63415,-44.36887],[171.61611,-44.37579],[171.59612,-44.39035],[171.57144,-44.40489],[171.55624,-44.41757],[171.54448,-44.42605],[171.54247,-44.44117],[171.54017,-44.45073],[171.53865,-44.46529],[171.53511,-44.48213],[171.52911,-44.4995],[171.52043,-44.51746],[171.25681,-44.42592],[171.25112,-44.4249],[171.24679,-44.42242],[171.24253,-44.41847],[171.24197,-44.41597],[171.23991,-44.41544],[171.23906,-44.41433],[171.2373,-44.41462],[171.23592,-44.4127],[171.23386,-44.41249],[171.23153,-44.41052],[171.22913,-44.41087],[171.22617,-44.40906],[171.22387,-44.40934],[171.22323,-44.40804],[171.22448,-44.40734],[171.20895,-44.40391],[171.20454,-44.40566],[171.19861,-44.40604],[171.18673,-44.403],[171.1836,-44.40143],[171.17618,-44.40028],[171.17245,-44.39804],[171.17393,-44.3965],[171.16589,-44.39497],[171.16721,-44.38703],[171.16043,-44.3888],[171.14776,-44.38546],[171.13839,-44.38542],[171.14007,-44.38391],[171.13959,-44.37852],[171.13858,-44.37628],[171.1403,-44.37423],[171.13896,-44.37216],[171.14058,-44.36776],[171.14032,-44.36311],[171.13648,-44.35984],[171.13383,-44.35564],[171.12716,-44.35173],[171.12144,-44.34615],[171.10878,-44.345],[171.11064,-44.33985],[171.11379,-44.33872],[171.10466,-44.32844],[171.10459,-44.32644],[171.0913,-44.32892],[171.08708,-44.33159],[171.0752,-44.32197],[171.07006,-44.32544],[171.06172,-44.32597],[171.05725,-44.32306],[171.05611,-44.32319],[171.04636,-44.31905],[171.04615,-44.31808],[171.04294,-44.31599],[171.04111,-44.31129],[171.04274,-44.30789],[171.04594,-44.30536],[171.04891,-44.29977],[171.04797,-44.28665],[171.04493,-44.27939],[171.0965,-44.2648],[171.089,-44.25549],[171.09513,-44.25207],[171.10573,-44.24936],[171.11254,-44.24539],[171.11567,-44.24501],[171.12311,-44.24653],[171.13678,-44.24747],[171.14122,-44.24949],[171.15201,-44.25226],[171.16597,-44.25823],[171.18134,-44.26145],[171.19765,-44.26319],[171.20022,-44.25323],[171.20307,-44.22813],[171.19741,-44.22738],[171.1984,-44.21922],[171.20866,-44.20209],[171.20849,-44.20103],[171.20134,-44.19624],[171.20123,-44.19307],[171.20539,-44.19122],[171.20577,-44.19034],[171.20451,-44.18786],[171.20827,-44.18325],[171.20741,-44.17974],[171.21056,-44.17161],[171.21589,-44.17247],[171.23962,-44.17135],[171.24394,-44.17395],[171.25597,-44.17611],[171.26818,-44.17408],[171.26688,-44.17133],[171.27161,-44.17025],[171.26938,-44.16797],[171.26873,-44.16571],[171.2657,-44.16432],[171.26657,-44.16198],[171.26824,-44.16067],[171.26875,-44.15855],[171.26593,-44.15508],[171.26503,-44.14817],[171.26397,-44.14603],[171.26601,-44.14414],[171.27389,-44.14437],[171.28185,-44.12688],[171.28953,-44.12724],[171.28359,-44.11738],[171.29284,-44.11328],[171.29396,-44.11773],[171.29588,-44.12129],[171.30322,-44.12678],[171.31976,-44.09892],[171.32294,-44.09557],[171.3713,-44.06651],[171.38656,-44.05912],[171.40626,-44.051],[171.39926,-44.04989],[171.39048,-44.04701],[171.37687,-44.03673],[171.33933,-44.01452],[171.32077,-44.00026],[171.31324,-43.99155],[171.30543,-43.98],[171.29988,-43.96956],[171.29587,-43.95219],[171.28843,-43.94041],[171.27473,-43.91129],[171.27235,-43.90123],[171.27393,-43.89576],[171.27351,-43.89201],[171.26325,-43.87149],[171.26306,-43.86899],[171.26485,-43.86241],[171.26128,-43.85769],[171.25853,-43.85127],[171.26033,-43.8481],[171.26022,-43.84504],[171.2616,-43.84342],[171.26187,-43.8391],[171.25833,-43.83662],[171.25766,-43.8353],[171.25892,-43.83161],[171.26068,-43.82949],[171.2592,-43.8241],[171.26375,-43.81611],[171.26005,-43.8136],[171.25924,-43.81209],[171.26108,-43.80576],[171.2598,-43.8046],[171.25005,-43.80234],[171.24905,-43.8001],[171.24951,-43.79853],[171.25456,-43.79222],[171.25055,-43.79093],[171.24917,-43.7897],[171.24804,-43.78293],[171.24523,-43.77958],[171.23766,-43.77728],[171.2372,-43.77566],[171.23949,-43.77269],[171.23961,-43.77132],[171.23885,-43.76772],[171.2375,-43.76616],[171.23338,-43.76423],[171.22179,-43.76389],[171.21912,-43.76022],[171.21446,-43.75791],[171.21264,-43.75473],[171.20703,-43.75245],[171.20548,-43.75055],[171.20186,-43.7487],[171.19503,-43.74891],[171.19333,-43.74833],[171.1916,-43.74459],[171.18399,-43.74056],[171.18158,-43.73837],[171.18233,-43.73435],[171.18133,-43.7329],[171.17464,-43.73316],[171.1516,-43.73889],[171.14481,-43.73772],[171.13295,-43.73056],[171.11891,-43.72629],[171.11263,-43.72203],[171.1026,-43.71309],[171.09795,-43.71185],[171.08456,-43.71085],[171.07232,-43.70522],[171.06534,-43.70338],[171.05476,-43.70184],[171.03785,-43.70147],[171.02765,-43.70006],[170.99444,-43.68153],[170.97283,-43.67163],[170.96484,-43.66566],[170.94266,-43.63419],[170.94133,-43.63316],[170.93749,-43.63241],[170.93061,-43.62786],[170.92857,-43.62729],[170.92324,-43.62266],[170.92222,-43.62086],[170.92482,-43.61595],[170.92418,-43.61402],[170.91268,-43.60077],[170.91186,-43.59849],[170.90057,-43.58251],[170.88126,-43.55841],[170.86786,-43.54638],[170.854,-43.53194],[170.82457,-43.52569],[170.8081,-43.52109],[170.8003,-43.51813],[170.79362,-43.51708],[170.7744,-43.51635],[170.76322,-43.51234],[170.75445,-43.50681],[170.73934,-43.49092],[170.7229,-43.48265],[170.71731,-43.47871],[170.70752,-43.46924],[170.70544,-43.46507],[170.70449,-43.46098],[170.69162,-43.45218],[170.68847,-43.45149],[170.68229,-43.45199],[170.67192,-43.45664],[170.6608,-43.45883],[170.65525,-43.46167],[170.64225,-43.46428],[170.63393,-43.46194],[170.63028,-43.46205],[170.62543,-43.4578],[170.62109,-43.45543],[170.61425,-43.45461],[170.61249,-43.45565],[170.61431,-43.46312],[170.61363,-43.46492],[170.60158,-43.46666],[170.59845,-43.46554],[170.59725,-43.46409],[170.59868,-43.46309],[170.60135,-43.45854],[170.60148,-43.45671],[170.60314,-43.45437],[170.60333,-43.45056],[170.60905,-43.44627],[170.61433,-43.44348],[170.61511,-43.44145],[170.61452,-43.43702],[170.61533,-43.43564],[170.61536,-43.43179],[170.61715,-43.42983],[170.61358,-43.42415],[170.61517,-43.42115],[170.61581,-43.41752],[170.61894,-43.41471],[170.62211,-43.41311],[170.62561,-43.40871],[170.63052,-43.40556],[170.63503,-43.4014],[170.63299,-43.39889],[170.63299,-43.39677],[170.63997,-43.3931],[170.64474,-43.39322],[170.64805,-43.39236],[170.65172,-43.38874],[170.65663,-43.38689],[170.65759,-43.38286],[170.65763,-43.37741],[170.6536,-43.37667],[170.65247,-43.37501],[170.6487,-43.37519],[170.64605,-43.37404],[170.64581,-43.37053],[170.64647,-43.36955],[170.6568,-43.36245],[170.65999,-43.3616],[170.66459,-43.35756],[170.66829,-43.35626],[170.67075,-43.35073],[170.67741,-43.34765],[170.68626,-43.34616],[170.69937,-43.3464],[170.71241,-43.34499],[170.71614,-43.34324],[170.7147,-43.33857],[170.71676,-43.33278],[170.71026,-43.32659],[170.7095,-43.3236],[170.7057,-43.32079],[170.70531,-43.3188],[170.71676,-43.31655],[170.72458,-43.31841],[170.72724,-43.31645],[170.73133,-43.31524],[170.73407,-43.31604],[170.73922,-43.31587],[170.74068,-43.31668],[170.74375,-43.3163],[170.75187,-43.31867],[170.75982,-43.3183],[170.7618,-43.31778],[170.76452,-43.31316],[170.76882,-43.31287],[170.7771,-43.30732],[170.78157,-43.30649],[170.78245,-43.30423],[170.78834,-43.30307],[170.7928,-43.29907],[170.7991,-43.3003],[170.80571,-43.30447],[170.8119,-43.30115],[170.81992,-43.29969],[170.82401,-43.29421],[170.82421,-43.29243],[170.82272,-43.28953],[170.83121,-43.28306],[170.8354,-43.28202],[170.8374,-43.28291],[170.84174,-43.28292],[170.84835,-43.28154],[170.86026,-43.2814],[170.86434,-43.27637],[170.8678,-43.27519],[170.87069,-43.27253],[170.86889,-43.26734],[170.86523,-43.26482],[170.8671,-43.26191],[170.86785,-43.25891],[170.8746,-43.25425],[170.87576,-43.25245],[170.87324,-43.24779],[170.87309,-43.24582],[170.87581,-43.24577],[170.88724,-43.24164],[170.8921,-43.23897],[170.89336,-43.23753],[170.89356,-43.2353],[170.89678,-43.23296],[170.90684,-43.22871],[170.90999,-43.22598],[170.91046,-43.223],[170.91218,-43.22167],[170.91296,-43.21604],[170.91848,-43.21317],[170.92138,-43.2132],[170.92188,-43.21148],[170.92664,-43.20892],[170.92873,-43.20654],[170.93721,-43.20406],[170.94821,-43.20599],[170.94868,-43.20786],[170.94792,-43.21182],[170.94426,-43.22144],[170.94593,-43.22466],[170.94847,-43.22727],[170.95381,-43.22719],[170.95795,-43.22583],[170.9646,-43.22512],[170.97134,-43.22216],[170.97974,-43.22263],[170.98407,-43.22068],[170.9877,-43.21786],[170.99174,-43.21764],[170.99327,-43.21531],[170.99329,-43.2112],[170.9967,-43.20793],[170.99816,-43.20442],[171.00422,-43.19534],[171.01006,-43.19393],[171.01372,-43.19163],[171.01447,-43.18957],[171.01337,-43.18597],[171.01694,-43.18359],[171.0169,-43.18183],[171.01867,-43.17991],[171.02003,-43.17453],[171.0351,-43.16912],[171.0386,-43.16691],[171.04727,-43.16361],[171.04777,-43.16192],[171.04714,-43.15915],[171.0444,-43.1583],[171.04303,-43.15609],[171.03793,-43.15142],[171.03833,-43.1475],[171.03738,-43.14587],[171.03886,-43.1448],[171.03891,-43.14318],[171.04009,-43.14259],[171.04025,-43.14081],[171.04151,-43.13966],[171.04463,-43.13898],[171.04561,-43.13754],[171.05669,-43.13169],[171.05828,-43.132],[171.06758,-43.12827],[171.06904,-43.12562],[171.06619,-43.1214],[171.06285,-43.11847],[171.06364,-43.11455],[171.06763,-43.11247],[171.0766,-43.11189],[171.07781,-43.11038],[171.07759,-43.10677],[171.07922,-43.104],[171.07933,-43.1023],[171.08467,-43.10109],[171.08977,-43.10174],[171.09515,-43.1008],[171.09636,-43.1022],[171.09591,-43.10445],[171.09674,-43.10579],[171.09997,-43.10681],[171.10023,-43.10901],[171.10539,-43.11213],[171.10815,-43.11039],[171.10946,-43.10737],[171.11152,-43.10518],[171.11186,-43.10308],[171.11539,-43.09957],[171.11533,-43.09803],[171.11351,-43.09569],[171.11849,-43.09572],[171.11961,-43.0965]]]},"properties":{"name":"Rangitata"}},{"type":"Feature","id":40,"geometry":{"type":"Polygon","coordinates":[[[176.14952,-39.13584],[176.15484,-39.13828],[176.16238,-39.13634],[176.16782,-39.14026],[176.17686,-39.14455],[176.17551,-39.14934],[176.17575,-39.15309],[176.17676,-39.15718],[176.17895,-39.15994],[176.17896,-39.16478],[176.18086,-39.16913],[176.18008,-39.16976],[176.17856,-39.16913],[176.17818,-39.16993],[176.17901,-39.17172],[176.18216,-39.17387],[176.18201,-39.17583],[176.18014,-39.17675],[176.1824,-39.17941],[176.17999,-39.18059],[176.1798,-39.18506],[176.18651,-39.18946],[176.18704,-39.19106],[176.18872,-39.19203],[176.19048,-39.19485],[176.19297,-39.19495],[176.19473,-39.19643],[176.19547,-39.19873],[176.19382,-39.1999],[176.19324,-39.20187],[176.19384,-39.20557],[176.19583,-39.20831],[176.19343,-39.20996],[176.1929,-39.21144],[176.19447,-39.21205],[176.19469,-39.21459],[176.19608,-39.21497],[176.19676,-39.21798],[176.19604,-39.22133],[176.19797,-39.22235],[176.20004,-39.22574],[176.20354,-39.22523],[176.20513,-39.22575],[176.2093,-39.22845],[176.20943,-39.23138],[176.21152,-39.23237],[176.21293,-39.23242],[176.21506,-39.23086],[176.21954,-39.23129],[176.22299,-39.23564],[176.22776,-39.2329],[176.23097,-39.23215],[176.23517,-39.23318],[176.2397,-39.23289],[176.24205,-39.23596],[176.24446,-39.23439],[176.24674,-39.23518],[176.24904,-39.2346],[176.24948,-39.23742],[176.25169,-39.23887],[176.25523,-39.23649],[176.25517,-39.24003],[176.25803,-39.24066],[176.25774,-39.24282],[176.25667,-39.24397],[176.25713,-39.24458],[176.26548,-39.24174],[176.2757,-39.23987],[176.27852,-39.24246],[176.2903,-39.247],[176.29069,-39.24968],[176.29237,-39.25124],[176.28746,-39.25118],[176.28767,-39.25372],[176.28831,-39.25491],[176.29173,-39.25547],[176.28796,-39.25875],[176.28894,-39.25983],[176.29312,-39.25874],[176.29275,-39.26375],[176.29547,-39.26752],[176.29331,-39.27718],[176.29924,-39.27596],[176.29993,-39.28207],[176.30103,-39.28385],[176.2994,-39.28441],[176.29925,-39.28517],[176.30059,-39.28601],[176.30421,-39.28563],[176.30506,-39.29192],[176.30164,-39.29762],[176.3026,-39.30065],[176.29989,-39.30285],[176.29886,-39.30527],[176.29355,-39.30792],[176.29128,-39.30692],[176.28923,-39.309],[176.28645,-39.3103],[176.28314,-39.30886],[176.28152,-39.30925],[176.28121,-39.31112],[176.27988,-39.31258],[176.28225,-39.31447],[176.28157,-39.31864],[176.27746,-39.31937],[176.27678,-39.32247],[176.27819,-39.32473],[176.27744,-39.32699],[176.27381,-39.32771],[176.2725,-39.32884],[176.27283,-39.3298],[176.2756,-39.32937],[176.27628,-39.32989],[176.27097,-39.33462],[176.27288,-39.33681],[176.2728,-39.33768],[176.27093,-39.33832],[176.26579,-39.33677],[176.26382,-39.33734],[176.26644,-39.34148],[176.26601,-39.34443],[176.2701,-39.34606],[176.26544,-39.34946],[176.27146,-39.35253],[176.27069,-39.35826],[176.27316,-39.35957],[176.27579,-39.35859],[176.27522,-39.36064],[176.27589,-39.3623],[176.27842,-39.36159],[176.27841,-39.35947],[176.28038,-39.35853],[176.28293,-39.36025],[176.28499,-39.35968],[176.28653,-39.36229],[176.29158,-39.36298],[176.29274,-39.36182],[176.29286,-39.3586],[176.2936,-39.35787],[176.29838,-39.35867],[176.30241,-39.35661],[176.30334,-39.35978],[176.30667,-39.36118],[176.305,-39.36312],[176.30504,-39.3654],[176.31079,-39.3659],[176.31154,-39.36655],[176.31074,-39.37022],[176.32154,-39.37065],[176.32839,-39.36857],[176.32963,-39.37093],[176.32919,-39.37314],[176.33213,-39.37496],[176.33147,-39.37714],[176.32862,-39.37731],[176.32762,-39.3785],[176.32853,-39.37987],[176.33056,-39.37831],[176.33186,-39.37901],[176.33314,-39.38411],[176.33057,-39.38548],[176.33152,-39.38746],[176.32748,-39.3878],[176.3272,-39.3886],[176.32512,-39.3882],[176.32359,-39.38676],[176.32037,-39.38932],[176.32015,-39.39155],[176.32178,-39.39406],[176.32602,-39.39211],[176.32857,-39.39344],[176.32748,-39.39656],[176.32377,-39.39825],[176.3256,-39.40061],[176.32288,-39.40204],[176.32648,-39.40575],[176.32511,-39.40623],[176.32222,-39.40563],[176.31963,-39.40676],[176.32032,-39.40849],[176.32369,-39.4085],[176.32402,-39.41073],[176.32335,-39.41157],[176.32015,-39.41165],[176.32074,-39.41288],[176.32277,-39.41406],[176.32161,-39.41489],[176.31842,-39.41462],[176.31559,-39.41274],[176.31037,-39.41699],[176.30971,-39.41801],[176.31021,-39.41862],[176.31607,-39.41883],[176.317,-39.41953],[176.3115,-39.42284],[176.31129,-39.42403],[176.30898,-39.42528],[176.30844,-39.42812],[176.30649,-39.42809],[176.30618,-39.42997],[176.30902,-39.4312],[176.30509,-39.4343],[176.30372,-39.4367],[176.30249,-39.43711],[176.30646,-39.43834],[176.30868,-39.44101],[176.30765,-39.44185],[176.30508,-39.44086],[176.30382,-39.44131],[176.30621,-39.44212],[176.30524,-39.4439],[176.30572,-39.44468],[176.31041,-39.44523],[176.31193,-39.45106],[176.3137,-39.45149],[176.31363,-39.4528],[176.31443,-39.45354],[176.31032,-39.45463],[176.31085,-39.45624],[176.31277,-39.45645],[176.3135,-39.4589],[176.30927,-39.45991],[176.30938,-39.46192],[176.30708,-39.46298],[176.3076,-39.46477],[176.31176,-39.46902],[176.30855,-39.47079],[176.31113,-39.47182],[176.31452,-39.47182],[176.31447,-39.47287],[176.31273,-39.4734],[176.31273,-39.47451],[176.31495,-39.4756],[176.31781,-39.47428],[176.32158,-39.47895],[176.31881,-39.48112],[176.31633,-39.47905],[176.31616,-39.48034],[176.31379,-39.4824],[176.3139,-39.48376],[176.31548,-39.48404],[176.31938,-39.48772],[176.31791,-39.48858],[176.31796,-39.49073],[176.31528,-39.4932],[176.31814,-39.49378],[176.31625,-39.49532],[176.31594,-39.49723],[176.32088,-39.49763],[176.32187,-39.49333],[176.32574,-39.49347],[176.32506,-39.4885],[176.32553,-39.48765],[176.32812,-39.48844],[176.3307,-39.4877],[176.33404,-39.4893],[176.33718,-39.48834],[176.33808,-39.489],[176.33731,-39.48954],[176.33756,-39.49035],[176.33631,-39.49142],[176.33519,-39.49099],[176.33625,-39.49284],[176.33454,-39.49345],[176.33201,-39.49826],[176.33359,-39.49929],[176.33942,-39.49675],[176.33961,-39.49842],[176.33782,-39.50133],[176.34098,-39.5007],[176.34211,-39.50164],[176.33969,-39.5038],[176.33803,-39.50293],[176.33284,-39.50437],[176.32904,-39.50367],[176.32409,-39.50143],[176.32292,-39.5039],[176.32361,-39.50583],[176.31846,-39.50808],[176.31666,-39.50731],[176.31524,-39.50785],[176.31312,-39.50719],[176.31265,-39.50775],[176.31224,-39.50582],[176.31554,-39.50433],[176.31398,-39.50219],[176.30994,-39.50187],[176.30746,-39.50394],[176.30526,-39.50362],[176.30315,-39.50138],[176.2994,-39.50403],[176.29967,-39.50479],[176.30186,-39.5051],[176.30033,-39.50751],[176.29588,-39.50412],[176.29522,-39.50271],[176.29275,-39.50278],[176.2925,-39.50139],[176.29158,-39.50085],[176.29039,-39.50278],[176.28544,-39.50536],[176.28205,-39.50388],[176.28244,-39.50327],[176.28171,-39.50226],[176.27953,-39.5026],[176.27955,-39.50724],[176.27121,-39.50676],[176.27173,-39.50934],[176.27003,-39.51174],[176.26842,-39.51253],[176.2679,-39.51423],[176.267,-39.51432],[176.26682,-39.5131],[176.26577,-39.51292],[176.26543,-39.51453],[176.26414,-39.51535],[176.26271,-39.51307],[176.26092,-39.51196],[176.25694,-39.51186],[176.25718,-39.51451],[176.25311,-39.51499],[176.25421,-39.517],[176.25085,-39.51709],[176.24938,-39.52107],[176.24775,-39.52119],[176.24612,-39.52353],[176.24322,-39.5248],[176.23826,-39.525],[176.23705,-39.52621],[176.23725,-39.52817],[176.23522,-39.52921],[176.23532,-39.53044],[176.2323,-39.53025],[176.23211,-39.53201],[176.22889,-39.53188],[176.22695,-39.53376],[176.22441,-39.53184],[176.22376,-39.53303],[176.2214,-39.53361],[176.22012,-39.53337],[176.21957,-39.53208],[176.21017,-39.53365],[176.20804,-39.53584],[176.20733,-39.53848],[176.20651,-39.53896],[176.20656,-39.54051],[176.19997,-39.54636],[176.19951,-39.54842],[176.20006,-39.54893],[176.19934,-39.54972],[176.19997,-39.55172],[176.19933,-39.55234],[176.20006,-39.5535],[176.19815,-39.55447],[176.1992,-39.55706],[176.19531,-39.55748],[176.18966,-39.55959],[176.18669,-39.56471],[176.18353,-39.56648],[176.18225,-39.56876],[176.18323,-39.56975],[176.18315,-39.57071],[176.18195,-39.57113],[176.18226,-39.57177],[176.18041,-39.5722],[176.17897,-39.57351],[176.17907,-39.57441],[176.17734,-39.57461],[176.17413,-39.5766],[176.17445,-39.57867],[176.17251,-39.57932],[176.17039,-39.5815],[176.16637,-39.58277],[176.16029,-39.58073],[176.15617,-39.58222],[176.15469,-39.58364],[176.14476,-39.58244],[176.14273,-39.58468],[176.14717,-39.59255],[176.15274,-39.59828],[176.15758,-39.5968],[176.1614,-39.60286],[176.16526,-39.6016],[176.17207,-39.60269],[176.17349,-39.60205],[176.17899,-39.60525],[176.18125,-39.61693],[176.16509,-39.64865],[176.19594,-39.66357],[176.20087,-39.67299],[176.19268,-39.67976],[176.18423,-39.68378],[176.18055,-39.71106],[176.16909,-39.71792],[176.17685,-39.74405],[176.13795,-39.82388],[176.13499,-39.85059],[176.12679,-39.8615],[176.1172,-39.88677],[176.11834,-39.88767],[176.12313,-39.88797],[176.12689,-39.89155],[176.12612,-39.90478],[176.12034,-39.90967],[176.10879,-39.9151],[176.10683,-39.91709],[176.11359,-39.92467],[176.11334,-39.9267],[176.11543,-39.9294],[176.11168,-39.93801],[176.10957,-39.93918],[176.10974,-39.94186],[176.11695,-39.94577],[176.1245,-39.94776],[176.11711,-39.95774],[176.11958,-39.96171],[176.12111,-39.96245],[176.11615,-39.96957],[176.11214,-39.97052],[176.11105,-39.97223],[176.10317,-39.97723],[176.10186,-39.97925],[176.1016,-39.98431],[176.10029,-39.98476],[176.09923,-39.98882],[176.09592,-39.99152],[176.09234,-39.99778],[176.08988,-40.00499],[176.08729,-40.0071],[176.07907,-40.01106],[176.07775,-40.01293],[176.0766,-40.01696],[176.07754,-40.02716],[176.0741,-40.03596],[176.08113,-40.0478],[176.07696,-40.05087],[176.07029,-40.061],[176.06453,-40.06436],[176.04092,-40.07505],[176.033,-40.08],[176.02725,-40.08763],[176.0172,-40.10538],[176.00326,-40.11483],[175.98767,-40.12808],[175.9794,-40.14246],[175.9575,-40.15603],[175.93849,-40.15526],[175.92912,-40.17358],[175.92741,-40.17534],[175.91858,-40.17348],[175.89826,-40.18465],[175.89912,-40.18805],[175.8984,-40.19215],[175.89369,-40.20052],[175.87377,-40.21608],[175.87415,-40.21917],[175.87332,-40.22173],[175.87159,-40.22309],[175.86932,-40.22744],[175.87222,-40.23347],[175.86649,-40.23725],[175.86585,-40.23924],[175.86429,-40.24046],[175.86249,-40.24399],[175.86345,-40.24504],[175.86603,-40.24519],[175.86702,-40.24627],[175.86446,-40.24798],[175.86395,-40.2498],[175.85951,-40.25441],[175.85825,-40.2546],[175.84148,-40.24611],[175.82754,-40.26201],[175.82745,-40.24724],[175.81502,-40.24722],[175.8146,-40.2722],[175.81223,-40.27194],[175.80972,-40.26899],[175.80792,-40.26898],[175.8066,-40.26625],[175.80506,-40.26504],[175.77114,-40.30572],[175.7696,-40.30365],[175.76664,-40.30208],[175.76048,-40.3017],[175.75911,-40.30023],[175.7581,-40.30024],[175.75881,-40.2989],[175.76686,-40.29573],[175.76807,-40.29299],[175.76882,-40.28526],[175.77101,-40.28099],[175.76332,-40.27986],[175.76372,-40.27749],[175.76132,-40.27724],[175.76264,-40.27511],[175.75774,-40.27372],[175.75834,-40.26976],[175.75431,-40.26903],[175.7527,-40.27158],[175.74892,-40.27123],[175.74599,-40.2746],[175.74524,-40.27421],[175.74355,-40.2793],[175.7189,-40.29047],[175.6968,-40.28856],[175.67802,-40.28795],[175.64887,-40.28284],[175.64154,-40.28303],[175.64485,-40.28113],[175.63919,-40.27632],[175.63721,-40.27746],[175.6263,-40.26887],[175.6194,-40.27281],[175.6138,-40.26808],[175.59646,-40.27999],[175.61214,-40.29368],[175.53181,-40.34812],[175.55188,-40.36559],[175.53988,-40.37091],[175.54527,-40.37797],[175.539,-40.38726],[175.53957,-40.38903],[175.54683,-40.39866],[175.54862,-40.406],[175.55178,-40.40923],[175.55551,-40.40829],[175.55684,-40.40631],[175.55441,-40.40206],[175.55456,-40.40021],[175.56399,-40.39587],[175.57724,-40.40636],[175.57604,-40.40729],[175.57904,-40.40998],[175.58054,-40.40889],[175.60533,-40.4271],[175.60897,-40.43056],[175.60956,-40.43261],[175.61274,-40.43428],[175.61347,-40.43677],[175.61587,-40.43781],[175.6188,-40.44207],[175.62268,-40.44343],[175.6216,-40.44613],[175.61966,-40.44692],[175.62179,-40.44853],[175.62104,-40.44675],[175.6224,-40.44616],[175.62343,-40.44393],[175.62173,-40.442],[175.6191,-40.44205],[175.61923,-40.43944],[175.61805,-40.43798],[175.6258,-40.43606],[175.62598,-40.45492],[175.69793,-40.456],[175.68916,-40.46558],[175.683,-40.46674],[175.62534,-40.51014],[175.48053,-40.68467],[175.44773,-40.72518],[175.44683,-40.72655],[175.44612,-40.73103],[175.44278,-40.7355],[175.44236,-40.74064],[175.43964,-40.74415],[175.43397,-40.74647],[175.43086,-40.74519],[175.42308,-40.74553],[175.41935,-40.74272],[175.41597,-40.74183],[175.41289,-40.73891],[175.40762,-40.73582],[175.40443,-40.73531],[175.40208,-40.73685],[175.39788,-40.73748],[175.39468,-40.73598],[175.38869,-40.73101],[175.37747,-40.73254],[175.37482,-40.72923],[175.37149,-40.72682],[175.36762,-40.72772],[175.36425,-40.73068],[175.36084,-40.73156],[175.36037,-40.73278],[175.35576,-40.73011],[175.35557,-40.73129],[175.35183,-40.7349],[175.353,-40.74023],[175.35223,-40.74247],[175.35287,-40.74629],[175.34882,-40.74937],[175.34676,-40.75209],[175.34496,-40.75188],[175.3411,-40.7493],[175.33898,-40.74992],[175.33759,-40.75163],[175.3361,-40.75174],[175.33276,-40.74878],[175.33164,-40.74588],[175.32834,-40.74416],[175.32769,-40.74782],[175.32658,-40.74938],[175.30925,-40.74973],[175.30744,-40.75021],[175.30704,-40.75173],[175.30511,-40.75245],[175.29995,-40.75326],[175.29767,-40.75206],[175.29137,-40.75414],[175.28874,-40.75587],[175.2837,-40.76152],[175.2789,-40.7634],[175.27677,-40.76626],[175.27332,-40.76675],[175.26988,-40.76856],[175.26586,-40.76843],[175.26339,-40.76747],[175.26136,-40.7656],[175.25314,-40.76443],[175.24968,-40.76139],[175.24449,-40.75977],[175.24376,-40.75838],[175.23487,-40.75595],[175.23151,-40.75695],[175.22803,-40.75669],[175.21738,-40.76295],[175.21289,-40.7632],[175.20766,-40.76093],[175.20149,-40.76131],[175.20032,-40.76093],[175.20139,-40.75932],[175.19302,-40.75732],[175.19312,-40.75265],[175.18825,-40.74511],[175.18867,-40.74304],[175.18983,-40.74184],[175.19872,-40.74343],[175.20197,-40.73897],[175.20433,-40.73939],[175.20651,-40.73209],[175.20295,-40.73149],[175.20443,-40.73027],[175.18377,-40.7179],[175.17834,-40.72135],[175.17737,-40.72026],[175.16946,-40.71826],[175.17074,-40.7107],[175.13607,-40.7002],[174.85141,-40.62859],[174.87341,-40.62471],[174.89391,-40.62244],[174.89957,-40.61349],[174.90771,-40.59571],[174.91721,-40.56738],[174.92364,-40.55198],[174.92803,-40.53764],[174.94163,-40.50117],[174.94637,-40.48152],[174.94755,-40.46616],[174.94964,-40.4544],[174.9539,-40.43876],[174.96192,-40.40303],[174.96627,-40.36822],[174.96507,-40.35262],[174.96555,-40.3362],[174.9636,-40.31658],[174.96056,-40.30147],[174.95732,-40.27671],[174.95331,-40.26296],[174.9499,-40.23962],[174.94671,-40.22879],[174.93849,-40.21156],[174.92738,-40.19641],[174.91146,-40.17993],[174.89487,-40.16521],[174.88654,-40.15649],[175.09887,-40.04106],[175.10373,-40.03717],[175.10656,-40.03182],[175.11043,-40.02856],[175.11394,-40.02797],[175.11662,-40.0294],[175.1169,-40.03101],[175.11485,-40.03469],[175.11598,-40.03696],[175.11948,-40.03797],[175.12209,-40.03709],[175.12309,-40.03504],[175.12151,-40.03071],[175.12222,-40.02705],[175.12196,-40.02246],[175.125,-40.02023],[175.12709,-40.01622],[175.1323,-40.01662],[175.13354,-40.01203],[175.13978,-40.00949],[175.1436,-40.00702],[175.14681,-40.00667],[175.1474,-40.00999],[175.14905,-40.01081],[175.15748,-40.0063],[175.15956,-40.006],[175.16028,-40.00706],[175.15974,-40.00986],[175.16174,-40.01095],[175.16285,-40.00989],[175.16362,-40.00601],[175.16471,-40.00507],[175.17162,-40.00719],[175.17337,-40.0064],[175.17459,-40.00359],[175.17561,-40.00301],[175.18473,-40.00456],[175.18574,-40.00367],[175.18729,-39.99878],[175.1884,-39.99802],[175.19087,-39.99843],[175.19332,-40.00073],[175.19914,-39.9982],[175.20945,-39.99794],[175.21099,-39.99665],[175.20944,-39.99422],[175.20969,-39.99277],[175.21245,-39.9912],[175.2154,-39.99097],[175.2224,-39.99286],[175.22318,-39.99094],[175.21994,-39.98888],[175.21955,-39.98763],[175.22378,-39.9873],[175.22647,-39.98554],[175.22727,-39.98378],[175.22566,-39.98094],[175.22617,-39.9797],[175.23183,-39.9799],[175.2343,-39.97805],[175.235,-39.97604],[175.23416,-39.96936],[175.23675,-39.96662],[175.24615,-39.96674],[175.24672,-39.96783],[175.24557,-39.97096],[175.2469,-39.97245],[175.25466,-39.9705],[175.25925,-39.97224],[175.26194,-39.97528],[175.26514,-39.97488],[175.26803,-39.97119],[175.26813,-39.96953],[175.2658,-39.969],[175.26257,-39.97031],[175.26184,-39.96878],[175.26533,-39.96639],[175.27187,-39.96452],[175.27271,-39.96132],[175.27178,-39.95877],[175.26626,-39.95711],[175.26534,-39.95652],[175.26548,-39.95545],[175.26689,-39.95474],[175.27338,-39.9565],[175.2744,-39.95467],[175.26934,-39.95084],[175.26962,-39.94864],[175.27174,-39.94682],[175.27533,-39.94838],[175.27751,-39.94802],[175.27802,-39.94349],[175.2811,-39.94167],[175.28108,-39.93826],[175.2859,-39.93641],[175.28499,-39.93521],[175.2826,-39.93506],[175.27666,-39.93791],[175.26942,-39.93338],[175.26862,-39.93153],[175.27772,-39.92901],[175.27383,-39.92298],[175.27835,-39.92221],[175.27707,-39.91929],[175.27779,-39.91792],[175.28456,-39.91875],[175.29039,-39.92486],[175.29275,-39.92386],[175.28752,-39.91607],[175.27936,-39.91055],[175.27859,-39.9092],[175.28037,-39.90709],[175.28458,-39.90491],[175.28405,-39.89951],[175.28868,-39.90016],[175.29078,-39.89562],[175.29448,-39.89578],[175.29544,-39.89508],[175.2951,-39.89394],[175.28752,-39.88667],[175.28705,-39.88218],[175.28801,-39.88091],[175.29062,-39.88046],[175.29445,-39.88123],[175.29519,-39.88012],[175.29375,-39.87875],[175.28652,-39.87651],[175.28508,-39.87723],[175.28688,-39.87929],[175.28517,-39.88011],[175.27662,-39.87996],[175.27461,-39.87924],[175.27369,-39.87802],[175.27438,-39.87714],[175.28667,-39.87338],[175.2925,-39.87006],[175.29569,-39.86504],[175.29414,-39.86362],[175.28985,-39.862],[175.28952,-39.86085],[175.29029,-39.86004],[175.29407,-39.85924],[175.30128,-39.85919],[175.30795,-39.85611],[175.32712,-39.87306],[175.33461,-39.87527],[175.33768,-39.87361],[175.34856,-39.87333],[175.35119,-39.87016],[175.35107,-39.86789],[175.35318,-39.86669],[175.35309,-39.86349],[175.35135,-39.86131],[175.35197,-39.86004],[175.35626,-39.85869],[175.35745,-39.85643],[175.35952,-39.85752],[175.36385,-39.85743],[175.36506,-39.85563],[175.36599,-39.85566],[175.36624,-39.8571],[175.3671,-39.85748],[175.37177,-39.8546],[175.37162,-39.854],[175.37342,-39.85264],[175.37336,-39.85161],[175.37586,-39.84964],[175.37353,-39.84574],[175.37634,-39.8442],[175.37696,-39.84267],[175.37568,-39.83955],[175.3832,-39.83558],[175.3862,-39.83207],[175.38826,-39.8326],[175.39144,-39.83208],[175.39319,-39.83325],[175.40034,-39.8343],[175.41395,-39.83351],[175.41515,-39.83312],[175.41795,-39.82737],[175.42183,-39.82766],[175.42601,-39.82662],[175.43173,-39.8269],[175.43471,-39.82805],[175.43781,-39.82761],[175.43783,-39.81867],[175.43934,-39.81822],[175.44961,-39.82236],[175.45275,-39.8221],[175.45277,-39.81073],[175.45761,-39.81644],[175.46363,-39.81644],[175.46356,-39.8242],[175.47122,-39.82105],[175.4752,-39.82149],[175.47887,-39.82335],[175.47911,-39.82029],[175.48047,-39.81934],[175.48278,-39.81933],[175.4885,-39.82134],[175.48902,-39.82304],[175.48766,-39.82776],[175.49149,-39.83032],[175.49561,-39.83769],[175.49532,-39.83919],[175.49656,-39.84194],[175.4984,-39.84144],[175.49891,-39.84216],[175.50072,-39.84118],[175.50066,-39.83861],[175.50296,-39.83934],[175.50365,-39.83833],[175.50608,-39.83841],[175.50649,-39.83581],[175.50802,-39.83681],[175.5092,-39.83576],[175.51075,-39.83576],[175.51071,-39.83508],[175.51313,-39.83468],[175.514,-39.83528],[175.51489,-39.83434],[175.5158,-39.83489],[175.51601,-39.83663],[175.51689,-39.83706],[175.51747,-39.83566],[175.51878,-39.83597],[175.51899,-39.83826],[175.52008,-39.83844],[175.52006,-39.83746],[175.52168,-39.83883],[175.52188,-39.83664],[175.52479,-39.83827],[175.52551,-39.83615],[175.52744,-39.83798],[175.52827,-39.83611],[175.53001,-39.83818],[175.53109,-39.83748],[175.53038,-39.83686],[175.531,-39.83607],[175.53165,-39.83712],[175.53338,-39.83753],[175.53313,-39.83686],[175.53384,-39.83648],[175.53702,-39.8371],[175.53748,-39.83627],[175.54049,-39.83689],[175.5426,-39.83617],[175.5477,-39.83817],[175.54909,-39.83677],[175.55024,-39.83771],[175.55419,-39.83688],[175.55434,-39.83624],[175.55585,-39.83761],[175.5618,-39.84002],[175.56239,-39.83912],[175.56348,-39.83928],[175.56362,-39.83841],[175.56764,-39.8385],[175.57077,-39.83714],[175.57458,-39.83829],[175.57462,-39.8371],[175.57525,-39.83762],[175.57759,-39.83658],[175.57988,-39.83797],[175.5913,-39.8407],[175.59417,-39.84041],[175.59526,-39.84122],[175.59537,-39.84239],[175.59754,-39.84088],[175.59958,-39.84201],[175.60043,-39.84068],[175.6019,-39.8409],[175.60228,-39.84209],[175.60422,-39.84274],[175.60503,-39.84215],[175.60451,-39.84098],[175.60683,-39.84155],[175.61166,-39.84622],[175.61643,-39.84478],[175.62322,-39.84682],[175.62695,-39.84998],[175.62643,-39.85141],[175.63676,-39.85018],[175.63626,-39.84975],[175.63761,-39.84873],[175.64129,-39.84816],[175.64417,-39.84619],[175.6543,-39.84514],[175.65563,-39.84046],[175.65648,-39.84045],[175.65604,-39.83798],[175.65744,-39.8366],[175.65747,-39.83478],[175.66089,-39.83276],[175.66028,-39.83163],[175.66129,-39.83122],[175.6604,-39.82947],[175.66074,-39.82613],[175.66173,-39.82592],[175.66018,-39.82418],[175.66123,-39.82428],[175.66056,-39.82362],[175.66116,-39.82163],[175.66051,-39.81775],[175.66153,-39.81776],[175.66253,-39.81577],[175.66374,-39.81565],[175.66565,-39.81214],[175.66867,-39.81072],[175.66818,-39.80869],[175.67276,-39.80664],[175.67164,-39.80585],[175.67301,-39.8024],[175.67135,-39.80153],[175.67095,-39.80001],[175.67213,-39.79837],[175.67194,-39.79701],[175.6734,-39.79625],[175.67314,-39.79309],[175.67621,-39.79251],[175.67459,-39.7907],[175.67569,-39.78922],[175.67914,-39.78787],[175.67883,-39.78673],[175.68019,-39.78657],[175.68065,-39.7837],[175.67958,-39.78299],[175.68269,-39.78252],[175.67715,-39.77697],[175.67767,-39.77581],[175.67611,-39.77597],[175.67642,-39.77483],[175.67556,-39.77451],[175.67556,-39.77355],[175.67635,-39.77323],[175.67513,-39.77161],[175.67807,-39.77117],[175.67814,-39.77004],[175.67708,-39.76934],[175.67466,-39.76989],[175.67424,-39.76876],[175.67524,-39.76704],[175.67161,-39.76705],[175.66947,-39.76584],[175.66911,-39.76402],[175.66985,-39.76339],[175.66929,-39.76247],[175.66784,-39.7627],[175.66935,-39.76068],[175.66866,-39.75945],[175.66326,-39.75607],[175.66204,-39.7561],[175.66249,-39.75455],[175.6644,-39.75545],[175.66587,-39.75489],[175.6643,-39.75348],[175.66458,-39.75102],[175.66151,-39.75117],[175.6623,-39.74952],[175.66443,-39.7487],[175.66449,-39.74779],[175.66328,-39.74808],[175.66315,-39.74731],[175.66545,-39.74579],[175.66342,-39.74518],[175.66507,-39.74428],[175.6645,-39.74335],[175.6656,-39.74201],[175.66362,-39.74214],[175.666,-39.74096],[175.66693,-39.73788],[175.66856,-39.73719],[175.67016,-39.7344],[175.67188,-39.73436],[175.67169,-39.73198],[175.67034,-39.73156],[175.67112,-39.73114],[175.67062,-39.72957],[175.67121,-39.72842],[175.67009,-39.7255],[175.6734,-39.72577],[175.67208,-39.72462],[175.67358,-39.72312],[175.67371,-39.72074],[175.677,-39.72019],[175.67537,-39.7191],[175.67643,-39.7168],[175.67444,-39.71561],[175.67578,-39.71447],[175.67769,-39.70824],[175.68072,-39.70661],[175.68259,-39.70291],[175.68444,-39.70245],[175.68522,-39.70068],[175.68688,-39.69945],[175.68724,-39.69764],[175.69416,-39.69109],[175.69408,-39.68998],[175.69295,-39.68922],[175.69443,-39.68683],[175.69479,-39.68431],[175.6928,-39.68401],[175.69297,-39.68177],[175.69189,-39.68064],[175.69326,-39.67947],[175.6939,-39.67738],[175.69264,-39.67514],[175.69394,-39.6733],[175.69379,-39.67199],[175.69644,-39.66986],[175.6976,-39.66775],[175.70036,-39.66599],[175.70142,-39.66261],[175.70425,-39.65961],[175.70664,-39.65934],[175.70958,-39.6565],[175.71714,-39.65322],[175.71712,-39.64729],[175.71438,-39.64619],[175.71083,-39.64702],[175.70954,-39.64645],[175.70846,-39.6443],[175.71041,-39.64086],[175.71427,-39.63761],[175.7125,-39.63454],[175.71272,-39.63351],[175.71615,-39.63095],[175.71782,-39.62844],[175.72345,-39.62822],[175.72573,-39.62548],[175.72511,-39.62145],[175.72141,-39.61936],[175.71903,-39.61622],[175.71992,-39.61503],[175.72392,-39.61371],[175.72557,-39.61064],[175.72455,-39.60849],[175.71881,-39.60678],[175.71182,-39.61101],[175.70671,-39.61157],[175.70284,-39.61006],[175.7022,-39.60894],[175.70311,-39.60698],[175.7077,-39.60234],[175.70811,-39.59784],[175.71176,-39.59408],[175.71647,-39.59103],[175.71597,-39.58655],[175.71947,-39.58628],[175.72174,-39.58514],[175.72864,-39.58636],[175.73136,-39.58811],[175.73277,-39.58793],[175.73352,-39.58696],[175.73265,-39.58557],[175.72874,-39.58484],[175.72257,-39.5807],[175.71613,-39.58239],[175.7119,-39.58062],[175.71093,-39.57925],[175.7116,-39.57733],[175.71051,-39.5733],[175.70853,-39.57163],[175.70077,-39.56839],[175.70778,-39.56701],[175.71009,-39.56902],[175.70778,-39.56999],[175.71017,-39.5714],[175.71107,-39.57298],[175.7132,-39.57381],[175.71631,-39.57118],[175.7224,-39.57198],[175.72904,-39.56664],[175.73513,-39.56435],[175.74535,-39.56268],[175.74927,-39.55762],[175.75117,-39.55679],[175.75065,-39.55572],[175.75215,-39.553],[175.75229,-39.54752],[175.75366,-39.54438],[175.75537,-39.54259],[175.75959,-39.54123],[175.7659,-39.54099],[175.76674,-39.54123],[175.76692,-39.54287],[175.77128,-39.54404],[175.77974,-39.54037],[175.78329,-39.54015],[175.78773,-39.53634],[175.78961,-39.53347],[175.78809,-39.52872],[175.78948,-39.52631],[175.82147,-39.52647],[175.82257,-39.5286],[175.83459,-39.52847],[175.8481,-39.5244],[175.84512,-39.5102],[175.86602,-39.52059],[175.90132,-39.50122],[175.90067,-39.49904],[175.90205,-39.49501],[175.89876,-39.4963],[175.89797,-39.4945],[175.89655,-39.49361],[175.89192,-39.49437],[175.89178,-39.45853],[175.89367,-39.45853],[175.89348,-39.4124],[175.9368,-39.41227],[175.93681,-39.41108],[175.97646,-39.41082],[175.97648,-39.41497],[176.0082,-39.41486],[176.00745,-39.4128],[176.00772,-39.41067],[176.01244,-39.40547],[176.01307,-39.39932],[176.01362,-39.39907],[176.01587,-39.40107],[176.01712,-39.40078],[176.02031,-39.39514],[176.01815,-39.39353],[176.01584,-39.3941],[176.01461,-39.39348],[176.01446,-39.39224],[176.01551,-39.39066],[176.01463,-39.3881],[176.01795,-39.38721],[176.013,-39.3828],[176.01453,-39.3811],[176.014,-39.37919],[176.0168,-39.37891],[176.01857,-39.37968],[176.02214,-39.37607],[176.02205,-39.37326],[176.01956,-39.37015],[176.02294,-39.36952],[176.02426,-39.36775],[176.02351,-39.36658],[176.0216,-39.3671],[176.02063,-39.36628],[176.02138,-39.36406],[176.02052,-39.36176],[176.02123,-39.35917],[176.02408,-39.35824],[176.02798,-39.36016],[176.02835,-39.35729],[176.02938,-39.35572],[175.97614,-39.35601],[175.97575,-39.28692],[176.0041,-39.28681],[176.00431,-39.28198],[176.00247,-39.28144],[175.99853,-39.28277],[175.9954,-39.28196],[175.99428,-39.27983],[175.99168,-39.27931],[175.9929,-39.27687],[175.99102,-39.27659],[175.98856,-39.2743],[175.98369,-39.27362],[175.98237,-39.26981],[175.97919,-39.26949],[175.97907,-39.27074],[175.97738,-39.27093],[175.9774,-39.27267],[175.97498,-39.27388],[175.97074,-39.27281],[175.97072,-39.2704],[175.96903,-39.27082],[175.96896,-39.269],[175.96626,-39.2687],[175.96672,-39.26736],[175.96495,-39.26526],[175.96484,-39.26081],[175.96085,-39.25875],[175.95743,-39.2578],[175.95346,-39.25858],[175.94846,-39.2628],[175.94175,-39.26195],[175.93963,-39.25946],[175.93763,-39.25845],[175.92569,-39.27698],[175.90965,-39.27646],[175.90802,-39.27764],[175.90576,-39.28273],[175.8999,-39.28762],[175.89641,-39.2887],[175.89471,-39.29155],[175.88828,-39.29381],[175.88589,-39.2956],[175.88401,-39.29393],[175.86885,-39.29059],[175.86306,-39.29181],[175.85922,-39.29122],[175.85304,-39.29227],[175.84762,-39.29153],[175.84586,-39.29205],[175.84289,-39.2898],[175.83972,-39.28866],[175.83106,-39.28978],[175.82862,-39.28901],[175.82868,-39.28839],[175.83346,-39.28332],[175.83575,-39.27711],[175.83919,-39.27312],[175.84502,-39.26978],[175.85181,-39.26929],[175.85918,-39.26685],[175.86325,-39.26631],[175.86825,-39.26278],[175.86899,-39.2591],[175.86602,-39.25667],[175.85637,-39.25169],[175.85487,-39.24397],[175.85847,-39.24442],[175.87259,-39.2391],[175.87831,-39.23526],[175.88021,-39.23245],[175.88559,-39.22933],[175.88637,-39.22713],[175.89267,-39.22364],[175.89363,-39.22135],[175.89288,-39.21383],[175.89194,-39.21276],[175.8882,-39.21142],[175.88597,-39.2059],[175.89838,-39.2041],[175.90062,-39.2028],[175.90211,-39.20039],[175.90347,-39.19993],[175.91057,-39.1985],[175.91651,-39.1981],[175.91946,-39.19872],[175.91949,-39.19643],[175.91854,-39.19463],[175.9189,-39.191],[175.92126,-39.18973],[175.92908,-39.18899],[175.93347,-39.18768],[175.93799,-39.1879],[175.94502,-39.18694],[175.95005,-39.18795],[175.9553,-39.18673],[175.95969,-39.18416],[175.96161,-39.18158],[175.96466,-39.17939],[175.96637,-39.17228],[175.96763,-39.17057],[175.96385,-39.16242],[175.96403,-39.15953],[175.97162,-39.1577],[175.97446,-39.15157],[175.97596,-39.15002],[176.04406,-39.15692],[176.07752,-39.15595],[176.07878,-39.15729],[176.08096,-39.15725],[176.09614,-39.1546],[176.10271,-39.15125],[176.10934,-39.15128],[176.11178,-39.15201],[176.11274,-39.15047],[176.11563,-39.14881],[176.11625,-39.14707],[176.11982,-39.14622],[176.12056,-39.14516],[176.12491,-39.14505],[176.1282,-39.14367],[176.13097,-39.14354],[176.13195,-39.1426],[176.13444,-39.14296],[176.13577,-39.13971],[176.1388,-39.13859],[176.14001,-39.13887],[176.14145,-39.1365],[176.14492,-39.13586],[176.14661,-39.13449],[176.14952,-39.13584]]]},"properties":{"name":"Rangitīkei"}},{"type":"Feature","id":41,"geometry":{"type":"Polygon","coordinates":[[[175.13529,-40.96458],[175.14477,-40.96449],[175.14733,-40.96717],[175.15361,-40.96659],[175.15721,-40.96882],[175.16039,-40.96849],[175.16247,-40.96695],[175.16468,-40.96769],[175.16518,-40.96746],[175.1643,-40.96558],[175.16683,-40.96599],[175.16926,-40.96507],[175.17043,-40.96552],[175.17368,-40.97098],[175.17862,-40.97289],[175.18198,-40.97282],[175.18696,-40.96961],[175.19348,-40.97354],[175.19687,-40.97912],[175.19852,-40.9799],[175.20144,-40.97987],[175.20277,-40.97895],[175.20757,-40.9684],[175.21627,-40.96596],[175.21951,-40.96717],[175.22454,-40.97233],[175.22842,-40.97339],[175.23381,-40.97279],[175.23894,-40.96937],[175.24606,-40.97186],[175.25231,-40.97124],[175.25559,-40.97171],[175.25945,-40.97063],[175.26321,-40.97207],[175.26373,-40.97672],[175.2689,-40.98359],[175.27156,-40.98578],[175.27718,-40.9857],[175.27984,-40.98681],[175.28191,-40.98582],[175.29697,-40.98384],[175.30448,-40.98699],[175.30618,-40.98904],[175.29945,-40.99819],[175.29528,-41.0013],[175.29311,-41.00589],[175.28875,-41.0093],[175.28696,-41.01187],[175.2842,-41.01271],[175.27954,-41.01674],[175.27665,-41.01978],[175.27511,-41.02268],[175.27019,-41.02548],[175.26752,-41.02507],[175.26481,-41.02654],[175.2643,-41.0294],[175.26156,-41.0329],[175.26163,-41.03663],[175.25882,-41.03969],[175.25786,-41.04605],[175.25591,-41.0519],[175.2441,-41.06227],[175.2418,-41.06647],[175.24187,-41.07138],[175.24433,-41.0771],[175.24754,-41.08175],[175.24993,-41.08893],[175.2456,-41.09062],[175.2297,-41.10319],[175.22897,-41.10434],[175.23062,-41.10899],[175.23039,-41.11019],[175.23196,-41.11284],[175.23187,-41.1153],[175.23276,-41.11747],[175.2302,-41.11911],[175.22499,-41.11818],[175.22311,-41.12206],[175.22149,-41.12298],[175.22141,-41.12656],[175.21892,-41.12791],[175.21595,-41.13169],[175.20964,-41.13661],[175.2072,-41.13945],[175.20608,-41.14291],[175.20662,-41.14703],[175.20595,-41.1494],[175.20227,-41.15112],[175.19909,-41.14945],[175.19416,-41.14991],[175.19022,-41.14925],[175.18749,-41.15096],[175.18348,-41.15541],[175.1823,-41.1586],[175.17892,-41.16253],[175.17748,-41.16595],[175.17357,-41.16875],[175.16816,-41.17104],[175.16556,-41.179],[175.16229,-41.1778],[175.15823,-41.18265],[175.15578,-41.18841],[175.1542,-41.19658],[175.15246,-41.19866],[175.15159,-41.20303],[175.14813,-41.20341],[175.14591,-41.20494],[175.14298,-41.20566],[175.13747,-41.21124],[175.13379,-41.21224],[175.12904,-41.2155],[175.12738,-41.21533],[175.12421,-41.21075],[175.11979,-41.2116],[175.11512,-41.21103],[175.10998,-41.21339],[175.10421,-41.21134],[175.0956,-41.21232],[175.08379,-41.22199],[175.08159,-41.22621],[175.08042,-41.22373],[175.08119,-41.22139],[175.07982,-41.22051],[175.08137,-41.21964],[175.08186,-41.21787],[175.08022,-41.21734],[175.07844,-41.21397],[175.07595,-41.21227],[175.07503,-41.21236],[175.07355,-41.21425],[175.06878,-41.21571],[175.06739,-41.21851],[175.06508,-41.21894],[175.06013,-41.2181],[175.05246,-41.2156],[175.04811,-41.21677],[175.04208,-41.2222],[175.03938,-41.22156],[175.03691,-41.2186],[175.03117,-41.21869],[175.02865,-41.21696],[175.01996,-41.21773],[175.0154,-41.21312],[175.00646,-41.21524],[174.99936,-41.21459],[174.9982,-41.21176],[174.9924,-41.20745],[174.99225,-41.20492],[174.9911,-41.20377],[174.98885,-41.20682],[174.9871,-41.21498],[174.97294,-41.21485],[174.97155,-41.22351],[174.96288,-41.2215],[174.95988,-41.21752],[174.95864,-41.21849],[174.94892,-41.21941],[174.94598,-41.21848],[174.94394,-41.2188],[174.94019,-41.21383],[174.93831,-41.21277],[174.92588,-41.21058],[174.93641,-41.20367],[174.93569,-41.20306],[174.93598,-41.20222],[174.91776,-41.19799],[174.93052,-41.19235],[174.92857,-41.19071],[174.94429,-41.18159],[174.94716,-41.1788],[174.94869,-41.1791],[174.95401,-41.17401],[174.95902,-41.17126],[174.96336,-41.16707],[174.96281,-41.16658],[174.96578,-41.16448],[174.93671,-41.15889],[174.93783,-41.15774],[174.93967,-41.15139],[174.94864,-41.15313],[174.95168,-41.14497],[174.96456,-41.14751],[174.97372,-41.14099],[174.97259,-41.13857],[174.97319,-41.13744],[174.97235,-41.13654],[174.97433,-41.13278],[174.97504,-41.13275],[174.97488,-41.13371],[174.97784,-41.13614],[174.97983,-41.135],[174.98071,-41.13257],[174.98205,-41.13223],[174.98171,-41.13039],[174.98513,-41.12783],[174.98526,-41.12716],[174.98354,-41.12742],[174.98369,-41.12655],[174.98619,-41.12567],[174.98723,-41.12282],[174.98933,-41.12312],[174.99015,-41.12232],[174.9906,-41.12063],[174.98959,-41.12014],[174.99003,-41.11958],[174.98896,-41.1197],[174.98939,-41.11857],[174.98881,-41.11808],[174.99071,-41.11514],[174.99779,-41.11341],[174.99897,-41.11416],[175.00887,-41.11375],[175.00885,-41.10975],[175.01213,-41.1079],[175.0107,-41.10659],[175.00875,-41.10643],[175.01799,-41.10227],[175.02229,-41.10316],[175.035,-41.10208],[175.0346,-41.1014],[175.03578,-41.09797],[175.0347,-41.0973],[175.0328,-41.09762],[175.03203,-41.09664],[175.03251,-41.09566],[175.0343,-41.09507],[175.03375,-41.08922],[175.03246,-41.08858],[175.03223,-41.08659],[175.02985,-41.08478],[175.02944,-41.08346],[175.02682,-41.08249],[175.02685,-41.07281],[175.05393,-41.07286],[175.05151,-41.06602],[175.05237,-41.06188],[175.05525,-41.0619],[175.05522,-41.05866],[175.05623,-41.05716],[175.05521,-41.05566],[175.05558,-41.05348],[175.05437,-41.0505],[175.05491,-41.04552],[175.04744,-41.0453],[175.04445,-41.04616],[175.04448,-41.04383],[175.04166,-41.04286],[175.04448,-41.04251],[175.04457,-41.04055],[175.04216,-41.03994],[175.03944,-41.0412],[175.03824,-41.03997],[175.04034,-41.03973],[175.04138,-41.03764],[175.03977,-41.03739],[175.03961,-41.03563],[175.06168,-40.97027],[175.06298,-40.97084],[175.06338,-40.9721],[175.06763,-40.97377],[175.07436,-40.98332],[175.07554,-40.98311],[175.07499,-40.98213],[175.09877,-40.98213],[175.09172,-40.96128],[175.11436,-40.95685],[175.11381,-40.9549],[175.11156,-40.95282],[175.12919,-40.94934],[175.13445,-40.96459],[175.13529,-40.96458]]]},"properties":{"name":"Remutaka"}},{"type":"Feature","id":42,"geometry":{"type":"Polygon","coordinates":[[[176.24012,-37.7182],[176.24896,-37.71982],[176.24997,-37.72084],[176.25273,-37.71884],[176.25817,-37.7187],[176.26085,-37.71737],[176.26402,-37.71809],[176.26508,-37.71686],[176.26733,-37.7199],[176.27112,-37.7204],[176.27587,-37.72393],[176.27882,-37.72462],[176.28595,-37.72414],[176.28444,-37.72262],[176.28453,-37.71664],[176.29284,-37.71913],[176.29284,-37.71821],[176.30534,-37.71883],[176.30726,-37.71925],[176.31341,-37.72335],[176.32859,-37.72713],[176.3539,-37.73767],[176.35364,-37.74098],[176.35219,-37.74041],[176.35448,-37.7446],[176.35392,-37.74541],[176.35495,-37.74629],[176.35437,-37.74887],[176.34707,-37.7561],[176.34596,-37.76092],[176.34464,-37.7629],[176.34412,-37.76685],[176.34083,-37.76999],[176.34165,-37.77582],[176.33972,-37.77706],[176.33795,-37.78002],[176.34124,-37.7862],[176.34868,-37.78995],[176.35526,-37.79067],[176.37045,-37.78839],[176.36748,-37.79252],[176.36392,-37.79417],[176.37012,-37.79787],[176.37032,-37.80042],[176.37247,-37.80231],[176.37691,-37.80982],[176.37527,-37.81347],[176.35785,-37.81033],[176.35483,-37.82249],[176.35243,-37.82532],[176.35263,-37.82619],[176.34744,-37.83408],[176.34334,-37.83728],[176.34073,-37.83717],[176.33932,-37.83886],[176.33676,-37.83871],[176.33357,-37.84129],[176.33384,-37.84248],[176.32964,-37.84976],[176.33055,-37.8513],[176.33025,-37.85273],[176.32728,-37.85526],[176.3265,-37.85689],[176.32243,-37.85889],[176.32156,-37.86179],[176.3199,-37.86351],[176.34897,-37.88329],[176.34434,-37.88835],[176.34538,-37.88991],[176.34448,-37.89192],[176.34333,-37.89225],[176.34485,-37.89306],[176.34345,-37.89482],[176.34419,-37.89563],[176.34065,-37.8977],[176.34001,-37.90029],[176.33621,-37.9004],[176.33596,-37.90287],[176.33233,-37.90464],[176.32898,-37.90866],[176.32538,-37.90846],[176.32442,-37.9092],[176.32495,-37.9095],[176.32439,-37.9105],[176.32205,-37.91099],[176.3216,-37.91252],[176.3222,-37.91331],[176.31893,-37.91667],[176.31673,-37.918],[176.31087,-37.91919],[176.3055,-37.92191],[176.30359,-37.92488],[176.28618,-37.93696],[176.35103,-37.93717],[176.35153,-37.94016],[176.37086,-37.94763],[176.37099,-37.94916],[176.3843,-37.94915],[176.38315,-37.95412],[176.38402,-37.95493],[176.42821,-37.9562],[176.44033,-37.95781],[176.46934,-37.96692],[176.47167,-37.96456],[176.47265,-37.96106],[176.47238,-37.95882],[176.50005,-37.95882],[176.49806,-37.96252],[176.49962,-37.97038],[176.50219,-37.97638],[176.50153,-37.97798],[176.50414,-37.98035],[176.5038,-37.98269],[176.50503,-37.98376],[176.5035,-37.98809],[176.50629,-37.99134],[176.50897,-37.9931],[176.50868,-37.99449],[176.51358,-37.99536],[176.51575,-37.9949],[176.51811,-37.99323],[176.52494,-37.99058],[176.52768,-37.99181],[176.53093,-37.99053],[176.53335,-37.99096],[176.53618,-37.9921],[176.53787,-37.99573],[176.54067,-37.99835],[176.54483,-37.9991],[176.54755,-38.00073],[176.55325,-38.00227],[176.55432,-38.0043],[176.55382,-38.00585],[176.55259,-38.00667],[176.55386,-38.00734],[176.55311,-38.00919],[176.59875,-38.00877],[176.60003,-38.01135],[176.60295,-38.01135],[176.60306,-38.05196],[176.60537,-38.05372],[176.60992,-38.05489],[176.61133,-38.05681],[176.61517,-38.05874],[176.60773,-38.06401],[176.60738,-38.0649],[176.60828,-38.06586],[176.60773,-38.06658],[176.60532,-38.06465],[176.60339,-38.06558],[176.6036,-38.12056],[176.58402,-38.12466],[176.58131,-38.29131],[176.58165,-38.32294],[176.58048,-38.32919],[176.57811,-38.42696],[176.52147,-38.41935],[176.50532,-38.40221],[176.49994,-38.43247],[176.47479,-38.51594],[176.47751,-38.52808],[176.47642,-38.53327],[176.46846,-38.53087],[176.45979,-38.53148],[176.45486,-38.52748],[176.42559,-38.5186],[176.42403,-38.51886],[176.41718,-38.51575],[176.38679,-38.50647],[176.35897,-38.56869],[176.30218,-38.55304],[176.29993,-38.55097],[176.30337,-38.54854],[176.30398,-38.54698],[176.30172,-38.54179],[176.29839,-38.53853],[176.29849,-38.5373],[176.30006,-38.53627],[176.30411,-38.53615],[176.30241,-38.53495],[176.30256,-38.53404],[176.30641,-38.53023],[176.31134,-38.5271],[176.311,-38.52284],[176.31856,-38.51311],[176.31892,-38.5118],[176.31789,-38.50807],[176.3232,-38.50722],[176.32171,-38.50535],[176.32121,-38.50226],[176.31929,-38.5022],[176.31767,-38.50439],[176.31641,-38.50463],[176.31584,-38.50381],[176.3163,-38.50059],[176.31507,-38.49849],[176.31326,-38.49751],[176.31045,-38.49817],[176.30921,-38.49766],[176.30851,-38.49642],[176.3091,-38.49418],[176.30854,-38.49223],[176.30433,-38.48855],[176.30224,-38.48552],[176.30044,-38.48596],[176.29852,-38.48917],[176.29622,-38.48847],[176.29561,-38.48588],[176.29476,-38.48525],[176.28681,-38.48586],[176.27678,-38.48895],[176.27568,-38.49179],[176.27243,-38.49471],[176.27005,-38.4991],[176.26593,-38.502],[176.26472,-38.50522],[176.26019,-38.50371],[176.25472,-38.50824],[176.25099,-38.50863],[176.24819,-38.50794],[176.2462,-38.50852],[176.24294,-38.51034],[176.24044,-38.51387],[176.23198,-38.51824],[176.22919,-38.52216],[176.22699,-38.52214],[176.22322,-38.51911],[176.2132,-38.51983],[176.20935,-38.52056],[176.20628,-38.52344],[176.20289,-38.52469],[176.20103,-38.52378],[176.19708,-38.51954],[176.19224,-38.5172],[176.18502,-38.51814],[176.18272,-38.5193],[176.17906,-38.51873],[176.1775,-38.51775],[176.17588,-38.51266],[176.17245,-38.50911],[176.17094,-38.50608],[176.17025,-38.50216],[176.17229,-38.49806],[176.16012,-38.49139],[176.15468,-38.49312],[176.15394,-38.49038],[176.14795,-38.48735],[176.14696,-38.48061],[176.14561,-38.47863],[176.14509,-38.47579],[176.14567,-38.47332],[176.14522,-38.47037],[176.14701,-38.46615],[176.14645,-38.46359],[176.14278,-38.46166],[176.14146,-38.4585],[176.14121,-38.45518],[176.14237,-38.45118],[176.14034,-38.44545],[176.13761,-38.44194],[176.13929,-38.44066],[176.13925,-38.439],[176.13195,-38.43261],[176.13166,-38.42899],[176.13002,-38.42587],[176.12697,-38.42281],[176.12611,-38.42063],[176.11882,-38.41335],[176.11183,-38.41119],[176.10591,-38.4134],[176.09679,-38.41235],[176.09236,-38.41046],[176.08794,-38.40668],[176.08506,-38.40703],[176.08288,-38.40859],[176.07393,-38.40791],[176.06892,-38.40563],[176.0684,-38.40129],[176.06555,-38.39802],[176.0631,-38.39614],[176.06163,-38.39683],[176.05903,-38.39339],[176.05293,-38.38954],[176.0427,-38.38521],[176.03022,-38.38654],[176.02604,-38.38504],[176.02666,-38.38347],[176.03038,-38.38153],[176.0313,-38.38002],[176.03025,-38.37713],[176.02852,-38.37567],[176.02759,-38.37344],[176.02723,-38.36913],[176.02478,-38.36864],[176.02514,-38.36651],[176.02399,-38.36661],[176.02382,-38.36502],[176.02618,-38.36372],[176.03113,-38.36357],[176.03564,-38.36085],[176.03762,-38.35816],[176.03977,-38.35875],[176.04261,-38.35708],[176.04653,-38.35641],[176.04775,-38.35417],[176.0501,-38.35437],[176.04879,-38.3498],[176.05054,-38.34938],[176.0522,-38.34761],[176.05496,-38.34705],[176.05531,-38.34582],[176.05705,-38.34528],[176.05737,-38.34432],[176.0553,-38.34412],[176.05548,-38.34314],[176.06077,-38.34282],[176.06294,-38.34042],[176.06113,-38.33859],[176.06022,-38.3356],[176.05859,-38.33443],[176.06159,-38.33519],[176.06416,-38.33471],[176.07286,-38.32717],[176.08864,-38.322],[176.09286,-38.3176],[176.09956,-38.3172],[176.10913,-38.31341],[176.11416,-38.31479],[176.11708,-38.3146],[176.12076,-38.31118],[176.1265,-38.30879],[176.12963,-38.30436],[176.1311,-38.30359],[176.13175,-38.3023],[176.13069,-38.30127],[176.12919,-38.30129],[176.12927,-38.30028],[176.13084,-38.2998],[176.1301,-38.29778],[176.12812,-38.29693],[176.1332,-38.29461],[176.13564,-38.29547],[176.13784,-38.2943],[176.13788,-38.29338],[176.13612,-38.29266],[176.13761,-38.29017],[176.13659,-38.28936],[176.13775,-38.28762],[176.13563,-38.28789],[176.1348,-38.28512],[176.13298,-38.2841],[176.13218,-38.28427],[176.13243,-38.28569],[176.13118,-38.28545],[176.12993,-38.28284],[176.12817,-38.28315],[176.12494,-38.28155],[176.124,-38.28218],[176.12298,-38.28092],[176.12214,-38.28195],[176.121,-38.28179],[176.11991,-38.28126],[176.11972,-38.28023],[176.11784,-38.28098],[176.11593,-38.28064],[176.11537,-38.27977],[176.11402,-38.28041],[176.11347,-38.27784],[176.11239,-38.27701],[176.11034,-38.27754],[176.11077,-38.27584],[176.10863,-38.27578],[176.12927,-38.27316],[176.11599,-38.26905],[176.12052,-38.26791],[176.15033,-38.21819],[176.11011,-38.16686],[176.09004,-38.16696],[176.08875,-38.16427],[176.05831,-38.16416],[176.0583,-38.16669],[176.03071,-38.16658],[176.03074,-38.13924],[176.02198,-38.13932],[176.01973,-38.14245],[176.01578,-38.14173],[175.98446,-38.142],[175.98175,-38.13858],[175.99909,-38.13148],[176.00505,-38.12287],[176.05678,-38.03702],[176.09831,-37.96187],[176.10292,-37.96358],[176.11753,-37.92699],[176.08809,-37.91354],[176.08993,-37.91086],[176.09457,-37.90745],[176.09462,-37.90602],[176.09569,-37.90495],[176.09361,-37.89727],[176.09491,-37.89722],[176.097,-37.89359],[176.0949,-37.89083],[176.09252,-37.88943],[176.09192,-37.88792],[176.09649,-37.88287],[176.09757,-37.87841],[176.09873,-37.8772],[176.09861,-37.87472],[176.0998,-37.87343],[176.09993,-37.8686],[176.10115,-37.86835],[176.09753,-37.86353],[176.09685,-37.86114],[176.09755,-37.85906],[176.09398,-37.85572],[176.09453,-37.85233],[176.09348,-37.85138],[176.09148,-37.85128],[176.09121,-37.84855],[176.08811,-37.84508],[176.08998,-37.8447],[176.09502,-37.83678],[176.09289,-37.83651],[176.09272,-37.8356],[176.09127,-37.83506],[176.08909,-37.83504],[176.09059,-37.83426],[176.09074,-37.83272],[176.09447,-37.83047],[176.09637,-37.82622],[176.10064,-37.82523],[176.1002,-37.82331],[176.10246,-37.82177],[176.1006,-37.80425],[176.09737,-37.8038],[176.09683,-37.80253],[176.09764,-37.80118],[176.09673,-37.79959],[176.09968,-37.79789],[176.09902,-37.79605],[176.10097,-37.79591],[176.10064,-37.79345],[176.09952,-37.79287],[176.10023,-37.79184],[176.09906,-37.78881],[176.10106,-37.78584],[176.09933,-37.7846],[176.09932,-37.78377],[176.10853,-37.78348],[176.11026,-37.7826],[176.11193,-37.78314],[176.11132,-37.78218],[176.11709,-37.78197],[176.11654,-37.77779],[176.119,-37.7776],[176.11943,-37.77605],[176.12205,-37.77514],[176.12219,-37.77226],[176.11977,-37.77232],[176.12015,-37.77116],[176.11909,-37.77036],[176.11985,-37.7688],[176.11926,-37.76751],[176.11966,-37.76535],[176.12223,-37.76527],[176.12239,-37.76175],[176.12814,-37.76109],[176.12807,-37.75913],[176.13061,-37.75617],[176.13484,-37.75721],[176.13718,-37.7566],[176.14326,-37.75698],[176.14385,-37.75781],[176.14272,-37.75804],[176.14172,-37.76066],[176.14362,-37.76123],[176.14188,-37.7637],[176.14405,-37.76706],[176.14297,-37.7683],[176.1466,-37.76833],[176.14775,-37.76951],[176.1485,-37.7724],[176.15408,-37.77368],[176.15804,-37.76565],[176.15705,-37.7647],[176.15758,-37.76369],[176.1583,-37.76393],[176.1588,-37.76009],[176.16232,-37.75895],[176.16535,-37.75914],[176.16979,-37.75675],[176.17007,-37.75822],[176.17615,-37.75437],[176.17682,-37.75305],[176.17475,-37.75094],[176.18154,-37.74871],[176.1823,-37.74984],[176.18393,-37.75028],[176.18606,-37.74918],[176.19002,-37.7498],[176.1923,-37.74923],[176.19112,-37.74795],[176.19452,-37.74344],[176.19914,-37.745],[176.20476,-37.74405],[176.20256,-37.74013],[176.20608,-37.73873],[176.20812,-37.73322],[176.2126,-37.73223],[176.2096,-37.72609],[176.21226,-37.72523],[176.21333,-37.72391],[176.21463,-37.72408],[176.21723,-37.71904],[176.22167,-37.71846],[176.22336,-37.71952],[176.22962,-37.71857],[176.23717,-37.71626],[176.24012,-37.7182]]]},"properties":{"name":"Rotorua"}},{"type":"Feature","id":43,"geometry":{"type":"Polygon","coordinates":[[[171.9151,-42.75162],[171.91702,-42.75257],[171.92,-42.75661],[171.92385,-42.75812],[171.92723,-42.76124],[171.93202,-42.76342],[171.93754,-42.76214],[171.94097,-42.7626],[171.94321,-42.76463],[171.94464,-42.76732],[171.94983,-42.7709],[171.9559,-42.77251],[171.96059,-42.77236],[171.966,-42.77566],[171.97388,-42.77594],[171.99192,-42.78294],[171.99338,-42.78302],[171.99697,-42.78102],[172.00086,-42.78195],[172.00061,-42.78392],[172.00369,-42.79075],[172.0066,-42.79045],[172.01215,-42.78682],[172.01648,-42.78572],[172.02513,-42.78461],[172.0274,-42.78573],[172.02978,-42.78888],[172.02848,-42.79508],[172.03611,-42.79849],[172.03573,-42.80246],[172.03719,-42.8058],[172.04648,-42.8075],[172.049,-42.81851],[172.05465,-42.82069],[172.05769,-42.82634],[172.06172,-42.82915],[172.06905,-42.82866],[172.07151,-42.82946],[172.07398,-42.83627],[172.0775,-42.83544],[172.08281,-42.83711],[172.08456,-42.83938],[172.08501,-42.84301],[172.10015,-42.8589],[172.09944,-42.866],[172.10144,-42.86967],[172.10553,-42.87299],[172.10714,-42.87078],[172.11077,-42.86977],[172.11962,-42.86944],[172.12459,-42.87115],[172.12656,-42.87506],[172.12738,-42.87299],[172.12936,-42.87173],[172.13237,-42.87069],[172.13645,-42.87061],[172.14009,-42.86848],[172.14164,-42.86857],[172.14825,-42.8722],[172.15374,-42.87257],[172.16442,-42.86648],[172.16903,-42.86563],[172.17234,-42.86817],[172.17683,-42.86808],[172.1805,-42.86644],[172.1859,-42.86249],[172.18903,-42.86164],[172.19251,-42.86249],[172.20258,-42.87049],[172.21017,-42.87373],[172.21469,-42.87106],[172.21605,-42.86916],[172.22092,-42.86922],[172.22443,-42.86808],[172.23113,-42.86828],[172.23785,-42.86396],[172.24026,-42.8639],[172.24168,-42.86601],[172.2495,-42.8663],[172.25747,-42.8709],[172.25723,-42.87575],[172.25843,-42.87778],[172.25611,-42.8804],[172.25388,-42.88642],[172.25095,-42.88836],[172.24674,-42.89287],[172.24424,-42.89422],[172.23607,-42.90522],[172.23085,-42.91001],[172.23651,-42.91404],[172.24402,-42.91675],[172.24509,-42.92073],[172.24459,-42.92168],[172.24581,-42.9245],[172.24575,-42.9326],[172.24744,-42.93712],[172.24212,-42.94601],[172.23361,-42.95152],[172.22629,-42.95257],[172.22309,-42.95663],[172.22132,-42.95486],[172.21899,-42.95422],[172.20856,-42.95592],[172.20329,-42.95554],[172.19793,-42.95623],[172.19061,-42.95932],[172.18484,-42.95961],[172.18237,-42.96095],[172.18136,-42.96261],[172.17311,-42.96491],[172.16685,-42.96992],[172.16601,-42.9714],[172.16602,-42.97541],[172.16183,-42.98216],[172.16168,-42.9898],[172.15551,-42.99412],[172.14973,-42.99363],[172.1441,-42.99115],[172.1413,-42.98874],[172.13991,-42.98875],[172.13812,-42.98684],[172.1351,-42.986],[172.12458,-42.98651],[172.12326,-42.98975],[172.11962,-42.99403],[172.11965,-42.99762],[172.11823,-43.00019],[172.11782,-43.00326],[172.11941,-43.00669],[172.1138,-43.00924],[172.1096,-43.01415],[172.10075,-43.0198],[172.09894,-43.02207],[172.09749,-43.02851],[172.09239,-43.03236],[172.09665,-43.04179],[172.09267,-43.0462],[172.09259,-43.0476],[172.08428,-43.05382],[172.07832,-43.05403],[172.07014,-43.04726],[172.06078,-43.05157],[172.05423,-43.07123],[172.04972,-43.07631],[172.01927,-43.09719],[172.02064,-43.10357],[172.01882,-43.10985],[172.01862,-43.11326],[172.0203,-43.11556],[172.02284,-43.11721],[172.02438,-43.1202],[172.0257,-43.12543],[172.02373,-43.12936],[172.0232,-43.13348],[172.02614,-43.13818],[172.02303,-43.14345],[172.01991,-43.14642],[172.01068,-43.1488],[172.00345,-43.15346],[172.00167,-43.15737],[172.00186,-43.16121],[172.00031,-43.16374],[171.99853,-43.17192],[171.99525,-43.17527],[171.99506,-43.17664],[171.99613,-43.17861],[171.95263,-43.1784],[171.95119,-43.1799],[171.95054,-43.18237],[171.95175,-43.18523],[171.94938,-43.18775],[171.95091,-43.19537],[171.94663,-43.1967],[171.94453,-43.19971],[171.94485,-43.20239],[171.94334,-43.20322],[171.93939,-43.204],[171.93326,-43.2031],[171.93139,-43.20366],[171.93102,-43.20548],[171.93349,-43.20786],[171.93198,-43.20943],[171.93128,-43.21284],[171.9284,-43.21799],[171.9289,-43.22041],[171.9421,-43.22382],[171.9499,-43.22775],[171.95221,-43.22746],[171.95571,-43.22852],[171.95944,-43.23373],[171.95894,-43.23537],[171.9604,-43.23887],[171.96462,-43.23912],[171.96654,-43.2404],[171.96544,-43.24229],[171.96184,-43.24437],[171.95837,-43.24162],[171.95678,-43.24213],[171.95739,-43.24467],[171.96033,-43.24644],[171.96152,-43.24867],[171.95365,-43.25011],[171.9517,-43.25146],[171.95104,-43.25308],[171.94843,-43.25466],[171.94566,-43.25954],[171.94898,-43.26127],[171.94938,-43.26395],[171.94285,-43.2701],[171.94059,-43.27078],[171.93959,-43.27467],[171.94212,-43.27546],[171.94559,-43.27444],[171.94752,-43.27705],[171.94686,-43.279],[171.94753,-43.281],[171.94918,-43.28263],[171.95637,-43.28241],[171.95769,-43.28321],[171.95769,-43.28524],[171.95537,-43.28541],[171.95274,-43.28675],[171.9523,-43.28917],[171.95322,-43.29096],[171.96737,-43.30131],[171.96993,-43.30416],[171.98384,-43.31399],[171.9847,-43.31556],[171.98513,-43.32387],[171.98598,-43.32608],[171.99737,-43.33777],[172.00336,-43.34186],[172.01385,-43.34824],[172.0275,-43.35412],[172.04095,-43.35701],[172.04626,-43.35999],[172.05022,-43.35969],[172.0584,-43.36115],[172.06662,-43.36469],[172.08182,-43.3749],[172.08393,-43.38101],[172.09178,-43.39028],[172.10423,-43.40293],[172.11738,-43.4092],[172.14033,-43.4224],[172.17602,-43.43581],[172.18026,-43.43868],[172.1922,-43.44288],[172.20148,-43.44482],[172.22308,-43.4475],[172.25874,-43.4552],[172.27388,-43.45642],[172.29503,-43.46001],[172.32991,-43.46059],[172.35463,-43.45821],[172.39567,-43.45574],[172.39301,-43.46301],[172.39406,-43.46227],[172.39851,-43.46271],[172.40732,-43.4665],[172.41044,-43.46692],[172.41852,-43.4666],[172.42822,-43.4681],[172.43903,-43.4685],[172.42398,-43.51267],[172.4631,-43.56777],[172.47841,-43.57871],[172.48533,-43.58258],[172.47537,-43.59193],[172.46777,-43.60471],[172.48651,-43.61054],[172.5246,-43.61763],[172.53027,-43.61661],[172.53217,-43.61708],[172.5313,-43.61917],[172.54349,-43.62196],[172.54417,-43.62671],[172.55639,-43.62802],[172.55678,-43.62619],[172.56414,-43.62644],[172.56433,-43.62362],[172.56665,-43.62216],[172.5698,-43.62146],[172.57251,-43.61954],[172.58204,-43.61597],[172.58628,-43.61639],[172.5929,-43.61873],[172.59298,-43.61956],[172.59762,-43.61956],[172.60102,-43.62298],[172.60506,-43.62392],[172.60767,-43.62675],[172.61323,-43.62859],[172.61662,-43.62522],[172.62175,-43.62314],[172.62777,-43.62386],[172.62605,-43.62774],[172.62601,-43.62883],[172.62662,-43.62895],[172.62576,-43.63219],[172.6227,-43.63788],[172.62472,-43.64069],[172.62437,-43.64314],[172.62683,-43.64483],[172.62694,-43.6457],[172.62616,-43.64597],[172.6273,-43.64777],[172.62547,-43.64832],[172.62336,-43.65032],[172.62315,-43.65179],[172.62437,-43.65358],[172.6233,-43.65501],[172.62457,-43.65673],[172.62374,-43.65807],[172.62483,-43.66112],[172.62466,-43.66673],[172.62341,-43.67098],[172.62169,-43.67299],[172.62176,-43.67669],[172.62097,-43.67969],[172.61889,-43.68291],[172.6186,-43.6865],[172.61637,-43.68836],[172.6144,-43.68773],[172.6116,-43.68969],[172.60818,-43.69055],[172.6057,-43.69477],[172.60705,-43.69741],[172.60519,-43.69929],[172.60581,-43.70175],[172.60468,-43.70408],[172.59661,-43.71326],[172.59776,-43.71422],[172.59723,-43.71602],[172.58934,-43.71996],[172.58382,-43.72142],[172.58428,-43.72343],[172.58857,-43.72672],[172.59134,-43.72754],[172.59681,-43.72661],[172.59933,-43.72886],[172.60433,-43.72987],[172.60727,-43.7314],[172.60793,-43.73382],[172.60724,-43.73569],[172.60448,-43.73725],[172.60527,-43.73881],[172.60569,-43.74744],[172.60502,-43.75094],[172.59983,-43.75218],[172.59148,-43.75564],[172.58572,-43.75318],[172.58029,-43.7539],[172.57298,-43.75774],[172.57262,-43.76104],[172.57414,-43.76366],[172.57297,-43.76518],[172.57402,-43.76764],[172.57298,-43.77022],[172.36153,-43.85973],[172.4294,-44.054],[172.40124,-44.05732],[172.38425,-44.0618],[172.36223,-44.07077],[172.34742,-44.07576],[172.32886,-44.08095],[172.30408,-44.08656],[172.19431,-43.90235],[172.19217,-43.90035],[172.19029,-43.89696],[172.18849,-43.89595],[172.18816,-43.89327],[172.18324,-43.88965],[172.18176,-43.88934],[172.18067,-43.886],[172.17873,-43.8837],[172.17451,-43.88093],[172.17372,-43.8774],[172.17254,-43.87617],[172.16788,-43.87454],[172.1609,-43.86934],[172.15898,-43.869],[172.15791,-43.86792],[172.15362,-43.86719],[172.15222,-43.86554],[172.14919,-43.86413],[172.14852,-43.86159],[172.14687,-43.86047],[172.14483,-43.85715],[172.14576,-43.85492],[172.14416,-43.85366],[172.14295,-43.84958],[172.13588,-43.84702],[172.13507,-43.84544],[172.13016,-43.84198],[172.12589,-43.83596],[172.12354,-43.83405],[172.12131,-43.83524],[172.11776,-43.83368],[172.11358,-43.83015],[172.11269,-43.82713],[172.10834,-43.82521],[172.1068,-43.82315],[172.10461,-43.82282],[172.10297,-43.81996],[172.10377,-43.81758],[172.1019,-43.81571],[172.10212,-43.81353],[172.09856,-43.81219],[172.097,-43.80881],[172.09423,-43.8075],[172.09285,-43.8033],[172.0885,-43.79988],[172.08673,-43.79742],[172.08439,-43.7986],[172.08383,-43.79814],[172.08042,-43.79372],[172.07978,-43.79119],[172.07497,-43.78514],[172.06735,-43.7796],[172.06689,-43.77617],[172.06616,-43.77661],[172.06218,-43.77413],[172.06434,-43.77289],[172.06408,-43.7724],[172.05724,-43.76805],[172.05541,-43.76485],[172.05232,-43.76218],[172.05195,-43.7616],[172.05304,-43.7608],[172.05151,-43.75869],[172.04556,-43.7565],[172.04324,-43.75361],[172.03962,-43.75098],[172.03068,-43.74939],[172.0371,-43.74394],[172.02826,-43.73979],[172.00557,-43.7311],[171.97723,-43.71738],[171.95378,-43.70724],[171.92511,-43.69612],[171.91785,-43.69199],[171.89623,-43.68217],[171.88159,-43.67285],[171.87132,-43.66769],[171.85519,-43.65518],[171.84007,-43.6451],[171.80753,-43.6184],[171.79311,-43.60432],[171.76239,-43.58139],[171.73953,-43.56572],[171.71431,-43.5435],[171.70833,-43.54147],[171.69078,-43.54304],[171.68546,-43.54225],[171.66361,-43.52962],[171.65985,-43.52619],[171.65556,-43.51744],[171.65184,-43.51614],[171.64663,-43.5158],[171.64307,-43.5139],[171.64025,-43.51345],[171.64003,-43.51199],[171.6432,-43.50805],[171.64113,-43.50666],[171.63521,-43.50626],[171.63165,-43.50459],[171.63131,-43.50309],[171.63221,-43.49981],[171.62443,-43.49482],[171.62405,-43.49384],[171.62514,-43.49197],[171.62211,-43.48856],[171.62285,-43.48581],[171.62195,-43.48384],[171.61991,-43.48273],[171.60852,-43.48043],[171.6068,-43.47933],[171.60701,-43.47765],[171.60868,-43.4763],[171.61937,-43.47221],[171.62301,-43.46992],[171.62441,-43.46735],[171.62329,-43.46432],[171.61997,-43.45998],[171.61506,-43.45682],[171.61184,-43.45347],[171.60512,-43.44219],[171.59902,-43.43465],[171.58622,-43.42662],[171.58432,-43.42392],[171.5843,-43.41783],[171.58266,-43.41502],[171.57407,-43.40973],[171.56671,-43.39797],[171.56475,-43.3961],[171.55629,-43.39258],[171.54052,-43.38967],[171.52682,-43.38105],[171.52344,-43.37793],[171.51583,-43.36765],[171.50525,-43.36073],[171.49851,-43.35824],[171.47222,-43.35269],[171.4491,-43.34318],[171.42699,-43.33519],[171.42374,-43.33284],[171.41807,-43.32604],[171.4101,-43.31943],[171.3832,-43.29955],[171.37204,-43.29238],[171.36207,-43.28327],[171.35285,-43.27805],[171.34708,-43.27605],[171.33811,-43.27493],[171.3292,-43.2754],[171.31451,-43.27832],[171.30409,-43.27947],[171.27117,-43.27371],[171.24438,-43.26279],[171.237,-43.25742],[171.20783,-43.24257],[171.18366,-43.2289],[171.17021,-43.22555],[171.16049,-43.22212],[171.15643,-43.21842],[171.15437,-43.2087],[171.14859,-43.20402],[171.14439,-43.19873],[171.14023,-43.18902],[171.137,-43.18358],[171.13806,-43.1802],[171.13844,-43.16979],[171.14184,-43.15599],[171.15001,-43.14322],[171.14957,-43.13702],[171.15115,-43.12575],[171.15051,-43.12468],[171.1514,-43.12318],[171.15148,-43.1171],[171.15243,-43.11376],[171.15102,-43.11155],[171.15175,-43.11064],[171.15164,-43.1081],[171.15387,-43.10622],[171.14017,-43.10564],[171.13731,-43.10387],[171.13181,-43.10286],[171.12513,-43.09956],[171.12255,-43.09925],[171.12115,-43.09806],[171.12111,-43.0969],[171.11849,-43.09572],[171.11351,-43.09569],[171.11637,-43.0863],[171.12993,-43.08123],[171.13398,-43.08225],[171.14065,-43.08251],[171.14308,-43.08686],[171.14477,-43.0887],[171.1459,-43.08885],[171.14883,-43.08683],[171.15188,-43.08253],[171.15449,-43.08102],[171.1557,-43.07867],[171.15854,-43.07709],[171.16136,-43.07719],[171.16975,-43.0747],[171.17571,-43.07425],[171.17773,-43.07082],[171.1783,-43.06803],[171.18421,-43.06436],[171.18557,-43.06427],[171.19087,-43.06667],[171.19497,-43.07258],[171.19815,-43.07429],[171.20402,-43.07269],[171.20933,-43.06836],[171.21142,-43.06566],[171.2196,-43.06465],[171.22013,-43.06074],[171.22195,-43.05828],[171.22233,-43.05506],[171.22147,-43.05248],[171.22262,-43.05081],[171.22344,-43.04535],[171.22274,-43.04325],[171.22481,-43.04256],[171.22704,-43.04024],[171.23362,-43.03947],[171.2355,-43.03762],[171.23641,-43.03527],[171.23987,-43.03287],[171.2407,-43.03097],[171.24077,-43.02873],[171.23682,-43.02637],[171.23673,-43.02419],[171.24353,-43.01622],[171.23934,-43.01299],[171.24038,-43.00804],[171.23926,-43.00462],[171.23767,-43.00251],[171.24184,-42.99879],[171.24935,-42.9988],[171.25394,-42.99752],[171.25422,-42.99504],[171.25691,-42.99188],[171.25593,-42.99091],[171.25615,-42.98982],[171.26093,-42.98506],[171.27356,-42.98002],[171.28089,-42.97499],[171.28221,-42.97312],[171.28561,-42.97278],[171.29034,-42.971],[171.29843,-42.96614],[171.30263,-42.9656],[171.30844,-42.96623],[171.3095,-42.96139],[171.30496,-42.96018],[171.30312,-42.9581],[171.30769,-42.95261],[171.31244,-42.94904],[171.31699,-42.94734],[171.32436,-42.94646],[171.33001,-42.94409],[171.33322,-42.94441],[171.33613,-42.94325],[171.3387,-42.94376],[171.3402,-42.94506],[171.34003,-42.94873],[171.34305,-42.9497],[171.34567,-42.9496],[171.35283,-42.94566],[171.35949,-42.94017],[171.36055,-42.93769],[171.3622,-42.93719],[171.36837,-42.93916],[171.37218,-42.93892],[171.37525,-42.94041],[171.37678,-42.94221],[171.3802,-42.9436],[171.38185,-42.94604],[171.38453,-42.94533],[171.3902,-42.94134],[171.39316,-42.94262],[171.39478,-42.94439],[171.39382,-42.94753],[171.3947,-42.95034],[171.39238,-42.95622],[171.39601,-42.95931],[171.39795,-42.95689],[171.39775,-42.95503],[171.40149,-42.95253],[171.40481,-42.95322],[171.40761,-42.95146],[171.41142,-42.95085],[171.41417,-42.94775],[171.41813,-42.94619],[171.4204,-42.94279],[171.42109,-42.93918],[171.4258,-42.93537],[171.43752,-42.93569],[171.44031,-42.9324],[171.44088,-42.93028],[171.43973,-42.92855],[171.43536,-42.92706],[171.43495,-42.926],[171.43584,-42.92393],[171.4344,-42.92145],[171.43631,-42.91927],[171.44021,-42.91701],[171.44228,-42.91372],[171.44578,-42.91232],[171.44919,-42.9092],[171.45446,-42.90921],[171.45678,-42.911],[171.46286,-42.91239],[171.46375,-42.91428],[171.46546,-42.91527],[171.46877,-42.91415],[171.47099,-42.91178],[171.47519,-42.91118],[171.48078,-42.90781],[171.48105,-42.90619],[171.48372,-42.90562],[171.48618,-42.90197],[171.48786,-42.90099],[171.48891,-42.89774],[171.49101,-42.89593],[171.4953,-42.89796],[171.50085,-42.89777],[171.50484,-42.90108],[171.50738,-42.90179],[171.51156,-42.90914],[171.51167,-42.91107],[171.51586,-42.91271],[171.51725,-42.91423],[171.52655,-42.90673],[171.53466,-42.90479],[171.53975,-42.90465],[171.54295,-42.90564],[171.55358,-42.90598],[171.55954,-42.90746],[171.56629,-42.9054],[171.57028,-42.90314],[171.57391,-42.89961],[171.57793,-42.89913],[171.58686,-42.89574],[171.59098,-42.89607],[171.59187,-42.89848],[171.5916,-42.90137],[171.59753,-42.90034],[171.59974,-42.89886],[171.60557,-42.89868],[171.61049,-42.90015],[171.61421,-42.90364],[171.61919,-42.9015],[171.62862,-42.90296],[171.63406,-42.9026],[171.64096,-42.90034],[171.64443,-42.89813],[171.65298,-42.89704],[171.65438,-42.89352],[171.66032,-42.89088],[171.66363,-42.88697],[171.66523,-42.88632],[171.66969,-42.88857],[171.67207,-42.8914],[171.67627,-42.89222],[171.67941,-42.89413],[171.68039,-42.89905],[171.69029,-42.89994],[171.69065,-42.90098],[171.68975,-42.90271],[171.68692,-42.90613],[171.69428,-42.90834],[171.6994,-42.90684],[171.70361,-42.90349],[171.71014,-42.90382],[171.71116,-42.90024],[171.71032,-42.89797],[171.71078,-42.89577],[171.71695,-42.89321],[171.71899,-42.89098],[171.72653,-42.8884],[171.73025,-42.88473],[171.73539,-42.88254],[171.73731,-42.87848],[171.74006,-42.87849],[171.74637,-42.87408],[171.74332,-42.87216],[171.7409,-42.86818],[171.73359,-42.86447],[171.73302,-42.86319],[171.73684,-42.86093],[171.73744,-42.85871],[171.73619,-42.85642],[171.73366,-42.85516],[171.73298,-42.85335],[171.73703,-42.84709],[171.75163,-42.84632],[171.76014,-42.84071],[171.76255,-42.83731],[171.76111,-42.83422],[171.76278,-42.82855],[171.76144,-42.82481],[171.75643,-42.82271],[171.75446,-42.81879],[171.75501,-42.81782],[171.75849,-42.81624],[171.75949,-42.81416],[171.75944,-42.81205],[171.7571,-42.80907],[171.7587,-42.80487],[171.76158,-42.80217],[171.76253,-42.7944],[171.76424,-42.79137],[171.7682,-42.79045],[171.76912,-42.78908],[171.77636,-42.7903],[171.78325,-42.78434],[171.78909,-42.78281],[171.79207,-42.78645],[171.79463,-42.78804],[171.80166,-42.78659],[171.8042,-42.78727],[171.80633,-42.78926],[171.81056,-42.79029],[171.81256,-42.78996],[171.81442,-42.7886],[171.81455,-42.78758],[171.81221,-42.78476],[171.81247,-42.78382],[171.82709,-42.78132],[171.82958,-42.77709],[171.83275,-42.77508],[171.84333,-42.77482],[171.84204,-42.77304],[171.84188,-42.77075],[171.84386,-42.76838],[171.84628,-42.76697],[171.84818,-42.7613],[171.85598,-42.75746],[171.85766,-42.75461],[171.86239,-42.75213],[171.86373,-42.75052],[171.87162,-42.74828],[171.87522,-42.74849],[171.88009,-42.75154],[171.89448,-42.74674],[171.89692,-42.74562],[171.89871,-42.74338],[171.902,-42.74293],[171.90743,-42.7408],[171.91331,-42.74406],[171.91494,-42.74585],[171.91553,-42.74771],[171.91453,-42.74986],[171.9151,-42.75162]]]},"properties":{"name":"Selwyn"}},{"type":"Feature","id":44,"geometry":{"type":"Polygon","coordinates":[[[168.0579,-44.26002],[168.06887,-44.25929],[168.07828,-44.26099],[168.08678,-44.26486],[168.09162,-44.26588],[168.10826,-44.27266],[168.11507,-44.2739],[168.11875,-44.27686],[168.13144,-44.28114],[168.13584,-44.28019],[168.14259,-44.28154],[168.15052,-44.28069],[168.15771,-44.28221],[168.16569,-44.27954],[168.16933,-44.27544],[168.17984,-44.27738],[168.19555,-44.2741],[168.19763,-44.27086],[168.20091,-44.26878],[168.20225,-44.26666],[168.20601,-44.26643],[168.21165,-44.26477],[168.21732,-44.26141],[168.22192,-44.26015],[168.22584,-44.25645],[168.24361,-44.25813],[168.25029,-44.25512],[168.25507,-44.25671],[168.26117,-44.2627],[168.27089,-44.26026],[168.2804,-44.26005],[168.28712,-44.26429],[168.29413,-44.27118],[168.29929,-44.27411],[168.30409,-44.27844],[168.30673,-44.27956],[168.30993,-44.27981],[168.31601,-44.27807],[168.32214,-44.27764],[168.32399,-44.27835],[168.32775,-44.28194],[168.33278,-44.28235],[168.33617,-44.2813],[168.33898,-44.2818],[168.34358,-44.28124],[168.34537,-44.2821],[168.34735,-44.28424],[168.34773,-44.29037],[168.35051,-44.2957],[168.35062,-44.29857],[168.34879,-44.30229],[168.35364,-44.30534],[168.34987,-44.31348],[168.35056,-44.31722],[168.34505,-44.32109],[168.34535,-44.32318],[168.34718,-44.32451],[168.34816,-44.32914],[168.35154,-44.33293],[168.35645,-44.33622],[168.35922,-44.33767],[168.36279,-44.33821],[168.36696,-44.34048],[168.37101,-44.34056],[168.38138,-44.33811],[168.37063,-44.3465],[168.36837,-44.3545],[168.38138,-44.35651],[168.38494,-44.35772],[168.4094,-44.36032],[168.41098,-44.36103],[168.41174,-44.36368],[168.40808,-44.36829],[168.40736,-44.37511],[168.4049,-44.37705],[168.39775,-44.37953],[168.3855,-44.37884],[168.3862,-44.38044],[168.38558,-44.38547],[168.38384,-44.38843],[168.37936,-44.39049],[168.37232,-44.39173],[168.36616,-44.3944],[168.35741,-44.39918],[168.35176,-44.40418],[168.35157,-44.40722],[168.3551,-44.41312],[168.35766,-44.41499],[168.36325,-44.4162],[168.36594,-44.41786],[168.36605,-44.4244],[168.36549,-44.42671],[168.35975,-44.43301],[168.3612,-44.43885],[168.35823,-44.44097],[168.35765,-44.44242],[168.35562,-44.44227],[168.35387,-44.44373],[168.35257,-44.44637],[168.3515,-44.44659],[168.35155,-44.44859],[168.34873,-44.45186],[168.34909,-44.45341],[168.35268,-44.45761],[168.35293,-44.46046],[168.34446,-44.47],[168.34364,-44.47277],[168.33893,-44.47407],[168.33688,-44.47586],[168.33748,-44.47808],[168.33373,-44.4892],[168.33701,-44.49501],[168.33453,-44.49678],[168.33927,-44.49561],[168.34505,-44.49704],[168.34986,-44.49425],[168.35853,-44.49189],[168.36585,-44.49482],[168.37796,-44.49587],[168.38379,-44.49769],[168.38653,-44.49754],[168.3902,-44.49907],[168.39406,-44.4984],[168.39908,-44.49611],[168.41016,-44.49645],[168.41552,-44.4974],[168.42141,-44.49563],[168.42857,-44.49543],[168.44156,-44.49219],[168.45252,-44.49256],[168.46092,-44.49539],[168.46994,-44.49089],[168.48781,-44.47887],[168.49402,-44.47662],[168.50092,-44.47543],[168.50349,-44.46982],[168.50681,-44.46682],[168.52355,-44.46037],[168.53869,-44.457],[168.54777,-44.45645],[168.55493,-44.45234],[168.55737,-44.45172],[168.56213,-44.45227],[168.57356,-44.45135],[168.58308,-44.45398],[168.58606,-44.45379],[168.59015,-44.45019],[168.59347,-44.44177],[168.60693,-44.43618],[168.61314,-44.43633],[168.6255,-44.43394],[168.63046,-44.4263],[168.63865,-44.41875],[168.64489,-44.41481],[168.65477,-44.41138],[168.66242,-44.40313],[168.66528,-44.40117],[168.67066,-44.39876],[168.68021,-44.39603],[168.68667,-44.39191],[168.68861,-44.39188],[168.69367,-44.39557],[168.6982,-44.4037],[168.70303,-44.40607],[168.54792,-44.53776],[168.55164,-44.54047],[168.59759,-44.54039],[168.64029,-44.53],[168.74264,-44.5307],[168.80439,-44.52306],[168.80136,-44.5269],[168.80323,-44.53112],[168.79899,-44.5368],[168.79895,-44.53813],[168.8013,-44.54259],[168.8094,-44.54995],[168.81114,-44.55315],[168.81335,-44.5614],[168.81702,-44.56555],[168.8178,-44.5679],[168.82087,-44.57095],[168.82148,-44.57327],[168.8266,-44.57713],[168.82759,-44.58049],[168.8303,-44.58217],[168.83123,-44.5838],[168.83364,-44.5846],[168.83297,-44.58585],[168.8329,-44.59172],[168.83504,-44.59552],[168.83569,-44.60074],[168.83999,-44.6042],[168.84107,-44.60756],[168.84512,-44.61003],[168.85105,-44.61604],[168.86018,-44.61605],[168.86147,-44.61813],[168.86431,-44.61979],[168.865,-44.62277],[168.86759,-44.62595],[168.87078,-44.62711],[168.87169,-44.62876],[168.87362,-44.62956],[168.87446,-44.63226],[168.87151,-44.65629],[168.87134,-44.66398],[168.87015,-44.66681],[168.86359,-44.67533],[168.86005,-44.67881],[168.85679,-44.67771],[168.85552,-44.67846],[168.85453,-44.67788],[168.85092,-44.67879],[168.85006,-44.68087],[168.8438,-44.68335],[168.84247,-44.68459],[168.84127,-44.68684],[168.8395,-44.68755],[168.83727,-44.69231],[168.83225,-44.69453],[168.82725,-44.6982],[168.82463,-44.6989],[168.81825,-44.69815],[168.81742,-44.69864],[168.82185,-44.70242],[168.8227,-44.70522],[168.82187,-44.709],[168.81917,-44.71286],[168.81528,-44.71561],[168.82071,-44.7181],[168.82631,-44.72268],[168.82802,-44.72938],[168.83273,-44.73314],[168.83389,-44.7354],[168.83421,-44.73889],[168.83742,-44.74191],[168.84466,-44.80535],[168.85402,-44.79941],[168.86965,-44.79634],[168.87111,-44.79498],[168.91153,-44.80996],[168.89968,-44.82172],[168.89464,-44.83211],[168.93939,-44.8514],[168.94609,-44.85626],[168.9454,-44.85835],[168.94281,-44.8586],[168.94366,-44.86899],[168.94553,-44.87219],[168.95117,-44.87672],[168.95363,-44.88407],[168.9462,-44.89277],[168.94593,-44.89535],[168.94379,-44.89827],[168.94397,-44.90245],[168.95331,-44.90665],[168.96239,-44.90756],[168.96906,-44.90968],[168.97396,-44.91387],[168.97586,-44.91195],[168.98509,-44.91481],[168.9951,-44.91395],[169.01354,-44.92161],[169.01855,-44.91708],[169.02133,-44.91555],[169.03981,-44.91106],[169.04772,-44.91528],[169.05013,-44.91783],[169.0523,-44.91844],[169.05467,-44.91804],[169.05772,-44.9207],[169.05425,-44.92152],[169.05391,-44.92279],[169.05219,-44.92366],[169.05246,-44.92604],[169.05115,-44.92731],[169.046,-44.92766],[169.04399,-44.9265],[169.04269,-44.92667],[169.04511,-44.92804],[169.04797,-44.93142],[169.04816,-44.93353],[169.05029,-44.93592],[169.04803,-44.9402],[169.0468,-44.94543],[169.04703,-44.94926],[169.04595,-44.95243],[169.04404,-44.96643],[169.04506,-44.96786],[169.05238,-44.97289],[169.05472,-44.97721],[169.06605,-44.98854],[169.06772,-44.99174],[169.0706,-45.00158],[169.06859,-45.00294],[169.06717,-45.00524],[169.06491,-45.00603],[169.06539,-45.01415],[169.06231,-45.01821],[169.04724,-45.02403],[169.04607,-45.02541],[169.04607,-45.0288],[169.0446,-45.03121],[169.03939,-45.03504],[169.03939,-45.0367],[169.04201,-45.04064],[169.04783,-45.05412],[169.04651,-45.05584],[169.04572,-45.05938],[169.04294,-45.06137],[169.03694,-45.06086],[169.03459,-45.06548],[169.02784,-45.06501],[169.0248,-45.06759],[169.0249,-45.06945],[169.02758,-45.07161],[169.02795,-45.07333],[169.02605,-45.0777],[169.02045,-45.08116],[169.01905,-45.08586],[169.01932,-45.08852],[169.01818,-45.09348],[169.01902,-45.09669],[169.01503,-45.09756],[169.01253,-45.10086],[169.00366,-45.10635],[169.00141,-45.10954],[169.00024,-45.11344],[168.99591,-45.11572],[168.99706,-45.11993],[168.99066,-45.13582],[168.99481,-45.1461],[168.99825,-45.14733],[168.99706,-45.15413],[169.00083,-45.15576],[168.9996,-45.15826],[169.00329,-45.16289],[168.99996,-45.16724],[169.0002,-45.17044],[168.99503,-45.17305],[168.99425,-45.17831],[168.98614,-45.19031],[168.98562,-45.19373],[168.98621,-45.19659],[168.98746,-45.19621],[168.99047,-45.19753],[168.99242,-45.19659],[168.99746,-45.19762],[169.00048,-45.19713],[169.00802,-45.19884],[169.00945,-45.19808],[169.0156,-45.20044],[169.02176,-45.19744],[169.02918,-45.19825],[169.03345,-45.19752],[169.04391,-45.19977],[169.05072,-45.19972],[169.05299,-45.20076],[169.05329,-45.20196],[169.05786,-45.20388],[169.0614,-45.20443],[169.06369,-45.20349],[169.07217,-45.20482],[169.0786,-45.20808],[169.08975,-45.21212],[169.10213,-45.21314],[169.10861,-45.21513],[169.11691,-45.21628],[169.1256,-45.22074],[169.13277,-45.22288],[169.13517,-45.22453],[169.16142,-45.23194],[169.17252,-45.23364],[169.17814,-45.23665],[169.18073,-45.23703],[169.18235,-45.23501],[169.18494,-45.23356],[169.18603,-45.23166],[169.18577,-45.23042],[169.18335,-45.22958],[169.18357,-45.22569],[169.19145,-45.21841],[169.19082,-45.21648],[169.18802,-45.21433],[169.18764,-45.21183],[169.19018,-45.20856],[169.19064,-45.20579],[169.19194,-45.20479],[169.19102,-45.20311],[169.19124,-45.20143],[169.19425,-45.19841],[169.19365,-45.19678],[169.19406,-45.19199],[169.19734,-45.18979],[169.19898,-45.18626],[169.20761,-45.18371],[169.21598,-45.18271],[169.21787,-45.18518],[169.22771,-45.18896],[169.23062,-45.18927],[169.23334,-45.18803],[169.22895,-45.18442],[169.22004,-45.18251],[169.21851,-45.17852],[169.21588,-45.17666],[169.21551,-45.17488],[169.21267,-45.17206],[169.21202,-45.17015],[169.21001,-45.16814],[169.20876,-45.16854],[169.20717,-45.16768],[169.20564,-45.16416],[169.20167,-45.15889],[169.22802,-45.15208],[169.2319,-45.15221],[169.23859,-45.1495],[169.25041,-45.14864],[169.25138,-45.14689],[169.26791,-45.14034],[169.27213,-45.13695],[169.29453,-45.13426],[169.2998,-45.13469],[169.30842,-45.13205],[169.3117,-45.12993],[169.31791,-45.13487],[169.31669,-45.141],[169.31453,-45.14527],[169.33104,-45.14533],[169.33008,-45.14231],[169.3319,-45.13794],[169.3431,-45.1285],[169.34468,-45.12202],[169.34734,-45.11888],[169.34322,-45.11355],[169.34183,-45.10772],[169.3397,-45.1029],[169.34219,-45.10003],[169.34003,-45.09395],[169.34088,-45.09145],[169.3405,-45.08801],[169.34125,-45.08465],[169.343,-45.08236],[169.35012,-45.07653],[169.36843,-45.094],[169.36857,-45.09519],[169.36479,-45.10064],[169.36886,-45.10641],[169.37199,-45.11576],[169.38764,-45.11858],[169.3903,-45.12188],[169.39865,-45.1154],[169.39877,-45.11337],[169.40161,-45.11314],[169.40606,-45.11471],[169.40967,-45.11444],[169.40847,-45.11134],[169.40928,-45.10984],[169.42094,-45.13055],[169.42036,-45.13201],[169.42297,-45.13768],[169.42532,-45.14812],[169.42546,-45.15404],[169.42662,-45.15946],[169.42525,-45.1609],[169.42574,-45.16139],[169.4247,-45.16208],[169.42459,-45.16457],[169.42374,-45.16557],[169.42736,-45.17878],[169.43316,-45.19362],[169.43499,-45.19639],[169.43937,-45.19384],[169.44109,-45.19419],[169.44424,-45.19525],[169.44887,-45.19978],[169.45516,-45.1964],[169.46779,-45.19367],[169.47035,-45.1923],[169.47212,-45.18952],[169.48252,-45.18584],[169.48625,-45.17995],[169.49112,-45.17749],[169.49198,-45.17835],[169.48765,-45.18094],[169.48607,-45.18507],[169.48254,-45.18874],[169.48473,-45.19087],[169.49355,-45.19192],[169.49289,-45.19229],[169.4925,-45.19577],[169.49124,-45.19822],[169.48405,-45.20257],[169.49313,-45.20083],[169.51015,-45.19974],[169.51826,-45.20015],[169.52667,-45.20225],[169.53387,-45.20529],[169.54188,-45.2069],[169.57522,-45.20957],[169.56895,-45.21197],[169.56771,-45.21438],[169.56652,-45.21383],[169.56426,-45.21473],[169.5632,-45.21676],[169.52505,-45.25247],[169.52485,-45.26096],[169.55251,-45.26988],[169.55663,-45.27297],[169.56281,-45.28249],[169.56766,-45.28774],[169.5736,-45.29197],[169.57761,-45.30184],[169.57969,-45.30438],[169.58748,-45.30854],[169.58803,-45.30992],[169.58975,-45.31014],[169.59146,-45.31429],[169.59326,-45.31501],[169.59651,-45.32606],[169.59855,-45.32581],[169.60243,-45.32708],[169.60684,-45.32975],[169.61686,-45.33879],[169.61652,-45.34119],[169.61815,-45.34799],[169.61875,-45.34825],[169.61942,-45.34682],[169.61844,-45.34417],[169.62058,-45.34101],[169.6196,-45.33833],[169.62097,-45.32744],[169.62292,-45.32447],[169.62785,-45.32061],[169.63079,-45.31161],[169.63227,-45.30942],[169.63179,-45.30822],[169.62696,-45.3061],[169.62629,-45.30434],[169.62701,-45.29827],[169.62992,-45.28938],[169.63062,-45.28364],[169.63337,-45.28363],[169.63905,-45.27554],[169.64202,-45.27265],[169.64146,-45.27027],[169.64437,-45.26951],[169.64746,-45.26629],[169.65891,-45.25043],[169.66425,-45.24563],[169.66409,-45.24426],[169.66705,-45.2407],[169.66678,-45.2397],[169.67229,-45.23878],[169.67567,-45.23698],[169.67668,-45.23423],[169.68413,-45.23419],[169.68402,-45.22896],[169.68965,-45.22807],[169.69056,-45.23081],[169.69031,-45.23886],[169.69342,-45.24323],[169.69308,-45.24485],[169.70243,-45.25456],[169.70933,-45.26034],[169.70978,-45.26264],[169.71962,-45.27001],[169.7298,-45.283],[169.72854,-45.2837],[169.72714,-45.28899],[169.72769,-45.29191],[169.73056,-45.29475],[169.73276,-45.29629],[169.73598,-45.29634],[169.73888,-45.29423],[169.74244,-45.2961],[169.74424,-45.29591],[169.7448,-45.29696],[169.75263,-45.3004],[169.7568,-45.2998],[169.75634,-45.30171],[169.75724,-45.30327],[169.75664,-45.30446],[169.76537,-45.30624],[169.76756,-45.30762],[169.77403,-45.30786],[169.77781,-45.30892],[169.78754,-45.30872],[169.78931,-45.30809],[169.79293,-45.30842],[169.79418,-45.30945],[169.79636,-45.31492],[169.793,-45.31413],[169.79197,-45.31642],[169.79383,-45.32037],[169.79164,-45.32365],[169.79567,-45.32676],[169.79739,-45.32915],[169.79847,-45.33266],[169.79552,-45.33664],[169.78979,-45.3397],[169.78774,-45.34228],[169.78826,-45.3434],[169.7813,-45.34465],[169.77669,-45.34788],[169.77302,-45.35297],[169.77212,-45.35501],[169.77271,-45.35718],[169.77102,-45.35966],[169.76426,-45.36588],[169.75859,-45.36488],[169.75254,-45.36609],[169.74547,-45.37051],[169.74552,-45.37136],[169.74346,-45.37224],[169.74155,-45.3748],[169.73889,-45.3761],[169.73226,-45.38284],[169.73215,-45.38398],[169.72785,-45.38544],[169.72646,-45.38757],[169.72444,-45.3887],[169.71767,-45.38921],[169.71783,-45.38995],[169.71442,-45.39164],[169.71184,-45.39189],[169.70995,-45.39363],[169.70732,-45.39412],[169.70684,-45.39566],[169.70476,-45.39658],[169.70293,-45.39901],[169.70231,-45.39845],[169.69801,-45.40126],[169.69175,-45.40637],[169.68378,-45.4199],[169.67866,-45.43127],[169.67562,-45.43593],[169.67134,-45.44036],[169.66531,-45.44489],[169.65784,-45.44904],[169.64724,-45.45257],[169.65126,-45.45665],[169.65272,-45.45937],[169.64891,-45.47736],[169.64964,-45.48697],[169.65142,-45.48889],[169.66849,-45.49775],[169.66762,-45.49901],[169.6677,-45.50064],[169.66549,-45.50373],[169.66572,-45.50592],[169.66493,-45.50735],[169.66496,-45.51913],[169.66635,-45.52405],[169.66506,-45.52611],[169.66462,-45.52885],[169.66808,-45.53508],[169.67263,-45.53876],[169.67474,-45.53977],[169.67969,-45.54014],[169.68736,-45.55603],[169.68835,-45.56009],[169.6871,-45.56606],[169.68986,-45.57192],[169.69115,-45.57712],[169.68358,-45.58525],[169.68273,-45.5889],[169.68411,-45.59176],[169.69468,-45.60039],[169.69351,-45.60213],[169.69377,-45.6036],[169.69699,-45.60864],[169.70182,-45.60992],[169.69962,-45.60567],[169.69976,-45.60341],[169.7015,-45.60049],[169.70572,-45.59785],[169.71039,-45.59355],[169.70985,-45.58717],[169.7131,-45.58517],[169.7147,-45.5825],[169.71989,-45.57839],[169.72399,-45.57675],[169.72641,-45.57318],[169.72742,-45.57],[169.73021,-45.56927],[169.73068,-45.56708],[169.73295,-45.56581],[169.7328,-45.56459],[169.73409,-45.56307],[169.73303,-45.5622],[169.73312,-45.56049],[169.73414,-45.55875],[169.73729,-45.5568],[169.73752,-45.55431],[169.74033,-45.55572],[169.74159,-45.55884],[169.74627,-45.56235],[169.74918,-45.56322],[169.75284,-45.5616],[169.75572,-45.56308],[169.75883,-45.56718],[169.7619,-45.56842],[169.76248,-45.5709],[169.76646,-45.57174],[169.76839,-45.57116],[169.7702,-45.57205],[169.77426,-45.57096],[169.77531,-45.57135],[169.77524,-45.57244],[169.78431,-45.56904],[169.79039,-45.56806],[169.79258,-45.56127],[169.79247,-45.55761],[169.79379,-45.5567],[169.79899,-45.55821],[169.80138,-45.56014],[169.81026,-45.55938],[169.81472,-45.5601],[169.81147,-45.56433],[169.81153,-45.56538],[169.81298,-45.56652],[169.81193,-45.57132],[169.81844,-45.57395],[169.81883,-45.57592],[169.81189,-45.58192],[169.81082,-45.58464],[169.81145,-45.58604],[169.80926,-45.58971],[169.80912,-45.5949],[169.80431,-45.59683],[169.804,-45.60127],[169.80169,-45.60344],[169.80294,-45.60905],[169.80422,-45.61102],[169.80166,-45.61381],[169.80156,-45.616],[169.80334,-45.61701],[169.803,-45.62156],[169.79913,-45.62477],[169.7991,-45.62788],[169.79796,-45.62972],[169.79376,-45.63279],[169.79533,-45.6352],[169.79398,-45.63668],[169.79638,-45.6376],[169.79567,-45.64224],[169.78868,-45.64583],[169.78706,-45.64988],[169.78009,-45.65319],[169.77802,-45.65584],[169.77898,-45.65899],[169.77817,-45.66065],[169.78218,-45.66243],[169.78184,-45.66665],[169.77984,-45.66867],[169.77645,-45.66847],[169.77169,-45.66944],[169.76146,-45.67438],[169.76097,-45.6764],[169.75723,-45.67945],[169.75728,-45.68167],[169.75831,-45.68351],[169.75695,-45.68488],[169.75651,-45.68764],[169.75735,-45.68869],[169.7538,-45.6906],[169.75411,-45.69341],[169.75187,-45.69489],[169.75201,-45.69672],[169.7504,-45.69724],[169.75098,-45.69894],[169.74105,-45.70217],[169.73974,-45.70386],[169.74154,-45.70809],[169.737,-45.71157],[169.73648,-45.71371],[169.73695,-45.71516],[169.74048,-45.71689],[169.7394,-45.71982],[169.73218,-45.72101],[169.73086,-45.71819],[169.71789,-45.71478],[169.71459,-45.70833],[169.69437,-45.71082],[169.69249,-45.70667],[169.68801,-45.70839],[169.68305,-45.70733],[169.67413,-45.69749],[169.67542,-45.69274],[169.67303,-45.69341],[169.67326,-45.69494],[169.66695,-45.69933],[169.66689,-45.70084],[169.66517,-45.70217],[169.66387,-45.70509],[169.66551,-45.70838],[169.66597,-45.71268],[169.66412,-45.71656],[169.66432,-45.71756],[169.66317,-45.71864],[169.66413,-45.72032],[169.66342,-45.72362],[169.66174,-45.72501],[169.66199,-45.72945],[169.66043,-45.73084],[169.65981,-45.73477],[169.65647,-45.73681],[169.65714,-45.73774],[169.65619,-45.73941],[169.65257,-45.74267],[169.65352,-45.74359],[169.65301,-45.74436],[169.65366,-45.74558],[169.6503,-45.7468],[169.65167,-45.74782],[169.6514,-45.7486],[169.64897,-45.74904],[169.65099,-45.75031],[169.65067,-45.75203],[169.64945,-45.7526],[169.64909,-45.75522],[169.64786,-45.75626],[169.64872,-45.75707],[169.6468,-45.75827],[169.64852,-45.75881],[169.6471,-45.76042],[169.64729,-45.76346],[169.64802,-45.76401],[169.64607,-45.76473],[169.6465,-45.76593],[169.64419,-45.76714],[169.64267,-45.76938],[169.63964,-45.76893],[169.63901,-45.76994],[169.63662,-45.77036],[169.63433,-45.76941],[169.63304,-45.77089],[169.62579,-45.77205],[169.62411,-45.77086],[169.62413,-45.76998],[169.62326,-45.77012],[169.62164,-45.76861],[169.62005,-45.77094],[169.62086,-45.77216],[169.61537,-45.77112],[169.61314,-45.76995],[169.60931,-45.77365],[169.60536,-45.77478],[169.60314,-45.7744],[169.59962,-45.77713],[169.59504,-45.77526],[169.5933,-45.77756],[169.59389,-45.77842],[169.59109,-45.77912],[169.59112,-45.78012],[169.58674,-45.78106],[169.59003,-45.78383],[169.5874,-45.78432],[169.58636,-45.78666],[169.5865,-45.78927],[169.58118,-45.79428],[169.57785,-45.79535],[169.57774,-45.79681],[169.57479,-45.79682],[169.57671,-45.79841],[169.57339,-45.80011],[169.56994,-45.80022],[169.56928,-45.80146],[169.56271,-45.80332],[169.55935,-45.8038],[169.55766,-45.803],[169.55744,-45.80517],[169.55588,-45.80435],[169.54971,-45.80577],[169.54817,-45.80696],[169.54907,-45.80764],[169.54754,-45.80868],[169.54582,-45.8082],[169.54306,-45.80909],[169.54164,-45.80848],[169.54102,-45.80945],[169.53861,-45.80901],[169.53676,-45.81007],[169.53451,-45.8093],[169.53148,-45.81225],[169.52447,-45.81316],[169.51989,-45.80921],[169.51134,-45.80423],[169.50725,-45.79936],[169.50263,-45.79694],[169.48432,-45.79677],[169.48009,-45.79311],[169.47937,-45.79143],[169.48008,-45.79008],[169.47786,-45.78859],[169.47757,-45.7875],[169.46868,-45.78636],[169.47271,-45.79066],[169.4767,-45.79148],[169.47574,-45.79272],[169.47558,-45.83759],[169.46483,-45.84269],[169.46136,-45.8429],[169.45956,-45.84156],[169.45771,-45.84193],[169.45508,-45.84103],[169.45207,-45.83847],[169.44976,-45.83951],[169.44679,-45.83754],[169.44498,-45.83781],[169.44496,-45.83463],[169.44101,-45.83382],[169.43983,-45.83418],[169.43906,-45.83573],[169.4373,-45.8363],[169.43826,-45.83868],[169.43593,-45.84032],[169.43051,-45.83915],[169.42894,-45.83973],[169.42809,-45.84055],[169.4313,-45.84369],[169.42883,-45.8462],[169.42974,-45.84913],[169.43174,-45.84834],[169.43288,-45.84912],[169.43045,-45.85045],[169.42969,-45.85383],[169.43265,-45.85712],[169.4316,-45.85875],[169.42977,-45.85951],[169.42832,-45.86167],[169.41623,-45.86389],[169.41353,-45.86743],[169.3935,-45.88169],[169.37642,-45.9118],[169.37618,-45.94952],[169.36931,-45.95421],[169.36499,-45.95507],[169.36348,-45.96478],[169.36263,-45.96577],[169.36024,-45.96603],[169.36148,-45.96748],[169.36016,-45.96802],[169.36018,-45.96887],[169.35909,-45.96932],[169.35962,-45.96987],[169.35557,-45.97323],[169.35364,-45.97612],[169.35136,-45.97742],[169.35024,-45.9794],[169.3441,-45.98141],[169.34068,-45.98425],[169.33755,-45.98375],[169.33679,-45.98555],[169.33346,-45.98463],[169.33225,-45.98522],[169.33592,-45.98774],[169.33804,-45.98767],[169.33777,-45.98856],[169.33912,-45.98884],[169.33798,-45.98987],[169.34199,-45.99135],[169.34164,-45.99591],[169.34837,-45.9964],[169.35071,-45.99829],[169.34245,-45.99845],[169.34254,-46.00042],[169.34566,-46.00068],[169.3461,-46.00217],[169.34043,-46.00494],[169.33799,-46.00749],[169.33836,-46.01039],[169.33718,-46.01188],[169.33949,-46.01233],[169.33973,-46.01366],[169.33731,-46.01582],[169.33461,-46.01637],[169.33672,-46.01984],[169.33867,-46.02075],[169.33673,-46.02377],[169.33369,-46.02536],[169.33523,-46.02624],[169.33912,-46.026],[169.34089,-46.03076],[169.34334,-46.0313],[169.34672,-46.03584],[169.3494,-46.03682],[169.35049,-46.0396],[169.3555,-46.03729],[169.36308,-46.0354],[169.36604,-46.03196],[169.37183,-46.03194],[169.37409,-46.03109],[169.38525,-46.0332],[169.38906,-46.03667],[169.39618,-46.03873],[169.39886,-46.04331],[169.40081,-46.04499],[169.39795,-46.04942],[169.40336,-46.05358],[169.40199,-46.05678],[169.4013,-46.06186],[169.3984,-46.06702],[169.39827,-46.06917],[169.39967,-46.06933],[169.41494,-46.06245],[169.41904,-46.06515],[169.42027,-46.06757],[169.42007,-46.06874],[169.41597,-46.06972],[169.41287,-46.07191],[169.41227,-46.07454],[169.4141,-46.07735],[169.41846,-46.07905],[169.41998,-46.08119],[169.42073,-46.08535],[169.42572,-46.08898],[169.42499,-46.09139],[169.42593,-46.09474],[169.41985,-46.09967],[169.42511,-46.10266],[169.43327,-46.10408],[169.4354,-46.10621],[169.43453,-46.10841],[169.43502,-46.10948],[169.44022,-46.11222],[169.44802,-46.11972],[169.46376,-46.12681],[169.46595,-46.12672],[169.47069,-46.12399],[169.47277,-46.12366],[169.47853,-46.12702],[169.4875,-46.12924],[169.49322,-46.12827],[169.49629,-46.12854],[169.49957,-46.13402],[169.5026,-46.13564],[169.50896,-46.13561],[169.51355,-46.13126],[169.51574,-46.13034],[169.52521,-46.13727],[169.52368,-46.13891],[169.52049,-46.13911],[169.52034,-46.14171],[169.51751,-46.14435],[169.50951,-46.14625],[169.5085,-46.14818],[169.50915,-46.14946],[169.50883,-46.15246],[169.50269,-46.15589],[169.5017,-46.15727],[169.50009,-46.16126],[169.50375,-46.16457],[169.50277,-46.16806],[169.49499,-46.17195],[169.49495,-46.19258],[169.49247,-46.19404],[169.49222,-46.19868],[169.50134,-46.20061],[169.50585,-46.20732],[169.52591,-46.21117],[169.53367,-46.21135],[169.5286,-46.22291],[169.53577,-46.22548],[169.54892,-46.22783],[169.56267,-46.22698],[169.56724,-46.22829],[169.57969,-46.23863],[169.58178,-46.24451],[169.58822,-46.25074],[169.58911,-46.25434],[169.59354,-46.25865],[169.59643,-46.25947],[169.60622,-46.25845],[169.61368,-46.26139],[169.61779,-46.26193],[169.61708,-46.26348],[169.6234,-46.26884],[169.62107,-46.26945],[169.6187,-46.27172],[169.61874,-46.27492],[169.61411,-46.28097],[169.61602,-46.28207],[169.61727,-46.28507],[169.61637,-46.28725],[169.61749,-46.28938],[169.62015,-46.29093],[169.62048,-46.29235],[169.62528,-46.29515],[169.62557,-46.29748],[169.62809,-46.30023],[169.63067,-46.30076],[169.6337,-46.30351],[169.63754,-46.30882],[169.64067,-46.30932],[169.64388,-46.30874],[169.65116,-46.31026],[169.64775,-46.31525],[169.66382,-46.31863],[169.66492,-46.31881],[169.67024,-46.3155],[169.6702,-46.31692],[169.67258,-46.31687],[169.67392,-46.31449],[169.67899,-46.31691],[169.68117,-46.31617],[169.68205,-46.31688],[169.68134,-46.3246],[169.68537,-46.32834],[169.69617,-46.3311],[169.69745,-46.3334],[169.70167,-46.33501],[169.70113,-46.33655],[169.70231,-46.33871],[169.70528,-46.34088],[169.71036,-46.34252],[169.71239,-46.34511],[169.72661,-46.34894],[169.72076,-46.34908],[169.71956,-46.35002],[169.71992,-46.35067],[169.71621,-46.35201],[169.71683,-46.35259],[169.71482,-46.35471],[169.71575,-46.35684],[169.70388,-46.3613],[169.70353,-46.3622],[169.70495,-46.36456],[169.70166,-46.36785],[169.69627,-46.36859],[169.68992,-46.37226],[169.69223,-46.37311],[169.68998,-46.37666],[169.69399,-46.38125],[169.70005,-46.38523],[169.708,-46.38746],[169.71639,-46.38451],[169.72159,-46.38179],[169.75963,-46.38986],[169.75955,-46.39507],[169.78071,-46.39514],[170.15244,-46.43196],[170.13724,-46.43942],[170.11585,-46.45364],[170.11446,-46.47219],[170.11246,-46.48354],[170.10796,-46.49926],[170.09906,-46.52022],[170.08932,-46.5366],[170.0776,-46.55247],[170.06737,-46.56374],[170.05177,-46.57833],[170.03574,-46.59095],[170.02496,-46.59827],[170.00189,-46.61187],[169.97329,-46.62499],[169.94438,-46.63526],[169.92325,-46.64687],[169.90213,-46.66279],[169.87696,-46.67794],[169.85527,-46.68896],[169.83199,-46.69881],[169.81213,-46.70869],[169.79886,-46.7143],[169.7766,-46.72917],[169.75868,-46.73914],[169.74066,-46.74766],[169.7208,-46.7555],[169.69387,-46.76411],[169.66334,-46.77122],[169.63138,-46.77604],[169.60292,-46.77814],[169.58522,-46.78624],[169.56201,-46.79498],[169.5359,-46.8028],[169.5147,-46.80755],[169.48486,-46.81889],[169.45186,-46.82802],[169.4216,-46.83373],[169.39564,-46.83708],[169.36435,-46.83922],[169.34206,-46.83922],[169.27917,-46.62241],[169.27504,-46.62148],[169.26531,-46.61549],[169.27411,-46.61134],[169.26158,-46.59855],[169.26724,-46.59588],[169.2665,-46.59359],[169.26425,-46.59391],[169.26489,-46.58585],[169.25417,-46.5806],[169.25111,-46.58097],[169.24821,-46.57725],[169.24508,-46.57524],[169.23791,-46.5752],[169.23446,-46.57305],[169.23034,-46.57296],[169.20094,-46.56071],[169.19607,-46.56061],[169.19554,-46.55972],[169.19227,-46.55875],[169.19052,-46.55692],[169.19108,-46.5558],[169.19369,-46.55509],[169.21618,-46.55417],[169.22543,-46.54994],[169.23127,-46.54371],[169.23617,-46.53618],[169.24479,-46.52956],[169.24557,-46.52197],[169.24666,-46.51941],[169.2501,-46.51654],[169.2503,-46.51331],[169.24745,-46.51033],[169.24561,-46.50983],[169.23671,-46.51243],[169.23309,-46.51176],[169.21477,-46.50226],[169.20543,-46.49929],[169.20248,-46.4949],[169.18149,-46.49127],[169.17769,-46.48985],[169.17343,-46.48705],[169.17299,-46.48537],[169.17368,-46.48415],[169.17855,-46.48082],[169.17847,-46.47831],[169.17483,-46.47551],[169.16587,-46.47244],[169.16226,-46.46849],[169.16131,-46.4659],[169.16414,-46.4618],[169.16312,-46.45923],[169.16333,-46.45772],[169.16513,-46.45565],[169.16797,-46.45435],[169.17995,-46.45148],[169.18319,-46.44882],[169.18436,-46.44514],[169.18585,-46.44315],[169.19681,-46.4388],[169.19085,-46.43413],[169.18815,-46.42745],[169.19467,-46.42425],[169.19931,-46.41994],[169.19946,-46.41637],[169.19402,-46.40841],[169.196,-46.40441],[169.1913,-46.39935],[169.1889,-46.39905],[169.18675,-46.39564],[169.17778,-46.39182],[169.17875,-46.38844],[169.17502,-46.38637],[169.17025,-46.3854],[169.16109,-46.3818],[169.14424,-46.38242],[169.13414,-46.37544],[169.13618,-46.37412],[169.13739,-46.36624],[169.14013,-46.36528],[169.14634,-46.35912],[169.14661,-46.35603],[169.14537,-46.35455],[169.14238,-46.35348],[169.14509,-46.35332],[169.14838,-46.35053],[169.1532,-46.34991],[169.15556,-46.3482],[169.16031,-46.34794],[169.16134,-46.34652],[169.16126,-46.34492],[169.16613,-46.34216],[169.17363,-46.33587],[169.17958,-46.33314],[169.19071,-46.32636],[169.17742,-46.32187],[169.18843,-46.31351],[169.19692,-46.30431],[169.18859,-46.30238],[169.18938,-46.30134],[169.18501,-46.29906],[169.18549,-46.29545],[169.18282,-46.2904],[169.15492,-46.26855],[169.14419,-46.26863],[169.14245,-46.26678],[169.13882,-46.26811],[169.13535,-46.26716],[169.13067,-46.26988],[169.13119,-46.27103],[169.12852,-46.27087],[169.12718,-46.27203],[169.1227,-46.27045],[169.12235,-46.2722],[169.1211,-46.27208],[169.12041,-46.27084],[169.11964,-46.27269],[169.1131,-46.27256],[169.11032,-46.27384],[169.10769,-46.27341],[169.10662,-46.2743],[169.10366,-46.27367],[169.1,-46.27464],[169.09262,-46.2746],[169.09126,-46.27375],[169.08727,-46.2748],[169.08251,-46.27378],[169.08248,-46.27477],[169.07826,-46.27635],[169.07316,-46.27606],[169.06968,-46.27795],[169.06756,-46.2766],[169.06536,-46.27838],[169.06292,-46.2777],[169.06103,-46.27926],[169.06124,-46.28063],[169.05776,-46.28133],[169.05686,-46.28335],[169.05428,-46.28344],[169.05522,-46.28448],[169.05313,-46.28575],[169.05332,-46.28734],[169.04829,-46.29304],[169.04628,-46.29361],[169.04563,-46.29594],[169.04425,-46.29604],[169.04404,-46.29725],[169.04136,-46.29872],[169.03955,-46.29821],[169.03815,-46.29885],[169.03443,-46.29583],[169.03127,-46.29602],[169.02865,-46.29401],[169.02235,-46.29361],[169.01793,-46.29192],[169.01825,-46.29082],[169.01475,-46.28879],[169.01192,-46.28889],[169.01129,-46.28651],[169.00749,-46.28631],[169.00138,-46.28391],[168.9996,-46.28225],[168.99886,-46.27983],[168.99346,-46.27966],[168.99119,-46.27855],[168.99129,-46.2773],[168.99483,-46.27488],[168.99493,-46.27349],[168.99337,-46.2717],[168.99852,-46.26733],[168.99719,-46.26618],[168.99734,-46.26369],[168.99553,-46.26235],[168.98795,-46.2613],[168.98318,-46.25997],[168.98181,-46.25878],[168.96862,-46.2572],[168.96128,-46.25871],[168.95637,-46.261],[168.94983,-46.26088],[168.94503,-46.25958],[168.93537,-46.25947],[168.92848,-46.26123],[168.91903,-46.25905],[168.91248,-46.26048],[168.9129,-46.24273],[168.83729,-46.2417],[168.8376,-46.24311],[168.84034,-46.24313],[168.8404,-46.24802],[168.83783,-46.24951],[168.83277,-46.24997],[168.83292,-46.25132],[168.81469,-46.248],[168.80197,-46.24421],[168.8023,-46.24293],[168.79605,-46.24405],[168.76688,-46.23507],[168.76996,-46.23376],[168.77148,-46.22926],[168.77638,-46.22804],[168.78194,-46.2229],[168.78094,-46.21653],[168.78266,-46.21055],[168.78125,-46.20663],[168.78334,-46.20379],[168.78608,-46.20211],[168.78806,-46.20209],[168.79289,-46.19765],[168.79077,-46.19425],[168.79359,-46.19091],[168.79614,-46.18941],[168.78876,-46.18597],[168.78143,-46.18536],[168.77448,-46.18204],[168.76801,-46.18302],[168.76479,-46.1847],[168.76213,-46.18493],[168.7589,-46.18382],[168.75685,-46.18174],[168.75447,-46.18089],[168.72918,-46.1786],[168.72107,-46.17945],[168.70825,-46.1776],[168.70335,-46.18035],[168.69827,-46.18059],[168.68866,-46.18435],[168.68863,-46.17361],[168.67487,-46.17368],[168.67472,-46.15508],[168.62194,-46.15535],[168.62216,-46.18979],[168.62077,-46.18974],[168.6191,-46.18747],[168.61423,-46.17834],[168.61073,-46.17861],[168.60869,-46.17737],[168.60336,-46.17912],[168.59868,-46.17658],[168.59613,-46.17726],[168.58936,-46.17704],[168.58833,-46.18068],[168.57941,-46.18295],[168.57818,-46.18403],[168.57583,-46.18198],[168.57335,-46.18113],[168.57293,-46.17935],[168.55898,-46.1763],[168.55754,-46.17838],[168.55553,-46.17891],[168.55795,-46.18034],[168.55273,-46.18191],[168.54965,-46.17876],[168.547,-46.18001],[168.54214,-46.17919],[168.54275,-46.17743],[168.5353,-46.17644],[168.53787,-46.16904],[168.52458,-46.16684],[168.52349,-46.16823],[168.52429,-46.16952],[168.52446,-46.17345],[168.51911,-46.17541],[168.5197,-46.17655],[168.51915,-46.17696],[168.51602,-46.17769],[168.51744,-46.17909],[168.51484,-46.18142],[168.51783,-46.18264],[168.51907,-46.18039],[168.52026,-46.18006],[168.52209,-46.18154],[168.52114,-46.18241],[168.52237,-46.18397],[168.52168,-46.18821],[168.51932,-46.18924],[168.51774,-46.18854],[168.51651,-46.19097],[168.51342,-46.1915],[168.51317,-46.19219],[168.51452,-46.19311],[168.51202,-46.19385],[168.51224,-46.19582],[168.50794,-46.19568],[168.50829,-46.19786],[168.51314,-46.19897],[168.51176,-46.20163],[168.5126,-46.20567],[168.50693,-46.20785],[168.50661,-46.20846],[168.50816,-46.20957],[168.50687,-46.20989],[168.50494,-46.21305],[168.50167,-46.21475],[168.49913,-46.21362],[168.49738,-46.21168],[168.49687,-46.20806],[168.48577,-46.20944],[168.4799,-46.20551],[168.44852,-46.20545],[168.44829,-46.20491],[168.28406,-46.20528],[168.2813,-46.20258],[168.27806,-46.20195],[168.26966,-46.20397],[168.26813,-46.20379],[168.26672,-46.20251],[168.27004,-46.19856],[168.26864,-46.19633],[168.26218,-46.19782],[168.25235,-46.1964],[168.23449,-46.19065],[168.22787,-46.18554],[168.21328,-46.18511],[168.21355,-46.17998],[168.21193,-46.17997],[168.21192,-46.17221],[168.20846,-46.17085],[168.21672,-46.16091],[168.21673,-46.14894],[168.20348,-46.13247],[168.19586,-46.12974],[168.18994,-46.10595],[168.18899,-46.09894],[168.18738,-46.09894],[168.15803,-46.05693],[168.21004,-46.05695],[168.21013,-45.98325],[168.20906,-45.98325],[168.21017,-45.98035],[168.21032,-45.95498],[168.20942,-45.9528],[168.21,-45.92038],[168.21813,-45.92039],[168.2167,-45.91837],[168.21706,-45.9168],[168.21492,-45.91405],[168.21558,-45.9121],[168.22054,-45.90906],[168.22075,-45.90574],[168.22522,-45.90538],[168.22515,-45.90383],[168.2293,-45.89932],[168.23105,-45.89395],[168.23408,-45.88916],[168.23358,-45.88512],[168.23162,-45.88493],[168.23022,-45.88386],[168.23011,-45.88147],[168.22763,-45.88059],[168.22726,-45.8774],[168.22611,-45.87624],[168.2269,-45.87242],[168.23271,-45.86757],[168.22665,-45.86219],[168.22734,-45.8583],[168.23023,-45.85206],[168.23141,-45.8506],[168.26846,-45.85052],[168.26844,-45.82505],[168.25824,-45.81165],[168.25265,-45.80919],[168.20426,-45.81419],[168.15647,-45.80416],[168.15566,-45.80503],[168.149,-45.80452],[168.14765,-45.80523],[168.10603,-45.78204],[168.08794,-45.7829],[168.07137,-45.78248],[168.07149,-45.78381],[168.05467,-45.7847],[168.04593,-45.79001],[168.04405,-45.79162],[168.04431,-45.79351],[168.03807,-45.79409],[168.03603,-45.79307],[168.01863,-45.79199],[168.01578,-45.79437],[168.01509,-45.79257],[168.00902,-45.79289],[168.00857,-45.79131],[168.00763,-45.79085],[168.01017,-45.78579],[168.01182,-45.78469],[168.01183,-45.78263],[168.01433,-45.78116],[168.01564,-45.78207],[168.01678,-45.78137],[168.01909,-45.77514],[168.01888,-45.77376],[168.0197,-45.7731],[168.01934,-45.77194],[168.02042,-45.76819],[167.9999,-45.76383],[168.00609,-45.74836],[168.01205,-45.74688],[168.01378,-45.74537],[168.01586,-45.74561],[168.01762,-45.74421],[168.01882,-45.7457],[168.02044,-45.74556],[168.02003,-45.7437],[168.01762,-45.74163],[168.01801,-45.73979],[168.01545,-45.73939],[168.01448,-45.73828],[168.01535,-45.7364],[168.01465,-45.73295],[168.0134,-45.7319],[168.01381,-45.72949],[168.01274,-45.72732],[168.01445,-45.72497],[168.01226,-45.72455],[168.01078,-45.72562],[168.01015,-45.7249],[168.01365,-45.71902],[168.01192,-45.71809],[168.01342,-45.71645],[168.01099,-45.71109],[168.00735,-45.71055],[168.00044,-45.70791],[167.99813,-45.7091],[167.99657,-45.70692],[167.99289,-45.70454],[167.99046,-45.70505],[167.98836,-45.7041],[167.98503,-45.70416],[167.98539,-45.70168],[167.98196,-45.70021],[167.98182,-45.69838],[167.9789,-45.69826],[167.98164,-45.69759],[167.98156,-45.69646],[167.97894,-45.69689],[167.97115,-45.69391],[167.968,-45.6942],[167.96703,-45.69161],[167.96087,-45.69062],[167.95622,-45.69103],[167.95356,-45.68942],[167.95223,-45.68975],[167.95245,-45.6886],[167.94839,-45.68525],[167.94787,-45.68267],[167.94587,-45.68154],[167.94441,-45.67845],[167.9362,-45.6747],[167.93439,-45.67286],[167.93043,-45.67097],[167.92724,-45.67245],[167.92133,-45.67332],[167.91448,-45.67819],[167.91076,-45.6788],[167.90445,-45.67784],[167.9026,-45.67845],[167.89785,-45.67739],[167.89611,-45.67781],[167.89377,-45.67656],[167.89403,-45.67491],[167.88804,-45.67338],[167.88446,-45.67412],[167.88349,-45.6726],[167.88062,-45.67177],[167.87033,-45.67215],[167.86203,-45.67088],[167.85489,-45.67344],[167.84695,-45.67406],[167.83494,-45.68013],[167.83518,-45.68246],[167.83652,-45.68371],[167.83608,-45.68729],[167.82494,-45.69248],[167.82273,-45.69659],[167.82287,-45.69871],[167.82145,-45.70129],[167.82137,-45.70757],[167.81984,-45.70889],[167.81957,-45.71103],[167.81839,-45.71238],[167.80877,-45.71679],[167.80234,-45.71797],[167.8005,-45.71749],[167.79798,-45.71873],[167.79486,-45.71862],[167.7941,-45.71988],[167.78862,-45.72025],[167.78795,-45.72113],[167.78524,-45.72132],[167.78143,-45.71958],[167.77341,-45.72118],[167.76663,-45.71912],[167.75798,-45.71775],[167.75058,-45.71846],[167.74444,-45.71789],[167.73899,-45.71966],[167.73623,-45.71893],[167.73476,-45.71959],[167.7322,-45.71858],[167.72972,-45.7185],[167.72768,-45.71938],[167.7228,-45.71911],[167.71482,-45.71708],[167.70578,-45.7176],[167.70227,-45.71898],[167.69745,-45.71942],[167.69205,-45.71901],[167.68578,-45.71711],[167.68257,-45.7148],[167.67874,-45.71379],[167.6746,-45.71151],[167.67179,-45.70843],[167.66908,-45.70698],[167.66517,-45.70216],[167.65732,-45.69615],[167.65415,-45.6955],[167.65178,-45.69375],[167.63917,-45.69452],[167.63237,-45.69202],[167.62768,-45.69216],[167.62388,-45.69012],[167.6202,-45.68621],[167.61112,-45.69103],[167.6118,-45.6966],[167.61077,-45.70008],[167.61238,-45.70276],[167.61836,-45.70527],[167.62009,-45.70724],[167.62109,-45.71066],[167.62083,-45.71588],[167.62228,-45.71955],[167.62178,-45.72172],[167.61538,-45.72804],[167.60977,-45.73024],[167.60429,-45.73076],[167.59232,-45.73418],[167.58836,-45.73687],[167.58575,-45.74008],[167.58618,-45.74292],[167.58818,-45.7469],[167.58923,-45.74749],[167.6027,-45.74532],[167.60694,-45.74681],[167.60739,-45.74881],[167.60364,-45.75284],[167.60174,-45.761],[167.60205,-45.76285],[167.60387,-45.76484],[167.59911,-45.76548],[167.59526,-45.76816],[167.59249,-45.76865],[167.59212,-45.77004],[167.58731,-45.76979],[167.58479,-45.7712],[167.58086,-45.77066],[167.57764,-45.77204],[167.57342,-45.7712],[167.56681,-45.7714],[167.56324,-45.77284],[167.56008,-45.77236],[167.55591,-45.77392],[167.55202,-45.77385],[167.5477,-45.77589],[167.54292,-45.77417],[167.53724,-45.77489],[167.53631,-45.77409],[167.53702,-45.77205],[167.53532,-45.7714],[167.53447,-45.77367],[167.53178,-45.77562],[167.53078,-45.77792],[167.52141,-45.78235],[167.5164,-45.78166],[167.51405,-45.78216],[167.51166,-45.78049],[167.50825,-45.77969],[167.50617,-45.77747],[167.50228,-45.77738],[167.49844,-45.77904],[167.49524,-45.7769],[167.49303,-45.77672],[167.48979,-45.77742],[167.48646,-45.77925],[167.48406,-45.78279],[167.47875,-45.78486],[167.46374,-45.78812],[167.45729,-45.78821],[167.45041,-45.7902],[167.4311,-45.78362],[167.42288,-45.77899],[167.41859,-45.7743],[167.42427,-45.78891],[167.40634,-45.82132],[167.05617,-45.7254],[166.9228,-45.9094],[166.70153,-45.84386],[166.45355,-45.98985],[166.21094,-46.13008],[166.20099,-46.1175],[166.18878,-46.0973],[166.18101,-46.0802],[166.17625,-46.06507],[166.16931,-46.04847],[166.16465,-46.0325],[166.16031,-46.01165],[166.15851,-45.99336],[166.15888,-45.97941],[166.15123,-45.96423],[166.14519,-45.94847],[166.14212,-45.93703],[166.13947,-45.92134],[166.13872,-45.89877],[166.14042,-45.88351],[166.14399,-45.86692],[166.14125,-45.84277],[166.14185,-45.82398],[166.14676,-45.79913],[166.15269,-45.78233],[166.1574,-45.77196],[166.15411,-45.75945],[166.15182,-45.74338],[166.15123,-45.7301],[166.15166,-45.71846],[166.15515,-45.69679],[166.15964,-45.68194],[166.1638,-45.67147],[166.16961,-45.65911],[166.17741,-45.64618],[166.18477,-45.63572],[166.19537,-45.62289],[166.22154,-45.59397],[166.23803,-45.57905],[166.25308,-45.56793],[166.25746,-45.56378],[166.26345,-45.55431],[166.27827,-45.53593],[166.28471,-45.52893],[166.30879,-45.50618],[166.32535,-45.49181],[166.34853,-45.47548],[166.36894,-45.46384],[166.4,-45.44996],[166.41369,-45.43891],[166.41941,-45.43043],[166.44137,-45.4019],[166.44717,-45.3844],[166.45629,-45.36499],[166.47684,-45.33281],[166.49065,-45.315],[166.49992,-45.29317],[166.50702,-45.28047],[166.51356,-45.27078],[166.52491,-45.25627],[166.54562,-45.22721],[166.57078,-45.19953],[166.58652,-45.1848],[166.60028,-45.16683],[166.61208,-45.14462],[166.62538,-45.12621],[166.63621,-45.11397],[166.65141,-45.09943],[166.66145,-45.08699],[166.67235,-45.07543],[166.68746,-45.06167],[166.707,-45.04715],[166.72391,-45.02953],[166.74156,-45.01476],[166.76198,-45.00075],[166.78254,-44.98917],[166.7914,-44.98089],[166.81066,-44.95915],[166.82558,-44.94587],[166.84044,-44.93456],[166.85598,-44.91566],[166.88371,-44.88893],[166.9071,-44.87059],[166.91925,-44.85756],[166.93773,-44.84137],[166.94945,-44.83259],[166.96685,-44.82156],[166.98064,-44.81155],[166.99729,-44.79349],[167.01792,-44.7759],[167.03514,-44.75831],[167.05402,-44.74136],[167.0684,-44.73],[167.08784,-44.71702],[167.11052,-44.70465],[167.12597,-44.69768],[167.14697,-44.68961],[167.16685,-44.67495],[167.19816,-44.65455],[167.21425,-44.64551],[167.23022,-44.6377],[167.24879,-44.62996],[167.2663,-44.61903],[167.2824,-44.61055],[167.31191,-44.59783],[167.32483,-44.58085],[167.34218,-44.56277],[167.35884,-44.54872],[167.39335,-44.52377],[167.41454,-44.51071],[167.43222,-44.50166],[167.44733,-44.49131],[167.46113,-44.48314],[167.48035,-44.47339],[167.50202,-44.46435],[167.52805,-44.45036],[167.54044,-44.43125],[167.54971,-44.41977],[167.56184,-44.40695],[167.57076,-44.39489],[167.58133,-44.38285],[167.60287,-44.36296],[167.61305,-44.34802],[167.63136,-44.32701],[167.65051,-44.30988],[167.66327,-44.30029],[167.68137,-44.28869],[167.69284,-44.27795],[167.7199,-44.255],[167.73845,-44.24155],[167.7489,-44.22735],[167.76111,-44.21367],[167.77372,-44.2017],[167.78398,-44.19329],[167.79617,-44.17223],[167.81282,-44.15095],[167.82427,-44.13921],[167.83812,-44.12706],[168.05208,-44.25865],[168.0579,-44.26002]]]},"properties":{"name":"Southland"}},{"type":"Feature","id":45,"geometry":{"type":"Polygon","coordinates":[[[170.25802,-45.23007],[170.25783,-45.23593],[170.25856,-45.23625],[170.26089,-45.23562],[170.31377,-45.23584],[170.31355,-45.26842],[170.39414,-45.26857],[170.39415,-45.26919],[170.41099,-45.28026],[170.41358,-45.28376],[170.41507,-45.28788],[170.41968,-45.29107],[170.42344,-45.29544],[170.42086,-45.30405],[170.42087,-45.30795],[170.41727,-45.31059],[170.40898,-45.31967],[170.40199,-45.32309],[170.39489,-45.32791],[170.38108,-45.32649],[170.37554,-45.33091],[170.37549,-45.32692],[170.32506,-45.32408],[170.32487,-45.3625],[170.32058,-45.3605],[170.30901,-45.35824],[170.30337,-45.35624],[170.29609,-45.35208],[170.29296,-45.35178],[170.28867,-45.34959],[170.28431,-45.34959],[170.28487,-45.44428],[170.26568,-45.44412],[170.26082,-45.44877],[170.25959,-45.4529],[170.26158,-45.45611],[170.25723,-45.46209],[170.25502,-45.46344],[170.25151,-45.46369],[170.22677,-45.48201],[170.20922,-45.4819],[170.20939,-45.50672],[170.26394,-45.50675],[170.26717,-45.50458],[170.27368,-45.5056],[170.27634,-45.50358],[170.27752,-45.50359],[170.27939,-45.50095],[170.28536,-45.49738],[170.28535,-45.49458],[170.29745,-45.49719],[170.3044,-45.49959],[170.30812,-45.49975],[170.31002,-45.49786],[170.33422,-45.51037],[170.33543,-45.51022],[170.3593,-45.52124],[170.3508,-45.52815],[170.34321,-45.54106],[170.34172,-45.54581],[170.35699,-45.54699],[170.36698,-45.54923],[170.3713,-45.55423],[170.38768,-45.55409],[170.38786,-45.55707],[170.38979,-45.56203],[170.39746,-45.57191],[170.39985,-45.58148],[170.40406,-45.5826],[170.40375,-45.58399],[170.40647,-45.58661],[170.40447,-45.59151],[170.40241,-45.59339],[170.40851,-45.59609],[170.41243,-45.60616],[170.416,-45.61101],[170.41642,-45.61266],[170.41418,-45.62163],[170.41067,-45.62861],[170.40872,-45.63693],[170.41279,-45.63513],[170.41389,-45.63383],[170.41971,-45.63197],[170.42049,-45.64783],[170.41974,-45.65268],[170.42081,-45.65475],[170.41941,-45.65793],[170.42009,-45.66173],[170.41963,-45.66333],[170.42242,-45.66332],[170.424,-45.66516],[170.4516,-45.744],[170.45157,-45.74573],[170.49673,-45.80099],[170.49674,-45.80965],[170.49413,-45.81724],[170.48768,-45.82255],[170.48726,-45.82216],[170.48751,-45.83128],[170.48111,-45.83494],[170.48817,-45.84107],[170.47004,-45.85168],[170.4582,-45.84944],[170.449,-45.85096],[170.45006,-45.85401],[170.44758,-45.85403],[170.44389,-45.85802],[170.44042,-45.86017],[170.43863,-45.86269],[170.43436,-45.86396],[170.442,-45.86457],[170.44904,-45.8632],[170.45292,-45.86494],[170.44837,-45.86996],[170.45111,-45.87122],[170.45779,-45.87102],[170.45801,-45.87524],[170.45259,-45.87991],[170.45735,-45.87981],[170.46272,-45.88176],[170.46262,-45.88294],[170.45464,-45.89334],[170.46151,-45.89605],[170.46187,-45.89526],[170.46248,-45.89685],[170.46958,-45.89544],[170.48007,-45.895],[170.48566,-45.89365],[170.4894,-45.89182],[170.49363,-45.89198],[170.4942,-45.89072],[170.5,-45.88785],[170.50438,-45.89396],[170.50914,-45.89711],[170.51148,-45.89715],[170.51324,-45.89626],[170.51386,-45.89499],[170.5163,-45.89413],[170.52016,-45.89413],[170.52832,-45.89249],[170.52912,-45.89303],[170.5309,-45.89154],[170.53609,-45.89234],[170.54255,-45.89606],[170.54064,-45.90067],[170.54046,-45.90411],[170.54114,-45.90424],[170.53879,-45.90769],[170.70833,-46.10902],[170.69161,-46.11119],[170.66522,-46.113],[170.626,-46.11262],[170.60022,-46.12079],[170.57646,-46.12644],[170.55741,-46.1299],[170.53745,-46.13248],[170.50598,-46.13451],[170.48212,-46.1411],[170.47752,-46.15634],[170.4716,-46.17222],[170.45482,-46.20973],[170.44632,-46.22528],[170.4394,-46.23569],[170.42811,-46.25],[170.4087,-46.27021],[170.3952,-46.28284],[170.37509,-46.29825],[170.34724,-46.31521],[170.31085,-46.34018],[170.28896,-46.35226],[170.27053,-46.36054],[170.25268,-46.36746],[170.22863,-46.38074],[170.20695,-46.39746],[170.17014,-46.42181],[170.15244,-46.43196],[169.78071,-46.39514],[169.75955,-46.39507],[169.75963,-46.38986],[169.72159,-46.38179],[169.71639,-46.38451],[169.708,-46.38746],[169.70005,-46.38523],[169.69399,-46.38125],[169.68998,-46.37666],[169.69223,-46.37311],[169.68992,-46.37226],[169.69627,-46.36859],[169.70166,-46.36785],[169.70495,-46.36456],[169.70353,-46.3622],[169.70388,-46.3613],[169.71575,-46.35684],[169.71482,-46.35471],[169.71683,-46.35259],[169.71621,-46.35201],[169.71992,-46.35067],[169.71956,-46.35002],[169.72076,-46.34908],[169.72661,-46.34894],[169.71239,-46.34511],[169.71036,-46.34252],[169.70528,-46.34088],[169.70231,-46.33871],[169.70113,-46.33655],[169.70167,-46.33501],[169.69745,-46.3334],[169.69617,-46.3311],[169.68537,-46.32834],[169.68134,-46.3246],[169.68205,-46.31688],[169.68117,-46.31617],[169.67899,-46.31691],[169.67392,-46.31449],[169.67258,-46.31687],[169.6702,-46.31692],[169.67024,-46.3155],[169.66492,-46.31881],[169.66382,-46.31863],[169.64775,-46.31525],[169.65116,-46.31026],[169.64388,-46.30874],[169.64067,-46.30932],[169.63754,-46.30882],[169.6337,-46.30351],[169.63067,-46.30076],[169.62809,-46.30023],[169.62557,-46.29748],[169.62528,-46.29515],[169.62048,-46.29235],[169.62015,-46.29093],[169.61749,-46.28938],[169.61637,-46.28725],[169.61727,-46.28507],[169.61602,-46.28207],[169.61411,-46.28097],[169.61874,-46.27492],[169.6187,-46.27172],[169.62107,-46.26945],[169.6234,-46.26884],[169.61708,-46.26348],[169.61779,-46.26193],[169.61368,-46.26139],[169.60622,-46.25845],[169.59643,-46.25947],[169.59354,-46.25865],[169.58911,-46.25434],[169.58822,-46.25074],[169.58178,-46.24451],[169.57969,-46.23863],[169.56724,-46.22829],[169.56267,-46.22698],[169.54892,-46.22783],[169.53577,-46.22548],[169.5286,-46.22291],[169.53367,-46.21135],[169.52591,-46.21117],[169.50585,-46.20732],[169.50134,-46.20061],[169.49222,-46.19868],[169.49247,-46.19404],[169.49495,-46.19258],[169.49499,-46.17195],[169.50277,-46.16806],[169.50375,-46.16457],[169.50009,-46.16126],[169.5017,-46.15727],[169.50269,-46.15589],[169.50883,-46.15246],[169.50915,-46.14946],[169.5085,-46.14818],[169.50951,-46.14625],[169.51751,-46.14435],[169.52034,-46.14171],[169.52049,-46.13911],[169.52368,-46.13891],[169.52521,-46.13727],[169.5157,-46.13033],[169.51355,-46.13126],[169.50896,-46.13561],[169.5026,-46.13564],[169.49957,-46.13402],[169.49711,-46.12913],[169.49611,-46.12849],[169.4875,-46.12924],[169.47853,-46.12702],[169.47277,-46.12366],[169.47069,-46.12399],[169.46577,-46.12678],[169.46295,-46.12663],[169.44718,-46.11912],[169.44022,-46.11222],[169.43502,-46.10948],[169.43453,-46.10841],[169.4354,-46.10621],[169.43327,-46.10408],[169.42528,-46.10272],[169.42024,-46.10013],[169.42001,-46.09911],[169.42351,-46.09714],[169.426,-46.09462],[169.42499,-46.09139],[169.42572,-46.08898],[169.42073,-46.08535],[169.41998,-46.08119],[169.41846,-46.07905],[169.4141,-46.07735],[169.41227,-46.07454],[169.41287,-46.07191],[169.41597,-46.06972],[169.42007,-46.06874],[169.41985,-46.06645],[169.41494,-46.06245],[169.39975,-46.0693],[169.39831,-46.06923],[169.3984,-46.06702],[169.40126,-46.06199],[169.402,-46.05672],[169.40336,-46.05358],[169.39795,-46.04942],[169.40081,-46.04499],[169.3987,-46.0431],[169.39624,-46.03878],[169.38906,-46.03667],[169.38525,-46.0332],[169.37409,-46.03109],[169.37183,-46.03194],[169.36604,-46.03196],[169.36308,-46.0354],[169.3555,-46.03729],[169.35049,-46.0396],[169.3494,-46.03682],[169.34672,-46.03584],[169.34334,-46.0313],[169.34089,-46.03076],[169.33912,-46.026],[169.33541,-46.02625],[169.3338,-46.02559],[169.33402,-46.02482],[169.33673,-46.02377],[169.33867,-46.02075],[169.33672,-46.01984],[169.33461,-46.01637],[169.33731,-46.01582],[169.33973,-46.01366],[169.33949,-46.01233],[169.33718,-46.01188],[169.33836,-46.01039],[169.33799,-46.00749],[169.34043,-46.00494],[169.3461,-46.00217],[169.34566,-46.00068],[169.34254,-46.00042],[169.34245,-45.99845],[169.35071,-45.99829],[169.34837,-45.9964],[169.34164,-45.99591],[169.34199,-45.99135],[169.33798,-45.98987],[169.33912,-45.98884],[169.33777,-45.98856],[169.33804,-45.98767],[169.33592,-45.98774],[169.33225,-45.98522],[169.33346,-45.98463],[169.33679,-45.98555],[169.33755,-45.98375],[169.34068,-45.98425],[169.3441,-45.98141],[169.35024,-45.9794],[169.35136,-45.97742],[169.35364,-45.97612],[169.35557,-45.97323],[169.35962,-45.96987],[169.35909,-45.96932],[169.36018,-45.96887],[169.36016,-45.96802],[169.36148,-45.96748],[169.36024,-45.96603],[169.36263,-45.96577],[169.36348,-45.96478],[169.36499,-45.95507],[169.36931,-45.95421],[169.37618,-45.94952],[169.37642,-45.9118],[169.3935,-45.88169],[169.41353,-45.86743],[169.41623,-45.86389],[169.42832,-45.86167],[169.42977,-45.85951],[169.4316,-45.85875],[169.43265,-45.85712],[169.42969,-45.85383],[169.43045,-45.85045],[169.43288,-45.84912],[169.43174,-45.84834],[169.42974,-45.84913],[169.42883,-45.8462],[169.4313,-45.84369],[169.42834,-45.84013],[169.43051,-45.83915],[169.43593,-45.84032],[169.43826,-45.83868],[169.4373,-45.8363],[169.43906,-45.83573],[169.43983,-45.83418],[169.44101,-45.83382],[169.44496,-45.83463],[169.44498,-45.83781],[169.44679,-45.83754],[169.44976,-45.83951],[169.45207,-45.83847],[169.45508,-45.84103],[169.45771,-45.84193],[169.45956,-45.84156],[169.46136,-45.8429],[169.46483,-45.84269],[169.47558,-45.83759],[169.47574,-45.79272],[169.4767,-45.79148],[169.47271,-45.79066],[169.46868,-45.78636],[169.47757,-45.7875],[169.47786,-45.78859],[169.48008,-45.79008],[169.47937,-45.79143],[169.48009,-45.79311],[169.48432,-45.79677],[169.50263,-45.79694],[169.50725,-45.79936],[169.51134,-45.80423],[169.51989,-45.80921],[169.52447,-45.81316],[169.53148,-45.81225],[169.53451,-45.8093],[169.53676,-45.81007],[169.53861,-45.80901],[169.54102,-45.80945],[169.54164,-45.80848],[169.54306,-45.80909],[169.54582,-45.8082],[169.54754,-45.80868],[169.54907,-45.80764],[169.54817,-45.80696],[169.54971,-45.80577],[169.55588,-45.80435],[169.55744,-45.80517],[169.55766,-45.803],[169.55935,-45.8038],[169.56439,-45.80294],[169.56928,-45.80146],[169.56994,-45.80022],[169.57288,-45.80028],[169.57644,-45.79864],[169.57479,-45.79682],[169.57774,-45.79681],[169.57785,-45.79535],[169.58118,-45.79428],[169.5865,-45.78927],[169.58636,-45.78666],[169.58748,-45.78422],[169.58991,-45.78407],[169.58674,-45.78106],[169.59112,-45.78012],[169.59109,-45.77912],[169.59389,-45.77842],[169.5933,-45.77756],[169.59504,-45.77526],[169.59962,-45.77713],[169.60314,-45.7744],[169.60536,-45.77478],[169.60931,-45.77365],[169.61314,-45.76995],[169.61537,-45.77112],[169.62086,-45.77216],[169.62005,-45.77094],[169.62164,-45.76861],[169.62326,-45.77012],[169.62413,-45.76998],[169.62411,-45.77086],[169.62579,-45.77205],[169.63304,-45.77089],[169.63433,-45.76941],[169.63662,-45.77036],[169.63901,-45.76994],[169.63964,-45.76893],[169.64278,-45.76935],[169.64419,-45.76714],[169.64656,-45.76586],[169.64607,-45.76473],[169.64802,-45.76401],[169.64729,-45.76346],[169.6471,-45.76042],[169.64852,-45.7587],[169.6468,-45.75827],[169.64872,-45.75707],[169.64786,-45.75626],[169.64909,-45.75522],[169.64945,-45.7526],[169.65067,-45.75203],[169.65099,-45.75023],[169.649,-45.74898],[169.6514,-45.7486],[169.65167,-45.74782],[169.6503,-45.7468],[169.65366,-45.74558],[169.65301,-45.74436],[169.65352,-45.74359],[169.65257,-45.74267],[169.65619,-45.73941],[169.65714,-45.73774],[169.65647,-45.73681],[169.65981,-45.73477],[169.66043,-45.73084],[169.66199,-45.72945],[169.66174,-45.72501],[169.66342,-45.72362],[169.66413,-45.72032],[169.66317,-45.71864],[169.66432,-45.71756],[169.66412,-45.71656],[169.66597,-45.71268],[169.66551,-45.70838],[169.66387,-45.70509],[169.66517,-45.70217],[169.66689,-45.70084],[169.66695,-45.69933],[169.67307,-45.69518],[169.67303,-45.69341],[169.67542,-45.69274],[169.67413,-45.69749],[169.68305,-45.70733],[169.68801,-45.70839],[169.69249,-45.70667],[169.69437,-45.71082],[169.71459,-45.70833],[169.71789,-45.71478],[169.73086,-45.71819],[169.73218,-45.72101],[169.7394,-45.71982],[169.74048,-45.71689],[169.73695,-45.71516],[169.73648,-45.71371],[169.737,-45.71157],[169.74154,-45.70809],[169.73974,-45.70386],[169.74105,-45.70217],[169.75098,-45.69894],[169.7504,-45.69724],[169.75201,-45.69672],[169.75187,-45.69489],[169.75411,-45.69341],[169.7538,-45.6906],[169.75735,-45.68869],[169.75651,-45.68764],[169.75695,-45.68488],[169.75831,-45.68351],[169.75728,-45.68167],[169.75723,-45.67945],[169.76097,-45.6764],[169.76146,-45.67438],[169.77169,-45.66944],[169.78087,-45.66801],[169.78194,-45.66626],[169.78218,-45.66243],[169.77817,-45.66065],[169.77898,-45.65899],[169.77802,-45.65584],[169.78009,-45.65319],[169.78706,-45.64988],[169.78868,-45.64583],[169.79567,-45.64224],[169.79638,-45.6376],[169.79398,-45.63668],[169.79533,-45.6352],[169.79376,-45.63279],[169.79796,-45.62972],[169.7991,-45.62788],[169.79913,-45.62477],[169.803,-45.62156],[169.80334,-45.61701],[169.80156,-45.616],[169.80166,-45.61381],[169.80422,-45.61102],[169.80294,-45.60905],[169.80169,-45.60344],[169.804,-45.60127],[169.80431,-45.59683],[169.80912,-45.5949],[169.80926,-45.58971],[169.81145,-45.58604],[169.81082,-45.58464],[169.81189,-45.58192],[169.81883,-45.57592],[169.81844,-45.57395],[169.81193,-45.57132],[169.81298,-45.56652],[169.81153,-45.56538],[169.81147,-45.56433],[169.8137,-45.56084],[169.82516,-45.55438],[169.83029,-45.55367],[169.84262,-45.54935],[169.84726,-45.54939],[169.85592,-45.54784],[169.86213,-45.54877],[169.8973,-45.53966],[169.90609,-45.54216],[169.91379,-45.52322],[169.9133,-45.51545],[169.91001,-45.51143],[169.90913,-45.50136],[169.90645,-45.49712],[169.91141,-45.49655],[169.91464,-45.49818],[169.92152,-45.4981],[169.93127,-45.49927],[169.93987,-45.49602],[169.95059,-45.49498],[169.96414,-45.48959],[169.97968,-45.48674],[169.98418,-45.48517],[169.98815,-45.47953],[169.99411,-45.47788],[169.99639,-45.47755],[169.99863,-45.48011],[170.00525,-45.48394],[170.00626,-45.48107],[170.0101,-45.48136],[170.01579,-45.48037],[170.02953,-45.47647],[170.03071,-45.47372],[170.05266,-45.45382],[170.06423,-45.44082],[170.0726,-45.42383],[170.08619,-45.40891],[170.10768,-45.39634],[170.12126,-45.38666],[170.12817,-45.38023],[170.12921,-45.36738],[170.12005,-45.35251],[170.13676,-45.34244],[170.14217,-45.33743],[170.1563,-45.32759],[170.15928,-45.32336],[170.16189,-45.31571],[170.16134,-45.31156],[170.16581,-45.30346],[170.17088,-45.29857],[170.17771,-45.28753],[170.18168,-45.2768],[170.18577,-45.2721],[170.18682,-45.26885],[170.18648,-45.26502],[170.19101,-45.26317],[170.21648,-45.25732],[170.21665,-45.23466],[170.21978,-45.23485],[170.22808,-45.23171],[170.23195,-45.23251],[170.23471,-45.23117],[170.23812,-45.2314],[170.23916,-45.23039],[170.24663,-45.23038],[170.25448,-45.22897],[170.25802,-45.23007]]]},"properties":{"name":"Taieri"}},{"type":"Feature","id":46,"geometry":{"type":"Polygon","coordinates":[[[174.92224,-36.96754],[174.92668,-36.96723],[174.93407,-36.96907],[174.93262,-36.9742],[174.93816,-36.97519],[174.93747,-36.97742],[174.93846,-36.97753],[174.9386,-36.97835],[174.94642,-36.97974],[174.94535,-36.98306],[174.94628,-36.98366],[174.94274,-36.98828],[174.9441,-36.98889],[174.94553,-36.98844],[174.95262,-36.99122],[174.95347,-36.99986],[174.94092,-36.99629],[174.94347,-37.00147],[174.93906,-37.0017],[174.93863,-36.99986],[174.93634,-37.00034],[174.9372,-36.99739],[174.93268,-36.99803],[174.93058,-37.0005],[174.92697,-36.99973],[174.92691,-36.999],[174.92429,-36.99896],[174.93483,-37.00737],[174.93544,-37.01069],[174.93806,-37.01377],[174.94344,-37.02472],[174.9264,-37.03025],[174.93531,-37.0482],[174.93199,-37.04923],[174.92742,-37.0462],[174.92736,-37.04707],[174.92538,-37.04754],[174.92662,-37.04833],[174.92403,-37.05053],[174.92124,-37.05093],[174.92001,-37.05274],[174.91289,-37.0562],[174.90764,-37.05641],[174.89235,-37.0595],[174.87369,-37.06044],[174.86889,-37.05951],[174.86327,-37.0571],[174.86998,-37.04863],[174.87623,-37.04322],[174.88321,-37.04396],[174.88319,-37.04273],[174.88775,-37.03936],[174.88961,-37.04163],[174.8912,-37.03947],[174.89232,-37.04004],[174.89297,-37.04188],[174.89689,-37.04055],[174.89466,-37.03631],[174.90584,-37.03282],[174.89892,-37.02345],[174.90947,-37.01977],[174.90415,-37.01088],[174.8971,-37.00579],[174.89158,-36.99874],[174.88456,-36.98565],[174.89258,-36.98306],[174.8951,-36.9832],[174.89639,-36.9858],[174.90095,-36.98454],[174.90666,-36.96458],[174.92224,-36.96754]]]},"properties":{"name":"Takanini"}},{"type":"Feature","id":47,"geometry":{"type":"Polygon","coordinates":[[[174.88189,-36.83348],[174.89003,-36.84611],[174.88909,-36.8484],[174.88971,-36.8597],[174.89104,-36.863],[174.89515,-36.86864],[174.89555,-36.87105],[174.89272,-36.87722],[174.87523,-36.88929],[174.8677,-36.89082],[174.86628,-36.88994],[174.8621,-36.8907],[174.85865,-36.88875],[174.85592,-36.88869],[174.85607,-36.88763],[174.85517,-36.8875],[174.85483,-36.8885],[174.85337,-36.88833],[174.85332,-36.88739],[174.85229,-36.88804],[174.84924,-36.88749],[174.84343,-36.8919],[174.84102,-36.89236],[174.83921,-36.89126],[174.8377,-36.89284],[174.83141,-36.88806],[174.82961,-36.88752],[174.82026,-36.88715],[174.81145,-36.88894],[174.80937,-36.88655],[174.80182,-36.88614],[174.81187,-36.88038],[174.8179,-36.87957],[174.81786,-36.87507],[174.81716,-36.87405],[174.8168,-36.87468],[174.81691,-36.87364],[174.81884,-36.87084],[174.8174,-36.86751],[174.81806,-36.86512],[174.81207,-36.86288],[174.81303,-36.86254],[174.81156,-36.86156],[174.80428,-36.85904],[174.7926,-36.8488],[174.79593,-36.83742],[174.80463,-36.83898],[174.82038,-36.83454],[174.88189,-36.83348]]]},"properties":{"name":"Tāmaki"}},{"type":"Feature","id":48,"geometry":{"type":"Polygon","coordinates":[[[175.00026,-37.6046],[175.00529,-37.61861],[175.0102,-37.61743],[175.01453,-37.62901],[175.019,-37.62657],[175.02141,-37.62417],[175.02261,-37.62556],[175.02303,-37.62707],[175.02238,-37.62831],[175.02367,-37.63113],[175.02254,-37.63493],[175.025,-37.63975],[175.02528,-37.64203],[175.02628,-37.64292],[175.02903,-37.64304],[175.03225,-37.64207],[175.03871,-37.64331],[175.04129,-37.64087],[175.04182,-37.63894],[175.04321,-37.63852],[175.04797,-37.64281],[175.05364,-37.64442],[175.05662,-37.6384],[175.05808,-37.63719],[175.06492,-37.64005],[175.07204,-37.63896],[175.07439,-37.63963],[175.07582,-37.64974],[175.11884,-37.64543],[175.11807,-37.64681],[175.12792,-37.64902],[175.13171,-37.64916],[175.13837,-37.64791],[175.14741,-37.64923],[175.14332,-37.65502],[175.14315,-37.65571],[175.14459,-37.65591],[175.14272,-37.65915],[175.14347,-37.66047],[175.14316,-37.66361],[175.1401,-37.66914],[175.14107,-37.66922],[175.13865,-37.67472],[175.14023,-37.67646],[175.1477,-37.67694],[175.15348,-37.67955],[175.15325,-37.68121],[175.15023,-37.68442],[175.14753,-37.68957],[175.14722,-37.6914],[175.1482,-37.69305],[175.16376,-37.68938],[175.16762,-37.68748],[175.17095,-37.68468],[175.17926,-37.69089],[175.18324,-37.68765],[175.18921,-37.69312],[175.20071,-37.69536],[175.21105,-37.69933],[175.2073,-37.70862],[175.20729,-37.71298],[175.20854,-37.71729],[175.20723,-37.72525],[175.20981,-37.73282],[175.20662,-37.73592],[175.20564,-37.74057],[175.2023,-37.74011],[175.19784,-37.7408],[175.19466,-37.74232],[175.18727,-37.74211],[175.1843,-37.74299],[175.19104,-37.74584],[175.19164,-37.74819],[175.19081,-37.75017],[175.19806,-37.75096],[175.19941,-37.75367],[175.20303,-37.75342],[175.20332,-37.75495],[175.20657,-37.75722],[175.20964,-37.76246],[175.2025,-37.76348],[175.20207,-37.76438],[175.20597,-37.76941],[175.20845,-37.76989],[175.21306,-37.7672],[175.21385,-37.76589],[175.21596,-37.76734],[175.21819,-37.76718],[175.21761,-37.77417],[175.21961,-37.77686],[175.21842,-37.77839],[175.21981,-37.78004],[175.21818,-37.78142],[175.21853,-37.78254],[175.22144,-37.78304],[175.22113,-37.78518],[175.22362,-37.78466],[175.22606,-37.78668],[175.22949,-37.78716],[175.22813,-37.79672],[175.23305,-37.79731],[175.23161,-37.80325],[175.22828,-37.80705],[175.21968,-37.81139],[175.21825,-37.81436],[175.21133,-37.81441],[175.21183,-37.8324],[175.22564,-37.83223],[175.22732,-37.82462],[175.22926,-37.8246],[175.23138,-37.82141],[175.23247,-37.82186],[175.23337,-37.81929],[175.22681,-37.81753],[175.23066,-37.81527],[175.24033,-37.80658],[175.24088,-37.80698],[175.24381,-37.80438],[175.24564,-37.80482],[175.24603,-37.80422],[175.26589,-37.80897],[175.26616,-37.81555],[175.26807,-37.82196],[175.27118,-37.82032],[175.27238,-37.82219],[175.2713,-37.82304],[175.27189,-37.82433],[175.27955,-37.82396],[175.28473,-37.82641],[175.28301,-37.82895],[175.28968,-37.83179],[175.29082,-37.8309],[175.29234,-37.83176],[175.2945,-37.82841],[175.29684,-37.82781],[175.2977,-37.83188],[175.30553,-37.84081],[175.30684,-37.84604],[175.30806,-37.84589],[175.30897,-37.84196],[175.31451,-37.83608],[175.31996,-37.83354],[175.32363,-37.83035],[175.32599,-37.82702],[175.32678,-37.82736],[175.32626,-37.82853],[175.3268,-37.82977],[175.3329,-37.83428],[175.34752,-37.83992],[175.34821,-37.84431],[175.34979,-37.84642],[175.35013,-37.84852],[175.34932,-37.85465],[175.34741,-37.85806],[175.34761,-37.86009],[175.35039,-37.86246],[175.35184,-37.86535],[175.354,-37.86689],[175.35693,-37.87069],[175.36288,-37.87308],[175.37359,-37.87132],[175.37682,-37.86984],[175.38165,-37.8704],[175.38774,-37.8739],[175.39215,-37.87508],[175.39484,-37.87778],[175.39749,-37.88328],[175.40697,-37.8858],[175.40709,-37.88688],[175.40823,-37.88733],[175.40763,-37.88743],[175.40831,-37.88762],[175.40785,-37.88933],[175.40837,-37.88944],[175.40408,-37.89094],[175.40371,-37.89214],[175.40153,-37.89281],[175.40217,-37.89358],[175.40153,-37.89565],[175.40251,-37.89642],[175.4027,-37.89834],[175.40515,-37.89996],[175.40382,-37.90101],[175.40234,-37.90722],[175.40072,-37.90885],[175.39972,-37.91202],[175.39957,-37.91725],[175.39345,-37.91452],[175.38494,-37.93918],[175.37716,-37.95831],[175.40377,-37.96704],[175.40065,-37.97711],[175.41225,-37.98367],[175.40882,-37.98605],[175.42199,-37.99554],[175.4226,-37.99386],[175.42413,-37.99264],[175.43522,-37.99902],[175.42862,-38.00514],[175.43835,-38.01624],[175.44405,-38.01118],[175.44404,-38.01029],[175.44837,-38.00759],[175.46475,-38.01945],[175.46775,-38.01937],[175.47002,-38.02073],[175.47313,-38.02122],[175.47472,-38.02041],[175.47841,-38.02264],[175.48268,-38.02168],[175.48488,-38.01729],[175.48959,-38.01882],[175.48892,-38.0201],[175.4911,-38.02081],[175.48699,-38.0239],[175.48429,-38.02856],[175.51694,-38.0405],[175.52645,-38.04326],[175.53224,-38.03083],[175.53883,-38.03132],[175.55107,-37.9993],[175.55259,-37.99866],[175.55453,-37.99989],[175.55385,-38.00164],[175.55753,-38.00228],[175.55823,-38.00106],[175.55765,-37.99954],[175.55886,-37.99858],[175.55904,-38.00035],[175.56038,-38.0006],[175.56071,-38.00169],[175.56652,-38.00135],[175.57037,-38.0277],[175.58971,-38.02594],[175.59178,-38.03999],[175.59468,-38.0379],[175.59701,-38.03493],[175.60042,-38.0333],[175.60004,-38.03458],[175.60583,-38.03873],[175.60359,-38.04023],[175.60516,-38.04239],[175.60381,-38.04342],[175.61198,-38.05152],[175.61645,-38.05496],[175.62496,-38.04852],[175.63426,-38.05647],[175.6335,-38.06095],[175.63205,-38.06279],[175.63466,-38.06313],[175.63595,-38.06239],[175.63806,-38.06329],[175.63817,-38.06567],[175.63927,-38.06596],[175.63987,-38.06778],[175.64016,-38.07319],[175.63625,-38.08079],[175.63703,-38.0843],[175.63427,-38.09064],[175.63599,-38.09292],[175.63485,-38.10022],[175.62933,-38.1106],[175.62703,-38.11254],[175.62261,-38.11297],[175.62218,-38.11383],[175.62526,-38.11832],[175.62576,-38.12348],[175.63045,-38.12504],[175.6317,-38.12641],[175.63283,-38.1299],[175.63166,-38.13386],[175.63506,-38.14109],[175.64129,-38.14339],[175.64068,-38.14747],[175.64422,-38.15093],[175.64656,-38.15576],[175.65263,-38.15773],[175.6525,-38.15885],[175.64986,-38.16029],[175.64953,-38.16148],[175.65125,-38.16221],[175.659,-38.162],[175.66478,-38.16448],[175.6652,-38.16575],[175.66273,-38.16726],[175.66283,-38.16874],[175.66564,-38.1713],[175.66819,-38.17],[175.66954,-38.17018],[175.6701,-38.17342],[175.67312,-38.1769],[175.67531,-38.18546],[175.67361,-38.18763],[175.67363,-38.19028],[175.67245,-38.19272],[175.6734,-38.19894],[175.67286,-38.20398],[175.67745,-38.21289],[175.67675,-38.21586],[175.67786,-38.2189],[175.67529,-38.22363],[175.67648,-38.22553],[175.68056,-38.2284],[175.67731,-38.23071],[175.67774,-38.24216],[175.67948,-38.24783],[175.68086,-38.2499],[175.67766,-38.25748],[175.67993,-38.2607],[175.68006,-38.26644],[175.67943,-38.26763],[175.68076,-38.26987],[175.68118,-38.27573],[175.68558,-38.28099],[175.68555,-38.2872],[175.68086,-38.29312],[175.68196,-38.2996],[175.68334,-38.30123],[175.68082,-38.30112],[175.67756,-38.30334],[175.6744,-38.3035],[175.67505,-38.30605],[175.67259,-38.30812],[175.6707,-38.30851],[175.66902,-38.30746],[175.66799,-38.31049],[175.66559,-38.31019],[175.66031,-38.31947],[175.66109,-38.32135],[175.66534,-38.32258],[175.66753,-38.3248],[175.67605,-38.3279],[175.67759,-38.3277],[175.67883,-38.33104],[175.68526,-38.33295],[175.68892,-38.3325],[175.68912,-38.33685],[175.68653,-38.33834],[175.68687,-38.3418],[175.68842,-38.34368],[175.69084,-38.34439],[175.69289,-38.34739],[175.69043,-38.34992],[175.69048,-38.35118],[175.68939,-38.35226],[175.69132,-38.35418],[175.69011,-38.35612],[175.68965,-38.36201],[175.69231,-38.36406],[175.69321,-38.36387],[175.69387,-38.36558],[175.69677,-38.36599],[175.69603,-38.36673],[175.6964,-38.36821],[175.69777,-38.36867],[175.69484,-38.37194],[175.69556,-38.37418],[175.69892,-38.37864],[175.69567,-38.38146],[175.68832,-38.382],[175.68678,-38.38495],[175.68497,-38.38452],[175.68362,-38.38566],[175.68096,-38.38858],[175.68066,-38.39188],[175.67939,-38.39438],[175.6794,-38.39721],[175.67716,-38.39785],[175.67524,-38.39963],[175.67374,-38.40154],[175.67358,-38.40383],[175.67234,-38.40495],[175.66977,-38.40669],[175.66782,-38.40661],[175.66635,-38.40802],[175.6593,-38.40773],[175.65315,-38.40937],[175.649,-38.41353],[175.64918,-38.4182],[175.64753,-38.4221],[175.64068,-38.42654],[175.63643,-38.42774],[175.63102,-38.42688],[175.62912,-38.42845],[175.62319,-38.43094],[175.62244,-38.43165],[175.62238,-38.43368],[175.61857,-38.43742],[175.61697,-38.44126],[175.61107,-38.44207],[175.61204,-38.44264],[175.61035,-38.44542],[175.61142,-38.44779],[175.61275,-38.44897],[175.61543,-38.44866],[175.61451,-38.45079],[175.61227,-38.45227],[175.60586,-38.46158],[175.60769,-38.46967],[175.62615,-38.54091],[175.62537,-38.54515],[175.62878,-38.55117],[175.63694,-38.55246],[175.63699,-38.55526],[175.63555,-38.55778],[175.6368,-38.56449],[175.63375,-38.56609],[175.63488,-38.56986],[175.63386,-38.57294],[175.63443,-38.57543],[175.63268,-38.57947],[175.63256,-38.59149],[175.62886,-38.59541],[175.62853,-38.60071],[175.62169,-38.60673],[175.61909,-38.61195],[175.61466,-38.61814],[175.60034,-38.63412],[175.59233,-38.63742],[175.59001,-38.64025],[175.58592,-38.64167],[175.58226,-38.646],[175.57829,-38.64706],[175.57593,-38.64985],[175.57929,-38.65265],[175.57775,-38.65592],[175.57856,-38.65991],[175.57672,-38.663],[175.57871,-38.66547],[175.57742,-38.67002],[175.57536,-38.67243],[175.57582,-38.6745],[175.57722,-38.67431],[175.57844,-38.67536],[175.57862,-38.67669],[175.58074,-38.67758],[175.57958,-38.68181],[175.57465,-38.68716],[175.57312,-38.69039],[175.56811,-38.69448],[175.56496,-38.69542],[175.56355,-38.69768],[175.56311,-38.70117],[175.55791,-38.70718],[175.55808,-38.70904],[175.5555,-38.7112],[175.55242,-38.7162],[175.54851,-38.71866],[175.53447,-38.73473],[175.5323,-38.73958],[175.52936,-38.7436],[175.52359,-38.74595],[175.52339,-38.75009],[175.51987,-38.74995],[175.51845,-38.75111],[175.51858,-38.75543],[175.51967,-38.75859],[175.52644,-38.76276],[175.52737,-38.76475],[175.52776,-38.77006],[175.53059,-38.77494],[175.5354,-38.77654],[175.53909,-38.78267],[175.53513,-38.7855],[175.51217,-38.79238],[175.4964,-38.8026],[175.49661,-38.80423],[175.47941,-38.80954],[175.4787,-38.81057],[175.47443,-38.81225],[175.47041,-38.81267],[175.47016,-38.7872],[175.44336,-38.78736],[175.44411,-38.78403],[175.38906,-38.77273],[175.36571,-38.82946],[175.36357,-38.82853],[175.35744,-38.8296],[175.35668,-38.828],[175.35333,-38.8275],[175.34715,-38.831],[175.34521,-38.83054],[175.34126,-38.83209],[175.33941,-38.82874],[175.33783,-38.82792],[175.33288,-38.82803],[175.33124,-38.82612],[175.33159,-38.82435],[175.32836,-38.82357],[175.32602,-38.82402],[175.32547,-38.8228],[175.32375,-38.82236],[175.32263,-38.82329],[175.32088,-38.82145],[175.31969,-38.81851],[175.31704,-38.81827],[175.31517,-38.81674],[175.31411,-38.8172],[175.31534,-38.81858],[175.31267,-38.81839],[175.31097,-38.82013],[175.30975,-38.81876],[175.30506,-38.81829],[175.30456,-38.82061],[175.30297,-38.82115],[175.30293,-38.82194],[175.30414,-38.82139],[175.30448,-38.82231],[175.30576,-38.82221],[175.30639,-38.82309],[175.30952,-38.82231],[175.31306,-38.82376],[175.31376,-38.82336],[175.31388,-38.82409],[175.31583,-38.82422],[175.31727,-38.82618],[175.31979,-38.82665],[175.32346,-38.82951],[175.32484,-38.83269],[175.32927,-38.8326],[175.33413,-38.83445],[175.33631,-38.8374],[175.33703,-38.84127],[175.33826,-38.84227],[175.3438,-38.84261],[175.34393,-38.84947],[175.35586,-38.85177],[175.35849,-38.85415],[175.35921,-38.85658],[175.36096,-38.8578],[175.3649,-38.8586],[175.36899,-38.86579],[175.37179,-38.8667],[175.37523,-38.86583],[175.37473,-38.87346],[175.37669,-38.8832],[175.38653,-38.88318],[175.38456,-38.88655],[175.37924,-38.88865],[175.37803,-38.89065],[175.37886,-38.89142],[175.37844,-38.89203],[175.38394,-38.89307],[175.38121,-38.89593],[175.37628,-38.89759],[175.37296,-38.90103],[175.36994,-38.90261],[175.37384,-38.90556],[175.37567,-38.90575],[175.37729,-38.90838],[175.37686,-38.91199],[175.38277,-38.91873],[175.38189,-38.92113],[175.38177,-38.92563],[175.38279,-38.92792],[175.37783,-38.92619],[175.37266,-38.92648],[175.3696,-38.93054],[175.3638,-38.9326],[175.36105,-38.9359],[175.35888,-38.93616],[175.35539,-38.93492],[175.35225,-38.93483],[175.34783,-38.93258],[175.34772,-38.93133],[175.35106,-38.92835],[175.35156,-38.92681],[175.34892,-38.92598],[175.34642,-38.92364],[175.34415,-38.92284],[175.34045,-38.91895],[175.34022,-38.91725],[175.34137,-38.91631],[175.34303,-38.9166],[175.34457,-38.91798],[175.34719,-38.9174],[175.34503,-38.91589],[175.34293,-38.91086],[175.34351,-38.9073],[175.34243,-38.90121],[175.33621,-38.89648],[175.33399,-38.89749],[175.33372,-38.89884],[175.33488,-38.90095],[175.33185,-38.90597],[175.33101,-38.90951],[175.32363,-38.90572],[175.32284,-38.90671],[175.3236,-38.90721],[175.32322,-38.90819],[175.3213,-38.90926],[175.32104,-38.9112],[175.31845,-38.90996],[175.3159,-38.91076],[175.31464,-38.90981],[175.31255,-38.91045],[175.3105,-38.9073],[175.30878,-38.90717],[175.30785,-38.90859],[175.30584,-38.90946],[175.30289,-38.90902],[175.30203,-38.91094],[175.29689,-38.91166],[175.29561,-38.91076],[175.29348,-38.9121],[175.2928,-38.91044],[175.29104,-38.90919],[175.28861,-38.90941],[175.28849,-38.91023],[175.28616,-38.91004],[175.27993,-38.91145],[175.27765,-38.91127],[175.2687,-38.90793],[175.25711,-38.90987],[175.25329,-38.90942],[175.25173,-38.91097],[175.24859,-38.91109],[175.24496,-38.90878],[175.24176,-38.91536],[175.24311,-38.91759],[175.24714,-38.92125],[175.24727,-38.92274],[175.24646,-38.92381],[175.24431,-38.92446],[175.24009,-38.92394],[175.23637,-38.91917],[175.2333,-38.91744],[175.22943,-38.91801],[175.22726,-38.92012],[175.23019,-38.92092],[175.23172,-38.92307],[175.23602,-38.92464],[175.23638,-38.93176],[175.24195,-38.94078],[175.24194,-38.94371],[175.23604,-38.9491],[175.2269,-38.9484],[175.21988,-38.95266],[175.21863,-38.95225],[175.21839,-38.95097],[175.21934,-38.94692],[175.21718,-38.94529],[175.21454,-38.94094],[175.20991,-38.9373],[175.206,-38.93567],[175.20355,-38.93594],[175.20196,-38.9372],[175.20406,-38.944],[175.20224,-38.94547],[175.19769,-38.94596],[175.18688,-38.94158],[175.18173,-38.94125],[175.17764,-38.94231],[175.17044,-38.94623],[175.16614,-38.9472],[175.15998,-38.9445],[175.15446,-38.94338],[175.15109,-38.93873],[175.14897,-38.93929],[175.14547,-38.94301],[175.14169,-38.93955],[175.13011,-38.93478],[175.12484,-38.93111],[175.12044,-38.93071],[175.1175,-38.93197],[175.11738,-38.93405],[175.12366,-38.93993],[175.12567,-38.9465],[175.12712,-38.9482],[175.13028,-38.94927],[175.13716,-38.94873],[175.14554,-38.94997],[175.1486,-38.95124],[175.15,-38.95314],[175.14715,-38.95588],[175.14121,-38.95671],[175.13864,-38.95782],[175.13247,-38.96318],[175.12926,-38.96792],[175.12882,-38.97136],[175.13169,-38.97985],[175.13189,-38.9828],[175.1304,-38.98426],[175.12318,-38.98545],[175.1206,-38.98696],[175.11953,-38.98863],[175.12133,-38.99752],[175.12317,-39.00122],[175.12326,-39.00394],[175.12186,-39.00678],[175.11953,-39.00829],[175.11572,-39.00747],[175.11419,-39.00175],[175.11185,-39.00025],[175.10307,-39.0034],[175.09786,-39.00409],[175.09674,-39.00635],[175.09754,-39.00863],[175.10416,-39.01174],[175.10604,-39.01356],[175.1064,-39.01662],[175.10489,-39.01891],[175.10254,-39.01997],[175.09583,-39.02064],[175.09116,-39.01904],[175.08913,-39.01943],[175.08849,-39.02256],[175.09207,-39.02714],[175.09124,-39.02871],[175.08915,-39.02984],[175.08473,-39.02985],[175.07628,-39.026],[175.07191,-39.02696],[175.0681,-39.03102],[175.06037,-39.05076],[175.057,-39.05231],[175.04236,-39.05466],[175.03925,-39.05586],[175.0381,-39.05737],[175.03845,-39.05949],[175.04599,-39.06655],[175.04731,-39.07036],[175.04658,-39.07288],[175.04256,-39.07636],[175.04217,-39.07841],[175.04302,-39.08336],[175.04765,-39.0873],[175.0587,-39.09423],[175.06594,-39.10053],[175.06912,-39.10475],[175.06934,-39.10786],[175.06371,-39.11113],[175.05754,-39.11219],[175.05266,-39.11051],[175.04667,-39.10654],[175.0297,-39.10184],[175.02468,-39.10229],[175.02212,-39.10479],[175.01952,-39.10905],[175.01029,-39.1165],[175.0059,-39.11564],[175.00041,-39.11037],[174.99674,-39.11146],[174.99666,-39.11318],[174.99978,-39.11576],[175.00146,-39.11944],[175.00458,-39.12332],[175.00342,-39.12695],[175.0001,-39.12879],[174.99611,-39.12802],[174.99404,-39.12546],[174.99258,-39.1138],[174.99164,-39.11322],[174.98982,-39.11396],[174.98766,-39.11358],[174.98563,-39.11189],[174.98294,-39.11215],[174.98155,-39.11488],[174.9818,-39.11703],[174.99149,-39.12533],[174.99161,-39.12686],[174.98928,-39.1301],[174.98903,-39.13239],[174.99039,-39.1346],[174.99404,-39.13766],[174.99274,-39.1391],[174.98988,-39.14016],[174.98004,-39.13866],[174.97794,-39.13963],[174.97825,-39.14183],[174.9831,-39.14667],[174.98444,-39.14912],[174.98477,-39.15206],[174.98353,-39.1554],[174.98073,-39.15725],[174.97379,-39.15858],[174.96336,-39.16263],[174.95333,-39.16211],[174.94995,-39.16324],[174.94948,-39.16461],[174.95031,-39.16598],[174.95773,-39.16869],[174.95883,-39.16974],[174.95884,-39.17096],[174.95323,-39.17297],[174.94571,-39.17409],[174.94093,-39.1778],[174.94151,-39.18051],[174.94451,-39.18126],[174.94949,-39.18111],[174.95046,-39.18204],[174.95036,-39.18369],[174.94167,-39.19342],[174.93426,-39.19905],[174.93111,-39.20591],[174.9272,-39.21137],[174.92285,-39.21974],[174.9149,-39.22516],[174.91436,-39.22745],[174.91541,-39.23207],[174.91422,-39.23386],[174.91024,-39.23402],[174.89898,-39.22724],[174.89594,-39.22672],[174.89295,-39.22901],[174.89472,-39.23267],[174.89283,-39.23764],[174.89067,-39.24048],[174.88846,-39.24118],[174.87951,-39.23797],[174.88042,-39.23669],[174.87311,-39.23681],[174.86897,-39.23352],[174.8682,-39.23179],[174.86144,-39.2305],[174.85958,-39.23205],[174.8595,-39.23316],[174.86185,-39.2357],[174.86092,-39.23845],[174.86151,-39.23998],[174.86442,-39.24278],[174.86295,-39.2435],[174.86265,-39.24454],[174.86497,-39.24693],[174.8643,-39.25054],[174.86204,-39.25548],[174.85705,-39.25912],[174.85564,-39.26138],[174.85182,-39.26177],[174.84707,-39.25985],[174.84631,-39.26308],[174.84518,-39.2643],[174.84597,-39.26628],[174.84548,-39.27045],[174.84073,-39.27641],[174.84092,-39.27846],[174.83797,-39.28781],[174.832,-39.29257],[174.83091,-39.29616],[174.82652,-39.29949],[174.82321,-39.29968],[174.82019,-39.3017],[174.81856,-39.30449],[174.8188,-39.30737],[174.81794,-39.31002],[174.81283,-39.31363],[174.81477,-39.31421],[174.81531,-39.31814],[174.81828,-39.32153],[174.82041,-39.32276],[174.81977,-39.32602],[174.82234,-39.32824],[174.8226,-39.32977],[174.8207,-39.33114],[174.82214,-39.33206],[174.82282,-39.33397],[174.82707,-39.33249],[174.83326,-39.33579],[174.83844,-39.33695],[174.84246,-39.33588],[174.85012,-39.33675],[174.85435,-39.33989],[174.8539,-39.34132],[174.85885,-39.34088],[174.86094,-39.34231],[174.86143,-39.34368],[174.86426,-39.34341],[174.87074,-39.3468],[174.87212,-39.34905],[174.87195,-39.35179],[174.87692,-39.35367],[174.87694,-39.35679],[174.88043,-39.35332],[174.88327,-39.3528],[174.88713,-39.35356],[174.88828,-39.35618],[174.89158,-39.35806],[174.88923,-39.36405],[174.8882,-39.36477],[174.88846,-39.36621],[174.89043,-39.36856],[174.88892,-39.37142],[174.88923,-39.37374],[174.88473,-39.3775],[174.88194,-39.37837],[174.8848,-39.3818],[174.88277,-39.38607],[174.88063,-39.38734],[174.87943,-39.39021],[174.87662,-39.3917],[174.87296,-39.38874],[174.87021,-39.39051],[174.86654,-39.38878],[174.86588,-39.38909],[174.86691,-39.39216],[174.86991,-39.39545],[174.87126,-39.39852],[174.87131,-39.40102],[174.87655,-39.40314],[174.87698,-39.40413],[174.67801,-39.40494],[174.67842,-39.40224],[174.68066,-39.4015],[174.68529,-39.3937],[174.68404,-39.39009],[174.68181,-39.38931],[174.67985,-39.38274],[174.68199,-39.38023],[174.68174,-39.37835],[174.67937,-39.37668],[174.67848,-39.37435],[174.67436,-39.37493],[174.66668,-39.37336],[174.66327,-39.37435],[174.62752,-39.37516],[174.61919,-39.37428],[174.59528,-39.37467],[174.57867,-39.37351],[174.57993,-39.37109],[174.57926,-39.37022],[174.57955,-39.36525],[174.5773,-39.36336],[174.5736,-39.36255],[174.57238,-39.36313],[174.57239,-39.36459],[174.57148,-39.36524],[174.56672,-39.36608],[174.56166,-39.36535],[174.5585,-39.36302],[174.55757,-39.36143],[174.55404,-39.35998],[174.55328,-39.36125],[174.55035,-39.36161],[174.54915,-39.36425],[174.54431,-39.36692],[174.54204,-39.37085],[174.5396,-39.37085],[174.53727,-39.37194],[174.53609,-39.37381],[174.534,-39.37396],[174.53238,-39.37686],[174.52966,-39.37554],[174.52828,-39.37578],[174.52683,-39.37638],[174.52463,-39.37909],[174.52343,-39.37836],[174.52286,-39.37885],[174.52228,-39.38037],[174.51965,-39.38237],[174.51824,-39.38536],[174.51616,-39.38598],[174.51759,-39.38898],[174.51736,-39.39165],[174.51605,-39.39235],[174.51603,-39.39335],[174.51063,-39.39457],[174.51006,-39.39631],[174.50806,-39.39752],[174.51229,-39.40014],[174.51175,-39.40464],[174.50782,-39.40405],[174.50458,-39.40484],[174.4956,-39.40454],[174.49145,-39.40577],[174.48899,-39.40594],[174.48774,-39.40516],[174.48044,-39.4067],[174.47957,-39.4065],[174.47907,-39.40517],[174.47538,-39.40545],[174.47481,-39.40236],[174.47322,-39.39952],[174.47084,-39.39915],[174.46934,-39.39958],[174.46928,-39.4008],[174.47228,-39.40286],[174.47197,-39.40387],[174.47324,-39.40555],[174.47313,-39.40677],[174.47128,-39.40673],[174.46981,-39.40565],[174.46597,-39.40632],[174.46283,-39.40478],[174.45798,-39.40551],[174.4589,-39.40319],[174.45746,-39.40082],[174.45879,-39.39858],[174.45313,-39.39711],[174.45608,-39.39385],[174.45409,-39.39083],[174.4583,-39.39055],[174.46033,-39.38825],[174.46161,-39.38806],[174.45904,-39.3861],[174.45655,-39.38719],[174.45614,-39.3846],[174.45904,-39.38456],[174.45885,-39.38314],[174.45183,-39.37937],[174.45338,-39.38582],[174.45115,-39.38691],[174.45007,-39.38493],[174.4512,-39.38316],[174.44847,-39.38189],[174.44822,-39.38051],[174.44554,-39.37864],[174.44438,-39.37929],[174.44511,-39.38096],[174.44407,-39.38212],[174.44667,-39.3822],[174.44608,-39.38418],[174.44375,-39.38498],[174.44303,-39.38385],[174.44099,-39.38487],[174.44211,-39.38662],[174.44104,-39.38729],[174.4397,-39.38561],[174.43515,-39.38645],[174.43484,-39.38455],[174.43596,-39.38212],[174.43189,-39.38328],[174.43097,-39.38255],[174.43312,-39.38026],[174.43469,-39.38006],[174.43619,-39.38098],[174.43772,-39.38017],[174.43622,-39.37504],[174.43654,-39.37319],[174.4397,-39.37287],[174.44058,-39.37128],[174.4369,-39.37084],[174.43298,-39.3737],[174.42984,-39.37191],[174.4287,-39.37293],[174.42482,-39.37257],[174.42391,-39.37189],[174.42482,-39.36907],[174.42005,-39.37042],[174.41731,-39.36651],[174.41209,-39.36914],[174.41166,-39.36747],[174.40897,-39.3663],[174.41348,-39.36611],[174.41342,-39.36449],[174.42054,-39.36141],[174.41803,-39.35964],[174.41829,-39.35804],[174.41581,-39.35547],[174.41584,-39.35167],[174.4139,-39.35315],[174.41151,-39.35028],[174.40746,-39.34989],[174.40651,-39.35042],[174.40597,-39.35268],[174.40489,-39.35295],[174.40022,-39.34962],[174.39772,-39.34975],[174.39494,-39.34842],[174.39405,-39.349],[174.39494,-39.35077],[174.39266,-39.35074],[174.39045,-39.35224],[174.39072,-39.34791],[174.38996,-39.34675],[174.39132,-39.34508],[174.3848,-39.34484],[174.37998,-39.34155],[174.37677,-39.34506],[174.3777,-39.34556],[174.38022,-39.34505],[174.37879,-39.34806],[174.38259,-39.35097],[174.37705,-39.35103],[174.37615,-39.35478],[174.3744,-39.35615],[174.37627,-39.35732],[174.37648,-39.3583],[174.37421,-39.35749],[174.37216,-39.35274],[174.37151,-39.35261],[174.36871,-39.35423],[174.36856,-39.35644],[174.36749,-39.35635],[174.36673,-39.35473],[174.36567,-39.355],[174.36389,-39.35697],[174.36256,-39.36083],[174.36044,-39.35947],[174.35885,-39.36051],[174.35925,-39.36303],[174.35858,-39.3632],[174.3567,-39.36007],[174.35679,-39.35758],[174.3582,-39.3563],[174.35559,-39.35475],[174.35515,-39.3501],[174.3527,-39.34528],[174.35242,-39.3431],[174.3509,-39.34212],[174.34927,-39.34243],[174.34923,-39.33995],[174.35025,-39.33883],[174.34476,-39.33941],[174.34484,-39.3263],[174.32067,-39.32631],[174.32066,-39.31514],[174.30861,-39.31515],[174.30861,-39.31111],[174.30515,-39.31336],[174.29351,-39.31048],[174.29351,-39.30913],[174.2898,-39.30913],[174.28842,-39.3066],[174.28917,-39.30473],[174.28637,-39.30263],[174.27036,-39.30361],[174.27578,-39.31713],[174.27339,-39.31747],[174.25397,-39.31498],[174.24788,-39.31502],[174.22893,-39.32315],[174.23157,-39.33063],[174.23207,-39.33448],[174.22516,-39.33198],[174.22489,-39.33119],[174.22158,-39.33019],[174.22121,-39.32943],[174.21874,-39.32921],[174.2186,-39.32817],[174.21789,-39.32872],[174.21624,-39.32832],[174.21625,-39.33079],[174.20854,-39.33002],[174.19792,-39.33232],[174.1771,-39.33261],[174.17717,-39.32199],[174.17547,-39.32237],[174.17068,-39.32139],[174.16589,-39.32291],[174.1585,-39.32192],[174.13913,-39.31543],[174.13395,-39.31523],[174.12698,-39.31063],[174.12256,-39.30918],[174.11719,-39.30865],[174.11494,-39.30747],[174.11501,-39.30637],[174.10958,-39.30553],[174.10875,-39.30628],[174.10826,-39.30549],[174.1076,-39.30654],[174.10728,-39.3054],[174.10645,-39.30651],[174.1063,-39.30568],[174.10516,-39.30628],[174.06378,-39.29604],[174.07698,-39.27258],[174.07942,-39.27172],[174.08486,-39.26603],[174.08507,-39.26424],[174.08748,-39.2629],[174.08734,-39.26112],[174.08879,-39.25929],[174.09339,-39.25698],[174.09663,-39.25372],[174.09589,-39.25145],[174.09702,-39.24799],[174.10173,-39.24418],[174.10435,-39.24068],[174.10134,-39.23741],[174.10101,-39.23468],[174.10512,-39.23075],[174.10807,-39.22475],[174.11086,-39.22317],[174.11149,-39.22125],[174.11338,-39.21942],[174.11346,-39.21783],[174.11513,-39.21655],[174.1159,-39.21414],[174.11957,-39.21298],[174.12009,-39.21178],[174.12188,-39.21197],[174.12386,-39.20997],[174.12482,-39.20556],[174.12759,-39.20306],[174.12819,-39.19928],[174.13236,-39.19466],[174.13387,-39.19185],[174.13476,-39.18724],[174.13629,-39.187],[174.13643,-39.18554],[174.13815,-39.18531],[174.13844,-39.18421],[174.14293,-39.18216],[174.14366,-39.1792],[174.14276,-39.1787],[174.14587,-39.17928],[174.14505,-39.17789],[174.15386,-39.17784],[174.1538,-39.17318],[174.1555,-39.16944],[174.15637,-39.16192],[174.15789,-39.15787],[174.15933,-39.15725],[174.16045,-39.15127],[174.1745,-39.15126],[174.17521,-39.15082],[174.17498,-39.14952],[174.17743,-39.14781],[174.17813,-39.14586],[174.18009,-39.14508],[174.18038,-39.14364],[174.18383,-39.14173],[174.18161,-39.14128],[174.1832,-39.13642],[174.19639,-39.13902],[174.19966,-39.13538],[174.19704,-39.12747],[174.19883,-39.12188],[174.19758,-39.12071],[174.19767,-39.119],[174.19965,-39.11616],[174.19921,-39.11175],[174.19985,-39.11075],[174.20261,-39.10986],[174.20052,-39.10544],[174.20625,-39.10383],[174.20619,-39.10137],[174.19958,-39.10333],[174.19301,-39.09006],[174.20502,-39.08715],[174.20615,-39.08584],[174.21128,-39.08522],[174.21157,-39.08624],[174.21621,-39.08548],[174.22036,-39.08916],[174.22316,-39.08958],[174.22487,-39.08698],[174.22158,-39.0863],[174.22049,-39.08509],[174.22036,-39.08249],[174.21911,-39.07985],[174.22038,-39.07813],[174.21998,-39.07752],[174.22673,-39.07434],[174.23031,-39.07106],[174.2305,-39.06907],[174.23267,-39.06665],[174.23469,-39.06728],[174.2384,-39.06564],[174.24116,-39.06309],[174.24094,-39.05874],[174.24395,-39.05765],[174.24895,-39.05359],[174.2466,-39.05183],[174.24933,-39.04961],[174.2494,-39.04851],[174.25115,-39.04755],[174.2549,-39.04738],[174.25578,-39.04479],[174.25911,-39.04245],[174.25513,-39.04057],[174.25168,-39.0362],[174.25443,-39.03104],[174.25208,-39.02244],[174.24458,-39.01637],[174.24228,-39.0122],[174.24223,-39.01029],[174.24336,-39.00999],[174.243,-39.007],[174.25051,-39.00111],[174.25429,-39.00582],[174.25924,-39.0034],[174.25505,-38.9982],[174.25793,-38.99674],[174.2549,-38.99293],[174.25182,-38.99448],[174.24857,-38.9933],[174.24705,-38.99414],[174.24384,-38.99015],[174.24037,-38.99036],[174.23813,-38.98746],[174.23546,-38.98789],[174.23383,-38.98587],[174.16209,-38.78761],[174.19388,-38.78169],[174.22105,-38.77937],[174.2479,-38.77907],[174.28302,-38.78222],[174.32212,-38.7493],[174.33277,-38.74168],[174.34891,-38.73196],[174.35124,-38.71702],[174.35141,-38.70175],[174.35297,-38.68636],[174.35592,-38.67174],[174.36323,-38.64946],[174.36358,-38.64197],[174.36626,-38.62515],[174.37052,-38.60882],[174.37318,-38.59088],[174.37523,-38.58235],[174.37515,-38.56433],[174.37684,-38.54849],[174.37709,-38.53632],[174.3743,-38.51879],[174.37359,-38.4979],[174.3757,-38.47794],[174.37992,-38.45976],[174.38208,-38.44633],[174.37921,-38.42469],[174.37721,-38.38608],[174.3784,-38.3707],[174.38126,-38.35315],[174.38412,-38.34247],[174.39008,-38.32584],[174.39796,-38.30958],[174.40618,-38.29591],[174.41514,-38.28341],[174.42469,-38.27219],[174.43966,-38.25725],[174.45145,-38.24724],[174.45038,-38.2307],[174.45172,-38.20962],[174.44133,-38.19068],[174.43509,-38.17556],[174.43025,-38.15907],[174.42662,-38.13845],[174.40519,-38.12595],[174.39073,-38.11566],[174.37511,-38.10249],[174.36403,-38.09167],[174.35374,-38.08004],[174.33883,-38.05878],[174.33204,-38.04664],[174.32286,-38.02515],[174.3192,-38.01362],[174.31501,-37.99181],[174.31387,-37.98045],[174.31401,-37.96209],[174.31738,-37.93749],[174.3211,-37.92365],[174.32677,-37.9082],[174.33312,-37.89483],[174.33986,-37.88309],[174.3476,-37.87173],[174.35751,-37.85905],[174.3678,-37.84811],[174.38517,-37.83229],[174.40063,-37.82083],[174.41632,-37.81066],[174.42685,-37.80484],[174.44807,-37.79487],[174.4749,-37.78505],[174.50433,-37.77767],[174.53183,-37.77334],[174.54065,-37.75686],[174.54767,-37.74614],[174.56194,-37.72803],[174.55414,-37.70944],[174.55009,-37.69593],[174.79333,-37.63465],[174.79503,-37.63546],[174.79593,-37.63455],[174.79603,-37.63182],[174.79701,-37.63127],[174.79901,-37.63142],[174.79951,-37.63352],[174.80187,-37.6345],[174.80166,-37.63657],[174.80389,-37.63669],[174.80706,-37.63864],[174.80845,-37.63867],[174.80933,-37.63772],[174.81285,-37.63933],[174.81549,-37.63789],[174.81933,-37.64138],[174.82187,-37.64202],[174.82384,-37.64141],[174.82621,-37.64238],[174.82772,-37.64195],[174.8338,-37.64635],[174.83448,-37.64785],[174.83911,-37.64834],[174.84039,-37.65198],[174.84733,-37.65739],[174.85137,-37.65796],[174.85481,-37.65724],[174.85858,-37.65423],[174.87075,-37.64879],[174.874,-37.64362],[174.87847,-37.64282],[174.88498,-37.64476],[174.8923,-37.64127],[174.89843,-37.6408],[174.90592,-37.65945],[174.92023,-37.65791],[174.92454,-37.65402],[174.93146,-37.65471],[174.93376,-37.65626],[174.93997,-37.65584],[174.94173,-37.65377],[174.94296,-37.65343],[174.94661,-37.65485],[174.95113,-37.6533],[174.95478,-37.65322],[174.95881,-37.65591],[174.9618,-37.65593],[174.96623,-37.65412],[174.9675,-37.65436],[174.9714,-37.65189],[174.97419,-37.65179],[174.97592,-37.65027],[174.97693,-37.64763],[174.97584,-37.64463],[174.97676,-37.64211],[174.97586,-37.64175],[174.97311,-37.63698],[174.97253,-37.63436],[174.96907,-37.62968],[174.96809,-37.6266],[174.96622,-37.62634],[174.96298,-37.62409],[174.97081,-37.62328],[174.97167,-37.62256],[174.97401,-37.61773],[174.97575,-37.6159],[174.976,-37.61149],[174.97714,-37.6089],[174.98021,-37.60988],[174.9888,-37.60713],[174.99149,-37.60465],[175.00026,-37.6046]]]},"properties":{"name":"Taranaki-King Country"}},{"type":"Feature","id":49,"geometry":{"type":"Polygon","coordinates":[[[175.43173,-37.83534],[175.45535,-37.86209],[175.45828,-37.86862],[175.46907,-37.86876],[175.47623,-37.87084],[175.47963,-37.87287],[175.49278,-37.88477],[175.49752,-37.89026],[175.50339,-37.89443],[175.52513,-37.90678],[175.52874,-37.90725],[175.53939,-37.91263],[175.55436,-37.9164],[175.56157,-37.92252],[175.5692,-37.92718],[175.57747,-37.93933],[175.58005,-37.9395],[175.58241,-37.93864],[175.59257,-37.94123],[175.59357,-37.93947],[175.59565,-37.93944],[175.59614,-37.93802],[175.59918,-37.93866],[175.59916,-37.93728],[175.59995,-37.93666],[175.60456,-37.93545],[175.60643,-37.93414],[175.61118,-37.93597],[175.61751,-37.9359],[175.61993,-37.93689],[175.62237,-37.93561],[175.62272,-37.93423],[175.62363,-37.93506],[175.62721,-37.93351],[175.62773,-37.93252],[175.63748,-37.93498],[175.63802,-37.93418],[175.65272,-37.93836],[175.64832,-37.94161],[175.65034,-37.9468],[175.65612,-37.94891],[175.65749,-37.95214],[175.65864,-37.95214],[175.6619,-37.94925],[175.66247,-37.94647],[175.66511,-37.94487],[175.66688,-37.94515],[175.66974,-37.94112],[175.67248,-37.94179],[175.67424,-37.94407],[175.67573,-37.94223],[175.67908,-37.94272],[175.68147,-37.94087],[175.68518,-37.94162],[175.6861,-37.93948],[175.69396,-37.94167],[175.70079,-37.93644],[175.72883,-37.95164],[175.72769,-37.9563],[175.72846,-37.9573],[175.72635,-37.97183],[175.72751,-37.97849],[175.7297,-37.97766],[175.73482,-37.98267],[175.74159,-37.97691],[175.7431,-37.97448],[175.74406,-37.97381],[175.74609,-37.97439],[175.74808,-37.97085],[175.74816,-37.96845],[175.75285,-37.96833],[175.75369,-37.96978],[175.75657,-37.96957],[175.76184,-37.97161],[175.76328,-37.97341],[175.76556,-37.97403],[175.76469,-37.97657],[175.76376,-37.9759],[175.76461,-37.97748],[175.76411,-37.97874],[175.76439,-37.97943],[175.7664,-37.97926],[175.76692,-37.9815],[175.76599,-37.9818],[175.76627,-37.98295],[175.7652,-37.98187],[175.76395,-37.9831],[175.76504,-37.98441],[175.77362,-37.98563],[175.79697,-37.99351],[175.79974,-37.99537],[175.80453,-37.995],[175.80932,-37.99627],[175.8176,-38.00072],[175.82096,-38.00017],[175.82255,-38.00135],[175.82251,-38.00284],[175.86485,-38.02396],[175.88313,-38.03401],[175.89325,-38.03635],[175.90539,-38.01562],[175.88962,-38.01198],[175.89014,-38.01158],[175.89854,-38.01049],[175.91366,-38.01313],[175.91698,-38.01187],[175.92884,-38.01716],[175.9423,-38.00356],[175.96177,-37.98583],[175.96808,-37.98073],[175.97074,-37.97958],[175.97028,-37.98504],[175.97244,-37.98681],[175.98336,-37.98897],[176.00583,-37.99131],[176.01318,-37.99347],[176.02296,-37.99891],[176.03279,-38.00831],[176.04704,-38.01504],[176.05786,-38.02187],[176.06225,-38.02682],[176.05678,-38.03702],[176.00505,-38.12287],[175.99909,-38.13148],[175.98175,-38.13858],[175.98446,-38.142],[176.01578,-38.14173],[176.01973,-38.14245],[176.02198,-38.13932],[176.03074,-38.13924],[176.03071,-38.16658],[176.0583,-38.16669],[176.05831,-38.16416],[176.08875,-38.16427],[176.09004,-38.16696],[176.11011,-38.16686],[176.15033,-38.21819],[176.12052,-38.26791],[176.11599,-38.26905],[176.12927,-38.27316],[176.10863,-38.27578],[176.11077,-38.27584],[176.11034,-38.27754],[176.11239,-38.27701],[176.11347,-38.27784],[176.11402,-38.28041],[176.11537,-38.27977],[176.11593,-38.28064],[176.11784,-38.28098],[176.11972,-38.28023],[176.11991,-38.28126],[176.121,-38.28179],[176.12214,-38.28195],[176.12298,-38.28092],[176.124,-38.28218],[176.12494,-38.28155],[176.12817,-38.28315],[176.12993,-38.28284],[176.13118,-38.28545],[176.13243,-38.28569],[176.13218,-38.28427],[176.13298,-38.2841],[176.1348,-38.28512],[176.13563,-38.28789],[176.13775,-38.28762],[176.13659,-38.28936],[176.13761,-38.29017],[176.13612,-38.29266],[176.13788,-38.29338],[176.13784,-38.2943],[176.13564,-38.29547],[176.1332,-38.29461],[176.12812,-38.29693],[176.1301,-38.29778],[176.13084,-38.2998],[176.12927,-38.30028],[176.12919,-38.30129],[176.13069,-38.30127],[176.13175,-38.3023],[176.1311,-38.30359],[176.12963,-38.30436],[176.1265,-38.30879],[176.12076,-38.31118],[176.11708,-38.3146],[176.11416,-38.31479],[176.10913,-38.31341],[176.09956,-38.3172],[176.09286,-38.3176],[176.08864,-38.322],[176.07286,-38.32717],[176.06416,-38.33471],[176.06159,-38.33519],[176.05859,-38.33443],[176.06022,-38.3356],[176.06113,-38.33859],[176.06294,-38.34042],[176.06077,-38.34282],[176.05548,-38.34314],[176.0553,-38.34412],[176.05737,-38.34432],[176.05705,-38.34528],[176.05531,-38.34582],[176.05496,-38.34705],[176.0522,-38.34761],[176.05054,-38.34938],[176.04879,-38.3498],[176.0501,-38.35437],[176.04775,-38.35417],[176.04653,-38.35641],[176.04261,-38.35708],[176.03977,-38.35875],[176.03762,-38.35816],[176.03564,-38.36085],[176.03113,-38.36357],[176.02618,-38.36372],[176.02382,-38.36502],[176.02399,-38.36661],[176.02514,-38.36651],[176.02478,-38.36864],[176.02723,-38.36913],[176.02759,-38.37344],[176.02852,-38.37567],[176.03025,-38.37713],[176.0313,-38.38002],[176.03038,-38.38153],[176.02666,-38.38347],[176.02604,-38.38504],[176.03022,-38.38654],[176.0427,-38.38521],[176.05293,-38.38954],[176.05903,-38.39339],[176.06163,-38.39683],[176.0631,-38.39614],[176.06555,-38.39802],[176.0684,-38.40129],[176.06892,-38.40563],[176.07393,-38.40791],[176.08288,-38.40859],[176.08506,-38.40703],[176.08794,-38.40668],[176.09236,-38.41046],[176.09679,-38.41235],[176.10591,-38.4134],[176.11183,-38.41119],[176.11882,-38.41335],[176.12611,-38.42063],[176.12697,-38.42281],[176.13002,-38.42587],[176.13166,-38.42899],[176.13195,-38.43261],[176.13925,-38.439],[176.13929,-38.44066],[176.13761,-38.44194],[176.14034,-38.44545],[176.14237,-38.45118],[176.14121,-38.45518],[176.14146,-38.4585],[176.14278,-38.46166],[176.14645,-38.46359],[176.14701,-38.46615],[176.14522,-38.47037],[176.14567,-38.47332],[176.14509,-38.47579],[176.14561,-38.47863],[176.14696,-38.48061],[176.14795,-38.48735],[176.15394,-38.49038],[176.15468,-38.49312],[176.16012,-38.49139],[176.17229,-38.49806],[176.17025,-38.50216],[176.17094,-38.50608],[176.17245,-38.50911],[176.17588,-38.51266],[176.1775,-38.51775],[176.17906,-38.51873],[176.18272,-38.5193],[176.18502,-38.51814],[176.19224,-38.5172],[176.19708,-38.51954],[176.20103,-38.52378],[176.20289,-38.52469],[176.20628,-38.52344],[176.20935,-38.52056],[176.2132,-38.51983],[176.22322,-38.51911],[176.22699,-38.52214],[176.22919,-38.52216],[176.23198,-38.51824],[176.24044,-38.51387],[176.24294,-38.51034],[176.2462,-38.50852],[176.24819,-38.50794],[176.25099,-38.50863],[176.25472,-38.50824],[176.26019,-38.50371],[176.26472,-38.50522],[176.26593,-38.502],[176.27005,-38.4991],[176.27243,-38.49471],[176.27568,-38.49179],[176.27678,-38.48895],[176.28681,-38.48586],[176.29476,-38.48525],[176.29561,-38.48588],[176.29622,-38.48847],[176.29852,-38.48917],[176.30044,-38.48596],[176.30168,-38.48536],[176.30847,-38.49212],[176.3091,-38.49412],[176.30852,-38.49648],[176.30926,-38.49771],[176.31054,-38.49817],[176.31326,-38.49751],[176.31507,-38.49849],[176.3163,-38.50059],[176.31584,-38.50381],[176.31641,-38.50463],[176.31767,-38.50439],[176.31929,-38.5022],[176.32121,-38.50226],[176.32171,-38.50535],[176.3232,-38.50722],[176.31789,-38.50807],[176.31892,-38.5118],[176.31856,-38.51311],[176.311,-38.52284],[176.31134,-38.5271],[176.30641,-38.53023],[176.30256,-38.53404],[176.30241,-38.53495],[176.30411,-38.53615],[176.30006,-38.53627],[176.29849,-38.5373],[176.29839,-38.53853],[176.30172,-38.54179],[176.30398,-38.54698],[176.30337,-38.54854],[176.29993,-38.55097],[176.30218,-38.55304],[176.35897,-38.56869],[176.38679,-38.50647],[176.41718,-38.51575],[176.42403,-38.51886],[176.42559,-38.5186],[176.45486,-38.52748],[176.45979,-38.53148],[176.46846,-38.53087],[176.47642,-38.53327],[176.47751,-38.52808],[176.47469,-38.51709],[176.47628,-38.51009],[176.50218,-38.51076],[176.50247,-38.52169],[176.50184,-38.52312],[176.50283,-38.52646],[176.53337,-38.53515],[176.52954,-38.54429],[176.53639,-38.55228],[176.53904,-38.55372],[176.54319,-38.55437],[176.54347,-38.55512],[176.54071,-38.5602],[176.54577,-38.56656],[176.54483,-38.5677],[176.55132,-38.57678],[176.55303,-38.57783],[176.55205,-38.58081],[176.60562,-38.60869],[176.6067,-38.60754],[176.60995,-38.6079],[176.61204,-38.60714],[176.61274,-38.60555],[176.6122,-38.60267],[176.61327,-38.60232],[176.61722,-38.59759],[176.6178,-38.5947],[176.64595,-38.60593],[176.61746,-38.70135],[176.62418,-38.75429],[176.63719,-38.76333],[176.64816,-38.78303],[176.69771,-38.85596],[176.59847,-38.93329],[176.59955,-38.9342],[176.59828,-38.93497],[176.59825,-38.93561],[176.59928,-38.93559],[176.59706,-38.94139],[176.59783,-38.9437],[176.59731,-38.94622],[176.59812,-38.94672],[176.59642,-38.95371],[176.59778,-38.95641],[176.59697,-38.95754],[176.59803,-38.95776],[176.59673,-38.95933],[176.59756,-38.95937],[176.59818,-38.96154],[176.59985,-38.96185],[176.59968,-38.96339],[176.60263,-38.96502],[176.60234,-38.96657],[176.59884,-38.96938],[176.5995,-38.97142],[176.60102,-38.97231],[176.59995,-38.97598],[176.60294,-38.97689],[176.60299,-38.97844],[176.60186,-38.97934],[176.60613,-38.98057],[176.60559,-38.98131],[176.60628,-38.98201],[176.60548,-38.98295],[176.60672,-38.9839],[176.6052,-38.98474],[176.60583,-38.98565],[176.60916,-38.98752],[176.61103,-38.98778],[176.61194,-38.98711],[176.61295,-38.98905],[176.6117,-38.9896],[176.61199,-38.99092],[176.60988,-38.99285],[176.60913,-38.99551],[176.60807,-38.99609],[176.61036,-38.99826],[176.54103,-38.99775],[176.54105,-38.9992],[176.54255,-38.99884],[176.5435,-39.00041],[176.54657,-39.00103],[176.54701,-39.00182],[176.44923,-39.00162],[176.42018,-39.06194],[176.44342,-39.12077],[176.4168,-39.1163],[176.37227,-39.13077],[176.36958,-39.13261],[176.37023,-39.13399],[176.37369,-39.13303],[176.3759,-39.13395],[176.3783,-39.13836],[176.37927,-39.13805],[176.37982,-39.13527],[176.3822,-39.13412],[176.38362,-39.13576],[176.38721,-39.13696],[176.38631,-39.13863],[176.38691,-39.1409],[176.38939,-39.1422],[176.38627,-39.14449],[176.38623,-39.1466],[176.38878,-39.14831],[176.38991,-39.15131],[176.39598,-39.15039],[176.39685,-39.15095],[176.39587,-39.15262],[176.39139,-39.15466],[176.39088,-39.15613],[176.39259,-39.15999],[176.39529,-39.16193],[176.34036,-39.17312],[176.23311,-39.09786],[176.23225,-39.09914],[176.23279,-39.10085],[176.23158,-39.1018],[176.23181,-39.10443],[176.2304,-39.10498],[176.23032,-39.10621],[176.22837,-39.10835],[176.22744,-39.10774],[176.22653,-39.10831],[176.22682,-39.10932],[176.22578,-39.1107],[176.22145,-39.11036],[176.21997,-39.11161],[176.21846,-39.1117],[176.2165,-39.11424],[176.21218,-39.11605],[176.21183,-39.11715],[176.20804,-39.11788],[176.20775,-39.11899],[176.2028,-39.11965],[176.20173,-39.12101],[176.1974,-39.12149],[176.19637,-39.12212],[176.19636,-39.12361],[176.19395,-39.12389],[176.18863,-39.1266],[176.18467,-39.12658],[176.18258,-39.12944],[176.18466,-39.13364],[176.17612,-39.1439],[176.16788,-39.1403],[176.16238,-39.13634],[176.1547,-39.13827],[176.14661,-39.13449],[176.14492,-39.13586],[176.14145,-39.1365],[176.14001,-39.13887],[176.1388,-39.13859],[176.13577,-39.13971],[176.13444,-39.14296],[176.13195,-39.1426],[176.13097,-39.14354],[176.1282,-39.14367],[176.12491,-39.14505],[176.12064,-39.14513],[176.11982,-39.14622],[176.11625,-39.14707],[176.11563,-39.14881],[176.11274,-39.15047],[176.11178,-39.15201],[176.10934,-39.15128],[176.10271,-39.15125],[176.09614,-39.1546],[176.08096,-39.15725],[176.07878,-39.15729],[176.07752,-39.15595],[176.04406,-39.15692],[175.97596,-39.15002],[175.97446,-39.15157],[175.97162,-39.1577],[175.96403,-39.15953],[175.96385,-39.16242],[175.96763,-39.17057],[175.96637,-39.17228],[175.96466,-39.17939],[175.96161,-39.18158],[175.95969,-39.18416],[175.9553,-39.18673],[175.95005,-39.18795],[175.94502,-39.18694],[175.93799,-39.1879],[175.93347,-39.18768],[175.92908,-39.18899],[175.92126,-39.18973],[175.9189,-39.191],[175.91854,-39.19463],[175.91949,-39.19643],[175.91946,-39.19872],[175.91651,-39.1981],[175.91057,-39.1985],[175.90347,-39.19993],[175.90211,-39.20039],[175.90062,-39.2028],[175.89838,-39.2041],[175.88597,-39.2059],[175.8882,-39.21142],[175.89194,-39.21276],[175.89288,-39.21383],[175.89363,-39.22135],[175.89267,-39.22364],[175.88637,-39.22713],[175.88559,-39.22933],[175.88021,-39.23245],[175.87831,-39.23526],[175.87259,-39.2391],[175.85847,-39.24442],[175.85511,-39.24386],[175.85467,-39.2444],[175.8566,-39.25199],[175.86602,-39.25667],[175.86899,-39.2591],[175.86809,-39.26303],[175.86272,-39.26648],[175.85918,-39.26685],[175.85181,-39.26929],[175.84502,-39.26978],[175.8419,-39.27117],[175.83854,-39.27361],[175.83595,-39.27676],[175.83346,-39.28332],[175.8292,-39.28751],[175.82862,-39.28901],[175.82445,-39.2912],[175.81637,-39.29857],[175.81257,-39.30033],[175.79089,-39.29976],[175.78358,-39.29428],[175.7801,-39.29338],[175.76963,-39.295],[175.76533,-39.29144],[175.75185,-39.28788],[175.741,-39.29264],[175.74172,-39.28371],[175.74353,-39.28214],[175.74488,-39.27939],[175.74388,-39.2772],[175.7555,-39.27093],[175.75785,-39.26726],[175.76033,-39.26785],[175.76153,-39.2691],[175.76256,-39.26878],[175.76444,-39.26432],[175.76328,-39.26282],[175.76445,-39.26196],[175.76393,-39.26076],[175.76623,-39.25849],[175.76639,-39.25625],[175.7676,-39.25399],[175.76935,-39.2533],[175.76776,-39.25155],[175.77076,-39.25157],[175.77106,-39.25018],[175.77384,-39.24838],[175.77477,-39.24533],[175.77775,-39.24278],[175.77984,-39.24249],[175.77799,-39.24077],[175.77856,-39.23983],[175.78144,-39.23948],[175.78403,-39.24082],[175.78587,-39.23768],[175.78543,-39.23663],[175.7885,-39.23634],[175.78786,-39.23469],[175.78852,-39.23379],[175.78667,-39.22865],[175.78264,-39.22868],[175.78012,-39.23026],[175.77928,-39.22996],[175.78035,-39.22562],[175.78208,-39.22421],[175.78019,-39.22412],[175.77904,-39.22287],[175.77215,-39.22276],[175.77098,-39.22148],[175.77259,-39.21583],[175.77253,-39.21256],[175.77798,-39.21166],[175.7786,-39.20905],[175.78127,-39.20718],[175.78695,-39.20531],[175.79102,-39.20118],[175.79107,-39.19944],[175.78703,-39.19156],[175.78672,-39.18874],[175.78748,-39.18662],[175.78628,-39.18346],[175.78668,-39.18171],[175.78526,-39.18205],[175.7846,-39.18354],[175.78302,-39.18333],[175.78242,-39.18402],[175.77989,-39.1835],[175.77493,-39.18419],[175.77041,-39.18338],[175.76696,-39.18165],[175.76422,-39.18201],[175.76271,-39.18077],[175.75834,-39.18234],[175.7524,-39.17941],[175.74373,-39.17922],[175.7391,-39.1813],[175.73794,-39.18086],[175.73653,-39.17811],[175.73081,-39.17857],[175.72968,-39.17753],[175.72744,-39.17742],[175.72633,-39.17587],[175.72294,-39.17479],[175.72146,-39.17277],[175.70751,-39.1631],[175.70385,-39.16243],[175.70254,-39.16126],[175.70096,-39.16198],[175.69616,-39.16175],[175.69368,-39.16039],[175.69257,-39.15936],[175.69249,-39.15816],[175.68962,-39.15721],[175.6812,-39.1483],[175.67971,-39.14789],[175.6789,-39.14581],[175.67471,-39.14421],[175.67089,-39.13854],[175.66868,-39.1374],[175.66728,-39.13786],[175.66546,-39.13643],[175.66329,-39.13381],[175.66309,-39.13174],[175.6372,-39.12914],[175.64279,-39.10431],[175.64625,-39.10266],[175.64675,-39.10078],[175.6478,-39.1],[175.64558,-39.10013],[175.64211,-39.09666],[175.63991,-39.09738],[175.63783,-39.09305],[175.63744,-39.09012],[175.63538,-39.08866],[175.63239,-39.08886],[175.63121,-39.08727],[175.62931,-39.08757],[175.62596,-39.08582],[175.62413,-39.08726],[175.62201,-39.08698],[175.61875,-39.0826],[175.61715,-39.07492],[175.62067,-39.06828],[175.62143,-39.06417],[175.62354,-39.06379],[175.62321,-39.06308],[175.62471,-39.06155],[175.62465,-39.05991],[175.61838,-39.05791],[175.61495,-39.05509],[175.61356,-39.05064],[175.61821,-39.04845],[175.63176,-39.04557],[175.63123,-39.04888],[175.63577,-39.04532],[175.64079,-39.03983],[175.6423,-39.03589],[175.64804,-39.02792],[175.64765,-39.01873],[175.64862,-39.0164],[175.64805,-39.01441],[175.67249,-38.99085],[175.68201,-38.97971],[175.64123,-38.98029],[175.62689,-38.97401],[175.60628,-38.98182],[175.56263,-38.98683],[175.56555,-38.97732],[175.56504,-38.97251],[175.56728,-38.97192],[175.56856,-38.96998],[175.56942,-38.97014],[175.56753,-38.96869],[175.56077,-38.97269],[175.5593,-38.97068],[175.55388,-38.95572],[175.55563,-38.95367],[175.5576,-38.94896],[175.5603,-38.94598],[175.56492,-38.93849],[175.56595,-38.93577],[175.56533,-38.93208],[175.56605,-38.92992],[175.57019,-38.92381],[175.57612,-38.91847],[175.58006,-38.91235],[175.57997,-38.91068],[175.5771,-38.90648],[175.56128,-38.89242],[175.56068,-38.8842],[175.55524,-38.87717],[175.54918,-38.87277],[175.54472,-38.86447],[175.54644,-38.85987],[175.56039,-38.84341],[175.56151,-38.83861],[175.56613,-38.83627],[175.56979,-38.83296],[175.57702,-38.8309],[175.5776,-38.82724],[175.57719,-38.82317],[175.57462,-38.8163],[175.56365,-38.80373],[175.55547,-38.79024],[175.55343,-38.78935],[175.54867,-38.79232],[175.54165,-38.79511],[175.54022,-38.79069],[175.53959,-38.78421],[175.53747,-38.77906],[175.53518,-38.77639],[175.53059,-38.77494],[175.52776,-38.77006],[175.52693,-38.7634],[175.52476,-38.76134],[175.51987,-38.75885],[175.51835,-38.75329],[175.51845,-38.75111],[175.51952,-38.75006],[175.5237,-38.7498],[175.52359,-38.74595],[175.52936,-38.7436],[175.5323,-38.73958],[175.53447,-38.73473],[175.53782,-38.73072],[175.54851,-38.71866],[175.55242,-38.7162],[175.55438,-38.71392],[175.5555,-38.7112],[175.55808,-38.70904],[175.55791,-38.70718],[175.56311,-38.70117],[175.56355,-38.69768],[175.56496,-38.69542],[175.56811,-38.69448],[175.57312,-38.69039],[175.57465,-38.68716],[175.57958,-38.68181],[175.58074,-38.67758],[175.57862,-38.67669],[175.57844,-38.67536],[175.57722,-38.67431],[175.57582,-38.6745],[175.57536,-38.67243],[175.57742,-38.67002],[175.57871,-38.66547],[175.57672,-38.663],[175.57856,-38.65991],[175.57775,-38.65592],[175.57929,-38.65265],[175.57593,-38.64985],[175.57829,-38.64706],[175.58226,-38.646],[175.58592,-38.64167],[175.59001,-38.64025],[175.59233,-38.63742],[175.60034,-38.63412],[175.61466,-38.61814],[175.61909,-38.61195],[175.62169,-38.60673],[175.62853,-38.60071],[175.62886,-38.59541],[175.63252,-38.59162],[175.63268,-38.57947],[175.63443,-38.57543],[175.63386,-38.57294],[175.63488,-38.56986],[175.63375,-38.56609],[175.6368,-38.56449],[175.63555,-38.55778],[175.63699,-38.55526],[175.63694,-38.55246],[175.62878,-38.55117],[175.62537,-38.54515],[175.62615,-38.54091],[175.60769,-38.46967],[175.60586,-38.46158],[175.61227,-38.45227],[175.61451,-38.45079],[175.61543,-38.44866],[175.61275,-38.44897],[175.61142,-38.44779],[175.61035,-38.44542],[175.61204,-38.44264],[175.61107,-38.44207],[175.61697,-38.44126],[175.61857,-38.43742],[175.62238,-38.43368],[175.62244,-38.43165],[175.62319,-38.43094],[175.62912,-38.42845],[175.63102,-38.42688],[175.63643,-38.42774],[175.64068,-38.42654],[175.64753,-38.4221],[175.64918,-38.4182],[175.649,-38.41353],[175.65315,-38.40937],[175.6593,-38.40773],[175.66635,-38.40802],[175.66782,-38.40661],[175.66977,-38.40669],[175.67234,-38.40495],[175.67358,-38.40383],[175.67374,-38.40154],[175.67524,-38.39963],[175.67716,-38.39785],[175.6794,-38.39721],[175.67939,-38.39438],[175.68066,-38.39188],[175.68096,-38.38858],[175.68362,-38.38566],[175.68497,-38.38452],[175.68678,-38.38495],[175.68832,-38.382],[175.69567,-38.38146],[175.69885,-38.37905],[175.69484,-38.37194],[175.69777,-38.36867],[175.6964,-38.36821],[175.69603,-38.36673],[175.69677,-38.36599],[175.69387,-38.36558],[175.69321,-38.36387],[175.69231,-38.36406],[175.68965,-38.36201],[175.69011,-38.35612],[175.69132,-38.35418],[175.68939,-38.35226],[175.69048,-38.35118],[175.69043,-38.34992],[175.69289,-38.34739],[175.69084,-38.34439],[175.68842,-38.34368],[175.68687,-38.3418],[175.68653,-38.33834],[175.68912,-38.33685],[175.68892,-38.3325],[175.68526,-38.33295],[175.67883,-38.33104],[175.67759,-38.3277],[175.67605,-38.3279],[175.66753,-38.3248],[175.66534,-38.32258],[175.66109,-38.32135],[175.66031,-38.31947],[175.66559,-38.31019],[175.66799,-38.31049],[175.66902,-38.30746],[175.6707,-38.30851],[175.67259,-38.30812],[175.67505,-38.30605],[175.6744,-38.3035],[175.67756,-38.30334],[175.68082,-38.30112],[175.68334,-38.30123],[175.68196,-38.2996],[175.68086,-38.29312],[175.684,-38.28985],[175.68569,-38.28667],[175.68549,-38.28068],[175.68118,-38.27573],[175.68076,-38.26987],[175.67943,-38.26763],[175.68006,-38.26644],[175.67993,-38.2607],[175.67766,-38.25746],[175.68086,-38.2499],[175.67948,-38.24783],[175.67774,-38.24216],[175.67731,-38.23071],[175.68056,-38.2284],[175.67648,-38.22553],[175.67534,-38.22386],[175.6762,-38.22101],[175.67784,-38.21917],[175.67675,-38.21586],[175.67754,-38.21325],[175.67287,-38.20401],[175.6734,-38.19894],[175.67245,-38.19272],[175.67363,-38.19028],[175.6736,-38.18767],[175.67529,-38.18529],[175.67312,-38.1769],[175.6701,-38.17342],[175.66972,-38.17036],[175.66827,-38.16998],[175.66561,-38.1713],[175.66273,-38.16859],[175.66276,-38.16723],[175.66517,-38.16582],[175.66493,-38.16461],[175.65908,-38.16202],[175.65125,-38.16221],[175.6495,-38.16145],[175.64991,-38.16025],[175.65247,-38.15888],[175.65263,-38.15773],[175.64656,-38.15576],[175.64422,-38.15093],[175.64068,-38.14747],[175.64129,-38.14339],[175.63506,-38.14109],[175.63166,-38.13386],[175.63283,-38.1299],[175.6317,-38.12641],[175.63045,-38.12504],[175.62576,-38.12348],[175.62526,-38.11832],[175.6222,-38.1139],[175.62255,-38.11298],[175.62703,-38.11254],[175.62933,-38.1106],[175.63488,-38.1001],[175.63599,-38.09292],[175.63427,-38.09064],[175.63703,-38.0843],[175.63625,-38.08079],[175.64016,-38.07319],[175.63987,-38.06778],[175.63927,-38.06596],[175.63817,-38.06567],[175.63806,-38.06329],[175.63595,-38.06239],[175.63466,-38.06313],[175.63205,-38.06279],[175.6335,-38.06095],[175.63426,-38.05647],[175.62496,-38.04852],[175.61645,-38.05496],[175.60381,-38.04342],[175.60516,-38.04239],[175.60359,-38.04023],[175.60583,-38.03873],[175.60004,-38.03458],[175.60042,-38.0333],[175.59701,-38.03493],[175.59468,-38.0379],[175.59178,-38.03999],[175.58971,-38.02594],[175.57037,-38.0277],[175.56652,-38.00135],[175.56071,-38.00169],[175.56038,-38.0006],[175.55904,-38.00035],[175.55886,-37.99858],[175.55765,-37.99954],[175.55823,-38.00106],[175.55753,-38.00228],[175.55385,-38.00164],[175.55453,-37.99989],[175.55259,-37.99866],[175.55107,-37.9993],[175.53883,-38.03132],[175.53224,-38.03083],[175.52645,-38.04326],[175.51694,-38.0405],[175.48429,-38.02856],[175.48699,-38.0239],[175.4911,-38.02081],[175.48892,-38.0201],[175.48959,-38.01882],[175.48488,-38.01729],[175.48268,-38.02168],[175.47841,-38.02264],[175.47472,-38.02041],[175.47313,-38.02122],[175.47002,-38.02073],[175.46775,-38.01937],[175.46475,-38.01945],[175.44837,-38.00759],[175.44404,-38.01029],[175.44405,-38.01118],[175.43835,-38.01624],[175.42862,-38.00514],[175.43522,-37.99902],[175.42413,-37.99264],[175.4226,-37.99386],[175.42199,-37.99554],[175.40882,-37.98605],[175.41225,-37.98367],[175.40065,-37.97711],[175.40377,-37.96704],[175.37716,-37.95831],[175.38494,-37.93918],[175.39345,-37.91452],[175.39957,-37.91725],[175.39972,-37.91202],[175.40072,-37.90885],[175.40234,-37.90722],[175.40382,-37.90101],[175.40515,-37.89996],[175.4027,-37.89834],[175.40251,-37.89642],[175.40153,-37.89565],[175.40217,-37.89358],[175.40153,-37.89281],[175.40371,-37.89214],[175.40408,-37.89094],[175.40839,-37.8894],[175.40785,-37.88933],[175.40831,-37.88762],[175.40763,-37.88743],[175.40823,-37.88733],[175.40709,-37.88688],[175.40697,-37.8858],[175.40302,-37.88459],[175.40931,-37.87476],[175.42429,-37.87477],[175.42467,-37.84544],[175.4209,-37.84543],[175.4207,-37.83797],[175.42563,-37.83967],[175.42575,-37.83531],[175.43173,-37.83534]]]},"properties":{"name":"Taupō"}},{"type":"Feature","id":50,"geometry":{"type":"Polygon","coordinates":[[[176.13707,-37.64483],[176.13827,-37.64483],[176.14415,-37.64044],[176.14737,-37.64299],[176.15117,-37.64421],[176.15387,-37.64304],[176.15534,-37.64103],[176.15823,-37.63947],[176.15929,-37.63761],[176.16093,-37.65096],[176.17679,-37.65062],[176.17764,-37.66861],[176.17682,-37.66885],[176.17611,-37.67096],[176.17665,-37.67093],[176.17705,-37.67318],[176.17828,-37.67383],[176.17655,-37.67488],[176.17793,-37.67484],[176.17912,-37.70196],[176.17386,-37.71103],[176.14851,-37.72621],[176.14626,-37.72624],[176.14663,-37.7291],[176.14521,-37.72976],[176.14406,-37.73174],[176.14732,-37.73465],[176.14672,-37.73598],[176.14246,-37.73703],[176.14229,-37.73917],[176.14101,-37.73936],[176.14176,-37.74107],[176.14025,-37.74054],[176.1384,-37.7414],[176.13672,-37.74329],[176.13688,-37.74472],[176.13534,-37.74505],[176.13512,-37.74561],[176.13672,-37.74551],[176.13495,-37.74678],[176.13522,-37.748],[176.13194,-37.75166],[176.13183,-37.75469],[176.1331,-37.75584],[176.13257,-37.75665],[176.13061,-37.75617],[176.12807,-37.75913],[176.12814,-37.76109],[176.12239,-37.76175],[176.12223,-37.76527],[176.11966,-37.76535],[176.11926,-37.76751],[176.11985,-37.7688],[176.11909,-37.77036],[176.12015,-37.77116],[176.11977,-37.77232],[176.12219,-37.77226],[176.12205,-37.77514],[176.11943,-37.77605],[176.119,-37.7776],[176.11654,-37.77779],[176.11709,-37.78197],[176.11132,-37.78218],[176.11193,-37.78314],[176.11026,-37.7826],[176.10853,-37.78348],[176.09932,-37.78377],[176.09933,-37.7846],[176.10106,-37.78584],[176.09906,-37.78881],[176.10023,-37.79184],[176.09952,-37.79287],[176.10064,-37.79345],[176.10097,-37.79591],[176.09902,-37.79605],[176.09968,-37.79789],[176.09673,-37.79959],[176.09764,-37.80118],[176.09683,-37.80253],[176.09737,-37.8038],[176.1006,-37.80425],[176.10246,-37.82177],[176.1002,-37.82331],[176.10064,-37.82523],[176.09637,-37.82622],[176.09447,-37.83047],[176.09074,-37.83272],[176.09059,-37.83426],[176.08909,-37.83504],[176.09127,-37.83506],[176.09272,-37.8356],[176.09289,-37.83651],[176.09502,-37.83678],[176.08998,-37.8447],[176.08811,-37.84508],[176.09121,-37.84855],[176.09148,-37.85128],[176.09348,-37.85138],[176.09453,-37.85233],[176.09398,-37.85572],[176.09755,-37.85906],[176.09685,-37.86114],[176.09753,-37.86353],[176.10115,-37.86835],[176.09993,-37.8686],[176.0998,-37.87343],[176.09861,-37.87472],[176.09873,-37.8772],[176.09757,-37.87841],[176.09649,-37.88287],[176.09192,-37.88792],[176.09252,-37.88943],[176.0949,-37.89083],[176.097,-37.89359],[176.09491,-37.89722],[176.09361,-37.89727],[176.09569,-37.90495],[176.09462,-37.90602],[176.09457,-37.90745],[176.08993,-37.91086],[176.08809,-37.91354],[176.11753,-37.92699],[176.10292,-37.96358],[176.09831,-37.96187],[176.06225,-38.02682],[176.05758,-38.0216],[176.0545,-38.01939],[176.03279,-38.00831],[176.02296,-37.99891],[176.01318,-37.99347],[176.00583,-37.99131],[175.98005,-37.98846],[175.97244,-37.98681],[175.97052,-37.98548],[175.97061,-37.98022],[175.97261,-37.97495],[175.97179,-37.97116],[175.96876,-37.96766],[175.96594,-37.96574],[175.96392,-37.96563],[175.96014,-37.96776],[175.95293,-37.96234],[175.94943,-37.95674],[175.94775,-37.95229],[175.94091,-37.92994],[175.9424,-37.92657],[175.9469,-37.92275],[175.97719,-37.91367],[175.95804,-37.90575],[175.95424,-37.90191],[175.97183,-37.88285],[175.96765,-37.8833],[175.96093,-37.8894],[175.95346,-37.88318],[175.95109,-37.88025],[175.94875,-37.8801],[175.9478,-37.87881],[175.94298,-37.87908],[175.9427,-37.88059],[175.93958,-37.88264],[175.93811,-37.88262],[175.93625,-37.88136],[175.93786,-37.87371],[175.9365,-37.87007],[175.93991,-37.86801],[175.93186,-37.8616],[175.93064,-37.85645],[175.92785,-37.85208],[175.92813,-37.84718],[175.93501,-37.84264],[175.90587,-37.82855],[175.92758,-37.77616],[175.93479,-37.77877],[175.93428,-37.77701],[175.93645,-37.77453],[175.93914,-37.77566],[175.94055,-37.77452],[175.94324,-37.77528],[175.94338,-37.777],[175.94552,-37.77716],[175.94693,-37.77619],[175.9472,-37.77759],[175.94877,-37.77729],[175.94997,-37.77827],[175.95229,-37.77771],[175.95613,-37.77484],[175.95705,-37.77687],[175.95616,-37.77779],[175.95861,-37.77848],[175.95764,-37.7797],[175.95832,-37.78018],[175.9569,-37.78139],[175.95962,-37.78167],[175.96045,-37.78398],[175.95943,-37.78639],[175.9617,-37.78714],[175.96181,-37.78985],[175.96644,-37.78965],[175.96755,-37.79239],[175.97149,-37.79445],[175.97247,-37.79575],[175.97507,-37.796],[175.97651,-37.79479],[175.97812,-37.79561],[175.98096,-37.7955],[175.98181,-37.79856],[175.9847,-37.79686],[175.98577,-37.79858],[175.9881,-37.79765],[175.98886,-37.79926],[175.99177,-37.79909],[175.99162,-37.80151],[175.99258,-37.8026],[176.00421,-37.78944],[176.0145,-37.78633],[176.01959,-37.75862],[176.0217,-37.75774],[176.01621,-37.74874],[176.01688,-37.74163],[176.01583,-37.7376],[176.01177,-37.73449],[176.01321,-37.73381],[176.01182,-37.72727],[176.01426,-37.72197],[176.01438,-37.71764],[176.01678,-37.71307],[176.01562,-37.71235],[176.01499,-37.70897],[176.01597,-37.70843],[176.01549,-37.70699],[176.01864,-37.70487],[176.01992,-37.7023],[176.02119,-37.70179],[176.02183,-37.69945],[176.02356,-37.69891],[176.02301,-37.69753],[176.02464,-37.69643],[176.02459,-37.69544],[176.02375,-37.6956],[176.02551,-37.69371],[176.02597,-37.69144],[176.02896,-37.6896],[176.02959,-37.6883],[176.03208,-37.68738],[176.03461,-37.68459],[176.03612,-37.68437],[176.03532,-37.6841],[176.03608,-37.68246],[176.03802,-37.68247],[176.04129,-37.6805],[176.04326,-37.6811],[176.04423,-37.68281],[176.04611,-37.67947],[176.04982,-37.67902],[176.04957,-37.68091],[176.0507,-37.68163],[176.05151,-37.68161],[176.05144,-37.6798],[176.0535,-37.67965],[176.05248,-37.67763],[176.05335,-37.67451],[176.05056,-37.67314],[176.04971,-37.67177],[176.05199,-37.66857],[176.04748,-37.66367],[176.04695,-37.66146],[176.04783,-37.65963],[176.05538,-37.65533],[176.07022,-37.65162],[176.0741,-37.64963],[176.08682,-37.63977],[176.09411,-37.63248],[176.10151,-37.63909],[176.10886,-37.64233],[176.11884,-37.64416],[176.13707,-37.64483]]]},"properties":{"name":"Tauranga"}},{"type":"Feature","id":51,"geometry":{"type":"Polygon","coordinates":[[[177.32098,-39.43984],[177.35647,-39.62669],[177.35722,-39.63592],[177.3569,-39.65354],[177.35308,-39.67898],[177.34975,-39.69073],[177.34409,-39.70597],[177.33503,-39.72404],[177.3232,-39.74228],[177.31365,-39.7541],[177.30417,-39.7692],[177.29379,-39.78303],[177.28804,-39.7893],[177.29218,-39.80572],[177.29356,-39.81577],[177.29465,-39.82821],[177.2942,-39.84538],[177.29309,-39.85609],[177.28928,-39.87381],[177.28466,-39.88886],[177.2803,-39.89925],[177.27516,-39.90972],[177.26699,-39.92335],[177.26121,-39.93186],[177.24916,-39.94663],[177.24299,-39.95344],[177.22631,-39.96897],[177.20303,-39.98606],[177.1952,-40.00154],[177.18955,-40.00982],[177.1814,-40.02728],[177.17006,-40.04554],[177.16253,-40.05547],[177.16343,-40.07683],[177.16255,-40.08747],[177.15899,-40.10815],[177.15253,-40.12831],[177.14596,-40.14317],[177.14179,-40.15066],[176.87055,-40.0989],[176.86403,-40.09594],[176.8622,-40.0933],[176.85486,-40.08867],[176.84584,-40.08643],[176.84387,-40.08213],[176.84039,-40.07965],[176.83992,-40.07248],[176.83893,-40.07144],[176.8338,-40.07182],[176.83085,-40.07092],[176.8281,-40.07353],[176.823,-40.07456],[176.82068,-40.07427],[176.8181,-40.07267],[176.81753,-40.06979],[176.81463,-40.06833],[176.8098,-40.06981],[176.80766,-40.06588],[176.80419,-40.06374],[176.80284,-40.06197],[176.79464,-40.0605],[176.79349,-40.05945],[176.79292,-40.05734],[176.78992,-40.05582],[176.78269,-40.05343],[176.77739,-40.05278],[176.76969,-40.04835],[176.76319,-40.04639],[176.75626,-40.04753],[176.75216,-40.04648],[176.7502,-40.04464],[176.74776,-40.04018],[176.74768,-40.03431],[176.74388,-40.0309],[176.73986,-40.0291],[176.73533,-40.02532],[176.73187,-40.02374],[176.72942,-40.02084],[176.72761,-40.01442],[176.72857,-40.0131],[176.72871,-40.01042],[176.73097,-40.00829],[176.72977,-40.004],[176.72452,-40.00075],[176.71585,-39.99891],[176.71518,-39.99701],[176.71366,-39.9957],[176.70761,-39.99465],[176.7022,-39.98842],[176.69189,-39.98515],[176.69117,-39.9835],[176.69252,-39.97774],[176.6898,-39.97373],[176.68823,-39.96616],[176.68673,-39.96223],[176.68559,-39.96156],[176.68334,-39.96043],[176.67463,-39.96829],[176.66046,-39.97787],[176.64531,-39.97725],[176.63449,-39.97415],[176.63661,-39.96966],[176.64583,-39.96448],[176.6458,-39.96074],[176.64817,-39.95984],[176.64909,-39.95852],[176.65097,-39.95113],[176.65477,-39.94232],[176.6507,-39.94016],[176.64614,-39.93607],[176.64157,-39.9348],[176.63865,-39.9331],[176.63451,-39.9321],[176.63174,-39.93241],[176.61836,-39.92828],[176.61298,-39.92823],[176.6114,-39.92741],[176.61393,-39.92671],[176.61516,-39.92477],[176.59722,-39.91769],[176.59548,-39.92285],[176.59367,-39.92411],[176.59252,-39.92399],[176.59215,-39.92561],[176.59314,-39.92602],[176.59182,-39.92824],[176.59084,-39.93266],[176.58792,-39.93289],[176.58059,-39.93167],[176.57809,-39.93632],[176.57245,-39.93463],[176.57226,-39.93715],[176.56667,-39.93731],[176.56747,-39.94627],[176.57806,-39.94645],[176.58569,-39.94792],[176.58555,-39.95217],[176.58434,-39.95487],[176.57718,-39.96128],[176.5699,-39.97016],[176.56884,-39.97615],[176.56613,-39.97917],[176.56399,-39.98398],[176.55895,-39.98743],[176.55848,-39.98916],[176.55517,-39.98908],[176.55541,-39.98803],[176.54148,-39.98724],[176.52878,-39.98503],[176.51925,-39.98569],[176.51678,-39.98651],[176.5137,-39.98606],[176.51338,-39.9839],[176.50985,-39.98103],[176.50751,-39.97741],[176.50651,-39.97755],[176.50055,-39.97405],[176.49754,-39.96934],[176.49778,-39.97317],[176.49141,-39.97226],[176.4868,-39.97602],[176.48395,-39.97677],[176.47833,-39.97396],[176.46959,-39.97331],[176.46487,-39.97137],[176.45816,-39.97179],[176.44525,-39.96798],[176.43878,-39.96834],[176.43124,-39.97069],[176.41883,-39.97176],[176.41419,-39.97421],[176.40677,-39.97477],[176.40437,-39.97831],[176.40057,-39.97945],[176.39208,-39.98405],[176.381,-39.98189],[176.38101,-39.98429],[176.37681,-39.99302],[176.3768,-39.99701],[176.37506,-40.0001],[176.37326,-40.00134],[176.36134,-40.0047],[176.3593,-40.00798],[176.3593,-40.00942],[176.35232,-40.01198],[176.34987,-40.01394],[176.34518,-40.0145],[176.33528,-40.01348],[176.33259,-40.01552],[176.32746,-40.01358],[176.32136,-40.01647],[176.319,-40.01667],[176.31656,-40.01632],[176.31155,-40.01385],[176.30723,-40.01607],[176.30246,-40.01637],[176.30159,-40.01758],[176.29935,-40.01653],[176.29768,-40.01784],[176.29748,-40.01677],[176.29449,-40.01609],[176.29232,-40.01668],[176.28746,-40.01625],[176.28476,-40.0172],[176.2823,-40.01599],[176.27973,-40.01733],[176.27689,-40.01603],[176.27457,-40.01712],[176.27357,-40.01612],[176.26949,-40.017],[176.26716,-40.01553],[176.26705,-40.02095],[176.26877,-40.02071],[176.26118,-40.02864],[176.251,-40.0435],[176.24872,-40.04019],[176.24472,-40.04028],[176.2435,-40.03872],[176.23866,-40.03839],[176.23878,-40.02733],[176.21778,-40.02879],[176.21746,-40.02626],[176.21353,-40.02564],[176.21354,-40.01782],[176.20497,-40.019],[176.18133,-40.01823],[176.18146,-40.01635],[176.18062,-40.01624],[176.17221,-40.01764],[176.16732,-40.01684],[176.16516,-40.01762],[176.16224,-40.01716],[176.15427,-40.01223],[176.13663,-40.02858],[176.13467,-40.02742],[176.13339,-40.02466],[176.1304,-40.02362],[176.12449,-40.01882],[176.12397,-40.01702],[176.1255,-40.0136],[176.09383,-39.9955],[176.09592,-39.99152],[176.09923,-39.98882],[176.10029,-39.98476],[176.1016,-39.98431],[176.10186,-39.97925],[176.10317,-39.97723],[176.11105,-39.97223],[176.11214,-39.97052],[176.11615,-39.96957],[176.12111,-39.96245],[176.11958,-39.96171],[176.11711,-39.95774],[176.1245,-39.94776],[176.11695,-39.94577],[176.10974,-39.94186],[176.10957,-39.93918],[176.11168,-39.93801],[176.11543,-39.9294],[176.11334,-39.9267],[176.11359,-39.92467],[176.10683,-39.91709],[176.10879,-39.9151],[176.12034,-39.90967],[176.12612,-39.90478],[176.12689,-39.89155],[176.12313,-39.88797],[176.11834,-39.88767],[176.1172,-39.88677],[176.12679,-39.8615],[176.13499,-39.85059],[176.13795,-39.82388],[176.17685,-39.74405],[176.16909,-39.71792],[176.18055,-39.71106],[176.18423,-39.68378],[176.19268,-39.67976],[176.20087,-39.67299],[176.19594,-39.66357],[176.16509,-39.64865],[176.18125,-39.61693],[176.17899,-39.60525],[176.17349,-39.60205],[176.17207,-39.60269],[176.16526,-39.6016],[176.1614,-39.60286],[176.15758,-39.5968],[176.15274,-39.59828],[176.14717,-39.59255],[176.14273,-39.58468],[176.14476,-39.58244],[176.15469,-39.58364],[176.15617,-39.58222],[176.16029,-39.58073],[176.16637,-39.58277],[176.17039,-39.5815],[176.17251,-39.57932],[176.17445,-39.57867],[176.17413,-39.5766],[176.17734,-39.57461],[176.17907,-39.57441],[176.17897,-39.57351],[176.18041,-39.5722],[176.18226,-39.57177],[176.18195,-39.57113],[176.18315,-39.57071],[176.18323,-39.56975],[176.18225,-39.56876],[176.18353,-39.56648],[176.18669,-39.56471],[176.18966,-39.55959],[176.19531,-39.55748],[176.1992,-39.55706],[176.19815,-39.55447],[176.20006,-39.5535],[176.19933,-39.55234],[176.19997,-39.55172],[176.19934,-39.54972],[176.20006,-39.54893],[176.19951,-39.54842],[176.19997,-39.54636],[176.20656,-39.54051],[176.20651,-39.53896],[176.20733,-39.53848],[176.20804,-39.53584],[176.21017,-39.53365],[176.21957,-39.53208],[176.22012,-39.53337],[176.2214,-39.53361],[176.22376,-39.53303],[176.22441,-39.53184],[176.22695,-39.53376],[176.22889,-39.53188],[176.23211,-39.53201],[176.2323,-39.53025],[176.23532,-39.53044],[176.23522,-39.52921],[176.23725,-39.52817],[176.23705,-39.52621],[176.23826,-39.525],[176.24322,-39.5248],[176.24612,-39.52353],[176.24775,-39.52119],[176.24938,-39.52107],[176.25085,-39.51709],[176.25421,-39.517],[176.25311,-39.51499],[176.25718,-39.51451],[176.25694,-39.51186],[176.26092,-39.51196],[176.26271,-39.51307],[176.26414,-39.51535],[176.26543,-39.51453],[176.26577,-39.51292],[176.26682,-39.5131],[176.267,-39.51432],[176.2679,-39.51423],[176.26842,-39.51253],[176.27003,-39.51174],[176.27173,-39.50934],[176.27121,-39.50676],[176.27955,-39.50724],[176.27953,-39.5026],[176.28171,-39.50226],[176.28244,-39.50327],[176.28205,-39.50388],[176.28544,-39.50536],[176.29039,-39.50278],[176.29158,-39.50085],[176.2925,-39.50139],[176.29275,-39.50278],[176.29522,-39.50271],[176.29588,-39.50412],[176.30033,-39.50751],[176.30186,-39.5051],[176.29967,-39.50479],[176.2994,-39.50403],[176.30349,-39.50133],[176.30526,-39.50362],[176.30746,-39.50394],[176.30994,-39.50187],[176.31437,-39.5023],[176.31554,-39.50433],[176.31224,-39.50582],[176.31265,-39.50775],[176.31312,-39.50719],[176.31524,-39.50785],[176.31666,-39.50731],[176.31846,-39.50808],[176.32361,-39.50583],[176.32292,-39.5039],[176.32409,-39.50143],[176.33226,-39.50432],[176.33892,-39.50299],[176.34175,-39.5052],[176.34922,-39.50835],[176.34914,-39.50969],[176.34595,-39.51458],[176.34868,-39.51741],[176.34855,-39.51883],[176.34985,-39.51948],[176.3488,-39.52287],[176.34955,-39.52509],[176.35091,-39.52519],[176.35208,-39.5239],[176.35587,-39.5236],[176.35665,-39.52217],[176.35665,-39.51865],[176.36123,-39.51783],[176.36399,-39.52643],[176.3653,-39.52668],[176.36994,-39.52516],[176.37264,-39.52647],[176.37551,-39.53774],[176.38184,-39.54282],[176.37966,-39.54968],[176.38473,-39.55469],[176.38836,-39.55502],[176.38932,-39.55181],[176.39161,-39.55047],[176.39569,-39.55245],[176.39678,-39.55577],[176.39896,-39.55898],[176.40428,-39.56164],[176.4126,-39.56241],[176.4205,-39.5594],[176.42391,-39.55893],[176.43591,-39.56047],[176.43859,-39.56332],[176.44086,-39.56444],[176.44496,-39.56376],[176.45573,-39.55817],[176.46635,-39.55641],[176.47031,-39.55672],[176.47532,-39.56066],[176.47891,-39.56148],[176.48273,-39.56116],[176.48432,-39.56204],[176.48452,-39.56438],[176.48144,-39.56951],[176.48241,-39.57088],[176.49098,-39.57184],[176.49582,-39.57526],[176.50156,-39.5726],[176.50372,-39.57265],[176.50565,-39.57371],[176.50782,-39.57584],[176.50879,-39.5782],[176.50779,-39.58384],[176.50872,-39.58598],[176.5113,-39.5859],[176.51766,-39.58269],[176.5296,-39.58254],[176.53273,-39.58367],[176.53766,-39.58799],[176.54262,-39.59106],[176.5662,-39.5938],[176.57194,-39.59563],[176.57455,-39.59834],[176.57491,-39.60283],[176.57702,-39.60555],[176.59108,-39.61103],[176.5937,-39.61311],[176.59922,-39.61896],[176.60877,-39.62707],[176.61636,-39.63743],[176.63036,-39.64319],[176.64347,-39.64477],[176.6551,-39.64245],[176.66971,-39.63555],[176.67702,-39.6307],[176.69062,-39.61728],[176.70614,-39.61122],[176.71818,-39.6044],[176.72151,-39.60134],[176.72409,-39.59553],[176.72903,-39.59305],[176.75144,-39.58707],[176.77598,-39.58949],[176.79269,-39.58345],[176.79589,-39.58126],[176.80098,-39.57941],[176.81631,-39.57621],[176.83249,-39.58035],[176.83794,-39.58635],[176.83974,-39.5914],[176.84225,-39.59293],[176.86259,-39.59832],[176.86886,-39.59839],[176.87386,-39.59651],[176.88085,-39.59207],[176.8929,-39.58181],[176.90449,-39.5699],[176.90894,-39.56746],[176.91624,-39.56626],[176.92883,-39.56848],[176.9297,-39.56818],[176.92646,-39.56167],[177.31927,-39.4305],[177.32098,-39.43984]]]},"properties":{"name":"Tukituki"}},{"type":"Feature","id":52,"geometry":{"type":"Polygon","coordinates":[[[174.69289,-36.74439],[174.69283,-36.74295],[174.70419,-36.74127],[174.71513,-36.74197],[174.71645,-36.74146],[174.71681,-36.74325],[174.72129,-36.74439],[174.7268,-36.75164],[174.73726,-36.76113],[174.74275,-36.77183],[174.74116,-36.77245],[174.73638,-36.7698],[174.72899,-36.77033],[174.72462,-36.76912],[174.72179,-36.76986],[174.72062,-36.77306],[174.72145,-36.77462],[174.71803,-36.77584],[174.71867,-36.77673],[174.71739,-36.77884],[174.71257,-36.77978],[174.70775,-36.78464],[174.70287,-36.78508],[174.69552,-36.78102],[174.68012,-36.78695],[174.67758,-36.7889],[174.6761,-36.79172],[174.6746,-36.81468],[174.65205,-36.81945],[174.64545,-36.82214],[174.64133,-36.82564],[174.63664,-36.8235],[174.63452,-36.82343],[174.62863,-36.82492],[174.62435,-36.82434],[174.62232,-36.82487],[174.61969,-36.82412],[174.61517,-36.82575],[174.61567,-36.828],[174.6098,-36.82664],[174.60158,-36.83658],[174.59828,-36.83745],[174.59572,-36.83588],[174.59192,-36.83739],[174.58634,-36.83634],[174.58489,-36.83457],[174.58131,-36.83294],[174.58222,-36.82766],[174.5842,-36.82552],[174.58727,-36.82386],[174.58943,-36.82101],[174.58909,-36.81954],[174.59114,-36.81841],[174.58838,-36.81274],[174.587,-36.81163],[174.58641,-36.8076],[174.58546,-36.80719],[174.58707,-36.80611],[174.58564,-36.80451],[174.58652,-36.80306],[174.58572,-36.80277],[174.5883,-36.79716],[174.58823,-36.7954],[174.59154,-36.79408],[174.59179,-36.78818],[174.5934,-36.78857],[174.59589,-36.78551],[174.59852,-36.78452],[174.59887,-36.78344],[174.59737,-36.78262],[174.59621,-36.78338],[174.59705,-36.78217],[174.59973,-36.78154],[174.60007,-36.7826],[174.60424,-36.77688],[174.60761,-36.77405],[174.60813,-36.77241],[174.6138,-36.77345],[174.61952,-36.77278],[174.63536,-36.77363],[174.6483,-36.77222],[174.66111,-36.77295],[174.66169,-36.77065],[174.67315,-36.75914],[174.67635,-36.7535],[174.67626,-36.75036],[174.67864,-36.74673],[174.6789,-36.74347],[174.68167,-36.73954],[174.68268,-36.73986],[174.6828,-36.7411],[174.69289,-36.74439]]]},"properties":{"name":"Upper Harbour"}},{"type":"Feature","id":53,"geometry":{"type":"Polygon","coordinates":[[[175.34373,-37.32787],[175.36023,-37.35388],[175.37571,-37.36978],[175.37908,-37.37032],[175.38391,-37.3742],[175.38204,-37.37639],[175.38169,-37.3816],[175.37906,-37.38477],[175.37837,-37.3875],[175.37634,-37.38956],[175.3774,-37.39307],[175.37936,-37.3935],[175.3795,-37.39497],[175.38471,-37.39741],[175.38593,-37.40061],[175.38788,-37.40079],[175.38859,-37.40468],[175.39356,-37.40822],[175.39493,-37.41075],[175.39452,-37.41276],[175.39575,-37.41399],[175.39511,-37.41624],[175.39689,-37.42182],[175.39519,-37.42434],[175.39133,-37.42583],[175.39181,-37.42733],[175.39043,-37.4322],[175.39589,-37.43918],[175.41168,-37.42484],[175.41249,-37.4286],[175.40953,-37.43338],[175.4087,-37.43797],[175.43093,-37.44168],[175.43797,-37.44058],[175.43703,-37.45009],[175.45604,-37.44248],[175.4566,-37.44165],[175.46922,-37.43613],[175.51154,-37.43031],[175.5113,-37.42899],[175.51612,-37.42675],[175.52047,-37.42298],[175.52123,-37.42152],[175.52074,-37.41984],[175.58389,-37.41916],[175.58774,-37.42406],[175.59811,-37.41902],[175.63139,-37.41877],[175.63272,-37.42118],[175.63263,-37.42486],[175.62922,-37.42662],[175.62951,-37.43322],[175.63169,-37.43339],[175.6348,-37.43514],[175.64029,-37.43964],[175.63993,-37.44199],[175.63716,-37.44387],[175.63746,-37.44496],[175.63934,-37.44573],[175.64013,-37.44695],[175.64033,-37.4492],[175.6386,-37.44995],[175.63918,-37.45292],[175.64006,-37.45377],[175.64315,-37.45361],[175.64616,-37.45474],[175.65646,-37.45262],[175.65931,-37.45334],[175.6686,-37.45079],[175.6721,-37.45089],[175.68468,-37.45709],[175.69036,-37.4631],[175.70167,-37.45857],[175.70613,-37.46927],[175.70629,-37.46859],[175.70759,-37.4687],[175.70621,-37.45935],[175.71213,-37.46247],[175.73181,-37.46241],[175.73232,-37.46327],[175.75488,-37.46307],[175.75579,-37.47146],[175.75525,-37.47902],[175.75339,-37.48201],[175.75506,-37.48669],[175.75297,-37.48868],[175.75287,-37.49087],[175.75161,-37.49212],[175.75208,-37.49264],[175.75063,-37.4938],[175.75176,-37.49466],[175.75222,-37.49646],[175.75096,-37.49704],[175.75163,-37.49902],[175.75093,-37.49983],[175.75213,-37.50135],[175.75142,-37.50199],[175.7526,-37.503],[175.75257,-37.50899],[175.75351,-37.5101],[175.75262,-37.51375],[175.75385,-37.51785],[175.75169,-37.52053],[175.75129,-37.52303],[175.75329,-37.52661],[175.74346,-37.5334],[175.76474,-37.52322],[175.81633,-37.56825],[175.82167,-37.57157],[175.82304,-37.58264],[175.83281,-37.59764],[175.83464,-37.59823],[175.83444,-37.60008],[175.83563,-37.60173],[175.8356,-37.6035],[175.83688,-37.60463],[175.83716,-37.60657],[175.83886,-37.60752],[175.83917,-37.60968],[175.84004,-37.61003],[175.84041,-37.61146],[175.84009,-37.61236],[175.84148,-37.61331],[175.83983,-37.61827],[175.84082,-37.62058],[175.83671,-37.62276],[175.83539,-37.62494],[175.83582,-37.62668],[175.83359,-37.62749],[175.83706,-37.63222],[175.83746,-37.63537],[175.84006,-37.63654],[175.84148,-37.63876],[175.8408,-37.64193],[175.84317,-37.64319],[175.84514,-37.64694],[175.84451,-37.64859],[175.84812,-37.65188],[175.85206,-37.66205],[175.85631,-37.66277],[175.86524,-37.66811],[175.86481,-37.67217],[175.87086,-37.67755],[175.87214,-37.68631],[175.87456,-37.69242],[175.87642,-37.69316],[175.8795,-37.69931],[175.88974,-37.70115],[175.89052,-37.70261],[175.88965,-37.704],[175.88991,-37.70919],[175.89214,-37.71121],[175.89683,-37.71181],[175.898,-37.71423],[175.89573,-37.7167],[175.9002,-37.71837],[175.89812,-37.71937],[175.89784,-37.72127],[175.89956,-37.72216],[175.89521,-37.72422],[175.92758,-37.77616],[175.90587,-37.82855],[175.93501,-37.84264],[175.92813,-37.84718],[175.92785,-37.85208],[175.93064,-37.85645],[175.93186,-37.8616],[175.93991,-37.86801],[175.9365,-37.87007],[175.93786,-37.87371],[175.93625,-37.88136],[175.93811,-37.88262],[175.93958,-37.88264],[175.9427,-37.88059],[175.94298,-37.87908],[175.9478,-37.87881],[175.94875,-37.8801],[175.95109,-37.88025],[175.95346,-37.88318],[175.96093,-37.8894],[175.96765,-37.8833],[175.97183,-37.88285],[175.95424,-37.90191],[175.95804,-37.90575],[175.97719,-37.91367],[175.9469,-37.92275],[175.9424,-37.92657],[175.94091,-37.92994],[175.94943,-37.95674],[175.95328,-37.96276],[175.95928,-37.96751],[175.96098,-37.96778],[175.96377,-37.96569],[175.96526,-37.96555],[175.96802,-37.967],[175.97073,-37.96973],[175.97263,-37.97448],[175.97074,-37.97958],[175.96808,-37.98073],[175.96177,-37.98583],[175.9423,-38.00356],[175.92884,-38.01716],[175.91698,-38.01187],[175.91366,-38.01313],[175.89854,-38.01049],[175.89014,-38.01158],[175.88962,-38.01198],[175.90539,-38.01562],[175.89325,-38.03635],[175.88313,-38.03401],[175.86485,-38.02396],[175.82251,-38.00284],[175.82255,-38.00135],[175.82096,-38.00017],[175.8176,-38.00072],[175.80932,-37.99627],[175.80453,-37.995],[175.79974,-37.99537],[175.79697,-37.99351],[175.77362,-37.98563],[175.76504,-37.98441],[175.76395,-37.9831],[175.7652,-37.98187],[175.76627,-37.98295],[175.76599,-37.9818],[175.76692,-37.9815],[175.7664,-37.97926],[175.76439,-37.97943],[175.76411,-37.97874],[175.76461,-37.97748],[175.76376,-37.9759],[175.76469,-37.97657],[175.76556,-37.97403],[175.76328,-37.97341],[175.76184,-37.97161],[175.75657,-37.96957],[175.75369,-37.96978],[175.75285,-37.96833],[175.74816,-37.96845],[175.74808,-37.97085],[175.74609,-37.97439],[175.74406,-37.97381],[175.7431,-37.97448],[175.74159,-37.97691],[175.73482,-37.98267],[175.7297,-37.97766],[175.72751,-37.97849],[175.72635,-37.97183],[175.72846,-37.9573],[175.72769,-37.9563],[175.72883,-37.95164],[175.70079,-37.93644],[175.69396,-37.94167],[175.6861,-37.93948],[175.68518,-37.94162],[175.68147,-37.94087],[175.67908,-37.94272],[175.67573,-37.94223],[175.67424,-37.94407],[175.67248,-37.94179],[175.66974,-37.94112],[175.66688,-37.94515],[175.66511,-37.94487],[175.66247,-37.94647],[175.6619,-37.94925],[175.65864,-37.95214],[175.65749,-37.95214],[175.65612,-37.94891],[175.65034,-37.9468],[175.64832,-37.94161],[175.65272,-37.93836],[175.63802,-37.93418],[175.63748,-37.93498],[175.62773,-37.93252],[175.62721,-37.93351],[175.62363,-37.93506],[175.62272,-37.93423],[175.62237,-37.93561],[175.61993,-37.93689],[175.61751,-37.9359],[175.61118,-37.93597],[175.60643,-37.93414],[175.60456,-37.93545],[175.59995,-37.93666],[175.59916,-37.93728],[175.59918,-37.93866],[175.59614,-37.93802],[175.59565,-37.93944],[175.59357,-37.93947],[175.59257,-37.94123],[175.58241,-37.93864],[175.58005,-37.9395],[175.57747,-37.93933],[175.5692,-37.92718],[175.56157,-37.92252],[175.55436,-37.9164],[175.53939,-37.91263],[175.52874,-37.90725],[175.52513,-37.90678],[175.50339,-37.89443],[175.49752,-37.89026],[175.49278,-37.88477],[175.47963,-37.87287],[175.47623,-37.87084],[175.46907,-37.86876],[175.45828,-37.86862],[175.45535,-37.86209],[175.43173,-37.83534],[175.42575,-37.83531],[175.42563,-37.83967],[175.4207,-37.83797],[175.4209,-37.84543],[175.42467,-37.84544],[175.42429,-37.87477],[175.40931,-37.87476],[175.40302,-37.88459],[175.39749,-37.88328],[175.39484,-37.87778],[175.39215,-37.87508],[175.38774,-37.8739],[175.38165,-37.8704],[175.37682,-37.86984],[175.37338,-37.87137],[175.36323,-37.87306],[175.36064,-37.87259],[175.35647,-37.87031],[175.354,-37.86689],[175.35184,-37.86535],[175.35039,-37.86246],[175.34767,-37.86027],[175.34741,-37.85806],[175.34932,-37.85465],[175.35013,-37.84852],[175.34979,-37.84642],[175.34821,-37.84431],[175.34752,-37.83992],[175.34464,-37.83838],[175.33541,-37.83574],[175.3268,-37.82977],[175.32642,-37.82782],[175.32941,-37.82522],[175.33042,-37.82254],[175.329,-37.82007],[175.32528,-37.81724],[175.32305,-37.81349],[175.32362,-37.81091],[175.32492,-37.81362],[175.32674,-37.81381],[175.32812,-37.81509],[175.32863,-37.81245],[175.32971,-37.81212],[175.33154,-37.80962],[175.33055,-37.80864],[175.33137,-37.80765],[175.33027,-37.8064],[175.33166,-37.80589],[175.33228,-37.80059],[175.33439,-37.79897],[175.33346,-37.79733],[175.3353,-37.79581],[175.3412,-37.79571],[175.34487,-37.79288],[175.33927,-37.78894],[175.33638,-37.78497],[175.33302,-37.77448],[175.33023,-37.76988],[175.32719,-37.76671],[175.31594,-37.75942],[175.30672,-37.74514],[175.29336,-37.74823],[175.28961,-37.74045],[175.28742,-37.7328],[175.28988,-37.72179],[175.2864,-37.72257],[175.27821,-37.71954],[175.27737,-37.72084],[175.27258,-37.72005],[175.26614,-37.72228],[175.25281,-37.72321],[175.2467,-37.71988],[175.24248,-37.7204],[175.23458,-37.71897],[175.23398,-37.71959],[175.23272,-37.71874],[175.2312,-37.72135],[175.22938,-37.72061],[175.22785,-37.72291],[175.22282,-37.71917],[175.21897,-37.7136],[175.21557,-37.70221],[175.21105,-37.69933],[175.20087,-37.69541],[175.18921,-37.69312],[175.18324,-37.68765],[175.17926,-37.69089],[175.17095,-37.68468],[175.16762,-37.68748],[175.16376,-37.68938],[175.1482,-37.69305],[175.14722,-37.6914],[175.14753,-37.68957],[175.15023,-37.68442],[175.15325,-37.68121],[175.15348,-37.67955],[175.1477,-37.67694],[175.14023,-37.67646],[175.13865,-37.67472],[175.14107,-37.66922],[175.1401,-37.66914],[175.14316,-37.66361],[175.14347,-37.66047],[175.14272,-37.65915],[175.14459,-37.65591],[175.14315,-37.65571],[175.14332,-37.65502],[175.14741,-37.64923],[175.13837,-37.64791],[175.13171,-37.64916],[175.12792,-37.64902],[175.11807,-37.64681],[175.11884,-37.64543],[175.07582,-37.64974],[175.07439,-37.63963],[175.07204,-37.63896],[175.06492,-37.64005],[175.05808,-37.63719],[175.05662,-37.6384],[175.05364,-37.64442],[175.04797,-37.64281],[175.04321,-37.63852],[175.04182,-37.63894],[175.04129,-37.64087],[175.03871,-37.64331],[175.03225,-37.64207],[175.02766,-37.64313],[175.02528,-37.64203],[175.025,-37.63975],[175.02254,-37.63493],[175.02367,-37.63113],[175.02238,-37.62831],[175.02286,-37.62616],[175.02141,-37.62417],[175.019,-37.62657],[175.01453,-37.62901],[175.0102,-37.61743],[175.00529,-37.61861],[175.00026,-37.6046],[174.99149,-37.60465],[174.99118,-37.58816],[175.02432,-37.57315],[175.00898,-37.55708],[175.01129,-37.55624],[175.01574,-37.55722],[175.02053,-37.55629],[175.02309,-37.55489],[175.02414,-37.55628],[175.03735,-37.54614],[175.04165,-37.54573],[175.04231,-37.54465],[175.04724,-37.54375],[175.03906,-37.53515],[175.03711,-37.53798],[175.03465,-37.53952],[175.03279,-37.5376],[175.03156,-37.53835],[175.03033,-37.53788],[175.0305,-37.53614],[175.03409,-37.53262],[175.03169,-37.5323],[175.03054,-37.52994],[175.03032,-37.52509],[175.02655,-37.52625],[175.0231,-37.52841],[175.02405,-37.52551],[175.02673,-37.5225],[175.02541,-37.51758],[175.0227,-37.51765],[175.02262,-37.51556],[175.02469,-37.5155],[175.0273,-37.50769],[175.02982,-37.50738],[175.02999,-37.50417],[175.03121,-37.50238],[175.03323,-37.50131],[175.03394,-37.49908],[175.03548,-37.5003],[175.03474,-37.50309],[175.036,-37.50333],[175.0366,-37.5023],[175.03854,-37.5016],[175.03876,-37.49781],[175.03761,-37.49727],[175.03762,-37.49585],[175.04006,-37.4933],[175.03991,-37.49576],[175.03867,-37.49699],[175.03992,-37.49761],[175.04031,-37.50001],[175.03943,-37.50037],[175.04047,-37.50026],[175.04003,-37.50097],[175.04776,-37.50408],[175.04769,-37.50102],[175.04661,-37.49812],[175.04808,-37.49687],[175.04869,-37.49491],[175.04677,-37.48979],[175.04913,-37.48798],[175.04858,-37.48667],[175.0471,-37.48634],[175.04556,-37.48454],[175.04498,-37.48068],[175.04708,-37.47797],[175.04593,-37.47594],[175.05074,-37.47823],[175.05357,-37.47834],[175.05615,-37.47615],[175.0598,-37.47514],[175.0615,-37.4741],[175.06059,-37.47251],[175.05879,-37.47284],[175.05886,-37.47079],[175.06329,-37.46642],[175.06287,-37.47004],[175.06191,-37.47087],[175.06247,-37.47171],[175.0606,-37.4725],[175.06153,-37.4741],[175.06368,-37.47428],[175.0673,-37.47818],[175.0689,-37.4793],[175.06968,-37.47903],[175.07204,-37.47427],[175.07094,-37.47211],[175.07315,-37.47148],[175.07196,-37.47083],[175.07239,-37.46981],[175.07617,-37.466],[175.0759,-37.46029],[175.07817,-37.45675],[175.0781,-37.45386],[175.08053,-37.45328],[175.07938,-37.45402],[175.07963,-37.4554],[175.0831,-37.45454],[175.08507,-37.45141],[175.08729,-37.44966],[175.08655,-37.44858],[175.08818,-37.44734],[175.08738,-37.44601],[175.08867,-37.44448],[175.08946,-37.44076],[175.0858,-37.438],[175.0863,-37.43048],[175.09023,-37.43083],[175.09763,-37.42918],[175.10557,-37.42715],[175.10626,-37.42542],[175.11665,-37.42531],[175.12337,-37.42699],[175.12947,-37.43098],[175.13093,-37.43361],[175.13537,-37.43379],[175.13766,-37.43486],[175.14382,-37.43431],[175.14616,-37.43597],[175.15411,-37.43335],[175.15576,-37.43366],[175.15989,-37.43264],[175.16478,-37.43326],[175.16714,-37.43203],[175.22433,-37.42687],[175.22445,-37.42562],[175.22211,-37.42309],[175.22456,-37.42123],[175.2243,-37.41867],[175.22626,-37.41717],[175.22367,-37.41141],[175.22566,-37.40753],[175.22237,-37.4058],[175.22276,-37.40358],[175.21653,-37.39612],[175.21414,-37.39407],[175.21172,-37.39373],[175.20666,-37.38939],[175.20877,-37.38613],[175.2446,-37.36828],[175.23498,-37.35938],[175.24083,-37.35595],[175.25043,-37.35209],[175.24493,-37.34405],[175.25506,-37.33907],[175.25751,-37.33632],[175.25291,-37.33005],[175.26174,-37.32602],[175.26926,-37.32967],[175.27053,-37.33185],[175.27593,-37.33357],[175.2794,-37.33218],[175.28051,-37.32981],[175.2892,-37.32951],[175.28976,-37.33047],[175.29847,-37.32772],[175.29976,-37.32859],[175.31542,-37.32782],[175.31656,-37.32639],[175.32765,-37.33212],[175.33212,-37.32113],[175.34149,-37.32429],[175.34373,-37.32787]]]},"properties":{"name":"Waikato"}},{"type":"Feature","id":54,"geometry":{"type":"Polygon","coordinates":[[[172.22132,-42.95486],[172.22309,-42.95663],[172.21822,-42.95724],[172.21567,-42.9598],[172.21426,-42.96344],[172.2128,-42.96471],[172.21464,-42.96583],[172.21494,-42.9672],[172.21065,-42.96607],[172.20955,-42.96699],[172.20927,-42.96949],[172.21109,-42.97083],[172.21179,-42.97357],[172.21258,-42.97339],[172.21375,-42.97039],[172.21659,-42.97047],[172.21966,-42.97391],[172.22389,-42.9752],[172.22874,-42.98206],[172.23051,-42.98183],[172.23175,-42.98255],[172.23456,-42.98137],[172.24329,-42.9821],[172.2527,-42.97891],[172.25413,-42.97739],[172.25849,-42.97822],[172.26103,-42.97659],[172.26102,-42.97811],[172.25982,-42.97861],[172.25923,-42.98025],[172.26053,-42.98273],[172.26164,-42.98214],[172.26212,-42.97943],[172.26361,-42.98023],[172.2639,-42.98301],[172.26665,-42.98134],[172.26645,-42.98381],[172.26847,-42.98526],[172.26789,-42.98659],[172.27042,-42.98865],[172.27139,-42.99187],[172.26976,-42.99299],[172.2644,-42.99378],[172.26095,-42.99574],[172.25792,-42.99917],[172.2573,-43.00279],[172.25802,-43.00415],[172.26549,-43.00695],[172.267,-43.01722],[172.26981,-43.01974],[172.28097,-43.02309],[172.28642,-43.02577],[172.28933,-43.02907],[172.2915,-43.02932],[172.29826,-43.02805],[172.30735,-43.02864],[172.31143,-43.02756],[172.31914,-43.02412],[172.32299,-43.02012],[172.32659,-43.0184],[172.3315,-43.01777],[172.33249,-43.01864],[172.33326,-43.02627],[172.33465,-43.02822],[172.33222,-43.03201],[172.32913,-43.03413],[172.32848,-43.03626],[172.33383,-43.04484],[172.33685,-43.04695],[172.34402,-43.0488],[172.34718,-43.05044],[172.35372,-43.0557],[172.35751,-43.05635],[172.35873,-43.06062],[172.36114,-43.06119],[172.36215,-43.06292],[172.36573,-43.06434],[172.36593,-43.06545],[172.36898,-43.06783],[172.36896,-43.06958],[172.37457,-43.07163],[172.37641,-43.07325],[172.38133,-43.07391],[172.3796,-43.07549],[172.38276,-43.07819],[172.386,-43.0788],[172.38532,-43.0808],[172.38674,-43.08275],[172.38403,-43.08327],[172.38482,-43.08455],[172.38448,-43.08589],[172.38188,-43.08696],[172.38205,-43.09374],[172.37707,-43.09667],[172.37889,-43.09846],[172.37835,-43.10022],[172.38003,-43.10139],[172.37671,-43.10236],[172.37526,-43.10012],[172.37385,-43.10013],[172.37023,-43.10462],[172.36865,-43.10892],[172.36599,-43.10823],[172.36284,-43.10535],[172.36108,-43.10858],[172.35901,-43.10771],[172.35758,-43.1084],[172.35754,-43.10961],[172.36036,-43.11317],[172.35883,-43.11445],[172.35896,-43.11534],[172.36308,-43.11665],[172.36021,-43.11868],[172.3601,-43.11955],[172.36175,-43.12016],[172.36047,-43.12224],[172.36412,-43.12311],[172.36519,-43.12518],[172.36009,-43.12606],[172.35734,-43.12517],[172.35412,-43.12817],[172.3501,-43.12522],[172.34838,-43.12539],[172.34813,-43.12618],[172.35086,-43.12943],[172.35511,-43.12941],[172.35594,-43.13032],[172.34509,-43.1315],[172.3367,-43.13892],[172.3358,-43.14072],[172.33321,-43.14135],[172.32889,-43.14444],[172.29074,-43.12748],[172.27563,-43.12728],[172.26925,-43.12584],[172.25917,-43.12891],[172.25674,-43.12784],[172.25483,-43.12436],[172.24821,-43.12434],[172.24612,-43.12551],[172.24579,-43.12665],[172.24746,-43.12966],[172.24433,-43.13707],[172.23983,-43.13905],[172.23177,-43.14524],[172.23335,-43.15042],[172.23204,-43.15307],[172.23033,-43.1535],[172.2262,-43.16014],[172.22929,-43.16325],[172.23028,-43.1673],[172.23162,-43.1687],[172.22909,-43.17263],[172.22542,-43.1734],[172.22465,-43.17857],[172.22216,-43.17993],[172.21981,-43.17876],[172.21101,-43.1806],[172.20944,-43.18274],[172.20554,-43.18389],[172.2035,-43.18547],[172.19589,-43.18636],[172.19333,-43.18518],[172.18778,-43.18566],[172.18392,-43.18481],[172.17479,-43.18766],[172.1651,-43.17528],[172.15825,-43.17905],[172.15207,-43.18441],[172.14209,-43.18709],[172.14019,-43.18903],[172.13827,-43.19454],[172.14128,-43.19892],[172.14193,-43.20434],[172.14552,-43.20739],[172.1492,-43.20866],[172.14932,-43.21561],[172.14672,-43.21714],[172.14837,-43.21745],[172.15129,-43.21639],[172.15274,-43.21683],[172.15298,-43.21811],[172.15168,-43.21968],[172.15351,-43.22097],[172.15283,-43.22295],[172.15628,-43.22338],[172.15886,-43.22677],[172.16035,-43.22692],[172.1625,-43.22378],[172.16622,-43.22381],[172.16909,-43.22252],[172.17149,-43.2232],[172.17535,-43.22273],[172.17756,-43.22094],[172.17912,-43.22168],[172.18471,-43.22168],[172.18606,-43.22007],[172.18526,-43.21834],[172.18569,-43.21621],[172.18849,-43.21474],[172.18984,-43.21468],[172.19118,-43.21609],[172.19573,-43.21825],[172.19751,-43.217],[172.19818,-43.21404],[172.19915,-43.2137],[172.20047,-43.21427],[172.19951,-43.21959],[172.2034,-43.22252],[172.20224,-43.22325],[172.19574,-43.22227],[172.19429,-43.22367],[172.19346,-43.22679],[172.19205,-43.22786],[172.19614,-43.22803],[172.19731,-43.22987],[172.19627,-43.23248],[172.19883,-43.23265],[172.20037,-43.2343],[172.20173,-43.23424],[172.20527,-43.23197],[172.20436,-43.23439],[172.20163,-43.23563],[172.20242,-43.23607],[172.20549,-43.23605],[172.20753,-43.2325],[172.20703,-43.23046],[172.21022,-43.22905],[172.21571,-43.23023],[172.22003,-43.22986],[172.22293,-43.22739],[172.22554,-43.22691],[172.22807,-43.2279],[172.22974,-43.22981],[172.22977,-43.2355],[172.23114,-43.23788],[172.24823,-43.24403],[172.26576,-43.24178],[172.29015,-43.24354],[172.30941,-43.24124],[172.32237,-43.24106],[172.33532,-43.24457],[172.35157,-43.2525],[172.35777,-43.25329],[172.36208,-43.25622],[172.36992,-43.25843],[172.37716,-43.25946],[172.40821,-43.2556],[172.4298,-43.25479],[172.44046,-43.25548],[172.44963,-43.25753],[172.4608,-43.26169],[172.4703,-43.26636],[172.48957,-43.27758],[172.50724,-43.2816],[172.51664,-43.28292],[172.54804,-43.28371],[172.54787,-43.28289],[172.55023,-43.28268],[172.56262,-43.28273],[172.58017,-43.28164],[172.58886,-43.28033],[172.60368,-43.28261],[172.6259,-43.28217],[172.63501,-43.28022],[172.64166,-43.28005],[172.65854,-43.27586],[172.67413,-43.27581],[172.69678,-43.27867],[172.71385,-43.27877],[172.72535,-43.27762],[173.00635,-43.29584],[172.99957,-43.30899],[172.98823,-43.33693],[172.98514,-43.34842],[172.98421,-43.36216],[172.98602,-43.3794],[172.70047,-43.39091],[172.69542,-43.38989],[172.68983,-43.39113],[172.68372,-43.39024],[172.68089,-43.39068],[172.6787,-43.39158],[172.67316,-43.39868],[172.66422,-43.4038],[172.65517,-43.41117],[172.65119,-43.41285],[172.65285,-43.41505],[172.65269,-43.42074],[172.64883,-43.42721],[172.64969,-43.43259],[172.65567,-43.4416],[172.65805,-43.45458],[172.65819,-43.46241],[172.65106,-43.46531],[172.64682,-43.46868],[172.64236,-43.46831],[172.64203,-43.46736],[172.63919,-43.46796],[172.63373,-43.46474],[172.63077,-43.46593],[172.62795,-43.46327],[172.62538,-43.46496],[172.62092,-43.46422],[172.62024,-43.46469],[172.62012,-43.46701],[172.61798,-43.4674],[172.61749,-43.4696],[172.61221,-43.47324],[172.60715,-43.48406],[172.60544,-43.48419],[172.59956,-43.48424],[172.57056,-43.47224],[172.56935,-43.47092],[172.56529,-43.46046],[172.55174,-43.43558],[172.53487,-43.44002],[172.52266,-43.44225],[172.51475,-43.44194],[172.46312,-43.44736],[172.43242,-43.44765],[172.42619,-43.45046],[172.41477,-43.45317],[172.39454,-43.45586],[172.35463,-43.45821],[172.32991,-43.46059],[172.29603,-43.46011],[172.27388,-43.45642],[172.25874,-43.4552],[172.22308,-43.4475],[172.2063,-43.44571],[172.1922,-43.44288],[172.18026,-43.43868],[172.17602,-43.43581],[172.14033,-43.4224],[172.11738,-43.4092],[172.10423,-43.40293],[172.09178,-43.39028],[172.08393,-43.38101],[172.08182,-43.3749],[172.0675,-43.36517],[172.0584,-43.36115],[172.05022,-43.35969],[172.04626,-43.35999],[172.04095,-43.35701],[172.02692,-43.3539],[172.01385,-43.34824],[171.99737,-43.33777],[171.98598,-43.32608],[171.98513,-43.32387],[171.9847,-43.31556],[171.98384,-43.31399],[171.96993,-43.30416],[171.96737,-43.30131],[171.95322,-43.29096],[171.9523,-43.28917],[171.95274,-43.28675],[171.95537,-43.28541],[171.95769,-43.28524],[171.95769,-43.28321],[171.95637,-43.28241],[171.94918,-43.28263],[171.94704,-43.27989],[171.94752,-43.27705],[171.94628,-43.27507],[171.94516,-43.2742],[171.94284,-43.2753],[171.94059,-43.27531],[171.93942,-43.27377],[171.94059,-43.27078],[171.94285,-43.2701],[171.94938,-43.26395],[171.94898,-43.26127],[171.94566,-43.25954],[171.94843,-43.25466],[171.95104,-43.25308],[171.9517,-43.25146],[171.95365,-43.25011],[171.96152,-43.24867],[171.96033,-43.24644],[171.95739,-43.24467],[171.95678,-43.24213],[171.95837,-43.24162],[171.96184,-43.24437],[171.96544,-43.24229],[171.96654,-43.2404],[171.96462,-43.23912],[171.9604,-43.23887],[171.95894,-43.23537],[171.95944,-43.23373],[171.95571,-43.22852],[171.95221,-43.22746],[171.9499,-43.22775],[171.9421,-43.22382],[171.9289,-43.22041],[171.9284,-43.21799],[171.93128,-43.21284],[171.93198,-43.20943],[171.93349,-43.20786],[171.93091,-43.20503],[171.93243,-43.20315],[171.93939,-43.204],[171.94426,-43.2028],[171.94517,-43.20139],[171.94453,-43.19971],[171.94663,-43.1967],[171.95091,-43.19537],[171.94938,-43.18775],[171.95175,-43.18523],[171.95054,-43.18237],[171.95119,-43.1799],[171.95263,-43.1784],[171.99613,-43.17861],[171.99506,-43.17664],[171.99525,-43.17527],[171.99853,-43.17192],[172.00031,-43.16374],[172.00186,-43.16121],[172.00167,-43.15737],[172.00345,-43.15346],[172.01068,-43.1488],[172.01991,-43.14642],[172.02303,-43.14345],[172.02614,-43.13818],[172.0232,-43.13348],[172.02373,-43.12936],[172.0257,-43.12543],[172.02438,-43.1202],[172.02284,-43.11721],[172.0203,-43.11556],[172.01862,-43.11326],[172.01882,-43.10985],[172.02064,-43.10357],[172.01927,-43.09719],[172.04972,-43.07631],[172.05423,-43.07123],[172.06078,-43.05157],[172.07014,-43.04726],[172.07832,-43.05403],[172.08428,-43.05382],[172.09259,-43.0476],[172.09267,-43.0462],[172.09665,-43.04179],[172.09239,-43.03236],[172.09749,-43.02851],[172.09894,-43.02207],[172.10075,-43.0198],[172.1096,-43.01415],[172.1138,-43.00924],[172.11941,-43.00669],[172.11782,-43.00326],[172.11823,-43.00019],[172.11965,-42.99762],[172.11962,-42.99403],[172.12326,-42.98975],[172.12458,-42.98651],[172.1351,-42.986],[172.13812,-42.98684],[172.13991,-42.98875],[172.1413,-42.98874],[172.1441,-42.99115],[172.14973,-42.99363],[172.15551,-42.99412],[172.16168,-42.9898],[172.16183,-42.98216],[172.16602,-42.97541],[172.16601,-42.9714],[172.16685,-42.96992],[172.17311,-42.96491],[172.18136,-42.96261],[172.18237,-42.96095],[172.18484,-42.95961],[172.19061,-42.95932],[172.19776,-42.95626],[172.20329,-42.95554],[172.20856,-42.95592],[172.21899,-42.95422],[172.22132,-42.95486]]]},"properties":{"name":"Waimakariri"}},{"type":"Feature","id":55,"geometry":{"type":"Polygon","coordinates":[[[176.60959,-39.92251],[176.61516,-39.92477],[176.61393,-39.92671],[176.6114,-39.92741],[176.61298,-39.92823],[176.61836,-39.92828],[176.63174,-39.93241],[176.63451,-39.9321],[176.63865,-39.9331],[176.64157,-39.9348],[176.64614,-39.93607],[176.6507,-39.94016],[176.65477,-39.94232],[176.65097,-39.95113],[176.64909,-39.95852],[176.64817,-39.95984],[176.6458,-39.96074],[176.64583,-39.96448],[176.63661,-39.96966],[176.63449,-39.97415],[176.64531,-39.97725],[176.66046,-39.97787],[176.67463,-39.96829],[176.68334,-39.96043],[176.68673,-39.96223],[176.6898,-39.97373],[176.69252,-39.97774],[176.69117,-39.9835],[176.69189,-39.98515],[176.7022,-39.98842],[176.70761,-39.99465],[176.71366,-39.9957],[176.71518,-39.99701],[176.71585,-39.99891],[176.72452,-40.00075],[176.72977,-40.004],[176.73097,-40.00829],[176.72871,-40.01042],[176.72857,-40.0131],[176.72761,-40.01442],[176.72942,-40.02084],[176.73187,-40.02374],[176.73533,-40.02532],[176.73986,-40.0291],[176.74388,-40.0309],[176.74768,-40.03431],[176.74776,-40.04018],[176.7502,-40.04464],[176.75257,-40.04669],[176.75626,-40.04753],[176.76319,-40.04639],[176.76969,-40.04835],[176.77739,-40.05278],[176.78269,-40.05343],[176.78992,-40.05582],[176.79292,-40.05734],[176.79349,-40.05945],[176.79464,-40.0605],[176.80284,-40.06197],[176.80419,-40.06374],[176.80766,-40.06588],[176.8098,-40.06981],[176.81463,-40.06833],[176.81753,-40.06979],[176.8181,-40.07267],[176.82068,-40.07427],[176.823,-40.07456],[176.8281,-40.07353],[176.83085,-40.07092],[176.8338,-40.07182],[176.83893,-40.07144],[176.83992,-40.07248],[176.84039,-40.07965],[176.84387,-40.08213],[176.84584,-40.08643],[176.85486,-40.08867],[176.8622,-40.0933],[176.86403,-40.09594],[176.87055,-40.0989],[177.14179,-40.15066],[177.14017,-40.15777],[177.13508,-40.17518],[177.13053,-40.18601],[177.1229,-40.20068],[177.11277,-40.21669],[177.09201,-40.24408],[177.0821,-40.2555],[177.07002,-40.26757],[177.0553,-40.27978],[177.04608,-40.29174],[177.02104,-40.31774],[177.01562,-40.32561],[177.00012,-40.34377],[176.98322,-40.35955],[176.96644,-40.37256],[176.95152,-40.38222],[176.93222,-40.39277],[176.91793,-40.39959],[176.9039,-40.42208],[176.90116,-40.43696],[176.89407,-40.4595],[176.8936,-40.48164],[176.88957,-40.50542],[176.87718,-40.54642],[176.86785,-40.56768],[176.8615,-40.57816],[176.85274,-40.59092],[176.8386,-40.60819],[176.82239,-40.62352],[176.811,-40.63282],[176.79616,-40.64339],[176.77254,-40.65728],[176.75536,-40.66536],[176.73139,-40.67464],[176.7074,-40.68169],[176.6913,-40.68537],[176.67043,-40.70738],[176.66056,-40.71661],[176.64746,-40.72728],[176.63174,-40.73805],[176.61736,-40.75229],[176.61384,-40.7585],[176.60419,-40.77201],[176.59583,-40.78198],[176.57908,-40.79887],[176.55824,-40.81625],[176.5385,-40.83047],[176.52997,-40.84515],[176.52214,-40.85639],[176.52,-40.86518],[176.51424,-40.88235],[176.50346,-40.904],[176.49823,-40.91759],[176.49513,-40.92361],[176.49253,-40.93633],[176.48516,-40.95867],[176.4763,-40.97706],[176.46862,-40.98936],[176.45552,-41.00793],[176.4409,-41.02462],[176.43046,-41.03447],[176.40719,-41.05407],[176.39022,-41.06625],[176.37707,-41.07437],[176.36254,-41.0963],[176.35791,-41.11082],[176.35165,-41.12545],[176.34853,-41.14032],[176.33997,-41.16579],[176.33363,-41.18059],[176.32748,-41.19183],[176.32418,-41.21348],[176.32115,-41.22457],[176.31582,-41.23872],[176.31161,-41.24871],[176.29922,-41.26978],[176.28097,-41.29266],[176.27376,-41.30021],[176.25489,-41.31672],[176.23899,-41.3283],[176.21494,-41.34286],[176.19906,-41.35535],[176.18409,-41.36523],[176.1711,-41.37825],[176.15192,-41.39393],[176.13692,-41.40438],[176.10953,-41.41949],[176.09994,-41.43935],[176.09094,-41.45342],[176.07978,-41.4681],[176.06579,-41.48309],[176.05471,-41.49325],[176.04712,-41.49938],[176.02487,-41.5148],[176.0049,-41.52598],[175.97325,-41.53978],[175.95995,-41.54447],[175.9322,-41.55189],[175.89692,-41.55794],[175.87994,-41.56648],[175.84015,-41.584],[175.83386,-41.58968],[175.81552,-41.60338],[175.80425,-41.61037],[175.79206,-41.62229],[175.7773,-41.63409],[175.75654,-41.64801],[175.73182,-41.66101],[175.71217,-41.66954],[175.69058,-41.67698],[175.67004,-41.68242],[175.66111,-41.6903],[175.64446,-41.70275],[175.62286,-41.71582],[175.60848,-41.72328],[175.58183,-41.73898],[175.5626,-41.74798],[175.54592,-41.75461],[175.51577,-41.76373],[175.48332,-41.77024],[175.45914,-41.78226],[175.44141,-41.78946],[175.41766,-41.79723],[175.39473,-41.80284],[175.34296,-41.8114],[175.32164,-41.81386],[175.29778,-41.81507],[175.26619,-41.81501],[175.23423,-41.81276],[175.20889,-41.81191],[175.17888,-41.80864],[175.15191,-41.80296],[175.11711,-41.79252],[175.09662,-41.78395],[175.07028,-41.77036],[175.05169,-41.75854],[175.02541,-41.73727],[175.01264,-41.72381],[175.00002,-41.70808],[174.98871,-41.69049],[174.9825,-41.67828],[174.98655,-41.39619],[174.95865,-41.38292],[174.96652,-41.37568],[174.97078,-41.3705],[174.97493,-41.36826],[174.9765,-41.36646],[174.98084,-41.36481],[174.9851,-41.35586],[174.98906,-41.35291],[174.98987,-41.3495],[174.99344,-41.34501],[174.99886,-41.34413],[175.00386,-41.34457],[175.01243,-41.35007],[175.01442,-41.35058],[175.02025,-41.34947],[175.02235,-41.34825],[175.024,-41.34614],[175.02245,-41.3422],[175.02277,-41.3409],[175.02985,-41.33604],[175.03317,-41.33167],[175.03421,-41.33112],[175.0397,-41.33158],[175.04421,-41.3298],[175.04438,-41.32859],[175.04086,-41.3249],[175.04222,-41.32268],[175.04537,-41.32245],[175.04638,-41.32125],[175.0462,-41.32003],[175.0481,-41.31886],[175.04703,-41.31545],[175.04772,-41.31328],[175.05517,-41.30954],[175.05612,-41.30813],[175.05626,-41.30576],[175.06209,-41.30208],[175.06304,-41.29891],[175.06529,-41.29673],[175.07321,-41.2944],[175.07266,-41.29117],[175.0741,-41.29024],[175.07491,-41.28787],[175.07688,-41.286],[175.08037,-41.28447],[175.083,-41.28434],[175.08238,-41.28104],[175.0859,-41.28012],[175.08703,-41.27793],[175.08436,-41.27525],[175.08375,-41.27321],[175.08176,-41.27216],[175.08079,-41.26915],[175.08684,-41.26348],[175.08703,-41.26255],[175.07829,-41.25505],[175.07582,-41.25202],[175.07511,-41.25044],[175.07535,-41.2475],[175.07421,-41.24477],[175.07569,-41.24313],[175.0802,-41.24092],[175.07963,-41.23743],[175.08169,-41.23399],[175.08155,-41.231],[175.08351,-41.22808],[175.08157,-41.22585],[175.08379,-41.22199],[175.0957,-41.21229],[175.10421,-41.21134],[175.10998,-41.21339],[175.11512,-41.21103],[175.11979,-41.2116],[175.12421,-41.21075],[175.12738,-41.21533],[175.12904,-41.2155],[175.13379,-41.21224],[175.13747,-41.21124],[175.14298,-41.20566],[175.14591,-41.20494],[175.14813,-41.20341],[175.15175,-41.20292],[175.15243,-41.19873],[175.1542,-41.19658],[175.1547,-41.19216],[175.15797,-41.1831],[175.16229,-41.1778],[175.16561,-41.17893],[175.16824,-41.17094],[175.17357,-41.16875],[175.17748,-41.16595],[175.17892,-41.16253],[175.1823,-41.1586],[175.18348,-41.15541],[175.18908,-41.14957],[175.19909,-41.14945],[175.20227,-41.15112],[175.20571,-41.14966],[175.2066,-41.14743],[175.2061,-41.14273],[175.2072,-41.13945],[175.20964,-41.13661],[175.21595,-41.13169],[175.21892,-41.12791],[175.22141,-41.12656],[175.22149,-41.12298],[175.22311,-41.12206],[175.22499,-41.11818],[175.2302,-41.11911],[175.23276,-41.11747],[175.23187,-41.1153],[175.23196,-41.11284],[175.23039,-41.11019],[175.23062,-41.10899],[175.22897,-41.10434],[175.2456,-41.09062],[175.24993,-41.08893],[175.24754,-41.08175],[175.24433,-41.0771],[175.24187,-41.07138],[175.2418,-41.06647],[175.24298,-41.06386],[175.25591,-41.0519],[175.25786,-41.04605],[175.25882,-41.03969],[175.26163,-41.03663],[175.26156,-41.0329],[175.2643,-41.0294],[175.26485,-41.02649],[175.26752,-41.02507],[175.27005,-41.02553],[175.27511,-41.02268],[175.27665,-41.01978],[175.27954,-41.01674],[175.2842,-41.01271],[175.28696,-41.01187],[175.28875,-41.0093],[175.29311,-41.00589],[175.29528,-41.0013],[175.29945,-40.99819],[175.3063,-40.98948],[175.30452,-40.98702],[175.29697,-40.98384],[175.28191,-40.98582],[175.27984,-40.98681],[175.27718,-40.9857],[175.27161,-40.9858],[175.2689,-40.98359],[175.26391,-40.97697],[175.26334,-40.97229],[175.26098,-40.97063],[175.26166,-40.96779],[175.26704,-40.96728],[175.27235,-40.96343],[175.27649,-40.9615],[175.27787,-40.95888],[175.28062,-40.95716],[175.28168,-40.9524],[175.27977,-40.94906],[175.27577,-40.94511],[175.27437,-40.94438],[175.27111,-40.94451],[175.27262,-40.94117],[175.27026,-40.93901],[175.27048,-40.93801],[175.27281,-40.93647],[175.27698,-40.93638],[175.28514,-40.93406],[175.293,-40.93062],[175.29998,-40.92579],[175.31056,-40.92551],[175.31373,-40.92294],[175.31447,-40.92064],[175.31773,-40.91791],[175.33321,-40.91451],[175.33413,-40.90801],[175.33518,-40.90506],[175.33699,-40.9036],[175.33772,-40.90017],[175.34677,-40.89873],[175.34931,-40.89726],[175.35635,-40.88884],[175.35718,-40.8868],[175.35685,-40.88451],[175.36107,-40.87293],[175.35871,-40.86848],[175.35895,-40.86441],[175.36051,-40.86127],[175.35831,-40.8595],[175.35875,-40.85732],[175.35715,-40.85349],[175.35613,-40.84783],[175.35546,-40.83835],[175.35781,-40.83409],[175.35531,-40.8306],[175.35389,-40.82664],[175.35421,-40.82329],[175.35624,-40.82152],[175.3577,-40.81816],[175.35664,-40.8148],[175.35972,-40.81221],[175.37696,-40.80912],[175.37646,-40.80389],[175.37744,-40.80113],[175.37652,-40.79901],[175.37686,-40.79573],[175.37597,-40.79403],[175.37904,-40.78837],[175.37899,-40.78479],[175.38019,-40.7805],[175.3846,-40.77832],[175.38866,-40.77079],[175.39312,-40.76731],[175.39282,-40.76433],[175.39579,-40.75878],[175.3984,-40.75735],[175.3999,-40.75501],[175.40824,-40.75098],[175.41872,-40.74995],[175.42288,-40.74852],[175.42535,-40.74539],[175.43086,-40.74519],[175.43397,-40.74647],[175.43964,-40.74415],[175.44236,-40.74064],[175.44278,-40.7355],[175.44612,-40.73103],[175.44683,-40.72655],[175.44773,-40.72518],[175.48053,-40.68467],[175.62534,-40.51014],[175.683,-40.46674],[175.68916,-40.46558],[175.71458,-40.4378],[175.70552,-40.43299],[175.70667,-40.43323],[175.70969,-40.43088],[175.71308,-40.43037],[175.715,-40.42874],[175.71511,-40.42666],[175.71816,-40.42673],[175.71929,-40.42543],[175.7224,-40.42446],[175.72225,-40.42229],[175.72333,-40.42234],[175.72432,-40.42118],[175.72347,-40.41994],[175.72383,-40.4192],[175.72284,-40.41867],[175.72966,-40.41252],[175.72876,-40.41057],[175.72524,-40.41002],[175.72518,-40.40775],[175.72294,-40.40532],[175.72487,-40.40479],[175.7237,-40.40245],[175.72527,-40.40141],[175.72688,-40.40153],[175.72857,-40.39961],[175.73212,-40.39968],[175.73361,-40.39754],[175.7339,-40.39547],[175.73282,-40.3945],[175.73381,-40.39342],[175.73327,-40.39171],[175.73398,-40.39099],[175.73589,-40.39077],[175.73603,-40.39204],[175.73707,-40.39212],[175.73836,-40.38986],[175.74011,-40.39027],[175.7396,-40.38852],[175.74181,-40.38733],[175.74525,-40.38738],[175.74664,-40.38666],[175.74689,-40.38431],[175.74853,-40.38457],[175.74818,-40.38269],[175.74921,-40.38289],[175.72877,-40.37173],[175.72567,-40.37114],[175.72463,-40.37164],[175.72374,-40.37055],[175.72351,-40.36681],[175.72141,-40.3654],[175.72237,-40.36195],[175.71811,-40.3594],[175.71463,-40.35911],[175.71375,-40.35775],[175.70936,-40.35673],[175.69409,-40.33932],[175.70041,-40.33768],[175.70576,-40.33478],[175.7063,-40.33184],[175.70309,-40.32754],[175.70257,-40.32415],[175.7041,-40.32155],[175.70653,-40.32004],[175.70988,-40.32011],[175.71214,-40.32116],[175.71658,-40.33016],[175.71864,-40.33041],[175.72225,-40.32969],[175.72942,-40.32471],[175.73438,-40.32292],[175.74534,-40.31703],[175.74622,-40.31478],[175.74435,-40.31416],[175.74217,-40.3153],[175.73958,-40.30854],[175.73514,-40.30862],[175.73265,-40.30969],[175.72851,-40.30428],[175.74448,-40.29705],[175.74257,-40.2954],[175.74301,-40.29357],[175.74193,-40.29162],[175.73529,-40.28305],[175.74355,-40.2793],[175.74524,-40.27421],[175.74599,-40.2746],[175.74892,-40.27123],[175.7527,-40.27158],[175.75431,-40.26903],[175.75834,-40.26976],[175.75774,-40.27372],[175.76264,-40.27511],[175.76132,-40.27724],[175.76372,-40.27749],[175.76332,-40.27986],[175.77101,-40.28099],[175.76882,-40.28526],[175.76807,-40.29299],[175.76686,-40.29573],[175.75881,-40.2989],[175.7581,-40.30024],[175.75911,-40.30023],[175.76048,-40.3017],[175.76664,-40.30208],[175.7696,-40.30365],[175.77114,-40.30572],[175.80506,-40.26504],[175.8066,-40.26625],[175.80792,-40.26898],[175.80972,-40.26899],[175.81223,-40.27194],[175.8146,-40.2722],[175.81502,-40.24722],[175.82745,-40.24724],[175.82754,-40.26201],[175.84148,-40.24611],[175.85825,-40.2546],[175.85951,-40.25441],[175.86395,-40.2498],[175.86446,-40.24798],[175.86702,-40.24627],[175.86603,-40.24519],[175.86345,-40.24504],[175.86249,-40.24399],[175.86429,-40.24046],[175.86585,-40.23924],[175.86649,-40.23725],[175.87222,-40.23347],[175.86932,-40.22744],[175.87159,-40.22309],[175.87332,-40.22173],[175.87415,-40.21917],[175.87377,-40.21608],[175.89369,-40.20052],[175.8984,-40.19215],[175.89912,-40.18805],[175.89826,-40.18465],[175.91858,-40.17348],[175.92741,-40.17534],[175.92912,-40.17358],[175.93849,-40.15526],[175.9575,-40.15603],[175.9794,-40.14246],[175.98767,-40.12808],[176.00326,-40.11483],[176.0172,-40.10538],[176.02725,-40.08763],[176.033,-40.08],[176.04092,-40.07505],[176.06453,-40.06436],[176.07029,-40.061],[176.07696,-40.05087],[176.08113,-40.0478],[176.0741,-40.03596],[176.07754,-40.02716],[176.0766,-40.01696],[176.07728,-40.01394],[176.07907,-40.01106],[176.08945,-40.00547],[176.09079,-40.00368],[176.09234,-39.99778],[176.09383,-39.9955],[176.1255,-40.0136],[176.12397,-40.01702],[176.12449,-40.01882],[176.1304,-40.02362],[176.13339,-40.02466],[176.13467,-40.02742],[176.13663,-40.02858],[176.15427,-40.01223],[176.16224,-40.01716],[176.16516,-40.01762],[176.16732,-40.01684],[176.17221,-40.01764],[176.18062,-40.01624],[176.18146,-40.01635],[176.18133,-40.01823],[176.20497,-40.019],[176.21354,-40.01782],[176.21353,-40.02564],[176.21746,-40.02626],[176.21778,-40.02879],[176.23878,-40.02733],[176.23866,-40.03839],[176.2435,-40.03872],[176.24472,-40.04028],[176.24872,-40.04019],[176.251,-40.0435],[176.26118,-40.02864],[176.26877,-40.02071],[176.26705,-40.02095],[176.26716,-40.01553],[176.26949,-40.017],[176.27357,-40.01612],[176.27457,-40.01712],[176.27689,-40.01603],[176.27973,-40.01733],[176.2823,-40.01599],[176.28476,-40.0172],[176.28746,-40.01625],[176.29232,-40.01668],[176.29449,-40.01609],[176.29748,-40.01677],[176.29768,-40.01784],[176.29935,-40.01653],[176.30159,-40.01758],[176.30246,-40.01637],[176.30723,-40.01607],[176.31155,-40.01385],[176.31656,-40.01632],[176.319,-40.01667],[176.32136,-40.01647],[176.32746,-40.01358],[176.33259,-40.01552],[176.33528,-40.01348],[176.34518,-40.0145],[176.34987,-40.01394],[176.35232,-40.01198],[176.3593,-40.00942],[176.3593,-40.00798],[176.36134,-40.0047],[176.37326,-40.00134],[176.37506,-40.0001],[176.3768,-39.99701],[176.37681,-39.99302],[176.38101,-39.98429],[176.381,-39.98189],[176.39208,-39.98405],[176.40057,-39.97945],[176.40437,-39.97831],[176.40677,-39.97477],[176.41419,-39.97421],[176.41883,-39.97176],[176.43124,-39.97069],[176.43878,-39.96834],[176.44525,-39.96798],[176.45816,-39.97179],[176.46487,-39.97137],[176.46959,-39.97331],[176.47833,-39.97396],[176.48395,-39.97677],[176.4868,-39.97602],[176.49141,-39.97226],[176.49778,-39.97317],[176.49754,-39.96934],[176.50055,-39.97405],[176.50651,-39.97755],[176.50751,-39.97741],[176.50985,-39.98103],[176.51338,-39.9839],[176.5137,-39.98606],[176.51678,-39.98651],[176.51925,-39.98569],[176.52878,-39.98503],[176.54148,-39.98724],[176.55541,-39.98803],[176.55517,-39.98908],[176.55848,-39.98916],[176.55895,-39.98743],[176.56399,-39.98398],[176.56613,-39.97917],[176.56884,-39.97615],[176.5699,-39.97016],[176.57718,-39.96128],[176.58434,-39.95487],[176.58555,-39.95217],[176.58569,-39.94792],[176.57806,-39.94645],[176.56747,-39.94627],[176.56667,-39.93731],[176.57226,-39.93715],[176.57245,-39.93463],[176.57809,-39.93632],[176.58059,-39.93167],[176.58792,-39.93289],[176.59084,-39.93266],[176.59182,-39.92824],[176.59314,-39.92602],[176.59215,-39.92561],[176.59252,-39.92399],[176.59367,-39.92411],[176.59548,-39.92285],[176.59722,-39.91769],[176.60959,-39.92251]]]},"properties":{"name":"Wairarapa"}},{"type":"Feature","id":56,"geometry":{"type":"Polygon","coordinates":[[[174.48151,-36.83344],[174.48315,-36.83505],[174.48723,-36.83587],[174.48921,-36.83501],[174.49288,-36.83549],[174.49638,-36.83454],[174.50226,-36.83484],[174.50364,-36.83338],[174.50595,-36.83504],[174.51157,-36.83591],[174.51093,-36.8364],[174.51086,-36.83935],[174.51256,-36.84213],[174.51938,-36.83779],[174.52338,-36.84235],[174.53302,-36.83762],[174.53594,-36.8422],[174.53662,-36.84208],[174.53839,-36.8443],[174.53962,-36.84015],[174.55744,-36.84245],[174.55831,-36.84897],[174.55711,-36.85143],[174.55798,-36.85451],[174.56123,-36.85545],[174.56602,-36.8537],[174.56475,-36.85546],[174.56516,-36.85751],[174.56659,-36.85751],[174.56659,-36.85821],[174.57345,-36.85841],[174.57344,-36.86104],[174.57001,-36.86474],[174.57344,-36.86564],[174.57595,-36.86857],[174.57447,-36.86948],[174.5751,-36.87255],[174.57306,-36.87418],[174.57346,-36.87601],[174.57089,-36.87841],[174.57631,-36.8774],[174.58299,-36.87225],[174.58504,-36.87195],[174.58584,-36.87273],[174.58887,-36.87229],[174.59057,-36.87595],[174.59707,-36.87499],[174.59834,-36.88182],[174.60137,-36.88194],[174.60436,-36.89433],[174.60514,-36.89388],[174.60601,-36.89512],[174.60746,-36.89355],[174.6092,-36.89415],[174.60834,-36.89582],[174.61288,-36.89799],[174.61587,-36.90093],[174.62257,-36.90425],[174.62504,-36.90476],[174.62556,-36.90178],[174.6319,-36.89585],[174.63331,-36.90157],[174.6356,-36.90419],[174.63774,-36.90478],[174.64161,-36.90067],[174.6419,-36.90261],[174.64349,-36.90215],[174.64385,-36.89949],[174.64619,-36.89741],[174.64804,-36.8972],[174.66398,-36.90817],[174.66085,-36.91159],[174.66604,-36.9105],[174.66939,-36.91136],[174.67587,-36.91122],[174.67744,-36.90893],[174.68159,-36.90883],[174.68961,-36.903],[174.69249,-36.90399],[174.69162,-36.90597],[174.69283,-36.90687],[174.69294,-36.90868],[174.69075,-36.91171],[174.69202,-36.91413],[174.69135,-36.91588],[174.69217,-36.91629],[174.69273,-36.92037],[174.69262,-36.92102],[174.69144,-36.92102],[174.68927,-36.92679],[174.68923,-36.92927],[174.69337,-36.96899],[174.69356,-36.97826],[174.67715,-36.99495],[174.66858,-36.99821],[174.64128,-37.00628],[174.63034,-37.01093],[174.62389,-37.01568],[174.62197,-37.02237],[174.60971,-37.0272],[174.59282,-37.03001],[174.58085,-37.03019],[174.56018,-37.03262],[174.5494,-37.03511],[174.53774,-37.03931],[174.53119,-37.04328],[174.52313,-37.05085],[174.52029,-37.05899],[174.51602,-37.06253],[174.48311,-37.0772],[174.46786,-37.0822],[174.44479,-37.08786],[174.35612,-37.10265],[174.32892,-37.10877],[174.29525,-37.11716],[174.27791,-37.1223],[174.26485,-37.12661],[174.25252,-37.13185],[174.24218,-37.11064],[174.23752,-37.09747],[174.23436,-37.08574],[174.23186,-37.07193],[174.23074,-37.06389],[174.23013,-37.04931],[174.21555,-36.99799],[174.21073,-36.98685],[174.2045,-36.96779],[174.19524,-36.94696],[174.18474,-36.91106],[174.17858,-36.89699],[174.17292,-36.87948],[174.44546,-36.87662],[174.44628,-36.87499],[174.45184,-36.87323],[174.45142,-36.87095],[174.44818,-36.8695],[174.44745,-36.86684],[174.45252,-36.86407],[174.45409,-36.86439],[174.45355,-36.86306],[174.4567,-36.86046],[174.45602,-36.85935],[174.45701,-36.85799],[174.45582,-36.85817],[174.45647,-36.85723],[174.45588,-36.85652],[174.45717,-36.855],[174.45756,-36.85258],[174.45409,-36.84943],[174.45421,-36.84872],[174.45598,-36.84743],[174.46032,-36.8485],[174.46179,-36.84756],[174.46231,-36.84627],[174.46396,-36.84556],[174.46593,-36.84083],[174.46958,-36.83696],[174.47088,-36.83688],[174.47385,-36.83445],[174.481,-36.8329],[174.48151,-36.83344]]]},"properties":{"name":"Waitākere"}},{"type":"Feature","id":57,"geometry":{"type":"Polygon","coordinates":[[[170.5441,-43.4185],[170.54604,-43.42182],[170.55281,-43.42192],[170.55685,-43.42417],[170.56527,-43.42293],[170.57253,-43.41904],[170.57763,-43.41944],[170.58024,-43.4185],[170.58378,-43.42275],[170.58326,-43.42407],[170.58044,-43.42605],[170.58073,-43.43002],[170.59128,-43.43402],[170.60061,-43.43233],[170.60312,-43.4305],[170.61183,-43.43263],[170.61558,-43.43152],[170.61533,-43.43564],[170.61452,-43.43702],[170.61511,-43.44145],[170.61418,-43.44376],[170.60905,-43.44627],[170.60333,-43.45056],[170.60314,-43.45437],[170.60148,-43.45671],[170.60135,-43.45854],[170.59868,-43.46309],[170.59725,-43.46409],[170.59845,-43.46554],[170.60115,-43.4666],[170.60919,-43.4659],[170.61409,-43.4645],[170.61249,-43.45565],[170.61355,-43.45472],[170.61979,-43.45486],[170.62543,-43.4578],[170.63011,-43.46198],[170.63393,-43.46194],[170.64225,-43.46428],[170.65525,-43.46167],[170.6608,-43.45883],[170.67192,-43.45664],[170.68229,-43.45199],[170.68847,-43.45149],[170.69162,-43.45218],[170.70449,-43.46098],[170.70544,-43.46507],[170.70752,-43.46924],[170.71731,-43.47871],[170.7229,-43.48265],[170.73934,-43.49092],[170.75445,-43.50681],[170.76322,-43.51234],[170.7744,-43.51635],[170.79362,-43.51708],[170.8003,-43.51813],[170.8081,-43.52109],[170.82457,-43.52569],[170.854,-43.53194],[170.86786,-43.54638],[170.88126,-43.55841],[170.90057,-43.58251],[170.91186,-43.59849],[170.91268,-43.60077],[170.92418,-43.61402],[170.92482,-43.61595],[170.92222,-43.62086],[170.92324,-43.62266],[170.92857,-43.62729],[170.93061,-43.62786],[170.93749,-43.63241],[170.94133,-43.63316],[170.94266,-43.63419],[170.96484,-43.66566],[170.97243,-43.67138],[170.99444,-43.68153],[171.02765,-43.70006],[171.03785,-43.70147],[171.05476,-43.70184],[171.06534,-43.70338],[171.07232,-43.70522],[171.08456,-43.71085],[171.09795,-43.71185],[171.1026,-43.71309],[171.11263,-43.72203],[171.11891,-43.72629],[171.13295,-43.73056],[171.14481,-43.73772],[171.1516,-43.73889],[171.17464,-43.73316],[171.18133,-43.7329],[171.18233,-43.73435],[171.18158,-43.73837],[171.18399,-43.74056],[171.1916,-43.74459],[171.19333,-43.74833],[171.19503,-43.74891],[171.20186,-43.7487],[171.20548,-43.75055],[171.20703,-43.75245],[171.21264,-43.75473],[171.21446,-43.75791],[171.21912,-43.76022],[171.22179,-43.76389],[171.23338,-43.76423],[171.2385,-43.76717],[171.2396,-43.77165],[171.2372,-43.77566],[171.23766,-43.77728],[171.24523,-43.77958],[171.24804,-43.78293],[171.24917,-43.7897],[171.25055,-43.79093],[171.25456,-43.79222],[171.24951,-43.79853],[171.24905,-43.8001],[171.25005,-43.80234],[171.2598,-43.8046],[171.26108,-43.80576],[171.25924,-43.81209],[171.26005,-43.8136],[171.26375,-43.81611],[171.2592,-43.8241],[171.26068,-43.82949],[171.25892,-43.83161],[171.25766,-43.8353],[171.25833,-43.83662],[171.26187,-43.8391],[171.2616,-43.84342],[171.26022,-43.84504],[171.26033,-43.8481],[171.25853,-43.85127],[171.26128,-43.85769],[171.26485,-43.86241],[171.26306,-43.86899],[171.26325,-43.87149],[171.27351,-43.89201],[171.27393,-43.89576],[171.27235,-43.90123],[171.27473,-43.91129],[171.28843,-43.94041],[171.29587,-43.95219],[171.29988,-43.96956],[171.30543,-43.98],[171.31324,-43.99155],[171.32077,-44.00026],[171.33933,-44.01452],[171.37687,-44.03673],[171.39048,-44.04701],[171.39926,-44.04989],[171.40626,-44.051],[171.38656,-44.05912],[171.3713,-44.06651],[171.32294,-44.09557],[171.31976,-44.09892],[171.30322,-44.12678],[171.29588,-44.12129],[171.29396,-44.11773],[171.29284,-44.11328],[171.28359,-44.11738],[171.28953,-44.12724],[171.28185,-44.12688],[171.27389,-44.14437],[171.26601,-44.14414],[171.26397,-44.14603],[171.26503,-44.14817],[171.26593,-44.15508],[171.26875,-44.15855],[171.26824,-44.16067],[171.26657,-44.16198],[171.2657,-44.16432],[171.26873,-44.16571],[171.26938,-44.16797],[171.27161,-44.17025],[171.26688,-44.17133],[171.26818,-44.17408],[171.25597,-44.17611],[171.24394,-44.17395],[171.23962,-44.17135],[171.21589,-44.17247],[171.21056,-44.17161],[171.20741,-44.17974],[171.20827,-44.18325],[171.20451,-44.18786],[171.20577,-44.19034],[171.20539,-44.19122],[171.20123,-44.19307],[171.20134,-44.19624],[171.20849,-44.20103],[171.20866,-44.20209],[171.1984,-44.21922],[171.19741,-44.22738],[171.20307,-44.22813],[171.20022,-44.25323],[171.19765,-44.26319],[171.18134,-44.26145],[171.16597,-44.25823],[171.15201,-44.25226],[171.14122,-44.24949],[171.13678,-44.24747],[171.12311,-44.24653],[171.11567,-44.24501],[171.11277,-44.2453],[171.10573,-44.24936],[171.09513,-44.25207],[171.089,-44.25549],[171.0965,-44.2648],[171.04493,-44.27939],[171.04747,-44.28457],[171.04918,-44.29676],[171.04891,-44.29977],[171.04594,-44.30536],[171.04274,-44.30789],[171.04111,-44.31129],[171.04194,-44.31404],[171.04294,-44.31599],[171.04615,-44.31808],[171.04695,-44.31944],[171.05725,-44.32306],[171.06172,-44.32597],[171.07006,-44.32544],[171.0752,-44.32197],[171.08708,-44.33159],[171.0913,-44.32892],[171.10459,-44.32644],[171.10466,-44.32844],[171.11379,-44.33872],[171.11064,-44.33985],[171.10878,-44.345],[171.12144,-44.34615],[171.12716,-44.35173],[171.13383,-44.35564],[171.13648,-44.35984],[171.14032,-44.36311],[171.14058,-44.36776],[171.13896,-44.37216],[171.1403,-44.37423],[171.13858,-44.37628],[171.13959,-44.37852],[171.14007,-44.38391],[171.13839,-44.38542],[171.14776,-44.38546],[171.16043,-44.3888],[171.16721,-44.38703],[171.16589,-44.39497],[171.17393,-44.3965],[171.17245,-44.39804],[171.17618,-44.40028],[171.1836,-44.40143],[171.18673,-44.403],[171.19861,-44.40604],[171.20454,-44.40566],[171.20895,-44.40391],[171.22448,-44.40734],[171.22323,-44.40804],[171.22387,-44.40934],[171.22617,-44.40906],[171.22913,-44.41087],[171.23153,-44.41052],[171.23386,-44.41249],[171.23592,-44.4127],[171.2373,-44.41462],[171.23906,-44.41433],[171.23991,-44.41544],[171.24197,-44.41597],[171.24253,-44.41847],[171.24679,-44.42242],[171.25112,-44.4249],[171.25681,-44.42592],[171.52043,-44.51746],[171.50519,-44.54133],[171.49519,-44.55448],[171.48031,-44.5709],[171.46381,-44.58538],[171.45519,-44.60282],[171.44567,-44.61752],[171.44145,-44.62689],[171.44049,-44.6347],[171.44459,-44.6515],[171.44682,-44.66932],[171.44631,-44.69296],[171.45034,-44.71583],[171.45144,-44.7483],[171.45106,-44.76735],[171.45291,-44.77623],[171.4549,-44.79316],[171.45604,-44.82523],[171.45436,-44.84176],[171.4545,-44.85113],[171.45341,-44.866],[171.44947,-44.8858],[171.44726,-44.90531],[171.44424,-44.91815],[171.43873,-44.93447],[171.43452,-44.95262],[171.42991,-44.96598],[171.42214,-44.98243],[171.41609,-44.99289],[171.40945,-45.00974],[171.40117,-45.02574],[171.39242,-45.03895],[171.38233,-45.05169],[171.37658,-45.06213],[171.36799,-45.07501],[171.35755,-45.08825],[171.34498,-45.1013],[171.33538,-45.11402],[171.32727,-45.12318],[171.31413,-45.13599],[171.29803,-45.14927],[171.27568,-45.16436],[171.26515,-45.17422],[171.25155,-45.18533],[171.24567,-45.19649],[171.23767,-45.20925],[171.22462,-45.22598],[171.21447,-45.23683],[171.19951,-45.2505],[171.17385,-45.26926],[171.15952,-45.28898],[171.13977,-45.30993],[171.14573,-45.32616],[171.1486,-45.33688],[171.15184,-45.35863],[171.15227,-45.37095],[171.15076,-45.38931],[171.15106,-45.40573],[171.1477,-45.42968],[171.14149,-45.45015],[171.13428,-45.46635],[171.12492,-45.48256],[171.11246,-45.49931],[171.10814,-45.51999],[171.10071,-45.54027],[171.08849,-45.56262],[171.08128,-45.57307],[171.07204,-45.58445],[171.05921,-45.59791],[171.04257,-45.61248],[171.02557,-45.6249],[171.00757,-45.63597],[170.72672,-45.56929],[170.72822,-45.56131],[170.72597,-45.55696],[170.72716,-45.55644],[170.72696,-45.5576],[170.72833,-45.55765],[170.72865,-45.55615],[170.7267,-45.55587],[170.72571,-45.55393],[170.72563,-45.55194],[170.72752,-45.54995],[170.72691,-45.5488],[170.72388,-45.54972],[170.72439,-45.55059],[170.72141,-45.5508],[170.72366,-45.55142],[170.72259,-45.55282],[170.71613,-45.55044],[170.71525,-45.54875],[170.70869,-45.55109],[170.7156,-45.55948],[170.68325,-45.55941],[170.6806,-45.55864],[170.67799,-45.55995],[170.63679,-45.55978],[170.63133,-45.5632],[170.62807,-45.56708],[170.62717,-45.56917],[170.6302,-45.57096],[170.61372,-45.57573],[170.60482,-45.57402],[170.60352,-45.57143],[170.59941,-45.57057],[170.59775,-45.56935],[170.59055,-45.57245],[170.58807,-45.57195],[170.58416,-45.5706],[170.58307,-45.5694],[170.58195,-45.56949],[170.58126,-45.56817],[170.57985,-45.56755],[170.5801,-45.56346],[170.57563,-45.56066],[170.57475,-45.55874],[170.57525,-45.557],[170.57286,-45.55464],[170.56731,-45.55501],[170.5618,-45.55395],[170.56321,-45.55105],[170.56214,-45.5477],[170.56277,-45.54602],[170.56032,-45.54196],[170.56179,-45.54101],[170.56244,-45.53834],[170.56141,-45.53578],[170.55859,-45.53279],[170.55891,-45.53162],[170.5563,-45.52841],[170.5546,-45.524],[170.55492,-45.52119],[170.55359,-45.51949],[170.55431,-45.5188],[170.55367,-45.5179],[170.55575,-45.51547],[170.55138,-45.51232],[170.5554,-45.51435],[170.55629,-45.5132],[170.55535,-45.51232],[170.55575,-45.51038],[170.55291,-45.50937],[170.48159,-45.50924],[170.47644,-45.53297],[170.4708,-45.53153],[170.46721,-45.52889],[170.45583,-45.52861],[170.44686,-45.52595],[170.43127,-45.52315],[170.41934,-45.51873],[170.38768,-45.55409],[170.37748,-45.55453],[170.3713,-45.55423],[170.36698,-45.54923],[170.35699,-45.54699],[170.34172,-45.54581],[170.34321,-45.54106],[170.3508,-45.52815],[170.3593,-45.52124],[170.33543,-45.51022],[170.33422,-45.51037],[170.31002,-45.49786],[170.30812,-45.49975],[170.3044,-45.49959],[170.29745,-45.49719],[170.28535,-45.49458],[170.28536,-45.49738],[170.27939,-45.50095],[170.27752,-45.50359],[170.27634,-45.50358],[170.27368,-45.5056],[170.26717,-45.50458],[170.26394,-45.50675],[170.20939,-45.50672],[170.20922,-45.4819],[170.22677,-45.48201],[170.25151,-45.46369],[170.25502,-45.46344],[170.25723,-45.46209],[170.26158,-45.45611],[170.25959,-45.4529],[170.26082,-45.44877],[170.26568,-45.44412],[170.28487,-45.44428],[170.28431,-45.34959],[170.28867,-45.34959],[170.29296,-45.35178],[170.29609,-45.35208],[170.30337,-45.35624],[170.30901,-45.35824],[170.32058,-45.3605],[170.32487,-45.3625],[170.32506,-45.32408],[170.37549,-45.32692],[170.37554,-45.33091],[170.38108,-45.32649],[170.39489,-45.32791],[170.40199,-45.32309],[170.40898,-45.31967],[170.41727,-45.31059],[170.42087,-45.30795],[170.42086,-45.30405],[170.42344,-45.29544],[170.41968,-45.29107],[170.41507,-45.28788],[170.41358,-45.28376],[170.41099,-45.28026],[170.39415,-45.26919],[170.39414,-45.26857],[170.31355,-45.26842],[170.31377,-45.23584],[170.26089,-45.23562],[170.25856,-45.23625],[170.25783,-45.23593],[170.25775,-45.22952],[170.25448,-45.22897],[170.24663,-45.23038],[170.23916,-45.23039],[170.23812,-45.2314],[170.23471,-45.23117],[170.23195,-45.23251],[170.22808,-45.23171],[170.21978,-45.23485],[170.21665,-45.23466],[170.21648,-45.25732],[170.19101,-45.26317],[170.18648,-45.26502],[170.18682,-45.26885],[170.18577,-45.2721],[170.18168,-45.2768],[170.17771,-45.28753],[170.17088,-45.29857],[170.16581,-45.30346],[170.16134,-45.31156],[170.16189,-45.31571],[170.15928,-45.32336],[170.1563,-45.32759],[170.14217,-45.33743],[170.13676,-45.34244],[170.12005,-45.35251],[170.12921,-45.36738],[170.12817,-45.38023],[170.12126,-45.38666],[170.10768,-45.39634],[170.08619,-45.40891],[170.0726,-45.42383],[170.06423,-45.44082],[170.05266,-45.45382],[170.03071,-45.47372],[170.02953,-45.47647],[170.01579,-45.48037],[170.0101,-45.48136],[170.00626,-45.48107],[170.00525,-45.48394],[169.99863,-45.48011],[169.99639,-45.47755],[169.99411,-45.47788],[169.98815,-45.47953],[169.98418,-45.48517],[169.97968,-45.48674],[169.96414,-45.48959],[169.95059,-45.49498],[169.93987,-45.49602],[169.93127,-45.49927],[169.92152,-45.4981],[169.91464,-45.49818],[169.91141,-45.49655],[169.90645,-45.49712],[169.90913,-45.50136],[169.91001,-45.51143],[169.9133,-45.51545],[169.91379,-45.52322],[169.90609,-45.54216],[169.8973,-45.53966],[169.86213,-45.54877],[169.85592,-45.54784],[169.84726,-45.54939],[169.84262,-45.54935],[169.83029,-45.55367],[169.82516,-45.55438],[169.81472,-45.5601],[169.81026,-45.55938],[169.80138,-45.56014],[169.79899,-45.55821],[169.79379,-45.5567],[169.79247,-45.55761],[169.79258,-45.56127],[169.79039,-45.56806],[169.78431,-45.56904],[169.77524,-45.57244],[169.77531,-45.57135],[169.77426,-45.57096],[169.7702,-45.57205],[169.76839,-45.57116],[169.76646,-45.57174],[169.76248,-45.5709],[169.7619,-45.56842],[169.75883,-45.56718],[169.75572,-45.56308],[169.75284,-45.5616],[169.74918,-45.56322],[169.74627,-45.56235],[169.74159,-45.55884],[169.74033,-45.55572],[169.73752,-45.55431],[169.73729,-45.5568],[169.73414,-45.55875],[169.73312,-45.56049],[169.73303,-45.5622],[169.73409,-45.56307],[169.7328,-45.56459],[169.73295,-45.56581],[169.73068,-45.56708],[169.73021,-45.56927],[169.72742,-45.57],[169.72641,-45.57318],[169.72399,-45.57675],[169.71989,-45.57839],[169.7147,-45.5825],[169.7131,-45.58517],[169.70985,-45.58717],[169.71039,-45.59355],[169.70572,-45.59785],[169.7015,-45.60049],[169.69976,-45.60341],[169.69962,-45.60567],[169.70182,-45.60992],[169.69745,-45.60889],[169.69604,-45.60776],[169.69349,-45.60236],[169.69468,-45.60039],[169.68411,-45.59176],[169.68293,-45.58964],[169.68263,-45.58736],[169.68351,-45.58534],[169.69115,-45.57712],[169.68986,-45.57192],[169.6871,-45.56606],[169.68815,-45.55894],[169.68599,-45.55292],[169.68105,-45.54404],[169.67969,-45.54014],[169.67474,-45.53977],[169.67272,-45.53883],[169.66808,-45.53508],[169.66749,-45.53301],[169.66494,-45.52989],[169.66474,-45.52705],[169.66635,-45.52405],[169.66496,-45.51913],[169.66493,-45.50735],[169.66572,-45.50592],[169.66549,-45.50373],[169.6677,-45.50064],[169.66762,-45.49901],[169.66849,-45.49775],[169.65142,-45.48889],[169.64964,-45.48697],[169.64891,-45.47736],[169.65272,-45.45937],[169.65126,-45.45665],[169.64724,-45.45257],[169.65784,-45.44904],[169.66531,-45.44489],[169.67134,-45.44036],[169.67562,-45.43593],[169.67866,-45.43127],[169.68378,-45.4199],[169.69175,-45.40637],[169.69801,-45.40126],[169.70231,-45.39845],[169.70293,-45.39901],[169.70476,-45.39658],[169.70684,-45.39566],[169.70732,-45.39412],[169.70995,-45.39363],[169.71184,-45.39189],[169.71442,-45.39164],[169.71783,-45.38995],[169.71767,-45.38921],[169.72444,-45.3887],[169.72646,-45.38757],[169.72785,-45.38544],[169.73215,-45.38398],[169.73226,-45.38284],[169.73889,-45.3761],[169.74155,-45.3748],[169.74346,-45.37224],[169.74552,-45.37136],[169.74547,-45.37051],[169.75254,-45.36609],[169.75859,-45.36488],[169.76426,-45.36588],[169.77102,-45.35966],[169.77271,-45.35718],[169.77212,-45.35501],[169.77302,-45.35297],[169.77669,-45.34788],[169.7813,-45.34465],[169.78826,-45.3434],[169.78774,-45.34228],[169.78979,-45.3397],[169.79552,-45.33664],[169.79847,-45.33266],[169.79739,-45.32915],[169.79567,-45.32676],[169.79164,-45.32365],[169.79383,-45.32037],[169.79197,-45.31642],[169.793,-45.31413],[169.79636,-45.31492],[169.79418,-45.30945],[169.79293,-45.30842],[169.77781,-45.30892],[169.77403,-45.30786],[169.76756,-45.30762],[169.76537,-45.30624],[169.75664,-45.30446],[169.75724,-45.30327],[169.75634,-45.30171],[169.7568,-45.2998],[169.75263,-45.3004],[169.7448,-45.29696],[169.74424,-45.29591],[169.74244,-45.2961],[169.73888,-45.29423],[169.73598,-45.29634],[169.73276,-45.29629],[169.73056,-45.29475],[169.72769,-45.29191],[169.72714,-45.28899],[169.72854,-45.2837],[169.7298,-45.283],[169.71962,-45.27001],[169.70978,-45.26264],[169.70933,-45.26034],[169.70243,-45.25456],[169.69308,-45.24485],[169.69342,-45.24323],[169.69031,-45.23886],[169.69056,-45.23081],[169.68965,-45.22807],[169.68402,-45.22896],[169.68413,-45.23419],[169.67668,-45.23423],[169.67567,-45.23698],[169.67229,-45.23878],[169.66678,-45.2397],[169.66705,-45.2407],[169.66409,-45.24426],[169.66425,-45.24563],[169.65891,-45.25043],[169.64746,-45.26629],[169.64437,-45.26951],[169.64146,-45.27027],[169.64202,-45.27265],[169.63905,-45.27554],[169.63337,-45.28363],[169.63062,-45.28364],[169.62992,-45.28938],[169.62701,-45.29827],[169.62629,-45.30434],[169.62696,-45.3061],[169.63179,-45.30822],[169.63227,-45.30942],[169.63079,-45.31161],[169.62785,-45.32061],[169.62292,-45.32447],[169.62097,-45.32744],[169.6196,-45.33833],[169.62058,-45.34101],[169.61844,-45.34417],[169.61942,-45.34682],[169.61875,-45.34825],[169.61815,-45.34799],[169.61652,-45.34119],[169.61686,-45.33879],[169.60684,-45.32975],[169.60243,-45.32708],[169.59855,-45.32581],[169.59651,-45.32606],[169.59326,-45.31501],[169.59146,-45.31429],[169.58975,-45.31014],[169.58803,-45.30992],[169.58748,-45.30854],[169.57969,-45.30438],[169.57761,-45.30184],[169.5736,-45.29197],[169.56766,-45.28774],[169.56281,-45.28249],[169.55663,-45.27297],[169.55251,-45.26988],[169.52485,-45.26096],[169.52505,-45.25247],[169.5632,-45.21676],[169.56426,-45.21473],[169.56652,-45.21383],[169.56771,-45.21438],[169.56895,-45.21197],[169.57522,-45.20957],[169.54188,-45.2069],[169.53387,-45.20529],[169.52667,-45.20225],[169.51826,-45.20015],[169.51015,-45.19974],[169.49313,-45.20083],[169.48405,-45.20257],[169.49124,-45.19822],[169.4925,-45.19577],[169.49289,-45.19229],[169.49355,-45.19192],[169.48473,-45.19087],[169.48254,-45.18874],[169.48607,-45.18507],[169.48765,-45.18094],[169.49198,-45.17835],[169.49112,-45.17749],[169.48625,-45.17995],[169.48252,-45.18584],[169.47212,-45.18952],[169.47035,-45.1923],[169.46779,-45.19367],[169.45516,-45.1964],[169.44887,-45.19978],[169.44424,-45.19525],[169.44109,-45.19419],[169.43937,-45.19384],[169.43499,-45.19639],[169.43316,-45.19362],[169.42736,-45.17878],[169.42374,-45.16557],[169.42459,-45.16457],[169.4247,-45.16208],[169.42574,-45.16139],[169.42525,-45.1609],[169.42662,-45.15946],[169.42546,-45.15404],[169.42532,-45.14812],[169.42297,-45.13768],[169.42036,-45.13201],[169.42094,-45.13055],[169.40928,-45.10984],[169.40847,-45.11134],[169.40967,-45.11444],[169.40606,-45.11471],[169.40161,-45.11314],[169.39877,-45.11337],[169.39865,-45.1154],[169.3903,-45.12188],[169.38764,-45.11858],[169.37199,-45.11576],[169.36886,-45.10641],[169.36479,-45.10064],[169.36857,-45.09519],[169.36843,-45.094],[169.35012,-45.07653],[169.343,-45.08236],[169.34125,-45.08465],[169.3405,-45.08801],[169.34088,-45.09145],[169.34003,-45.09395],[169.34219,-45.10003],[169.3397,-45.1029],[169.34183,-45.10772],[169.34322,-45.11355],[169.34734,-45.11888],[169.34468,-45.12202],[169.3431,-45.1285],[169.3319,-45.13794],[169.33008,-45.14231],[169.33104,-45.14533],[169.31453,-45.14527],[169.31669,-45.141],[169.31791,-45.13487],[169.3117,-45.12993],[169.30842,-45.13205],[169.2998,-45.13469],[169.29453,-45.13426],[169.27213,-45.13695],[169.26791,-45.14034],[169.25138,-45.14689],[169.25041,-45.14864],[169.23859,-45.1495],[169.2319,-45.15221],[169.22802,-45.15208],[169.20167,-45.15889],[169.20564,-45.16416],[169.20717,-45.16768],[169.20876,-45.16854],[169.21001,-45.16814],[169.21202,-45.17015],[169.21267,-45.17206],[169.21551,-45.17488],[169.21588,-45.17666],[169.21851,-45.17852],[169.22004,-45.18251],[169.22895,-45.18442],[169.23334,-45.18803],[169.23062,-45.18927],[169.22771,-45.18896],[169.21787,-45.18518],[169.21598,-45.18271],[169.20761,-45.18371],[169.19898,-45.18626],[169.19734,-45.18979],[169.19406,-45.19199],[169.19365,-45.19678],[169.19425,-45.19841],[169.19124,-45.20143],[169.19102,-45.20311],[169.19194,-45.20479],[169.19064,-45.20579],[169.19018,-45.20856],[169.18764,-45.21183],[169.18802,-45.21433],[169.19082,-45.21648],[169.19145,-45.21841],[169.18357,-45.22569],[169.18335,-45.22958],[169.18577,-45.23042],[169.18603,-45.23166],[169.18494,-45.23356],[169.18235,-45.23501],[169.18073,-45.23703],[169.17814,-45.23665],[169.17252,-45.23364],[169.16142,-45.23194],[169.13517,-45.22453],[169.13277,-45.22288],[169.1256,-45.22074],[169.11691,-45.21628],[169.10861,-45.21513],[169.10213,-45.21314],[169.08975,-45.21212],[169.0786,-45.20808],[169.07217,-45.20482],[169.06369,-45.20349],[169.0614,-45.20443],[169.05786,-45.20388],[169.05329,-45.20196],[169.05299,-45.20076],[169.05072,-45.19972],[169.04391,-45.19977],[169.03345,-45.19752],[169.02918,-45.19825],[169.02176,-45.19744],[169.0156,-45.20044],[169.00945,-45.19808],[169.00802,-45.19884],[169.00048,-45.19713],[168.99746,-45.19762],[168.99242,-45.19659],[168.99047,-45.19753],[168.98746,-45.19621],[168.98621,-45.19659],[168.98562,-45.19373],[168.98614,-45.19031],[168.99425,-45.17831],[168.99503,-45.17305],[169.0002,-45.17044],[168.99996,-45.16724],[169.00329,-45.16289],[168.9996,-45.15826],[169.00083,-45.15576],[168.99706,-45.15413],[168.99825,-45.14733],[168.99481,-45.1461],[168.99066,-45.13582],[168.99706,-45.11993],[168.99591,-45.11572],[169.00024,-45.11344],[169.00141,-45.10954],[169.00366,-45.10635],[169.01253,-45.10086],[169.01503,-45.09756],[169.01902,-45.09669],[169.01818,-45.09348],[169.01932,-45.08852],[169.01905,-45.08586],[169.02045,-45.08116],[169.02605,-45.0777],[169.02795,-45.07333],[169.02758,-45.07161],[169.0249,-45.06945],[169.0248,-45.06759],[169.02784,-45.06501],[169.03459,-45.06548],[169.03694,-45.06086],[169.04294,-45.06137],[169.04572,-45.05938],[169.04651,-45.05584],[169.04783,-45.05412],[169.04201,-45.04064],[169.03939,-45.0367],[169.03939,-45.03504],[169.0446,-45.03121],[169.04607,-45.0288],[169.04607,-45.02541],[169.04724,-45.02403],[169.06231,-45.01821],[169.06539,-45.01415],[169.06491,-45.00603],[169.06717,-45.00524],[169.06859,-45.00294],[169.0706,-45.00158],[169.06772,-44.99174],[169.06605,-44.98854],[169.05472,-44.97721],[169.05238,-44.97289],[169.04506,-44.96786],[169.04404,-44.96643],[169.04595,-44.95243],[169.04703,-44.94926],[169.0468,-44.94543],[169.04803,-44.9402],[169.05029,-44.93592],[169.04816,-44.93353],[169.04797,-44.93142],[169.04511,-44.92804],[169.04269,-44.92667],[169.04399,-44.9265],[169.046,-44.92766],[169.05115,-44.92731],[169.05246,-44.92604],[169.05219,-44.92366],[169.05391,-44.92279],[169.05425,-44.92152],[169.05772,-44.9207],[169.05467,-44.91804],[169.0523,-44.91844],[169.05013,-44.91783],[169.04772,-44.91528],[169.03981,-44.91106],[169.02133,-44.91555],[169.01855,-44.91708],[169.01354,-44.92161],[168.9951,-44.91395],[168.98509,-44.91481],[168.97586,-44.91195],[168.97396,-44.91387],[168.96906,-44.90968],[168.96239,-44.90756],[168.95331,-44.90665],[168.94397,-44.90245],[168.94379,-44.89827],[168.94593,-44.89535],[168.9462,-44.89277],[168.95363,-44.88407],[168.95117,-44.87672],[168.94553,-44.87219],[168.94366,-44.86899],[168.94281,-44.8586],[168.9454,-44.85835],[168.94609,-44.85626],[168.93939,-44.8514],[168.89464,-44.83211],[168.89968,-44.82172],[168.91153,-44.80996],[168.87111,-44.79498],[168.86965,-44.79634],[168.85402,-44.79941],[168.84466,-44.80535],[168.83742,-44.74191],[168.83421,-44.73889],[168.83389,-44.7354],[168.83273,-44.73314],[168.82802,-44.72938],[168.82631,-44.72268],[168.82071,-44.7181],[168.81528,-44.71561],[168.81917,-44.71286],[168.82187,-44.709],[168.8227,-44.70522],[168.82185,-44.70242],[168.81742,-44.69864],[168.81825,-44.69815],[168.82463,-44.6989],[168.82725,-44.6982],[168.83225,-44.69453],[168.83727,-44.69231],[168.8395,-44.68755],[168.84127,-44.68684],[168.84247,-44.68459],[168.8438,-44.68335],[168.85006,-44.68087],[168.85092,-44.67879],[168.85453,-44.67788],[168.85552,-44.67846],[168.85679,-44.67771],[168.86005,-44.67881],[168.86359,-44.67533],[168.87015,-44.66681],[168.87134,-44.66398],[168.87151,-44.65629],[168.87446,-44.63226],[168.87362,-44.62956],[168.87169,-44.62876],[168.87078,-44.62711],[168.86759,-44.62595],[168.865,-44.62277],[168.86431,-44.61979],[168.86147,-44.61813],[168.86018,-44.61605],[168.85105,-44.61604],[168.84512,-44.61003],[168.84107,-44.60756],[168.83999,-44.6042],[168.83569,-44.60074],[168.83504,-44.59552],[168.8329,-44.59172],[168.83297,-44.58585],[168.83364,-44.5846],[168.83123,-44.5838],[168.8303,-44.58217],[168.82759,-44.58049],[168.8266,-44.57713],[168.82148,-44.57327],[168.82087,-44.57095],[168.8178,-44.5679],[168.81702,-44.56555],[168.81335,-44.5614],[168.81114,-44.55315],[168.8094,-44.54995],[168.8013,-44.54259],[168.79895,-44.53813],[168.79899,-44.5368],[168.80323,-44.53112],[168.80136,-44.5269],[168.80439,-44.52306],[168.74264,-44.5307],[168.64029,-44.53],[168.59759,-44.54039],[168.55164,-44.54047],[168.54792,-44.53776],[168.70303,-44.40607],[168.7154,-44.41142],[168.72354,-44.41731],[168.72839,-44.41948],[168.73801,-44.42127],[168.74255,-44.421],[168.74443,-44.41948],[168.74461,-44.41814],[168.74117,-44.40934],[168.74132,-44.40542],[168.74321,-44.40256],[168.74786,-44.399],[168.75341,-44.39225],[168.75702,-44.39001],[168.76502,-44.39128],[168.76958,-44.39114],[168.77794,-44.38793],[168.78397,-44.38301],[168.78754,-44.37702],[168.80012,-44.36907],[168.80789,-44.36272],[168.81061,-44.36213],[168.8178,-44.35613],[168.83166,-44.35186],[168.83234,-44.35073],[168.83205,-44.34809],[168.83608,-44.33992],[168.83508,-44.33405],[168.83191,-44.32644],[168.83204,-44.32179],[168.83316,-44.31925],[168.83764,-44.31676],[168.8414,-44.31188],[168.84005,-44.30245],[168.84134,-44.2954],[168.84425,-44.28966],[168.84274,-44.28334],[168.84625,-44.2785],[168.85468,-44.27415],[168.85727,-44.26971],[168.85158,-44.25863],[168.85108,-44.25662],[168.85177,-44.25369],[168.84935,-44.24614],[168.8561,-44.24245],[168.86794,-44.24025],[168.87095,-44.23886],[168.87333,-44.23386],[168.87219,-44.23034],[168.87376,-44.22756],[168.87375,-44.22587],[168.87723,-44.22284],[168.89335,-44.21747],[168.90483,-44.21823],[168.90675,-44.21645],[168.91094,-44.20979],[168.91901,-44.20946],[168.93205,-44.20568],[168.94456,-44.20347],[168.95921,-44.20581],[168.96333,-44.20038],[168.96212,-44.19327],[168.9624,-44.18628],[168.96135,-44.18236],[168.96518,-44.17375],[168.97434,-44.17301],[168.9834,-44.16975],[168.98648,-44.16972],[168.98741,-44.16887],[168.98741,-44.16748],[168.98577,-44.16564],[168.98579,-44.16335],[168.97667,-44.1508],[168.97508,-44.14403],[168.98114,-44.14149],[168.99371,-44.14112],[169.00078,-44.13959],[169.00882,-44.1361],[169.01243,-44.13263],[169.01592,-44.13082],[169.01129,-44.12642],[169.00984,-44.12398],[169.01322,-44.11488],[169.02031,-44.11458],[169.03805,-44.1182],[169.04596,-44.11613],[169.04942,-44.11309],[169.05808,-44.10934],[169.07359,-44.10961],[169.07482,-44.10869],[169.07522,-44.10283],[169.07897,-44.09836],[169.08145,-44.09698],[169.08869,-44.09532],[169.09578,-44.09728],[169.10078,-44.09557],[169.10453,-44.09542],[169.11078,-44.09322],[169.11923,-44.08745],[169.13012,-44.08695],[169.13442,-44.08301],[169.13895,-44.08073],[169.14592,-44.0799],[169.14699,-44.08007],[169.14803,-44.08267],[169.14773,-44.08608],[169.15079,-44.09122],[169.1514,-44.09459],[169.15454,-44.09963],[169.15975,-44.10486],[169.16901,-44.10462],[169.17374,-44.10602],[169.17766,-44.10821],[169.18216,-44.10844],[169.18807,-44.11054],[169.19881,-44.10952],[169.20624,-44.10693],[169.21024,-44.10788],[169.21477,-44.10777],[169.21919,-44.10943],[169.23279,-44.10856],[169.2421,-44.10611],[169.24505,-44.10702],[169.25726,-44.10815],[169.263,-44.10586],[169.2662,-44.10303],[169.2714,-44.10103],[169.27544,-44.0984],[169.2795,-44.09378],[169.2797,-44.09089],[169.2846,-44.0801],[169.29022,-44.07389],[169.28981,-44.06712],[169.29081,-44.06273],[169.29721,-44.06101],[169.30898,-44.06065],[169.3161,-44.0618],[169.321,-44.06409],[169.32135,-44.06695],[169.32307,-44.0688],[169.32289,-44.07143],[169.3286,-44.07528],[169.32868,-44.0778],[169.33061,-44.0794],[169.32967,-44.08882],[169.33454,-44.09443],[169.33636,-44.09981],[169.33863,-44.10243],[169.34493,-44.10516],[169.35436,-44.10688],[169.35674,-44.10893],[169.3658,-44.1125],[169.37269,-44.1169],[169.37833,-44.11821],[169.38682,-44.11877],[169.38854,-44.11801],[169.38939,-44.11352],[169.39059,-44.11269],[169.3949,-44.11079],[169.4084,-44.10704],[169.40862,-44.10612],[169.40738,-44.10455],[169.40958,-44.10203],[169.41641,-44.09889],[169.4202,-44.09862],[169.42357,-44.09646],[169.4285,-44.09652],[169.42905,-44.0941],[169.43329,-44.08975],[169.44379,-44.08407],[169.44553,-44.07651],[169.45014,-44.07278],[169.44977,-44.06901],[169.45051,-44.06611],[169.45728,-44.06358],[169.46265,-44.05926],[169.47104,-44.05694],[169.48632,-44.05534],[169.4981,-44.05709],[169.50359,-44.05956],[169.5067,-44.05925],[169.5117,-44.05802],[169.51397,-44.05495],[169.51681,-44.05357],[169.52157,-44.04835],[169.52406,-44.04281],[169.52851,-44.0387],[169.53527,-44.03684],[169.54108,-44.03332],[169.54374,-44.03354],[169.55065,-44.03187],[169.55705,-44.03318],[169.56226,-44.03228],[169.57162,-44.03548],[169.57559,-44.03425],[169.57868,-44.03429],[169.58049,-44.0327],[169.58131,-44.03002],[169.58195,-44.0226],[169.58423,-44.01916],[169.59138,-44.01254],[169.59199,-44.01017],[169.59124,-44.00658],[169.59288,-44.00298],[169.59224,-44.00078],[169.5928,-43.99499],[169.592,-43.99128],[169.58924,-43.9884],[169.58289,-43.98509],[169.58416,-43.98325],[169.58258,-43.98046],[169.58679,-43.97321],[169.5868,-43.96514],[169.59278,-43.95808],[169.60663,-43.95744],[169.61081,-43.95655],[169.62325,-43.95699],[169.62482,-43.95764],[169.62688,-43.96033],[169.63291,-43.96384],[169.64096,-43.96207],[169.64683,-43.96008],[169.64904,-43.95855],[169.65567,-43.95676],[169.6694,-43.95543],[169.67343,-43.95567],[169.67625,-43.95677],[169.68279,-43.95615],[169.68622,-43.95762],[169.69194,-43.9579],[169.69526,-43.95974],[169.69853,-43.96332],[169.70228,-43.96394],[169.70888,-43.96155],[169.71996,-43.9599],[169.72167,-43.95731],[169.72509,-43.95501],[169.72611,-43.95033],[169.72761,-43.9484],[169.73422,-43.94704],[169.73649,-43.94378],[169.74291,-43.94059],[169.74291,-43.9364],[169.74425,-43.93464],[169.74412,-43.93284],[169.74528,-43.93166],[169.74793,-43.93118],[169.7521,-43.9328],[169.7583,-43.93367],[169.75997,-43.92613],[169.75812,-43.92215],[169.76112,-43.92019],[169.76171,-43.91653],[169.76518,-43.90812],[169.76932,-43.90502],[169.77089,-43.89931],[169.78209,-43.89408],[169.78616,-43.89469],[169.79309,-43.89262],[169.79587,-43.8898],[169.79845,-43.88326],[169.80094,-43.88195],[169.80284,-43.87861],[169.80684,-43.87697],[169.80901,-43.8747],[169.81375,-43.87282],[169.8268,-43.87168],[169.83258,-43.86823],[169.8379,-43.86663],[169.84039,-43.86159],[169.83804,-43.85736],[169.83794,-43.85424],[169.84089,-43.85234],[169.84542,-43.84733],[169.84779,-43.84689],[169.85326,-43.84306],[169.85466,-43.84001],[169.85821,-43.83712],[169.86754,-43.83215],[169.87919,-43.83335],[169.88784,-43.8363],[169.89435,-43.83373],[169.89611,-43.82955],[169.89543,-43.8268],[169.89301,-43.82309],[169.89617,-43.82177],[169.89816,-43.81966],[169.89874,-43.81506],[169.89997,-43.81302],[169.904,-43.81259],[169.913,-43.80884],[169.9154,-43.80673],[169.92811,-43.80077],[169.93328,-43.80048],[169.93464,-43.79825],[169.9392,-43.79523],[169.94035,-43.7925],[169.94261,-43.79115],[169.94357,-43.7891],[169.94954,-43.79003],[169.95826,-43.78886],[169.96553,-43.79176],[169.96719,-43.79124],[169.96978,-43.78825],[169.97275,-43.78726],[169.97522,-43.78103],[169.97044,-43.7732],[169.97388,-43.76839],[169.97979,-43.76491],[169.98469,-43.75939],[169.98155,-43.75642],[169.97858,-43.75495],[169.97659,-43.75212],[169.97877,-43.74708],[169.99884,-43.74104],[170.00616,-43.74082],[170.01002,-43.7369],[170.01155,-43.73353],[170.01332,-43.73208],[170.01888,-43.73069],[170.02903,-43.72489],[170.03049,-43.72317],[170.03056,-43.71936],[170.02822,-43.71273],[170.02289,-43.7061],[170.0243,-43.70321],[170.0273,-43.70099],[170.03016,-43.69743],[170.0281,-43.6942],[170.02846,-43.69081],[170.03862,-43.68536],[170.04156,-43.68251],[170.04623,-43.6824],[170.05119,-43.68024],[170.05907,-43.67902],[170.06207,-43.67767],[170.06368,-43.67576],[170.07369,-43.67214],[170.08255,-43.6652],[170.09141,-43.66037],[170.09246,-43.6581],[170.09515,-43.65561],[170.09371,-43.65089],[170.094,-43.64935],[170.09948,-43.64522],[170.10122,-43.63869],[170.0986,-43.63018],[170.09291,-43.62537],[170.09415,-43.61933],[170.09775,-43.61544],[170.0977,-43.61185],[170.09563,-43.60836],[170.0923,-43.60695],[170.09305,-43.60363],[170.09216,-43.60171],[170.09318,-43.59957],[170.09677,-43.59765],[170.09813,-43.59548],[170.10935,-43.59215],[170.115,-43.58902],[170.12374,-43.58736],[170.13038,-43.58765],[170.13982,-43.58945],[170.1427,-43.5811],[170.14484,-43.57839],[170.14639,-43.57407],[170.15768,-43.57178],[170.15813,-43.56841],[170.1572,-43.56626],[170.15855,-43.56444],[170.16069,-43.56308],[170.16605,-43.56278],[170.16953,-43.55992],[170.1827,-43.56128],[170.18947,-43.55623],[170.19848,-43.55319],[170.19968,-43.55102],[170.20307,-43.54936],[170.20372,-43.54724],[170.20287,-43.54123],[170.20817,-43.53877],[170.21043,-43.53565],[170.21325,-43.53443],[170.21425,-43.53133],[170.21796,-43.53128],[170.22012,-43.52871],[170.22097,-43.52466],[170.22611,-43.52255],[170.22798,-43.51961],[170.23574,-43.51596],[170.23829,-43.51385],[170.25123,-43.51308],[170.25464,-43.51121],[170.2574,-43.51081],[170.26547,-43.51302],[170.26912,-43.5121],[170.27208,-43.51001],[170.27348,-43.51089],[170.27587,-43.51031],[170.28112,-43.50673],[170.28993,-43.50437],[170.29359,-43.50262],[170.29923,-43.50174],[170.30357,-43.49836],[170.30734,-43.49773],[170.31211,-43.49564],[170.3169,-43.49225],[170.32144,-43.49165],[170.3228,-43.49048],[170.32608,-43.48385],[170.32874,-43.48158],[170.33239,-43.48358],[170.32973,-43.48507],[170.33081,-43.48642],[170.33119,-43.48916],[170.33399,-43.49193],[170.33482,-43.49796],[170.33731,-43.49921],[170.34627,-43.50022],[170.35088,-43.50404],[170.35662,-43.50629],[170.36321,-43.50728],[170.36773,-43.50434],[170.39503,-43.49817],[170.39925,-43.49522],[170.4005,-43.49341],[170.40718,-43.49051],[170.41078,-43.48785],[170.41302,-43.48343],[170.41834,-43.47765],[170.42444,-43.47563],[170.42671,-43.47412],[170.43244,-43.4684],[170.43381,-43.46581],[170.43655,-43.46466],[170.44446,-43.46414],[170.45174,-43.46138],[170.4578,-43.46185],[170.4592,-43.46131],[170.46023,-43.45809],[170.46057,-43.45162],[170.46463,-43.44904],[170.4655,-43.44674],[170.47093,-43.44214],[170.4727,-43.43635],[170.47553,-43.43295],[170.49673,-43.42661],[170.51133,-43.42841],[170.51346,-43.42624],[170.51768,-43.42438],[170.51738,-43.4215],[170.51831,-43.41904],[170.52174,-43.41829],[170.52449,-43.41426],[170.53001,-43.40991],[170.53351,-43.41029],[170.5349,-43.41416],[170.53759,-43.41628],[170.5441,-43.4185]]]},"properties":{"name":"Waitaki"}},{"type":"Feature","id":58,"geometry":{"type":"MultiPolygon","coordinates":[[[[-176.37463,-43.55501],[-176.361,-43.55759],[-176.3424,-43.55297],[-176.3234,-43.54929],[-176.3041,-43.54658],[-176.28459,-43.54486],[-176.24531,-43.54439],[-176.20632,-43.54788],[-176.18717,-43.5511],[-176.16837,-43.55528],[-176.15001,-43.5604],[-176.13219,-43.56643],[-176.11499,-43.57335],[-176.09848,-43.58113],[-176.08276,-43.58972],[-176.0679,-43.59908],[-176.05397,-43.60918],[-176.04103,-43.61995],[-176.02916,-43.63135],[-176.01841,-43.64333],[-176.00882,-43.65582],[-176.00046,-43.66876],[-175.99336,-43.6821],[-175.98756,-43.69576],[-175.98308,-43.70968],[-175.97994,-43.72379],[-175.97818,-43.73803],[-175.97778,-43.75232],[-175.97959,-43.77263],[-175.96276,-43.76388],[-175.94513,-43.756],[-175.92679,-43.74902],[-175.90783,-43.74298],[-175.88833,-43.73792],[-175.8684,-43.73385],[-175.84813,-43.73079],[-175.82761,-43.72877],[-175.80695,-43.72778],[-175.78625,-43.72783],[-175.7656,-43.72893],[-175.74511,-43.73107],[-175.72487,-43.73424],[-175.70498,-43.73842],[-175.68554,-43.74359],[-175.66664,-43.74972],[-175.64837,-43.7568],[-175.63082,-43.76478],[-175.61408,-43.77362],[-175.59823,-43.78329],[-175.58334,-43.79373],[-175.56948,-43.8049],[-175.55673,-43.81674],[-175.54515,-43.82919],[-175.53479,-43.8422],[-175.52571,-43.8557],[-175.51794,-43.86962],[-175.51153,-43.8839],[-175.50652,-43.89847],[-175.50291,-43.91325],[-175.50075,-43.92818],[-175.50002,-43.94319],[-175.50075,-43.95819],[-175.50293,-43.97312],[-175.50654,-43.98791],[-175.51158,-44.00247],[-175.51801,-44.01675],[-175.52581,-44.03067],[-175.53494,-44.04416],[-175.54536,-44.05715],[-175.55702,-44.06959],[-175.56985,-44.08142],[-175.5838,-44.09256],[-175.59881,-44.10298],[-175.61479,-44.11261],[-175.63166,-44.12142],[-175.64936,-44.12935],[-175.66778,-44.13637],[-175.68685,-44.14245],[-175.71025,-44.14841],[-175.69345,-44.15635],[-175.67746,-44.16511],[-175.66235,-44.17465],[-175.64819,-44.18492],[-175.63506,-44.19588],[-175.62302,-44.20747],[-175.61213,-44.21964],[-175.60244,-44.23232],[-175.594,-44.24545],[-175.58686,-44.25898],[-175.58104,-44.27283],[-175.57657,-44.28693],[-175.57349,-44.30123],[-175.5718,-44.31565],[-175.57151,-44.33011],[-175.57263,-44.34456],[-175.57515,-44.35891],[-175.57907,-44.37311],[-175.58435,-44.38707],[-175.59099,-44.40073],[-175.59894,-44.41403],[-175.60817,-44.4269],[-175.61863,-44.43927],[-175.63028,-44.45109],[-175.64306,-44.46229],[-175.6569,-44.47283],[-175.67174,-44.48265],[-175.6875,-44.49171],[-175.70411,-44.49995],[-175.72149,-44.50734],[-175.73955,-44.51384],[-175.75821,-44.51942],[-175.77737,-44.52405],[-175.79693,-44.52772],[-175.81681,-44.53039],[-175.8369,-44.53206],[-175.8571,-44.53273],[-175.87732,-44.53237],[-175.89746,-44.53101],[-175.91741,-44.52864],[-175.93708,-44.52528],[-175.95638,-44.52094],[-175.9752,-44.51565],[-176.00258,-44.50588],[-176.0189,-44.52005],[-176.03657,-44.53337],[-176.0555,-44.54577],[-176.07561,-44.55719],[-176.09678,-44.56758],[-176.11893,-44.57688],[-176.14193,-44.58506],[-176.16569,-44.59206],[-176.19007,-44.59785],[-176.21496,-44.60241],[-176.24025,-44.60571],[-176.26579,-44.60774],[-176.29147,-44.60849],[-176.31717,-44.60795],[-176.34274,-44.60612],[-176.36807,-44.60302],[-176.39304,-44.59865],[-176.41751,-44.59305],[-176.44137,-44.58624],[-176.4645,-44.57825],[-176.48679,-44.56912],[-176.50813,-44.5589],[-176.5284,-44.54763],[-176.54753,-44.53538],[-176.5654,-44.5222],[-176.58194,-44.50816],[-176.59716,-44.49321],[-176.62036,-44.47412],[-176.64162,-44.45391],[-176.66085,-44.43268],[-176.67796,-44.41055],[-176.69285,-44.38761],[-176.70547,-44.36398],[-176.71735,-44.33534],[-176.75081,-44.32417],[-176.78309,-44.31135],[-176.81403,-44.29693],[-176.84348,-44.28099],[-176.87129,-44.2636],[-176.89733,-44.24486],[-176.92147,-44.22485],[-176.9436,-44.20367],[-176.9636,-44.18144],[-176.98138,-44.15825],[-176.99686,-44.13422],[-177.00996,-44.10947],[-177.01699,-44.09351],[-177.03771,-44.09518],[-177.05854,-44.0958],[-177.07938,-44.09537],[-177.10013,-44.09389],[-177.12068,-44.09137],[-177.14094,-44.08781],[-177.1608,-44.08324],[-177.18016,-44.07768],[-177.19894,-44.07116],[-177.21703,-44.0637],[-177.23436,-44.05535],[-177.25083,-44.04615],[-177.26636,-44.03614],[-177.28088,-44.02537],[-177.29432,-44.01389],[-177.30662,-44.00177],[-177.31771,-43.98905],[-177.32753,-43.97581],[-177.33605,-43.9621],[-177.34322,-43.94799],[-177.34901,-43.93356],[-177.35339,-43.91887],[-177.35634,-43.904],[-177.35785,-43.88901],[-177.3579,-43.87398],[-177.35651,-43.85899],[-177.35368,-43.84411],[-177.34942,-43.8294],[-177.34375,-43.81494],[-177.33671,-43.80081],[-177.32833,-43.78706],[-177.31866,-43.77377],[-177.30773,-43.761],[-177.2956,-43.74882],[-177.28233,-43.73727],[-177.26799,-43.72642],[-177.25265,-43.71632],[-177.23638,-43.70702],[-177.21925,-43.69857],[-177.20137,-43.69099],[-177.1828,-43.68434],[-177.15338,-43.67605],[-177.16559,-43.66552],[-177.17676,-43.6544],[-177.18682,-43.64274],[-177.19574,-43.6306],[-177.20346,-43.61804],[-177.20996,-43.60511],[-177.2152,-43.59189],[-177.21916,-43.57843],[-177.22181,-43.5648],[-177.22315,-43.55108],[-177.22317,-43.53732],[-177.22186,-43.52359],[-177.21925,-43.50996],[-177.21534,-43.4965],[-177.21015,-43.48327],[-177.20371,-43.47033],[-177.19605,-43.45775],[-177.1872,-43.44559],[-177.17722,-43.43391],[-177.16614,-43.42277],[-177.15403,-43.41221],[-177.14095,-43.40229],[-177.12695,-43.39306],[-177.11211,-43.38457],[-177.09649,-43.37684],[-177.08018,-43.36993],[-177.06325,-43.36386],[-177.02786,-43.35438],[-176.99102,-43.34856],[-176.95344,-43.34653],[-176.91583,-43.34833],[-176.89724,-43.35065],[-176.86095,-43.3581],[-176.84343,-43.36319],[-176.82417,-43.37002],[-176.7888,-43.37133],[-176.77129,-43.37333],[-176.73706,-43.37995],[-176.70441,-43.38998],[-176.67398,-43.40322],[-176.64636,-43.41941],[-176.61412,-43.44149],[-176.59431,-43.4567],[-176.576,-43.47287],[-176.55927,-43.48993],[-176.5442,-43.5078],[-176.5334,-43.52262],[-176.50695,-43.52665],[-176.48152,-43.53332],[-176.45761,-43.54249],[-176.44117,-43.55078],[-176.40769,-43.55121],[-176.37463,-43.55501]]],[[[174.85273,-41.29366],[174.85081,-41.33152],[174.83525,-41.35203],[174.63716,-41.55839],[174.60163,-41.54753],[174.57761,-41.5381],[174.56139,-41.53426],[174.54317,-41.52881],[174.52402,-41.52185],[174.50868,-41.51513],[174.48567,-41.50308],[174.46298,-41.48787],[174.44457,-41.47276],[174.42942,-41.45735],[174.69372,-41.3462],[174.6964,-41.34222],[174.69328,-41.34126],[174.69252,-41.33995],[174.70367,-41.32725],[174.70574,-41.32604],[174.70551,-41.32174],[174.7068,-41.31775],[174.70378,-41.31709],[174.7048,-41.31444],[174.71951,-41.30906],[174.71795,-41.30691],[174.72227,-41.30648],[174.72386,-41.30747],[174.72924,-41.3061],[174.73057,-41.2989],[174.73775,-41.30055],[174.73726,-41.30193],[174.73617,-41.30197],[174.7324,-41.30558],[174.73317,-41.30738],[174.73216,-41.3089],[174.73175,-41.31383],[174.7328,-41.31595],[174.73368,-41.31602],[174.73696,-41.31521],[174.74068,-41.31058],[174.74541,-41.31072],[174.74732,-41.30521],[174.74932,-41.30481],[174.74987,-41.30045],[174.75234,-41.30192],[174.75336,-41.29838],[174.76072,-41.29948],[174.7627,-41.29747],[174.76348,-41.29841],[174.76385,-41.29776],[174.76622,-41.29852],[174.76698,-41.29718],[174.76896,-41.29782],[174.77042,-41.29679],[174.78173,-41.29987],[174.78162,-41.30062],[174.78282,-41.30122],[174.78907,-41.30286],[174.79329,-41.29775],[174.79662,-41.29613],[174.79548,-41.29546],[174.79594,-41.2944],[174.79854,-41.29216],[174.79776,-41.29207],[174.79893,-41.28908],[174.79609,-41.27385],[174.84973,-41.27165],[174.85273,-41.29366]]]]},"properties":{"name":"Wellington Bays"}},{"type":"Feature","id":59,"geometry":{"type":"Polygon","coordinates":[[[174.73905,-41.24533],[174.74549,-41.24894],[174.74933,-41.24857],[174.75596,-41.24358],[174.76016,-41.24687],[174.7636,-41.24432],[174.76294,-41.24448],[174.76296,-41.24326],[174.76158,-41.24224],[174.76429,-41.2399],[174.76827,-41.23996],[174.76847,-41.24062],[174.77372,-41.23709],[174.7774,-41.23958],[174.78084,-41.23631],[174.78095,-41.23522],[174.77965,-41.23347],[174.78125,-41.23332],[174.7822,-41.23185],[174.78644,-41.23227],[174.78625,-41.22507],[174.78811,-41.22695],[174.79185,-41.22815],[174.79142,-41.23008],[174.79216,-41.22945],[174.79441,-41.23001],[174.7948,-41.23114],[174.79403,-41.23178],[174.79632,-41.23337],[174.79799,-41.23267],[174.79813,-41.23713],[174.8015,-41.23279],[174.80464,-41.23497],[174.80572,-41.23426],[174.806,-41.23247],[174.80855,-41.23283],[174.80577,-41.23551],[174.80539,-41.23762],[174.81358,-41.24369],[174.81325,-41.24731],[174.81157,-41.24908],[174.82719,-41.25626],[174.82738,-41.26209],[174.84973,-41.27165],[174.79609,-41.27385],[174.79893,-41.28908],[174.79776,-41.29207],[174.79854,-41.29216],[174.79594,-41.2944],[174.79548,-41.29546],[174.79662,-41.29613],[174.79329,-41.29775],[174.79008,-41.30114],[174.78974,-41.30246],[174.78521,-41.30193],[174.78162,-41.30062],[174.782,-41.29995],[174.77042,-41.29679],[174.76896,-41.29782],[174.76698,-41.29718],[174.76622,-41.29852],[174.76385,-41.29776],[174.76348,-41.29841],[174.7627,-41.29747],[174.76072,-41.29948],[174.75336,-41.29838],[174.75234,-41.30192],[174.74987,-41.30045],[174.74932,-41.30481],[174.74732,-41.30521],[174.74541,-41.31072],[174.74068,-41.31058],[174.73696,-41.31521],[174.73368,-41.31602],[174.7328,-41.31595],[174.73175,-41.31383],[174.73216,-41.3089],[174.73317,-41.30738],[174.7324,-41.30558],[174.73617,-41.30197],[174.73726,-41.30193],[174.73775,-41.30055],[174.73057,-41.2989],[174.72924,-41.3061],[174.72386,-41.30747],[174.72227,-41.30648],[174.71795,-41.30691],[174.71951,-41.30906],[174.7048,-41.31444],[174.70378,-41.31709],[174.7068,-41.31775],[174.70551,-41.32174],[174.70574,-41.32604],[174.70367,-41.32725],[174.69252,-41.33995],[174.69328,-41.34126],[174.6964,-41.34222],[174.69372,-41.3462],[174.42942,-41.45735],[174.41297,-41.46938],[174.38804,-41.42715],[174.51479,-41.21572],[174.53968,-41.10539],[174.7252,-41.2106],[174.71974,-41.21676],[174.74408,-41.2297],[174.73544,-41.23945],[174.74135,-41.24268],[174.73905,-41.24533]]]},"properties":{"name":"Wellington North"}},{"type":"Feature","id":60,"geometry":{"type":"Polygon","coordinates":[[[172.73937,-40.30129],[172.74776,-40.30249],[172.78481,-40.29992],[172.83348,-40.30141],[172.85682,-40.30336],[172.88914,-40.3088],[172.90998,-40.30967],[172.92574,-40.3112],[172.96669,-40.31692],[172.98827,-40.31912],[173.01,-40.3229],[173.02783,-40.32724],[173.0464,-40.33287],[173.07315,-40.339],[173.09681,-40.34648],[173.13516,-40.36195],[173.16224,-40.37476],[173.20559,-40.40035],[173.24804,-40.4302],[173.27321,-40.45061],[173.28625,-40.46349],[173.2936,-40.47187],[173.30377,-40.48515],[173.31619,-40.50384],[173.32797,-40.52517],[173.33704,-40.54984],[173.34167,-40.57323],[173.34282,-40.59595],[173.34023,-40.62047],[173.33748,-40.63204],[173.33186,-40.64912],[173.289,-40.74924],[173.36103,-40.80538],[173.32884,-40.90984],[173.22382,-41.24283],[173.21813,-41.24346],[173.21591,-41.24499],[173.21471,-41.24698],[173.21459,-41.24918],[173.21556,-41.25119],[173.22032,-41.25379],[173.20575,-41.29934],[173.18518,-41.28777],[173.17884,-41.28559],[173.17168,-41.2856],[173.16822,-41.28457],[173.15782,-41.28529],[173.14564,-41.28376],[173.13672,-41.28499],[173.1383,-41.29159],[173.13625,-41.29647],[173.13829,-41.30027],[173.13501,-41.30318],[173.13407,-41.30503],[173.12995,-41.30778],[173.12803,-41.31126],[173.12706,-41.31498],[173.12742,-41.3204],[173.12678,-41.32295],[173.12108,-41.33434],[173.11806,-41.34357],[173.11597,-41.34479],[173.11612,-41.34927],[173.1173,-41.35219],[173.11694,-41.35569],[173.11611,-41.35768],[173.11319,-41.35958],[173.11258,-41.36201],[173.11422,-41.36504],[173.11267,-41.36853],[173.11316,-41.37141],[173.11892,-41.37449],[173.12245,-41.37881],[173.12878,-41.38215],[173.12929,-41.38998],[173.13283,-41.39766],[173.13229,-41.39922],[173.13283,-41.40124],[173.13028,-41.40507],[173.1325,-41.40759],[173.13528,-41.40807],[173.13684,-41.40936],[173.14458,-41.40942],[173.14661,-41.40812],[173.14663,-41.40442],[173.14835,-41.40385],[173.15709,-41.40549],[173.1591,-41.40788],[173.16251,-41.40967],[173.17389,-41.40507],[173.17882,-41.40697],[173.18922,-41.40744],[173.19422,-41.41103],[173.20528,-41.40086],[173.20799,-41.40286],[173.20693,-41.40617],[173.2088,-41.40714],[173.20836,-41.40603],[173.2121,-41.40319],[173.21458,-41.40394],[173.22422,-41.39648],[173.22653,-41.39843],[173.23286,-41.39823],[173.23413,-41.39748],[173.23839,-41.40202],[173.24456,-41.40441],[173.24633,-41.40785],[173.24611,-41.40907],[173.24999,-41.40972],[173.25066,-41.41161],[173.25484,-41.41332],[173.26476,-41.41446],[173.2741,-41.41384],[173.27846,-41.41444],[173.28115,-41.41577],[173.28529,-41.41599],[173.28958,-41.41423],[173.28993,-41.41587],[173.2889,-41.4172],[173.29485,-41.42564],[173.28834,-41.43132],[173.28349,-41.43354],[173.28192,-41.4371],[173.27637,-41.43951],[173.27354,-41.44895],[173.2711,-41.45014],[173.26472,-41.45077],[173.26271,-41.45213],[173.26024,-41.45455],[173.26063,-41.45789],[173.25371,-41.46267],[173.25083,-41.46658],[173.2563,-41.46902],[173.26264,-41.47637],[173.26845,-41.4798],[173.27337,-41.48484],[173.27366,-41.48763],[173.27467,-41.4888],[173.28204,-41.49199],[173.28885,-41.49327],[173.29677,-41.50108],[173.30192,-41.50411],[173.3044,-41.50695],[173.30382,-41.50888],[173.29761,-41.51625],[173.29212,-41.51678],[173.28712,-41.51826],[173.28378,-41.51692],[173.27946,-41.5165],[173.27004,-41.51915],[173.26418,-41.52191],[173.2553,-41.52115],[173.2523,-41.52382],[173.24927,-41.52449],[173.24581,-41.52317],[173.23769,-41.52274],[173.23386,-41.51958],[173.2301,-41.52059],[173.22548,-41.51883],[173.21608,-41.5182],[173.20367,-41.52026],[173.1987,-41.52304],[173.19641,-41.52608],[173.19358,-41.52737],[173.18924,-41.52736],[173.18721,-41.5287],[173.18098,-41.52715],[173.17839,-41.52727],[173.1746,-41.52589],[173.17244,-41.52409],[173.16955,-41.52817],[173.1687,-41.53115],[173.17386,-41.53917],[173.17457,-41.54245],[173.16971,-41.54803],[173.16551,-41.54982],[173.16344,-41.5557],[173.16029,-41.5611],[173.15939,-41.56503],[173.15517,-41.56827],[173.15544,-41.56991],[173.15353,-41.5733],[173.1547,-41.57494],[173.15456,-41.57888],[173.15377,-41.58237],[173.15156,-41.58555],[173.14662,-41.58659],[173.13956,-41.59012],[173.13412,-41.58889],[173.13215,-41.58965],[173.12908,-41.59202],[173.12578,-41.60324],[173.12148,-41.60802],[173.1035,-41.61026],[173.10182,-41.61186],[173.09882,-41.61774],[173.08926,-41.62415],[173.08423,-41.62513],[173.08039,-41.62417],[173.0756,-41.62533],[173.06724,-41.62355],[173.0588,-41.62564],[173.05756,-41.62792],[173.05843,-41.62988],[173.05818,-41.63169],[173.05396,-41.63629],[173.05358,-41.63774],[173.05368,-41.6431],[173.05534,-41.64602],[173.05397,-41.65194],[173.05821,-41.66055],[173.05722,-41.6637],[173.05811,-41.66565],[173.05738,-41.66846],[173.00379,-41.7248],[172.96398,-41.74432],[172.95789,-41.74952],[172.94981,-41.75018],[172.94576,-41.74881],[172.94244,-41.74883],[172.93062,-41.74381],[172.92604,-41.74841],[172.92668,-41.75045],[172.92624,-41.75773],[172.93298,-41.76186],[172.93306,-41.76918],[172.93574,-41.76971],[172.93575,-41.77129],[172.93632,-41.77121],[172.9358,-41.77009],[172.94439,-41.76609],[172.94449,-41.76941],[172.93906,-41.77258],[172.94151,-41.77227],[172.94568,-41.78093],[172.93875,-41.78475],[172.92996,-41.78739],[172.92631,-41.79386],[172.91725,-41.79834],[172.90781,-41.80871],[172.90098,-41.81244],[172.89691,-41.8162],[172.89096,-41.81825],[172.88949,-41.82109],[172.88048,-41.8322],[172.87597,-41.84018],[172.87254,-41.84396],[172.87261,-41.85028],[172.86806,-41.85519],[172.869,-41.85917],[172.86767,-41.86659],[172.86441,-41.86878],[172.86152,-41.86677],[172.85916,-41.86683],[172.85557,-41.86964],[172.85095,-41.87136],[172.84757,-41.87429],[172.84648,-41.87657],[172.8469,-41.87952],[172.84478,-41.88445],[172.8447,-41.89086],[172.84595,-41.89156],[172.85189,-41.89192],[172.85317,-41.89473],[172.86003,-41.89755],[172.86473,-41.90888],[172.86177,-41.91611],[172.86232,-41.91972],[172.86111,-41.92247],[172.85502,-41.92538],[172.85293,-41.92736],[172.85013,-41.93204],[172.84878,-41.93653],[172.84907,-41.93925],[172.84716,-41.94257],[172.83707,-41.94719],[172.82222,-41.95081],[172.81907,-41.95313],[172.8146,-41.95451],[172.80806,-41.95813],[172.80802,-41.95912],[172.81064,-41.96182],[172.81162,-41.96501],[172.80874,-41.97118],[172.80937,-41.97498],[172.80696,-41.97704],[172.80383,-41.98156],[172.80299,-41.98518],[172.79912,-41.98686],[172.79655,-41.98962],[172.79194,-41.99251],[172.78719,-41.99167],[172.77904,-41.99806],[172.77816,-42.00221],[172.78142,-42.00444],[172.78199,-42.00758],[172.78332,-42.00892],[172.77981,-42.01481],[172.77387,-42.0205],[172.77331,-42.02224],[172.76398,-42.02634],[172.75714,-42.036],[172.75563,-42.03601],[172.75374,-42.0341],[172.75025,-42.03265],[172.7462,-42.03371],[172.73909,-42.03199],[172.7361,-42.03412],[172.73304,-42.03445],[172.73401,-42.0406],[172.73237,-42.04408],[172.7327,-42.04988],[172.73148,-42.05354],[172.73314,-42.05662],[172.7353,-42.0579],[172.7319,-42.06434],[172.73155,-42.06961],[172.72842,-42.07258],[172.72551,-42.07408],[172.72605,-42.0782],[172.72346,-42.08223],[172.72721,-42.09155],[172.72742,-42.09447],[172.72573,-42.09768],[172.72357,-42.09913],[172.72147,-42.10349],[172.71769,-42.10164],[172.70168,-42.1013],[172.69775,-42.10233],[172.69572,-42.10429],[172.69096,-42.10655],[172.68675,-42.10421],[172.68615,-42.10002],[172.68434,-42.09542],[172.68459,-42.0924],[172.68138,-42.0885],[172.6784,-42.08785],[172.67134,-42.09129],[172.66903,-42.09428],[172.66523,-42.09467],[172.65976,-42.09771],[172.64588,-42.10094],[172.63884,-42.10084],[172.6356,-42.10243],[172.63496,-42.10514],[172.63283,-42.10782],[172.63338,-42.11098],[172.63211,-42.11346],[172.63279,-42.11917],[172.63166,-42.1219],[172.63347,-42.12289],[172.63481,-42.1263],[172.64039,-42.13107],[172.64086,-42.1329],[172.63695,-42.13459],[172.63444,-42.13762],[172.62947,-42.13913],[172.62687,-42.14291],[172.61968,-42.14798],[172.61899,-42.14974],[172.6158,-42.15271],[172.61455,-42.15565],[172.61177,-42.15808],[172.61208,-42.16112],[172.60969,-42.16584],[172.60975,-42.16925],[172.61207,-42.17404],[172.61127,-42.17534],[172.61214,-42.17845],[172.6114,-42.18023],[172.61366,-42.1824],[172.61442,-42.18521],[172.61715,-42.18918],[172.61662,-42.19046],[172.61712,-42.19256],[172.61622,-42.19416],[172.61455,-42.19553],[172.60953,-42.19687],[172.60732,-42.1991],[172.60587,-42.20379],[172.60156,-42.20515],[172.59912,-42.20728],[172.59679,-42.20797],[172.59275,-42.21308],[172.58884,-42.2154],[172.58346,-42.21679],[172.57799,-42.21441],[172.57503,-42.2157],[172.56925,-42.21504],[172.55937,-42.21996],[172.55719,-42.22432],[172.55442,-42.22688],[172.55118,-42.23232],[172.5485,-42.23325],[172.54527,-42.23849],[172.54114,-42.24016],[172.53397,-42.24136],[172.53325,-42.24425],[172.53042,-42.24807],[172.52494,-42.2503],[172.52079,-42.25471],[172.51714,-42.25707],[172.51665,-42.26107],[172.51519,-42.26403],[172.5023,-42.26838],[172.49621,-42.26809],[172.48682,-42.26579],[172.48371,-42.26798],[172.48134,-42.27157],[172.47855,-42.27286],[172.47808,-42.27457],[172.48004,-42.2814],[172.47895,-42.28294],[172.47978,-42.28566],[172.47759,-42.28809],[172.47847,-42.29018],[172.47798,-42.29139],[172.47458,-42.29672],[172.4649,-42.30187],[172.4642,-42.30519],[172.4617,-42.30747],[172.46198,-42.31138],[172.46448,-42.31378],[172.46313,-42.31737],[172.46615,-42.31951],[172.46325,-42.32262],[172.46102,-42.32355],[172.45622,-42.3223],[172.45418,-42.32293],[172.45081,-42.32568],[172.44871,-42.32861],[172.44575,-42.33975],[172.44306,-42.34469],[172.44782,-42.35154],[172.44952,-42.35547],[172.44765,-42.35819],[172.44689,-42.36151],[172.44335,-42.36693],[172.43801,-42.37011],[172.4358,-42.36968],[172.42921,-42.37211],[172.42578,-42.37633],[172.41685,-42.38376],[172.39335,-42.37792],[172.38556,-42.38109],[172.36865,-42.38503],[172.36431,-42.3879],[172.36019,-42.38797],[172.3562,-42.39061],[172.34719,-42.39182],[172.34509,-42.39355],[172.34463,-42.39718],[172.34283,-42.39836],[172.33725,-42.39973],[172.33488,-42.40344],[172.33511,-42.40583],[172.3337,-42.40832],[172.32869,-42.41056],[172.3275,-42.41383],[172.32477,-42.41645],[172.31751,-42.4198],[172.31067,-42.4199],[172.29979,-42.42174],[172.29945,-42.42275],[172.30113,-42.4261],[172.30072,-42.42846],[172.296,-42.43387],[172.29551,-42.43626],[172.29346,-42.43843],[172.29328,-42.44041],[172.28983,-42.44305],[172.28668,-42.4441],[172.27879,-42.4499],[172.2728,-42.45096],[172.26555,-42.45513],[172.264,-42.45461],[172.26169,-42.45201],[172.25716,-42.45346],[172.25483,-42.45128],[172.24112,-42.45703],[172.23789,-42.45607],[172.23571,-42.45653],[172.23442,-42.46134],[172.23146,-42.46541],[172.23214,-42.46994],[172.23168,-42.47267],[172.22713,-42.47952],[172.2231,-42.4822],[172.21987,-42.48629],[172.21717,-42.48629],[172.21107,-42.48857],[172.20852,-42.4912],[172.20523,-42.49296],[172.19541,-42.49649],[172.19326,-42.49987],[172.19038,-42.50071],[172.18688,-42.50395],[172.18573,-42.50698],[172.18325,-42.50936],[172.18087,-42.51353],[172.18132,-42.51555],[172.18052,-42.52016],[172.18167,-42.52124],[172.18278,-42.52651],[172.1788,-42.53288],[172.17829,-42.53551],[172.17406,-42.5393],[172.16757,-42.54277],[172.16436,-42.54692],[172.15584,-42.5531],[172.14974,-42.55492],[172.14415,-42.5523],[172.14042,-42.55444],[172.1329,-42.55525],[172.12887,-42.55937],[172.12831,-42.56156],[172.1243,-42.56356],[172.12121,-42.56658],[172.11936,-42.56979],[172.11509,-42.57348],[172.11083,-42.5793],[172.1085,-42.58047],[172.10716,-42.58317],[172.10713,-42.5859],[172.10314,-42.58781],[172.09848,-42.59342],[172.10271,-42.60613],[172.10117,-42.60818],[172.09775,-42.61034],[172.09584,-42.61735],[172.09343,-42.6212],[172.08561,-42.62395],[172.08209,-42.62389],[172.07929,-42.62215],[172.07556,-42.62272],[172.06793,-42.62464],[172.06163,-42.62728],[172.05776,-42.62753],[172.0557,-42.62903],[172.05084,-42.62977],[172.04735,-42.63241],[172.04411,-42.63103],[172.0408,-42.63095],[172.02849,-42.63676],[172.02193,-42.63468],[172.01914,-42.6323],[172.01555,-42.63184],[172.01204,-42.63401],[172.00746,-42.63493],[171.99676,-42.63357],[171.9897,-42.63721],[171.98062,-42.63778],[171.97466,-42.63904],[171.97405,-42.63952],[171.97489,-42.64081],[171.97536,-42.64543],[171.97379,-42.6475],[171.97334,-42.65225],[171.97234,-42.65347],[171.96954,-42.65382],[171.96353,-42.65288],[171.95862,-42.65359],[171.95069,-42.6581],[171.94883,-42.66024],[171.94246,-42.66352],[171.93374,-42.66418],[171.92592,-42.6662],[171.92804,-42.66901],[171.92778,-42.67155],[171.92281,-42.67742],[171.91564,-42.68173],[171.9157,-42.68807],[171.91345,-42.69046],[171.9125,-42.69467],[171.90799,-42.7047],[171.90388,-42.70756],[171.90056,-42.71119],[171.88736,-42.71685],[171.88506,-42.71875],[171.88477,-42.7222],[171.88283,-42.72795],[171.88239,-42.73312],[171.88407,-42.73925],[171.88301,-42.74681],[171.88436,-42.74966],[171.8798,-42.75152],[171.87522,-42.74849],[171.87298,-42.74804],[171.86373,-42.75052],[171.86239,-42.75213],[171.85766,-42.75461],[171.85598,-42.75746],[171.84959,-42.76014],[171.84797,-42.76153],[171.84628,-42.76697],[171.84386,-42.76838],[171.84188,-42.77075],[171.84204,-42.77304],[171.84333,-42.77482],[171.83275,-42.77508],[171.82958,-42.77709],[171.82709,-42.78132],[171.81247,-42.78382],[171.81221,-42.78476],[171.81455,-42.78758],[171.81442,-42.7886],[171.81256,-42.78996],[171.81056,-42.79029],[171.80633,-42.78926],[171.8042,-42.78727],[171.80166,-42.78659],[171.79463,-42.78804],[171.79207,-42.78645],[171.78909,-42.78281],[171.78325,-42.78434],[171.77636,-42.7903],[171.76912,-42.78908],[171.7682,-42.79045],[171.76388,-42.79168],[171.76253,-42.7944],[171.76158,-42.80217],[171.7587,-42.80487],[171.7571,-42.80907],[171.75944,-42.81205],[171.75949,-42.81416],[171.75849,-42.81624],[171.75501,-42.81782],[171.75446,-42.81879],[171.75643,-42.82271],[171.76144,-42.82481],[171.76278,-42.82855],[171.76111,-42.83422],[171.76268,-42.83705],[171.76014,-42.84071],[171.75163,-42.84632],[171.73703,-42.84709],[171.73298,-42.85335],[171.73366,-42.85516],[171.73619,-42.85642],[171.73744,-42.85871],[171.73684,-42.86093],[171.73302,-42.86319],[171.73359,-42.86447],[171.7409,-42.86818],[171.74332,-42.87216],[171.74637,-42.87408],[171.74006,-42.87849],[171.73731,-42.87848],[171.73539,-42.88254],[171.73025,-42.88473],[171.72653,-42.8884],[171.71899,-42.89098],[171.71695,-42.89321],[171.71078,-42.89577],[171.71032,-42.89797],[171.71116,-42.90024],[171.71014,-42.90382],[171.70361,-42.90349],[171.6994,-42.90684],[171.69428,-42.90834],[171.68692,-42.90613],[171.68975,-42.90271],[171.69065,-42.90098],[171.69029,-42.89994],[171.68039,-42.89905],[171.67941,-42.89413],[171.67627,-42.89222],[171.67207,-42.8914],[171.66969,-42.88857],[171.66523,-42.88632],[171.66363,-42.88697],[171.66032,-42.89088],[171.65438,-42.89352],[171.65298,-42.89704],[171.64443,-42.89813],[171.64096,-42.90034],[171.63406,-42.9026],[171.62862,-42.90296],[171.61919,-42.9015],[171.61421,-42.90364],[171.61049,-42.90015],[171.60557,-42.89868],[171.59974,-42.89886],[171.59753,-42.90034],[171.5916,-42.90137],[171.59187,-42.89848],[171.59098,-42.89607],[171.58686,-42.89574],[171.57793,-42.89913],[171.57391,-42.89961],[171.57028,-42.90314],[171.56629,-42.9054],[171.55954,-42.90746],[171.55358,-42.90598],[171.54295,-42.90564],[171.53975,-42.90465],[171.53466,-42.90479],[171.52655,-42.90673],[171.51725,-42.91423],[171.51586,-42.91271],[171.51167,-42.91107],[171.51156,-42.90914],[171.50738,-42.90179],[171.50484,-42.90108],[171.50085,-42.89777],[171.4953,-42.89796],[171.49101,-42.89593],[171.48891,-42.89774],[171.48786,-42.90099],[171.48618,-42.90197],[171.48372,-42.90562],[171.48105,-42.90619],[171.48078,-42.90781],[171.47519,-42.91118],[171.47099,-42.91178],[171.46877,-42.91415],[171.46546,-42.91527],[171.46375,-42.91428],[171.46286,-42.91239],[171.45678,-42.911],[171.45446,-42.90921],[171.44919,-42.9092],[171.44578,-42.91232],[171.44228,-42.91372],[171.44021,-42.91701],[171.43631,-42.91927],[171.4344,-42.92145],[171.43584,-42.92393],[171.43495,-42.926],[171.43536,-42.92706],[171.43973,-42.92855],[171.44088,-42.93028],[171.44031,-42.9324],[171.43752,-42.93569],[171.4258,-42.93537],[171.42109,-42.93918],[171.4204,-42.94279],[171.41813,-42.94619],[171.41417,-42.94775],[171.41142,-42.95085],[171.40761,-42.95146],[171.40481,-42.95322],[171.40149,-42.95253],[171.39775,-42.95503],[171.39795,-42.95689],[171.39601,-42.95931],[171.39238,-42.95622],[171.3947,-42.95034],[171.39382,-42.94753],[171.39478,-42.94439],[171.39316,-42.94262],[171.3902,-42.94134],[171.38453,-42.94533],[171.38185,-42.94604],[171.3802,-42.9436],[171.37678,-42.94221],[171.37525,-42.94041],[171.37218,-42.93892],[171.36837,-42.93916],[171.3622,-42.93719],[171.36055,-42.93769],[171.35949,-42.94017],[171.35283,-42.94566],[171.34519,-42.94971],[171.34003,-42.94873],[171.3402,-42.94506],[171.3387,-42.94376],[171.33613,-42.94325],[171.33322,-42.94441],[171.32969,-42.94418],[171.32436,-42.94646],[171.31424,-42.94815],[171.30769,-42.95261],[171.30312,-42.9581],[171.30496,-42.96018],[171.3095,-42.96139],[171.30844,-42.96623],[171.30263,-42.9656],[171.29843,-42.96614],[171.29034,-42.971],[171.28561,-42.97278],[171.28221,-42.97312],[171.28089,-42.97499],[171.27356,-42.98002],[171.26093,-42.98506],[171.25615,-42.98982],[171.25593,-42.99091],[171.25691,-42.99188],[171.25422,-42.99504],[171.25394,-42.99752],[171.24935,-42.9988],[171.24184,-42.99879],[171.23767,-43.00251],[171.23926,-43.00462],[171.24038,-43.00804],[171.23934,-43.01299],[171.24353,-43.01622],[171.23673,-43.02419],[171.23682,-43.02637],[171.24077,-43.02873],[171.2407,-43.03097],[171.23987,-43.03287],[171.23641,-43.03527],[171.2355,-43.03762],[171.23362,-43.03947],[171.22704,-43.04024],[171.22481,-43.04256],[171.22274,-43.04325],[171.22344,-43.04535],[171.22262,-43.05081],[171.22147,-43.05248],[171.22233,-43.05506],[171.22195,-43.05828],[171.22013,-43.06074],[171.2196,-43.06465],[171.21142,-43.06566],[171.20933,-43.06836],[171.20402,-43.07269],[171.19815,-43.07429],[171.19497,-43.07258],[171.19087,-43.06667],[171.18557,-43.06427],[171.18421,-43.06436],[171.1783,-43.06803],[171.17773,-43.07082],[171.17571,-43.07425],[171.16975,-43.0747],[171.16136,-43.07719],[171.15854,-43.07709],[171.1557,-43.07867],[171.15449,-43.08102],[171.15188,-43.08253],[171.14883,-43.08683],[171.1459,-43.08885],[171.14477,-43.0887],[171.14308,-43.08686],[171.14065,-43.08251],[171.13398,-43.08225],[171.12993,-43.08123],[171.11722,-43.08573],[171.1157,-43.08779],[171.11351,-43.09569],[171.11533,-43.09803],[171.11539,-43.09957],[171.11186,-43.10308],[171.11152,-43.10518],[171.10946,-43.10737],[171.10815,-43.11039],[171.10539,-43.11213],[171.10023,-43.10901],[171.09997,-43.10681],[171.09674,-43.10579],[171.09591,-43.10445],[171.09636,-43.1022],[171.09515,-43.1008],[171.08977,-43.10174],[171.08467,-43.10109],[171.07973,-43.10202],[171.07759,-43.10677],[171.07781,-43.11038],[171.0766,-43.11189],[171.06763,-43.11247],[171.06494,-43.11352],[171.06328,-43.11532],[171.06285,-43.11847],[171.06619,-43.1214],[171.06904,-43.12562],[171.06758,-43.12827],[171.05828,-43.132],[171.05669,-43.13169],[171.04561,-43.13754],[171.04463,-43.13898],[171.04151,-43.13966],[171.04025,-43.14081],[171.04009,-43.14259],[171.03891,-43.14318],[171.03886,-43.1448],[171.03738,-43.14587],[171.03833,-43.1475],[171.03793,-43.15142],[171.04303,-43.15609],[171.0444,-43.1583],[171.04714,-43.15915],[171.04777,-43.16192],[171.04727,-43.16361],[171.0386,-43.16691],[171.0351,-43.16912],[171.02003,-43.17453],[171.01867,-43.17991],[171.0169,-43.18183],[171.01694,-43.18359],[171.01337,-43.18597],[171.01447,-43.18957],[171.01372,-43.19163],[171.01006,-43.19393],[171.00422,-43.19534],[170.99816,-43.20442],[170.9967,-43.20793],[170.99329,-43.2112],[170.99327,-43.21531],[170.99174,-43.21764],[170.9877,-43.21786],[170.98407,-43.22068],[170.97974,-43.22263],[170.97134,-43.22216],[170.9646,-43.22512],[170.95795,-43.22583],[170.95381,-43.22719],[170.94847,-43.22727],[170.94593,-43.22466],[170.94426,-43.22144],[170.94792,-43.21182],[170.94868,-43.20786],[170.94821,-43.20599],[170.93721,-43.20406],[170.92873,-43.20654],[170.92664,-43.20892],[170.92188,-43.21148],[170.92138,-43.2132],[170.91848,-43.21317],[170.91296,-43.21604],[170.91218,-43.22167],[170.91046,-43.223],[170.90999,-43.22598],[170.90684,-43.22871],[170.89678,-43.23296],[170.89356,-43.2353],[170.89336,-43.23753],[170.8921,-43.23897],[170.88724,-43.24164],[170.87581,-43.24577],[170.87309,-43.24582],[170.87324,-43.24779],[170.87576,-43.25245],[170.8746,-43.25425],[170.86785,-43.25891],[170.8671,-43.26191],[170.86523,-43.26482],[170.86889,-43.26734],[170.87069,-43.27253],[170.8678,-43.27519],[170.86434,-43.27637],[170.86026,-43.2814],[170.84835,-43.28154],[170.84174,-43.28292],[170.8374,-43.28291],[170.8354,-43.28202],[170.83121,-43.28306],[170.82272,-43.28953],[170.82421,-43.29243],[170.82401,-43.29421],[170.81992,-43.29969],[170.8119,-43.30115],[170.80571,-43.30447],[170.7991,-43.3003],[170.7928,-43.29907],[170.78834,-43.30307],[170.78245,-43.30423],[170.78157,-43.30649],[170.7771,-43.30732],[170.76882,-43.31287],[170.76452,-43.31316],[170.7618,-43.31778],[170.75982,-43.3183],[170.75187,-43.31867],[170.74375,-43.3163],[170.74068,-43.31668],[170.73922,-43.31587],[170.73407,-43.31604],[170.73133,-43.31524],[170.72724,-43.31645],[170.72458,-43.31841],[170.71676,-43.31655],[170.70531,-43.3188],[170.7057,-43.32079],[170.7095,-43.3236],[170.71026,-43.32659],[170.71676,-43.33278],[170.7147,-43.33857],[170.71614,-43.34324],[170.71241,-43.34499],[170.69937,-43.3464],[170.68626,-43.34616],[170.67741,-43.34765],[170.67075,-43.35073],[170.66829,-43.35626],[170.66459,-43.35756],[170.65999,-43.3616],[170.6568,-43.36245],[170.64672,-43.36931],[170.64581,-43.37053],[170.64605,-43.37404],[170.6487,-43.37519],[170.65247,-43.37501],[170.6536,-43.37667],[170.65763,-43.37741],[170.65759,-43.38286],[170.65663,-43.38689],[170.65172,-43.38874],[170.64805,-43.39236],[170.64474,-43.39322],[170.63997,-43.3931],[170.63293,-43.39682],[170.63299,-43.39889],[170.63503,-43.4014],[170.63052,-43.40556],[170.62786,-43.4067],[170.62211,-43.41311],[170.61894,-43.41471],[170.61555,-43.41796],[170.61517,-43.42115],[170.61358,-43.42415],[170.61715,-43.42983],[170.61506,-43.43187],[170.61157,-43.43261],[170.60312,-43.4305],[170.60061,-43.43233],[170.59128,-43.43402],[170.58073,-43.43002],[170.58044,-43.42605],[170.58326,-43.42407],[170.58378,-43.42275],[170.58024,-43.4185],[170.57763,-43.41944],[170.57253,-43.41904],[170.56527,-43.42293],[170.55667,-43.42415],[170.55281,-43.42192],[170.54604,-43.42182],[170.54385,-43.41828],[170.53777,-43.41637],[170.5352,-43.4145],[170.53351,-43.41029],[170.52968,-43.40998],[170.52449,-43.41426],[170.52174,-43.41829],[170.51831,-43.41904],[170.51738,-43.4215],[170.51768,-43.42438],[170.51346,-43.42624],[170.51133,-43.42841],[170.49673,-43.42661],[170.47549,-43.43298],[170.4727,-43.43635],[170.47093,-43.44214],[170.4655,-43.44674],[170.46463,-43.44904],[170.46057,-43.45162],[170.46023,-43.45809],[170.4592,-43.46131],[170.4578,-43.46185],[170.45174,-43.46138],[170.44446,-43.46414],[170.43655,-43.46466],[170.43381,-43.46581],[170.43244,-43.4684],[170.42671,-43.47412],[170.42444,-43.47563],[170.41834,-43.47765],[170.41302,-43.48343],[170.41078,-43.48785],[170.40718,-43.49051],[170.4005,-43.49341],[170.39925,-43.49522],[170.39503,-43.49817],[170.36773,-43.50434],[170.36321,-43.50728],[170.35662,-43.50629],[170.35088,-43.50404],[170.34627,-43.50022],[170.33731,-43.49921],[170.33482,-43.49796],[170.33399,-43.49193],[170.33119,-43.48916],[170.33081,-43.48642],[170.32973,-43.48507],[170.33239,-43.48358],[170.32874,-43.48158],[170.32608,-43.48385],[170.32199,-43.49132],[170.3169,-43.49225],[170.31211,-43.49564],[170.30734,-43.49773],[170.30357,-43.49836],[170.29923,-43.50174],[170.28689,-43.50472],[170.28048,-43.50702],[170.27612,-43.51022],[170.27348,-43.51089],[170.27208,-43.51001],[170.26727,-43.51267],[170.26452,-43.51297],[170.2574,-43.51081],[170.25464,-43.51121],[170.25123,-43.51308],[170.23842,-43.51383],[170.23574,-43.51596],[170.22883,-43.51903],[170.22611,-43.52255],[170.22087,-43.52475],[170.22012,-43.52871],[170.21796,-43.53128],[170.21425,-43.53133],[170.21325,-43.53443],[170.21043,-43.53565],[170.20817,-43.53877],[170.20287,-43.54123],[170.20372,-43.54724],[170.20307,-43.54936],[170.19968,-43.55102],[170.19848,-43.55319],[170.18947,-43.55623],[170.1827,-43.56128],[170.16953,-43.55992],[170.16575,-43.5629],[170.16069,-43.56308],[170.15741,-43.56547],[170.15726,-43.56703],[170.15813,-43.56841],[170.15768,-43.57178],[170.14663,-43.57382],[170.14484,-43.57839],[170.1427,-43.5811],[170.13982,-43.58945],[170.12529,-43.58723],[170.11549,-43.5889],[170.10935,-43.59215],[170.09813,-43.59548],[170.09677,-43.59765],[170.09318,-43.59957],[170.09216,-43.60171],[170.09305,-43.60363],[170.09217,-43.60665],[170.09695,-43.60974],[170.09778,-43.61522],[170.09415,-43.61933],[170.09291,-43.62537],[170.0986,-43.63018],[170.10122,-43.63869],[170.09948,-43.64522],[170.094,-43.64935],[170.09371,-43.65089],[170.09515,-43.65561],[170.09246,-43.6581],[170.09141,-43.66037],[170.08255,-43.6652],[170.07369,-43.67214],[170.06368,-43.67576],[170.06207,-43.67767],[170.05907,-43.67902],[170.05119,-43.68024],[170.04623,-43.6824],[170.04156,-43.68251],[170.03862,-43.68536],[170.02846,-43.69081],[170.0281,-43.6942],[170.03016,-43.69743],[170.0273,-43.70099],[170.0243,-43.70321],[170.02289,-43.7061],[170.02822,-43.71273],[170.03056,-43.71936],[170.03049,-43.72317],[170.02903,-43.72489],[170.01888,-43.73069],[170.01332,-43.73208],[170.01155,-43.73353],[170.01002,-43.7369],[170.00616,-43.74082],[169.99884,-43.74104],[169.97877,-43.74708],[169.97659,-43.75212],[169.97858,-43.75495],[169.98155,-43.75642],[169.98469,-43.75939],[169.97979,-43.76491],[169.97388,-43.76839],[169.97053,-43.77299],[169.97167,-43.77601],[169.97522,-43.78103],[169.97268,-43.78731],[169.96978,-43.78825],[169.96719,-43.79124],[169.96553,-43.79176],[169.95826,-43.78886],[169.94954,-43.79003],[169.94357,-43.7891],[169.94261,-43.79115],[169.94035,-43.7925],[169.9392,-43.79523],[169.93464,-43.79825],[169.93328,-43.80048],[169.92811,-43.80077],[169.9154,-43.80673],[169.913,-43.80884],[169.904,-43.81259],[169.89997,-43.81302],[169.89874,-43.81506],[169.89816,-43.81966],[169.89617,-43.82177],[169.89301,-43.82309],[169.89543,-43.8268],[169.89611,-43.82955],[169.89435,-43.83373],[169.88784,-43.8363],[169.87919,-43.83335],[169.86754,-43.83215],[169.85821,-43.83712],[169.85466,-43.84001],[169.85326,-43.84306],[169.84779,-43.84689],[169.84542,-43.84733],[169.84089,-43.85234],[169.83794,-43.85424],[169.83804,-43.85736],[169.84039,-43.86159],[169.8379,-43.86663],[169.83258,-43.86823],[169.8268,-43.87168],[169.81375,-43.87282],[169.80901,-43.8747],[169.80684,-43.87697],[169.80284,-43.87861],[169.80094,-43.88195],[169.79845,-43.88326],[169.79587,-43.8898],[169.79309,-43.89262],[169.78616,-43.89469],[169.78209,-43.89408],[169.77089,-43.89931],[169.76932,-43.90502],[169.76518,-43.90812],[169.76171,-43.91653],[169.76112,-43.92019],[169.75812,-43.92215],[169.75997,-43.92613],[169.7583,-43.93367],[169.7521,-43.9328],[169.74793,-43.93118],[169.74528,-43.93166],[169.74412,-43.93284],[169.74425,-43.93464],[169.74291,-43.9364],[169.74291,-43.94059],[169.73649,-43.94378],[169.73422,-43.94704],[169.72761,-43.9484],[169.72611,-43.95033],[169.72509,-43.95501],[169.72167,-43.95731],[169.71996,-43.9599],[169.70888,-43.96155],[169.70228,-43.96394],[169.69853,-43.96332],[169.69526,-43.95974],[169.69194,-43.9579],[169.68622,-43.95762],[169.68279,-43.95615],[169.67625,-43.95677],[169.67343,-43.95567],[169.6694,-43.95543],[169.65567,-43.95676],[169.64904,-43.95855],[169.64683,-43.96008],[169.64096,-43.96207],[169.63291,-43.96384],[169.62688,-43.96033],[169.62482,-43.95764],[169.62325,-43.95699],[169.61081,-43.95655],[169.60663,-43.95744],[169.59278,-43.95808],[169.5868,-43.96514],[169.58679,-43.97321],[169.58258,-43.98046],[169.58416,-43.98325],[169.58289,-43.98509],[169.58924,-43.9884],[169.592,-43.99128],[169.5928,-43.99499],[169.59224,-44.00078],[169.59288,-44.00298],[169.59124,-44.00658],[169.59199,-44.01017],[169.59138,-44.01254],[169.58423,-44.01916],[169.58195,-44.0226],[169.58131,-44.03002],[169.58049,-44.0327],[169.57868,-44.03429],[169.57559,-44.03425],[169.57162,-44.03548],[169.56226,-44.03228],[169.55705,-44.03318],[169.55065,-44.03187],[169.54374,-44.03354],[169.54108,-44.03332],[169.53527,-44.03684],[169.52851,-44.0387],[169.52406,-44.04281],[169.52157,-44.04835],[169.51681,-44.05357],[169.51397,-44.05495],[169.5117,-44.05802],[169.5067,-44.05925],[169.50359,-44.05956],[169.4981,-44.05709],[169.48632,-44.05534],[169.47104,-44.05694],[169.46265,-44.05926],[169.45728,-44.06358],[169.45051,-44.06611],[169.44977,-44.06901],[169.45014,-44.07278],[169.44553,-44.07651],[169.44379,-44.08407],[169.43329,-44.08975],[169.42905,-44.0941],[169.4285,-44.09652],[169.42357,-44.09646],[169.4202,-44.09862],[169.41641,-44.09889],[169.40958,-44.10203],[169.40738,-44.10455],[169.40862,-44.10612],[169.4084,-44.10704],[169.3949,-44.11079],[169.39059,-44.11269],[169.38939,-44.11352],[169.38854,-44.11801],[169.38682,-44.11877],[169.37833,-44.11821],[169.37269,-44.1169],[169.3658,-44.1125],[169.35674,-44.10893],[169.35436,-44.10688],[169.34493,-44.10516],[169.33863,-44.10243],[169.33636,-44.09981],[169.33454,-44.09443],[169.32967,-44.08882],[169.33061,-44.0794],[169.32868,-44.0778],[169.3286,-44.07528],[169.32289,-44.07143],[169.32307,-44.0688],[169.32135,-44.06695],[169.321,-44.06409],[169.3161,-44.0618],[169.30898,-44.06065],[169.29721,-44.06101],[169.29081,-44.06273],[169.28981,-44.06712],[169.29022,-44.07389],[169.2846,-44.0801],[169.2797,-44.09089],[169.2795,-44.09378],[169.27544,-44.0984],[169.2714,-44.10103],[169.2662,-44.10303],[169.263,-44.10586],[169.25726,-44.10815],[169.24505,-44.10702],[169.2421,-44.10611],[169.23279,-44.10856],[169.21919,-44.10943],[169.21477,-44.10777],[169.21024,-44.10788],[169.20624,-44.10693],[169.19881,-44.10952],[169.18807,-44.11054],[169.18216,-44.10844],[169.17766,-44.10821],[169.17374,-44.10602],[169.16901,-44.10462],[169.15975,-44.10486],[169.15454,-44.09963],[169.1514,-44.09459],[169.15079,-44.09122],[169.14773,-44.08608],[169.14803,-44.08267],[169.14699,-44.08007],[169.14592,-44.0799],[169.13895,-44.08073],[169.13442,-44.08301],[169.13012,-44.08695],[169.11923,-44.08745],[169.11078,-44.09322],[169.10453,-44.09542],[169.10078,-44.09557],[169.09578,-44.09728],[169.08869,-44.09532],[169.08145,-44.09698],[169.07897,-44.09836],[169.07522,-44.10283],[169.07482,-44.10869],[169.07359,-44.10961],[169.05808,-44.10934],[169.04942,-44.11309],[169.04596,-44.11613],[169.03805,-44.1182],[169.02031,-44.11458],[169.01322,-44.11488],[169.00984,-44.12398],[169.01129,-44.12642],[169.01592,-44.13082],[169.01243,-44.13263],[169.00882,-44.1361],[169.00078,-44.13959],[168.99371,-44.14112],[168.98114,-44.14149],[168.97508,-44.14403],[168.97667,-44.1508],[168.98579,-44.16335],[168.98577,-44.16564],[168.98741,-44.16748],[168.98741,-44.16887],[168.98648,-44.16972],[168.9834,-44.16975],[168.97434,-44.17301],[168.96518,-44.17375],[168.96135,-44.18236],[168.9624,-44.18628],[168.96212,-44.19327],[168.96333,-44.20038],[168.95921,-44.20581],[168.94456,-44.20347],[168.93205,-44.20568],[168.91901,-44.20946],[168.91094,-44.20979],[168.90675,-44.21645],[168.90483,-44.21823],[168.89335,-44.21747],[168.87723,-44.22284],[168.87375,-44.22587],[168.87376,-44.22756],[168.87219,-44.23034],[168.87333,-44.23386],[168.87095,-44.23886],[168.86794,-44.24025],[168.8561,-44.24245],[168.84935,-44.24614],[168.85177,-44.25369],[168.85108,-44.25662],[168.85158,-44.25863],[168.85727,-44.26971],[168.85468,-44.27415],[168.84625,-44.2785],[168.84274,-44.28334],[168.84425,-44.28966],[168.84134,-44.2954],[168.84005,-44.30245],[168.8414,-44.31188],[168.83764,-44.31676],[168.83316,-44.31925],[168.83189,-44.32276],[168.83191,-44.32644],[168.83508,-44.33405],[168.83608,-44.33992],[168.83205,-44.34809],[168.83233,-44.35085],[168.82996,-44.35259],[168.8178,-44.35613],[168.81061,-44.36213],[168.8062,-44.36387],[168.80012,-44.36907],[168.78749,-44.37706],[168.78397,-44.38301],[168.77794,-44.38793],[168.76958,-44.39114],[168.76502,-44.39128],[168.75702,-44.39001],[168.75341,-44.39225],[168.74786,-44.399],[168.74321,-44.40256],[168.74132,-44.40542],[168.74117,-44.40934],[168.74461,-44.41814],[168.74443,-44.41948],[168.74255,-44.421],[168.73801,-44.42127],[168.72839,-44.41948],[168.72354,-44.41731],[168.7154,-44.41142],[168.69978,-44.40497],[168.69764,-44.40296],[168.69367,-44.39557],[168.68861,-44.39188],[168.68667,-44.39191],[168.68021,-44.39603],[168.67066,-44.39876],[168.66528,-44.40117],[168.66242,-44.40313],[168.65477,-44.41138],[168.64159,-44.41656],[168.63046,-44.4263],[168.6255,-44.43394],[168.61314,-44.43633],[168.60693,-44.43618],[168.59347,-44.44177],[168.59015,-44.45019],[168.58606,-44.45379],[168.58308,-44.45398],[168.57356,-44.45135],[168.56213,-44.45227],[168.55737,-44.45172],[168.55493,-44.45234],[168.54777,-44.45645],[168.53869,-44.457],[168.52355,-44.46037],[168.50681,-44.46682],[168.50349,-44.46982],[168.50092,-44.47543],[168.49402,-44.47662],[168.48781,-44.47887],[168.46994,-44.49089],[168.46092,-44.49539],[168.45252,-44.49256],[168.44156,-44.49219],[168.42857,-44.49543],[168.42141,-44.49563],[168.41552,-44.4974],[168.41016,-44.49645],[168.39908,-44.49611],[168.39406,-44.4984],[168.3902,-44.49907],[168.38653,-44.49754],[168.38379,-44.49769],[168.37796,-44.49587],[168.36585,-44.49482],[168.35853,-44.49189],[168.34986,-44.49425],[168.34505,-44.49704],[168.33927,-44.49561],[168.33453,-44.49678],[168.33701,-44.49501],[168.33373,-44.4892],[168.33748,-44.47808],[168.33688,-44.47586],[168.33893,-44.47407],[168.34364,-44.47277],[168.34446,-44.47],[168.35293,-44.46046],[168.35268,-44.45761],[168.34909,-44.45341],[168.34873,-44.45186],[168.35155,-44.44859],[168.3515,-44.44659],[168.35257,-44.44637],[168.35387,-44.44373],[168.35562,-44.44227],[168.35765,-44.44242],[168.35823,-44.44097],[168.3612,-44.43885],[168.35975,-44.43301],[168.36549,-44.42671],[168.36605,-44.4244],[168.36594,-44.41786],[168.36325,-44.4162],[168.35766,-44.41499],[168.3551,-44.41312],[168.35157,-44.40722],[168.35176,-44.40418],[168.35741,-44.39918],[168.36616,-44.3944],[168.37232,-44.39173],[168.37936,-44.39049],[168.38384,-44.38843],[168.38558,-44.38547],[168.3862,-44.38044],[168.3855,-44.37884],[168.39775,-44.37953],[168.4049,-44.37705],[168.40736,-44.37511],[168.40808,-44.36829],[168.41174,-44.36368],[168.41098,-44.36103],[168.4094,-44.36032],[168.38494,-44.35772],[168.38138,-44.35651],[168.36837,-44.3545],[168.37063,-44.3465],[168.38138,-44.33811],[168.37101,-44.34056],[168.36696,-44.34048],[168.36279,-44.33821],[168.35922,-44.33767],[168.35645,-44.33622],[168.35154,-44.33293],[168.34816,-44.32914],[168.34718,-44.32451],[168.34535,-44.32318],[168.34505,-44.32109],[168.35056,-44.31722],[168.34987,-44.31348],[168.35364,-44.30534],[168.34879,-44.30229],[168.35062,-44.29857],[168.35051,-44.2957],[168.34773,-44.29037],[168.34735,-44.28424],[168.34537,-44.2821],[168.34358,-44.28124],[168.33898,-44.2818],[168.33617,-44.2813],[168.33278,-44.28235],[168.32775,-44.28194],[168.32399,-44.27835],[168.32214,-44.27764],[168.31601,-44.27807],[168.30993,-44.27981],[168.30673,-44.27956],[168.30409,-44.27844],[168.29929,-44.27411],[168.29413,-44.27118],[168.28712,-44.26429],[168.2804,-44.26005],[168.27089,-44.26026],[168.26117,-44.2627],[168.25507,-44.25671],[168.25029,-44.25512],[168.24361,-44.25813],[168.22584,-44.25645],[168.22192,-44.26015],[168.21732,-44.26141],[168.21165,-44.26477],[168.20601,-44.26643],[168.20225,-44.26666],[168.20091,-44.26878],[168.19763,-44.27086],[168.19555,-44.2741],[168.17984,-44.27738],[168.16933,-44.27544],[168.16569,-44.27954],[168.15771,-44.28221],[168.15052,-44.28069],[168.14259,-44.28154],[168.13584,-44.28019],[168.13144,-44.28114],[168.11875,-44.27686],[168.11507,-44.2739],[168.10826,-44.27266],[168.09162,-44.26588],[168.08678,-44.26486],[168.07828,-44.26099],[168.06879,-44.25928],[168.0584,-44.2601],[168.05208,-44.25865],[167.83812,-44.12706],[167.86531,-44.10636],[167.88375,-44.09429],[167.91009,-44.08024],[167.93882,-44.06843],[167.96431,-44.05005],[167.99725,-44.03119],[168.01451,-44.02254],[168.03083,-44.01082],[168.05099,-43.98915],[168.06991,-43.97296],[168.08022,-43.95601],[168.08998,-43.94316],[168.10059,-43.93125],[168.11207,-43.9201],[168.12236,-43.90609],[168.1378,-43.88906],[168.15164,-43.87649],[168.16434,-43.86645],[168.18521,-43.85258],[168.20026,-43.84427],[168.22127,-43.8344],[168.24101,-43.82673],[168.26928,-43.81748],[168.29882,-43.8099],[168.32792,-43.80501],[168.36551,-43.80089],[168.39283,-43.79991],[168.42187,-43.80103],[168.45199,-43.78927],[168.47376,-43.78203],[168.49336,-43.77674],[168.51192,-43.77292],[168.54574,-43.76342],[168.58408,-43.75689],[168.62047,-43.75437],[168.63189,-43.74453],[168.64722,-43.73308],[168.67117,-43.71839],[168.70034,-43.70444],[168.72696,-43.6948],[168.7521,-43.68375],[168.80533,-43.66601],[168.82607,-43.66014],[168.85959,-43.65342],[168.89485,-43.64979],[168.92304,-43.64252],[168.93819,-43.62782],[168.95953,-43.61101],[168.9935,-43.58808],[169.04042,-43.5596],[169.07513,-43.5413],[169.09653,-43.53112],[169.17609,-43.50067],[169.1907,-43.49099],[169.2061,-43.48207],[169.23294,-43.46945],[169.26212,-43.4578],[169.29005,-43.44858],[169.32084,-43.43945],[169.34671,-43.43359],[169.37336,-43.42618],[169.39589,-43.42168],[169.4132,-43.4138],[169.43603,-43.40534],[169.46351,-43.3977],[169.48681,-43.39298],[169.49988,-43.38631],[169.51321,-43.37339],[169.52565,-43.35802],[169.54567,-43.33662],[169.56197,-43.31511],[169.57645,-43.30008],[169.59702,-43.28289],[169.61895,-43.26813],[169.63239,-43.26051],[169.64865,-43.25265],[169.66254,-43.24321],[169.67956,-43.23325],[169.70842,-43.21972],[169.72697,-43.21285],[169.75466,-43.20482],[169.77819,-43.19988],[169.80147,-43.19657],[169.82804,-43.16904],[169.85017,-43.15001],[169.88108,-43.12896],[169.8995,-43.11884],[169.91285,-43.11251],[169.92238,-43.10335],[169.93952,-43.0893],[169.96089,-43.07509],[169.97511,-43.06705],[169.98566,-43.05052],[169.9958,-43.03776],[170.00673,-43.02597],[170.01782,-43.0156],[170.0286,-43.00183],[170.04057,-42.98888],[170.05788,-42.97319],[170.07596,-42.95997],[170.09239,-42.94967],[170.11862,-42.9365],[170.14876,-42.92483],[170.1768,-42.91688],[170.20349,-42.91171],[170.22263,-42.89677],[170.25313,-42.87759],[170.2728,-42.86744],[170.30291,-42.855],[170.32922,-42.84698],[170.35518,-42.83792],[170.3754,-42.83251],[170.42671,-42.82119],[170.46263,-42.81624],[170.48638,-42.80035],[170.50478,-42.78986],[170.52769,-42.7793],[170.56229,-42.76519],[170.57041,-42.75871],[170.58895,-42.74596],[170.60903,-42.7347],[170.62497,-42.71935],[170.64668,-42.70265],[170.66595,-42.67503],[170.67397,-42.66512],[170.69128,-42.64719],[170.72273,-42.6099],[170.73784,-42.59486],[170.76195,-42.57577],[170.78369,-42.56209],[170.79357,-42.55298],[170.83308,-42.52106],[170.8576,-42.50544],[170.86801,-42.49223],[170.87629,-42.47946],[170.88501,-42.46802],[170.89815,-42.45255],[170.91078,-42.44008],[170.92041,-42.42399],[170.92396,-42.40385],[170.93096,-42.38227],[170.94225,-42.35957],[170.95258,-42.34398],[170.95754,-42.32612],[170.96097,-42.31732],[170.97773,-42.281],[170.98791,-42.26459],[170.99791,-42.25149],[171.00913,-42.23898],[171.02779,-42.22205],[171.03999,-42.20737],[171.04608,-42.19647],[171.04583,-42.18728],[171.04683,-42.17185],[171.04908,-42.15773],[171.05242,-42.14494],[171.05384,-42.13041],[171.05638,-42.11765],[171.05662,-42.10356],[171.05789,-42.0914],[171.06033,-42.07851],[171.06555,-42.06101],[171.08506,-42.01676],[171.10075,-41.9921],[171.10651,-41.97425],[171.11603,-41.95365],[171.12884,-41.93356],[171.14503,-41.91431],[171.14652,-41.89922],[171.14917,-41.88556],[171.15898,-41.85645],[171.17079,-41.83347],[171.1859,-41.81219],[171.18188,-41.78867],[171.18114,-41.75728],[171.18351,-41.73725],[171.18997,-41.71361],[171.19547,-41.69993],[171.20735,-41.67818],[171.21493,-41.65969],[171.22016,-41.64985],[171.23186,-41.63159],[171.24376,-41.61672],[171.25782,-41.60111],[171.27006,-41.58979],[171.28671,-41.57662],[171.30035,-41.56749],[171.31758,-41.55759],[171.33704,-41.54818],[171.35296,-41.54175],[171.37755,-41.53375],[171.39417,-41.52947],[171.41957,-41.52475],[171.44057,-41.52222],[171.46431,-41.52101],[171.48291,-41.52115],[171.50351,-41.5224],[171.52394,-41.52481],[171.54778,-41.52928],[171.57221,-41.52725],[171.59795,-41.52689],[171.62166,-41.51268],[171.64199,-41.5021],[171.65402,-41.48978],[171.66845,-41.47737],[171.68014,-41.46267],[171.7069,-41.41375],[171.71622,-41.40038],[171.72558,-41.38921],[171.73646,-41.36855],[171.74256,-41.35897],[171.75838,-41.33768],[171.77243,-41.32227],[171.78522,-41.3105],[171.79895,-41.2996],[171.81341,-41.29005],[171.82322,-41.28068],[171.82663,-41.27011],[171.83066,-41.24495],[171.83168,-41.22962],[171.8353,-41.21111],[171.83561,-41.20197],[171.83904,-41.17286],[171.83853,-41.15952],[171.83482,-41.14561],[171.8324,-41.13064],[171.83145,-41.11744],[171.83151,-41.09697],[171.83326,-41.07835],[171.84016,-41.04194],[171.84225,-41.02482],[171.83672,-41.00931],[171.83228,-40.99088],[171.83046,-40.97643],[171.82999,-40.96106],[171.82665,-40.93965],[171.8264,-40.92014],[171.82883,-40.89242],[171.83217,-40.87571],[171.83666,-40.86149],[171.84883,-40.83201],[171.85546,-40.81815],[171.86829,-40.79741],[171.88445,-40.77637],[171.8892,-40.76734],[171.89742,-40.75445],[171.91106,-40.73704],[171.92757,-40.72],[171.94567,-40.70506],[171.95744,-40.69141],[171.9682,-40.68091],[171.98021,-40.67064],[171.99631,-40.65888],[172.0147,-40.64095],[172.0353,-40.62507],[172.05613,-40.61205],[172.07968,-40.60029],[172.10932,-40.58897],[172.13418,-40.58205],[172.15553,-40.56643],[172.17669,-40.55406],[172.18972,-40.54001],[172.20369,-40.52747],[172.22494,-40.51183],[172.23821,-40.50098],[172.27435,-40.47552],[172.29486,-40.46324],[172.31578,-40.45316],[172.33449,-40.44205],[172.35162,-40.43364],[172.3636,-40.42339],[172.37741,-40.41332],[172.39537,-40.40214],[172.41863,-40.39036],[172.44823,-40.36937],[172.46749,-40.35677],[172.48504,-40.34665],[172.51454,-40.33285],[172.5415,-40.32265],[172.59006,-40.30941],[172.60923,-40.30537],[172.63709,-40.30145],[172.67539,-40.29841],[172.7061,-40.29867],[172.73937,-40.30129]]]},"properties":{"name":"West Coast-Tasman"}},{"type":"Feature","id":61,"geometry":{"type":"Polygon","coordinates":[[[175.47041,-38.81186],[175.47041,-38.81267],[175.47443,-38.81225],[175.4787,-38.81057],[175.47941,-38.80954],[175.49661,-38.80423],[175.4964,-38.8026],[175.51217,-38.79238],[175.53513,-38.7855],[175.53909,-38.78267],[175.54022,-38.79069],[175.54165,-38.79511],[175.54867,-38.79232],[175.55343,-38.78935],[175.55505,-38.78994],[175.56365,-38.80373],[175.57462,-38.8163],[175.57759,-38.82546],[175.57702,-38.8309],[175.56979,-38.83296],[175.56613,-38.83627],[175.56151,-38.83861],[175.56039,-38.84341],[175.54644,-38.85987],[175.54471,-38.86454],[175.54918,-38.87277],[175.55524,-38.87717],[175.56068,-38.8842],[175.56128,-38.89242],[175.5771,-38.90648],[175.57997,-38.91068],[175.58006,-38.91235],[175.57612,-38.91847],[175.57019,-38.92381],[175.56605,-38.92992],[175.56533,-38.93208],[175.56595,-38.93577],[175.56492,-38.93849],[175.5603,-38.94598],[175.5576,-38.94896],[175.55563,-38.95367],[175.55388,-38.95572],[175.5593,-38.97068],[175.56077,-38.97269],[175.56753,-38.96869],[175.56942,-38.97014],[175.56856,-38.96998],[175.56728,-38.97192],[175.56504,-38.97251],[175.56555,-38.97732],[175.56263,-38.98683],[175.60628,-38.98182],[175.62689,-38.97401],[175.64123,-38.98029],[175.68201,-38.97971],[175.67249,-38.99085],[175.64805,-39.01441],[175.64862,-39.0164],[175.64765,-39.01873],[175.64804,-39.02792],[175.6423,-39.03589],[175.64079,-39.03983],[175.63577,-39.04532],[175.63123,-39.04888],[175.63176,-39.04557],[175.61821,-39.04845],[175.61356,-39.05064],[175.61495,-39.05509],[175.61838,-39.05791],[175.62465,-39.05991],[175.62471,-39.06155],[175.62321,-39.06308],[175.62354,-39.06379],[175.62143,-39.06417],[175.62067,-39.06828],[175.61715,-39.07492],[175.61797,-39.08125],[175.62201,-39.08698],[175.62413,-39.08726],[175.62596,-39.08582],[175.62931,-39.08757],[175.63121,-39.08727],[175.63239,-39.08886],[175.63538,-39.08866],[175.63744,-39.09012],[175.63783,-39.09305],[175.63991,-39.09738],[175.64211,-39.09666],[175.64558,-39.10013],[175.6478,-39.1],[175.64675,-39.10078],[175.64625,-39.10266],[175.64279,-39.10431],[175.6372,-39.12914],[175.66309,-39.13174],[175.66329,-39.13381],[175.66546,-39.13643],[175.66728,-39.13786],[175.66868,-39.1374],[175.67089,-39.13854],[175.67471,-39.14421],[175.6789,-39.14581],[175.67971,-39.14789],[175.6812,-39.1483],[175.68962,-39.15721],[175.69249,-39.15816],[175.69257,-39.15936],[175.69368,-39.16039],[175.69616,-39.16175],[175.70096,-39.16198],[175.70254,-39.16126],[175.70385,-39.16243],[175.70751,-39.1631],[175.72146,-39.17277],[175.72294,-39.17479],[175.72633,-39.17587],[175.72744,-39.17742],[175.72968,-39.17753],[175.73081,-39.17857],[175.73653,-39.17811],[175.73794,-39.18086],[175.7391,-39.1813],[175.74373,-39.17922],[175.7524,-39.17941],[175.75834,-39.18234],[175.76271,-39.18077],[175.76422,-39.18201],[175.76696,-39.18165],[175.77041,-39.18338],[175.77493,-39.18419],[175.77989,-39.1835],[175.78242,-39.18402],[175.78302,-39.18333],[175.7846,-39.18354],[175.78526,-39.18205],[175.78668,-39.18171],[175.78628,-39.18346],[175.78748,-39.18662],[175.78672,-39.18874],[175.78703,-39.19156],[175.79107,-39.19944],[175.79102,-39.20118],[175.78695,-39.20531],[175.78127,-39.20718],[175.7786,-39.20905],[175.77798,-39.21166],[175.77253,-39.21256],[175.77259,-39.21583],[175.77098,-39.22148],[175.77215,-39.22276],[175.77904,-39.22287],[175.78019,-39.22412],[175.78208,-39.22421],[175.78035,-39.22562],[175.77928,-39.22996],[175.78012,-39.23026],[175.78264,-39.22868],[175.78667,-39.22865],[175.78852,-39.23379],[175.78786,-39.23469],[175.7885,-39.23634],[175.78543,-39.23663],[175.78587,-39.23768],[175.78403,-39.24082],[175.78144,-39.23948],[175.77856,-39.23983],[175.77799,-39.24077],[175.77984,-39.24249],[175.77775,-39.24278],[175.77477,-39.24533],[175.77384,-39.24838],[175.77106,-39.25018],[175.77076,-39.25157],[175.76776,-39.25155],[175.76935,-39.2533],[175.7676,-39.25399],[175.76639,-39.25625],[175.76623,-39.25849],[175.76393,-39.26076],[175.76445,-39.26196],[175.76328,-39.26282],[175.76444,-39.26432],[175.76256,-39.26878],[175.76153,-39.2691],[175.76033,-39.26785],[175.75785,-39.26726],[175.7555,-39.27093],[175.74388,-39.2772],[175.74488,-39.27939],[175.74353,-39.28214],[175.74172,-39.28371],[175.741,-39.29264],[175.75185,-39.28788],[175.76533,-39.29144],[175.76963,-39.295],[175.7801,-39.29338],[175.78358,-39.29428],[175.79089,-39.29976],[175.79664,-39.30026],[175.80612,-39.29974],[175.81257,-39.30033],[175.81637,-39.29857],[175.82445,-39.2912],[175.82862,-39.28901],[175.83106,-39.28978],[175.83972,-39.28866],[175.84289,-39.2898],[175.84586,-39.29205],[175.84762,-39.29153],[175.85304,-39.29227],[175.85922,-39.29122],[175.86306,-39.29181],[175.86885,-39.29059],[175.88401,-39.29393],[175.88589,-39.2956],[175.88828,-39.29381],[175.89471,-39.29155],[175.89641,-39.2887],[175.8999,-39.28762],[175.90576,-39.28273],[175.90802,-39.27764],[175.90965,-39.27646],[175.92569,-39.27698],[175.93763,-39.25845],[175.93963,-39.25946],[175.94175,-39.26195],[175.94847,-39.2628],[175.95339,-39.2586],[175.95766,-39.25783],[175.9648,-39.26076],[175.96495,-39.26526],[175.96672,-39.26736],[175.96626,-39.2687],[175.96896,-39.269],[175.96903,-39.27082],[175.97072,-39.2704],[175.97074,-39.27281],[175.97498,-39.27388],[175.9774,-39.27267],[175.97738,-39.27093],[175.97907,-39.27074],[175.97919,-39.26949],[175.98237,-39.26981],[175.98369,-39.27362],[175.98856,-39.2743],[175.99102,-39.27659],[175.9929,-39.27687],[175.99168,-39.27931],[175.99428,-39.27983],[175.9954,-39.28196],[175.99864,-39.28277],[176.00272,-39.28142],[176.00456,-39.28242],[176.00371,-39.28544],[176.0041,-39.28681],[175.97575,-39.28692],[175.97614,-39.35601],[176.02938,-39.35572],[176.02833,-39.35735],[176.02801,-39.36014],[176.02305,-39.3582],[176.02165,-39.35866],[176.02078,-39.36026],[176.02055,-39.36208],[176.02138,-39.364],[176.02066,-39.36634],[176.0216,-39.3671],[176.02351,-39.36658],[176.02426,-39.36775],[176.02294,-39.36952],[176.01956,-39.37015],[176.0221,-39.37338],[176.02189,-39.37656],[176.01857,-39.37968],[176.01587,-39.37883],[176.01385,-39.37936],[176.01454,-39.38104],[176.01308,-39.38331],[176.01513,-39.38536],[176.01731,-39.38604],[176.01796,-39.38728],[176.01463,-39.3881],[176.01551,-39.39066],[176.01452,-39.39329],[176.01575,-39.3941],[176.01827,-39.39357],[176.02033,-39.39507],[176.01712,-39.40078],[176.01587,-39.40107],[176.01362,-39.39907],[176.01307,-39.39932],[176.01244,-39.40547],[176.00772,-39.41067],[176.00745,-39.4128],[176.0082,-39.41486],[175.97648,-39.41497],[175.97646,-39.41082],[175.93681,-39.41108],[175.9368,-39.41227],[175.89348,-39.4124],[175.89367,-39.45853],[175.89178,-39.45853],[175.89192,-39.49437],[175.89655,-39.49361],[175.89797,-39.4945],[175.89876,-39.4963],[175.90205,-39.49501],[175.90067,-39.49904],[175.90132,-39.50122],[175.86602,-39.52059],[175.84512,-39.5102],[175.8481,-39.5244],[175.83459,-39.52847],[175.82257,-39.5286],[175.82147,-39.52647],[175.78948,-39.52631],[175.78809,-39.52872],[175.78961,-39.53347],[175.78773,-39.53634],[175.78329,-39.54015],[175.77974,-39.54037],[175.77128,-39.54404],[175.76692,-39.54287],[175.76674,-39.54123],[175.7659,-39.54099],[175.75959,-39.54123],[175.75537,-39.54259],[175.75366,-39.54438],[175.75229,-39.54752],[175.75215,-39.553],[175.75065,-39.55572],[175.75117,-39.55679],[175.74927,-39.55762],[175.74535,-39.56268],[175.73513,-39.56435],[175.72904,-39.56664],[175.7224,-39.57198],[175.71631,-39.57118],[175.7132,-39.57381],[175.71107,-39.57298],[175.71017,-39.5714],[175.70778,-39.56999],[175.71009,-39.56902],[175.70778,-39.56701],[175.70077,-39.56839],[175.70853,-39.57163],[175.71051,-39.5733],[175.7116,-39.57733],[175.71093,-39.57925],[175.7119,-39.58062],[175.71613,-39.58239],[175.72257,-39.5807],[175.72874,-39.58484],[175.73265,-39.58557],[175.73352,-39.58696],[175.73277,-39.58793],[175.73136,-39.58811],[175.72864,-39.58636],[175.72174,-39.58514],[175.71947,-39.58628],[175.71597,-39.58655],[175.71647,-39.59103],[175.71176,-39.59408],[175.70811,-39.59784],[175.7077,-39.60234],[175.70311,-39.60698],[175.7022,-39.60894],[175.70284,-39.61006],[175.70671,-39.61157],[175.71182,-39.61101],[175.71881,-39.60678],[175.72455,-39.60849],[175.72557,-39.61064],[175.72392,-39.61371],[175.71992,-39.61503],[175.71903,-39.61622],[175.72141,-39.61936],[175.72511,-39.62145],[175.72573,-39.62548],[175.72345,-39.62822],[175.71782,-39.62844],[175.71615,-39.63095],[175.71272,-39.63351],[175.7125,-39.63454],[175.71427,-39.63761],[175.71041,-39.64086],[175.70846,-39.6443],[175.70954,-39.64645],[175.71083,-39.64702],[175.71438,-39.64619],[175.71712,-39.64729],[175.71714,-39.65322],[175.70958,-39.6565],[175.70664,-39.65934],[175.70425,-39.65961],[175.70142,-39.66261],[175.70036,-39.66599],[175.6976,-39.66775],[175.69644,-39.66986],[175.69379,-39.67199],[175.69394,-39.6733],[175.69264,-39.67514],[175.6939,-39.67738],[175.69326,-39.67947],[175.69189,-39.68064],[175.69297,-39.68177],[175.6928,-39.68401],[175.69479,-39.68431],[175.69443,-39.68683],[175.69295,-39.68922],[175.69408,-39.68998],[175.69416,-39.69109],[175.68724,-39.69764],[175.68688,-39.69945],[175.68522,-39.70068],[175.68444,-39.70245],[175.68259,-39.70291],[175.68072,-39.70661],[175.67769,-39.70824],[175.67578,-39.71447],[175.67444,-39.71561],[175.67643,-39.7168],[175.67537,-39.7191],[175.677,-39.72019],[175.67371,-39.72074],[175.67358,-39.72312],[175.67208,-39.72462],[175.6734,-39.72577],[175.67009,-39.7255],[175.67121,-39.72842],[175.67062,-39.72957],[175.67112,-39.73114],[175.67034,-39.73156],[175.67169,-39.73198],[175.67188,-39.73436],[175.67016,-39.7344],[175.66856,-39.73719],[175.66693,-39.73788],[175.666,-39.74096],[175.66362,-39.74214],[175.6656,-39.74201],[175.6645,-39.74335],[175.66507,-39.74428],[175.66342,-39.74518],[175.66545,-39.74579],[175.66315,-39.74731],[175.66328,-39.74808],[175.66449,-39.74779],[175.66443,-39.7487],[175.6623,-39.74952],[175.66151,-39.75117],[175.66458,-39.75102],[175.6643,-39.75348],[175.66587,-39.75489],[175.6644,-39.75545],[175.66249,-39.75455],[175.66204,-39.7561],[175.66326,-39.75607],[175.66866,-39.75945],[175.66935,-39.76068],[175.66784,-39.7627],[175.66929,-39.76247],[175.66985,-39.76339],[175.66911,-39.76402],[175.66947,-39.76584],[175.67161,-39.76705],[175.67524,-39.76704],[175.67424,-39.76876],[175.67466,-39.76989],[175.67708,-39.76934],[175.67814,-39.77004],[175.67807,-39.77117],[175.67513,-39.77161],[175.67635,-39.77323],[175.67556,-39.77355],[175.67556,-39.77451],[175.67642,-39.77483],[175.67611,-39.77597],[175.67767,-39.77581],[175.67715,-39.77697],[175.68269,-39.78252],[175.67958,-39.78299],[175.68065,-39.7837],[175.68019,-39.78657],[175.67883,-39.78673],[175.67914,-39.78787],[175.67569,-39.78922],[175.67459,-39.7907],[175.67621,-39.79251],[175.67314,-39.79309],[175.6734,-39.79625],[175.67194,-39.79701],[175.67213,-39.79837],[175.67095,-39.80001],[175.67135,-39.80153],[175.67301,-39.8024],[175.67164,-39.80585],[175.67276,-39.80664],[175.66818,-39.80869],[175.66867,-39.81072],[175.66565,-39.81214],[175.66374,-39.81565],[175.66253,-39.81577],[175.66153,-39.81776],[175.66051,-39.81775],[175.66116,-39.82163],[175.66056,-39.82362],[175.66123,-39.82428],[175.66018,-39.82418],[175.66173,-39.82592],[175.66074,-39.82613],[175.6604,-39.82947],[175.66129,-39.83122],[175.66028,-39.83163],[175.66089,-39.83276],[175.65747,-39.83478],[175.65744,-39.8366],[175.65604,-39.83798],[175.65648,-39.84045],[175.65563,-39.84046],[175.65421,-39.8452],[175.64417,-39.84619],[175.64129,-39.84816],[175.63761,-39.84873],[175.63626,-39.84975],[175.63676,-39.85018],[175.62643,-39.85141],[175.62695,-39.84998],[175.62322,-39.84682],[175.61643,-39.84478],[175.61166,-39.84622],[175.60683,-39.84155],[175.60451,-39.84098],[175.60503,-39.84215],[175.60422,-39.84274],[175.60228,-39.84209],[175.6019,-39.8409],[175.60043,-39.84068],[175.59958,-39.84201],[175.59754,-39.84088],[175.59537,-39.84239],[175.59526,-39.84122],[175.59417,-39.84041],[175.5913,-39.8407],[175.57988,-39.83797],[175.57759,-39.83658],[175.57525,-39.83762],[175.57462,-39.8371],[175.57458,-39.83829],[175.57077,-39.83714],[175.56764,-39.8385],[175.56362,-39.83841],[175.56348,-39.83928],[175.56239,-39.83912],[175.5618,-39.84002],[175.55585,-39.83761],[175.55434,-39.83624],[175.55419,-39.83688],[175.55024,-39.83771],[175.54909,-39.83677],[175.5477,-39.83817],[175.5426,-39.83617],[175.54049,-39.83689],[175.53748,-39.83627],[175.53702,-39.8371],[175.53384,-39.83648],[175.53313,-39.83686],[175.53338,-39.83753],[175.53165,-39.83712],[175.531,-39.83607],[175.53038,-39.83686],[175.53109,-39.83748],[175.53001,-39.83818],[175.52827,-39.83611],[175.52744,-39.83798],[175.52551,-39.83615],[175.52479,-39.83827],[175.52188,-39.83664],[175.52168,-39.83883],[175.52006,-39.83746],[175.52008,-39.83844],[175.51899,-39.83826],[175.51878,-39.83597],[175.51747,-39.83566],[175.51689,-39.83706],[175.51601,-39.83663],[175.5158,-39.83489],[175.51489,-39.83434],[175.514,-39.83528],[175.51313,-39.83468],[175.51071,-39.83508],[175.51075,-39.83576],[175.5092,-39.83576],[175.50802,-39.83681],[175.50649,-39.83581],[175.50608,-39.83841],[175.50365,-39.83833],[175.50296,-39.83934],[175.50066,-39.83861],[175.50072,-39.84118],[175.49891,-39.84216],[175.4984,-39.84144],[175.49656,-39.84194],[175.49532,-39.83919],[175.49561,-39.83769],[175.49149,-39.83032],[175.48766,-39.82776],[175.48902,-39.82304],[175.4885,-39.82134],[175.48278,-39.81933],[175.48047,-39.81934],[175.47911,-39.82029],[175.47887,-39.82335],[175.4752,-39.82149],[175.47122,-39.82105],[175.46356,-39.8242],[175.46363,-39.81644],[175.45761,-39.81644],[175.45277,-39.81073],[175.45275,-39.8221],[175.44961,-39.82236],[175.43934,-39.81822],[175.43783,-39.81867],[175.43781,-39.82761],[175.43471,-39.82805],[175.43173,-39.8269],[175.42601,-39.82662],[175.42183,-39.82766],[175.41795,-39.82737],[175.41515,-39.83312],[175.41395,-39.83351],[175.40034,-39.8343],[175.39319,-39.83325],[175.39144,-39.83208],[175.38826,-39.8326],[175.3862,-39.83207],[175.3832,-39.83558],[175.37568,-39.83955],[175.37696,-39.84267],[175.37634,-39.8442],[175.37353,-39.84574],[175.37586,-39.84964],[175.37336,-39.85161],[175.37342,-39.85264],[175.37162,-39.854],[175.37177,-39.8546],[175.3671,-39.85748],[175.36624,-39.8571],[175.36599,-39.85566],[175.36506,-39.85563],[175.36385,-39.85743],[175.35952,-39.85752],[175.35745,-39.85643],[175.35626,-39.85869],[175.35197,-39.86004],[175.35135,-39.86131],[175.35309,-39.86349],[175.35318,-39.86669],[175.35107,-39.86789],[175.35119,-39.87016],[175.34856,-39.87333],[175.33768,-39.87361],[175.33461,-39.87527],[175.32712,-39.87306],[175.30795,-39.85611],[175.30128,-39.85919],[175.29407,-39.85924],[175.29029,-39.86004],[175.28952,-39.86085],[175.28985,-39.862],[175.29414,-39.86362],[175.29569,-39.86504],[175.2925,-39.87006],[175.28667,-39.87338],[175.27438,-39.87714],[175.27369,-39.87802],[175.27461,-39.87924],[175.27662,-39.87996],[175.28517,-39.88011],[175.28688,-39.87929],[175.28508,-39.87723],[175.28652,-39.87651],[175.29375,-39.87875],[175.29519,-39.88012],[175.29445,-39.88123],[175.29062,-39.88046],[175.28801,-39.88091],[175.28705,-39.88218],[175.28752,-39.88667],[175.2951,-39.89394],[175.29544,-39.89508],[175.29448,-39.89578],[175.29078,-39.89562],[175.28868,-39.90016],[175.28405,-39.89951],[175.28458,-39.90491],[175.28037,-39.90709],[175.27859,-39.9092],[175.27936,-39.91055],[175.28752,-39.91607],[175.29275,-39.92386],[175.29039,-39.92486],[175.28456,-39.91875],[175.27779,-39.91792],[175.27707,-39.91929],[175.27835,-39.92221],[175.27383,-39.92298],[175.27772,-39.92901],[175.26862,-39.93153],[175.26942,-39.93338],[175.27666,-39.93791],[175.2826,-39.93506],[175.28499,-39.93521],[175.2859,-39.93641],[175.28108,-39.93826],[175.2811,-39.94167],[175.27802,-39.94349],[175.27751,-39.94802],[175.27533,-39.94838],[175.27174,-39.94682],[175.26962,-39.94864],[175.26934,-39.95084],[175.2744,-39.95467],[175.27338,-39.9565],[175.26689,-39.95474],[175.26548,-39.95545],[175.26534,-39.95652],[175.26626,-39.95711],[175.27178,-39.95877],[175.27271,-39.96132],[175.27187,-39.96452],[175.26533,-39.96639],[175.26184,-39.96878],[175.26257,-39.97031],[175.2658,-39.969],[175.26813,-39.96953],[175.26803,-39.97119],[175.26514,-39.97488],[175.26194,-39.97528],[175.25925,-39.97224],[175.25466,-39.9705],[175.2469,-39.97245],[175.24557,-39.97096],[175.24672,-39.96783],[175.24615,-39.96674],[175.23675,-39.96662],[175.23416,-39.96936],[175.235,-39.97604],[175.2343,-39.97805],[175.23183,-39.9799],[175.22617,-39.9797],[175.22566,-39.98094],[175.22727,-39.98378],[175.22647,-39.98554],[175.22378,-39.9873],[175.21955,-39.98763],[175.21994,-39.98888],[175.22318,-39.99094],[175.2224,-39.99286],[175.2154,-39.99097],[175.21245,-39.9912],[175.20969,-39.99277],[175.20944,-39.99422],[175.21099,-39.99665],[175.20945,-39.99794],[175.19914,-39.9982],[175.19332,-40.00073],[175.19087,-39.99843],[175.1884,-39.99802],[175.18729,-39.99878],[175.18574,-40.00367],[175.18473,-40.00456],[175.17561,-40.00301],[175.17459,-40.00359],[175.17337,-40.0064],[175.17162,-40.00719],[175.16471,-40.00507],[175.16362,-40.00601],[175.16285,-40.00989],[175.16174,-40.01095],[175.15974,-40.00986],[175.16028,-40.00706],[175.15956,-40.006],[175.15748,-40.0063],[175.14905,-40.01081],[175.1474,-40.00999],[175.14681,-40.00667],[175.1436,-40.00702],[175.13978,-40.00949],[175.13354,-40.01203],[175.1323,-40.01662],[175.12709,-40.01622],[175.125,-40.02023],[175.12196,-40.02246],[175.12222,-40.02705],[175.12151,-40.03071],[175.12309,-40.03504],[175.12209,-40.03709],[175.11948,-40.03797],[175.11598,-40.03696],[175.11485,-40.03469],[175.1169,-40.03101],[175.11662,-40.0294],[175.11394,-40.02797],[175.11043,-40.02856],[175.10656,-40.03182],[175.10373,-40.03717],[175.09887,-40.04106],[174.88654,-40.15649],[174.87291,-40.13964],[174.86021,-40.12705],[174.83648,-40.11616],[174.8109,-40.10124],[174.79058,-40.08601],[174.77035,-40.06712],[174.74618,-40.06908],[174.71718,-40.06896],[174.68903,-40.06671],[174.65138,-40.06078],[174.63113,-40.0557],[174.58721,-40.04156],[174.56312,-40.03101],[174.54492,-40.02122],[174.53332,-40.01744],[174.50683,-40.01356],[174.48289,-40.00875],[174.4564,-40.00109],[174.42682,-39.98923],[174.38101,-39.96499],[174.35658,-39.94877],[174.33186,-39.93649],[174.31577,-39.92664],[174.29995,-39.91854],[174.27987,-39.90653],[174.23486,-39.87174],[174.21804,-39.85608],[174.20167,-39.84487],[174.1895,-39.8353],[174.17791,-39.82499],[174.16898,-39.81578],[174.15883,-39.80365],[174.13738,-39.79526],[174.11765,-39.78544],[174.09747,-39.78189],[174.07591,-39.77679],[174.04322,-39.77507],[174.01144,-39.77023],[173.98629,-39.76414],[173.95626,-39.75375],[173.93729,-39.7514],[173.9132,-39.74692],[173.87947,-39.7371],[173.854,-39.72664],[173.83735,-39.72118],[173.81702,-39.71287],[173.79573,-39.70215],[173.77695,-39.69439],[173.75589,-39.68387],[173.72532,-39.66401],[173.70935,-39.65052],[173.69771,-39.63893],[173.68424,-39.62275],[173.6798,-39.61623],[173.66411,-39.59975],[173.72829,-39.55693],[173.86194,-39.46287],[173.86256,-39.46077],[173.86354,-39.46082],[173.86356,-39.46239],[173.86459,-39.46255],[173.86443,-39.4614],[173.86553,-39.4597],[173.86272,-39.45955],[173.86597,-39.45851],[173.8659,-39.45757],[173.8681,-39.45681],[173.86797,-39.45556],[173.86484,-39.45561],[173.86627,-39.45426],[173.86917,-39.45466],[173.87252,-39.4528],[173.87518,-39.45248],[173.87752,-39.45364],[173.8773,-39.45136],[173.87867,-39.44997],[173.88225,-39.44896],[173.88368,-39.44602],[173.89081,-39.44453],[173.89453,-39.44041],[173.89281,-39.43792],[173.89341,-39.43575],[173.90603,-39.42943],[173.90696,-39.42583],[173.91039,-39.4252],[173.91168,-39.42274],[173.91448,-39.4213],[173.91561,-39.41907],[173.91717,-39.4184],[173.91657,-39.41661],[173.9189,-39.41619],[173.91767,-39.41499],[173.91997,-39.41499],[173.91974,-39.41073],[173.92098,-39.40994],[173.92029,-39.40869],[173.92082,-39.40722],[173.93045,-39.40085],[173.93276,-39.39803],[173.93321,-39.39545],[173.93498,-39.39327],[173.93482,-39.39126],[173.93661,-39.38848],[173.93889,-39.38773],[173.93975,-39.38451],[173.94109,-39.38397],[173.94031,-39.38199],[173.9425,-39.38041],[173.94309,-39.37893],[173.94481,-39.37934],[173.94613,-39.37765],[173.94537,-39.3769],[173.94823,-39.37622],[173.9482,-39.37331],[173.95223,-39.3729],[173.95214,-39.37113],[173.95512,-39.36868],[173.95436,-39.36636],[173.95579,-39.36588],[173.95639,-39.36394],[173.95908,-39.36177],[173.95839,-39.36004],[173.96154,-39.35643],[173.96309,-39.35557],[173.96301,-39.35649],[173.96368,-39.35658],[173.9655,-39.35561],[173.96603,-39.35431],[173.96975,-39.35192],[173.96977,-39.35019],[173.9718,-39.34976],[174.06378,-39.29604],[174.10516,-39.30628],[174.1063,-39.30568],[174.10645,-39.30651],[174.10728,-39.3054],[174.1076,-39.30654],[174.10826,-39.30549],[174.10875,-39.30628],[174.10958,-39.30553],[174.11501,-39.30637],[174.11494,-39.30747],[174.11719,-39.30865],[174.12256,-39.30918],[174.12698,-39.31063],[174.13395,-39.31523],[174.13913,-39.31543],[174.1585,-39.32192],[174.16589,-39.32291],[174.17068,-39.32139],[174.17547,-39.32237],[174.17717,-39.32199],[174.1771,-39.33261],[174.19792,-39.33232],[174.20854,-39.33002],[174.21625,-39.33079],[174.21624,-39.32832],[174.21789,-39.32872],[174.2186,-39.32817],[174.21874,-39.32921],[174.22121,-39.32943],[174.22158,-39.33019],[174.22489,-39.33119],[174.22516,-39.33198],[174.23207,-39.33448],[174.23157,-39.33063],[174.22893,-39.32315],[174.24788,-39.31502],[174.25397,-39.31498],[174.27339,-39.31747],[174.27578,-39.31713],[174.27036,-39.30361],[174.28637,-39.30263],[174.28917,-39.30473],[174.28842,-39.3066],[174.2898,-39.30913],[174.29351,-39.30913],[174.29351,-39.31048],[174.30515,-39.31336],[174.30861,-39.31111],[174.30861,-39.31515],[174.32066,-39.31514],[174.32067,-39.32631],[174.34484,-39.3263],[174.34476,-39.33941],[174.35025,-39.33883],[174.34923,-39.33995],[174.34927,-39.34243],[174.3509,-39.34212],[174.35242,-39.3431],[174.3527,-39.34528],[174.35515,-39.3501],[174.35559,-39.35475],[174.3582,-39.3563],[174.35679,-39.35758],[174.3567,-39.36007],[174.35858,-39.3632],[174.35925,-39.36303],[174.35885,-39.36051],[174.36044,-39.35947],[174.36256,-39.36083],[174.36389,-39.35697],[174.36567,-39.355],[174.36673,-39.35473],[174.36749,-39.35635],[174.36856,-39.35644],[174.36871,-39.35423],[174.37151,-39.35261],[174.37216,-39.35274],[174.37421,-39.35749],[174.37648,-39.3583],[174.37627,-39.35732],[174.3744,-39.35615],[174.37615,-39.35478],[174.37705,-39.35103],[174.38259,-39.35097],[174.37879,-39.34806],[174.38022,-39.34505],[174.3777,-39.34556],[174.37677,-39.34506],[174.37998,-39.34155],[174.3848,-39.34484],[174.39132,-39.34508],[174.38996,-39.34675],[174.39072,-39.34791],[174.39045,-39.35224],[174.39266,-39.35074],[174.39494,-39.35077],[174.39405,-39.349],[174.39494,-39.34842],[174.39772,-39.34975],[174.40022,-39.34962],[174.40489,-39.35295],[174.40597,-39.35268],[174.40651,-39.35042],[174.40746,-39.34989],[174.41151,-39.35028],[174.4139,-39.35315],[174.41584,-39.35167],[174.41581,-39.35547],[174.41829,-39.35804],[174.41803,-39.35964],[174.42054,-39.36141],[174.41342,-39.36449],[174.41348,-39.36611],[174.40897,-39.3663],[174.41166,-39.36747],[174.41209,-39.36914],[174.41731,-39.36651],[174.42005,-39.37042],[174.42482,-39.36907],[174.42391,-39.37189],[174.42482,-39.37257],[174.4287,-39.37293],[174.42984,-39.37191],[174.43298,-39.3737],[174.4369,-39.37084],[174.44058,-39.37128],[174.4397,-39.37287],[174.43654,-39.37319],[174.43622,-39.37504],[174.43772,-39.38017],[174.43619,-39.38098],[174.43469,-39.38006],[174.43312,-39.38026],[174.43097,-39.38255],[174.43189,-39.38328],[174.43596,-39.38212],[174.43484,-39.38455],[174.43515,-39.38645],[174.4397,-39.38561],[174.44104,-39.38729],[174.44211,-39.38662],[174.44099,-39.38487],[174.44303,-39.38385],[174.44375,-39.38498],[174.44608,-39.38418],[174.44667,-39.3822],[174.44407,-39.38212],[174.44511,-39.38096],[174.44438,-39.37929],[174.44554,-39.37864],[174.44822,-39.38051],[174.44847,-39.38189],[174.4512,-39.38316],[174.45007,-39.38493],[174.45115,-39.38691],[174.45338,-39.38582],[174.45183,-39.37937],[174.45885,-39.38314],[174.45904,-39.38456],[174.45614,-39.3846],[174.45655,-39.38719],[174.45904,-39.3861],[174.46161,-39.38806],[174.46033,-39.38825],[174.4583,-39.39055],[174.45409,-39.39083],[174.45608,-39.39385],[174.45313,-39.39711],[174.45879,-39.39858],[174.45746,-39.40082],[174.4589,-39.40319],[174.45798,-39.40551],[174.46283,-39.40478],[174.46597,-39.40632],[174.46981,-39.40565],[174.47128,-39.40673],[174.47313,-39.40677],[174.47324,-39.40555],[174.47197,-39.40387],[174.47228,-39.40286],[174.46928,-39.4008],[174.46934,-39.39958],[174.47084,-39.39915],[174.47322,-39.39952],[174.47481,-39.40236],[174.47538,-39.40545],[174.47907,-39.40517],[174.47957,-39.4065],[174.48044,-39.4067],[174.48774,-39.40516],[174.48899,-39.40594],[174.49145,-39.40577],[174.4956,-39.40454],[174.50458,-39.40484],[174.50782,-39.40405],[174.51175,-39.40464],[174.51229,-39.40014],[174.50806,-39.39752],[174.51006,-39.39631],[174.51063,-39.39457],[174.51603,-39.39335],[174.51605,-39.39235],[174.51736,-39.39165],[174.51759,-39.38898],[174.51616,-39.38598],[174.51824,-39.38536],[174.51965,-39.38237],[174.52228,-39.38037],[174.52286,-39.37885],[174.52343,-39.37836],[174.52463,-39.37909],[174.52683,-39.37638],[174.52828,-39.37578],[174.52966,-39.37554],[174.53238,-39.37686],[174.534,-39.37396],[174.53609,-39.37381],[174.53727,-39.37194],[174.5396,-39.37085],[174.54204,-39.37085],[174.54431,-39.36692],[174.54915,-39.36425],[174.55035,-39.36161],[174.55328,-39.36125],[174.55404,-39.35998],[174.55757,-39.36143],[174.5585,-39.36302],[174.56166,-39.36535],[174.56672,-39.36608],[174.57148,-39.36524],[174.57239,-39.36459],[174.57238,-39.36313],[174.5736,-39.36255],[174.5773,-39.36336],[174.57955,-39.36525],[174.57926,-39.37022],[174.57993,-39.37109],[174.57867,-39.37351],[174.59528,-39.37467],[174.61919,-39.37428],[174.62752,-39.37516],[174.66327,-39.37435],[174.66668,-39.37336],[174.67436,-39.37493],[174.67848,-39.37435],[174.67937,-39.37668],[174.68174,-39.37835],[174.68199,-39.38023],[174.67985,-39.38274],[174.68181,-39.38931],[174.68404,-39.39009],[174.68529,-39.3937],[174.68066,-39.4015],[174.67842,-39.40224],[174.67801,-39.40494],[174.87698,-39.40413],[174.87655,-39.40314],[174.87131,-39.40102],[174.87126,-39.39852],[174.86991,-39.39545],[174.86691,-39.39216],[174.86588,-39.38909],[174.86654,-39.38878],[174.87021,-39.39051],[174.87296,-39.38874],[174.87662,-39.3917],[174.87943,-39.39021],[174.88063,-39.38734],[174.88277,-39.38607],[174.8848,-39.3818],[174.88194,-39.37837],[174.88473,-39.3775],[174.88923,-39.37374],[174.88892,-39.37142],[174.89043,-39.36856],[174.88846,-39.36621],[174.8882,-39.36477],[174.88923,-39.36405],[174.89158,-39.35806],[174.88828,-39.35618],[174.88713,-39.35356],[174.88327,-39.3528],[174.88043,-39.35332],[174.87694,-39.35679],[174.87692,-39.35367],[174.87195,-39.35179],[174.87212,-39.34905],[174.87074,-39.3468],[174.86426,-39.34341],[174.86143,-39.34368],[174.86094,-39.34231],[174.85885,-39.34088],[174.8539,-39.34132],[174.85435,-39.33989],[174.85012,-39.33675],[174.84246,-39.33588],[174.83844,-39.33695],[174.83326,-39.33579],[174.82707,-39.33249],[174.82282,-39.33397],[174.82214,-39.33206],[174.8207,-39.33114],[174.8226,-39.32977],[174.82234,-39.32824],[174.81977,-39.32602],[174.82041,-39.32276],[174.81828,-39.32153],[174.81531,-39.31814],[174.81477,-39.31421],[174.81283,-39.31363],[174.81794,-39.31002],[174.8188,-39.30737],[174.81856,-39.30449],[174.82019,-39.3017],[174.82321,-39.29968],[174.82652,-39.29949],[174.83091,-39.29616],[174.832,-39.29257],[174.83797,-39.28781],[174.84092,-39.27846],[174.84073,-39.27641],[174.84548,-39.27045],[174.84597,-39.26628],[174.84518,-39.2643],[174.84631,-39.26308],[174.84707,-39.25985],[174.85182,-39.26177],[174.85564,-39.26138],[174.85705,-39.25912],[174.86204,-39.25548],[174.8643,-39.25054],[174.86497,-39.24693],[174.86265,-39.24454],[174.86295,-39.2435],[174.86442,-39.24278],[174.86151,-39.23998],[174.86092,-39.23845],[174.86185,-39.2357],[174.8595,-39.23316],[174.85958,-39.23205],[174.86144,-39.2305],[174.8682,-39.23179],[174.86897,-39.23352],[174.87311,-39.23681],[174.88042,-39.23669],[174.87951,-39.23797],[174.88846,-39.24118],[174.89067,-39.24048],[174.89283,-39.23764],[174.89472,-39.23267],[174.89295,-39.22901],[174.89594,-39.22672],[174.89898,-39.22724],[174.91024,-39.23402],[174.91422,-39.23386],[174.91541,-39.23207],[174.91436,-39.22745],[174.9149,-39.22516],[174.92285,-39.21974],[174.9272,-39.21137],[174.93111,-39.20591],[174.93426,-39.19905],[174.94167,-39.19342],[174.95036,-39.18369],[174.95046,-39.18204],[174.94949,-39.18111],[174.94451,-39.18126],[174.94151,-39.18051],[174.94093,-39.1778],[174.94571,-39.17409],[174.95323,-39.17297],[174.95884,-39.17096],[174.95883,-39.16974],[174.95773,-39.16869],[174.95031,-39.16598],[174.94948,-39.16461],[174.94995,-39.16324],[174.95333,-39.16211],[174.96336,-39.16263],[174.97379,-39.15858],[174.98073,-39.15725],[174.98353,-39.1554],[174.98477,-39.15206],[174.98444,-39.14912],[174.9831,-39.14667],[174.97825,-39.14183],[174.97794,-39.13963],[174.98004,-39.13866],[174.98988,-39.14016],[174.99274,-39.1391],[174.99404,-39.13766],[174.99039,-39.1346],[174.98903,-39.13239],[174.98928,-39.1301],[174.99161,-39.12686],[174.99149,-39.12533],[174.9818,-39.11703],[174.98155,-39.11488],[174.98294,-39.11215],[174.98563,-39.11189],[174.98766,-39.11358],[174.98982,-39.11396],[174.99164,-39.11322],[174.99258,-39.1138],[174.99404,-39.12546],[174.99611,-39.12802],[175.0001,-39.12879],[175.00342,-39.12695],[175.00458,-39.12332],[175.00146,-39.11944],[174.99978,-39.11576],[174.99666,-39.11318],[174.99674,-39.11146],[175.00041,-39.11037],[175.0059,-39.11564],[175.01029,-39.1165],[175.01952,-39.10905],[175.02212,-39.10479],[175.02468,-39.10229],[175.0297,-39.10184],[175.04667,-39.10654],[175.05266,-39.11051],[175.05754,-39.11219],[175.06371,-39.11113],[175.06934,-39.10786],[175.06912,-39.10475],[175.06594,-39.10053],[175.0587,-39.09423],[175.04765,-39.0873],[175.04302,-39.08336],[175.04217,-39.07841],[175.04256,-39.07636],[175.04658,-39.07288],[175.04731,-39.07036],[175.04599,-39.06655],[175.03845,-39.05949],[175.0381,-39.05737],[175.03925,-39.05586],[175.04236,-39.05466],[175.057,-39.05231],[175.06037,-39.05076],[175.0681,-39.03102],[175.07191,-39.02696],[175.07628,-39.026],[175.08473,-39.02985],[175.08915,-39.02984],[175.09124,-39.02871],[175.09207,-39.02714],[175.08849,-39.02256],[175.08913,-39.01943],[175.09116,-39.01904],[175.09583,-39.02064],[175.10254,-39.01997],[175.10489,-39.01891],[175.1064,-39.01662],[175.10604,-39.01356],[175.10416,-39.01174],[175.09754,-39.00863],[175.09674,-39.00635],[175.09786,-39.00409],[175.10307,-39.0034],[175.11185,-39.00025],[175.11419,-39.00175],[175.11572,-39.00747],[175.11953,-39.00829],[175.12186,-39.00678],[175.12326,-39.00394],[175.12317,-39.00122],[175.12133,-38.99752],[175.11953,-38.98863],[175.1206,-38.98696],[175.12318,-38.98545],[175.1304,-38.98426],[175.13189,-38.9828],[175.13169,-38.97985],[175.12882,-38.97136],[175.12926,-38.96792],[175.13247,-38.96318],[175.13864,-38.95782],[175.14121,-38.95671],[175.14715,-38.95588],[175.15,-38.95314],[175.1486,-38.95124],[175.14554,-38.94997],[175.13716,-38.94873],[175.13028,-38.94927],[175.12712,-38.9482],[175.12567,-38.9465],[175.12366,-38.93993],[175.11738,-38.93405],[175.11738,-38.93209],[175.12044,-38.93071],[175.12484,-38.93111],[175.13011,-38.93478],[175.14169,-38.93955],[175.14553,-38.94302],[175.14897,-38.93929],[175.15109,-38.93873],[175.15451,-38.94341],[175.15986,-38.94446],[175.16642,-38.94722],[175.17056,-38.94619],[175.17764,-38.94231],[175.18173,-38.94125],[175.18688,-38.94158],[175.19769,-38.94596],[175.20224,-38.94547],[175.20406,-38.944],[175.20196,-38.9372],[175.20355,-38.93594],[175.206,-38.93567],[175.20991,-38.9373],[175.21454,-38.94094],[175.21718,-38.94529],[175.21934,-38.94692],[175.21839,-38.95097],[175.21863,-38.95225],[175.21988,-38.95266],[175.2269,-38.9484],[175.23604,-38.9491],[175.24194,-38.94371],[175.24195,-38.94078],[175.23638,-38.93176],[175.23602,-38.92464],[175.23172,-38.92307],[175.23019,-38.92092],[175.22726,-38.92012],[175.22943,-38.91801],[175.2333,-38.91744],[175.23637,-38.91917],[175.24009,-38.92394],[175.24431,-38.92446],[175.24646,-38.92381],[175.24727,-38.92274],[175.24714,-38.92125],[175.24311,-38.91759],[175.24176,-38.91536],[175.24496,-38.90878],[175.24859,-38.91109],[175.25173,-38.91097],[175.25329,-38.90942],[175.25711,-38.90987],[175.2687,-38.90793],[175.27765,-38.91127],[175.27993,-38.91145],[175.28616,-38.91004],[175.28849,-38.91023],[175.28861,-38.90941],[175.29104,-38.90919],[175.2928,-38.91044],[175.29348,-38.9121],[175.29561,-38.91076],[175.29689,-38.91166],[175.30203,-38.91094],[175.30289,-38.90902],[175.30584,-38.90946],[175.30785,-38.90859],[175.30878,-38.90717],[175.3105,-38.9073],[175.31255,-38.91045],[175.31464,-38.90981],[175.3159,-38.91076],[175.31845,-38.90996],[175.32104,-38.9112],[175.3213,-38.90926],[175.32322,-38.90819],[175.3236,-38.90721],[175.32284,-38.90671],[175.32363,-38.90572],[175.33101,-38.90951],[175.33185,-38.90597],[175.33488,-38.90095],[175.33372,-38.89884],[175.33399,-38.89749],[175.33621,-38.89648],[175.34243,-38.90121],[175.34351,-38.9073],[175.34293,-38.91086],[175.34503,-38.91589],[175.34719,-38.9174],[175.34457,-38.91798],[175.34303,-38.9166],[175.34137,-38.91631],[175.34022,-38.91725],[175.34045,-38.91895],[175.34415,-38.92284],[175.34642,-38.92364],[175.34892,-38.92598],[175.35156,-38.92681],[175.35106,-38.92835],[175.34772,-38.93133],[175.34783,-38.93258],[175.35218,-38.93481],[175.36098,-38.93592],[175.36232,-38.93514],[175.3638,-38.9326],[175.3696,-38.93054],[175.37266,-38.92648],[175.37783,-38.92619],[175.38279,-38.92792],[175.38177,-38.92563],[175.38189,-38.92113],[175.38277,-38.91873],[175.37686,-38.91199],[175.37729,-38.90838],[175.37567,-38.90575],[175.37384,-38.90556],[175.36994,-38.90261],[175.37296,-38.90103],[175.37628,-38.89759],[175.38121,-38.89593],[175.38394,-38.89307],[175.37844,-38.89203],[175.37886,-38.89142],[175.37803,-38.89065],[175.37924,-38.88865],[175.38456,-38.88655],[175.38653,-38.88318],[175.37669,-38.8832],[175.37473,-38.87346],[175.37523,-38.86583],[175.37179,-38.8667],[175.36899,-38.86579],[175.3649,-38.8586],[175.36096,-38.8578],[175.35921,-38.85658],[175.35849,-38.85415],[175.35586,-38.85177],[175.34393,-38.84947],[175.3438,-38.84261],[175.33826,-38.84227],[175.33703,-38.84127],[175.33631,-38.8374],[175.33413,-38.83445],[175.32927,-38.8326],[175.32484,-38.83269],[175.32346,-38.82951],[175.31979,-38.82665],[175.31727,-38.82618],[175.31583,-38.82422],[175.31388,-38.82409],[175.31376,-38.82336],[175.31306,-38.82376],[175.30952,-38.82231],[175.30639,-38.82309],[175.30576,-38.82221],[175.30448,-38.82231],[175.30414,-38.82139],[175.30293,-38.82194],[175.30297,-38.82115],[175.30456,-38.82061],[175.30501,-38.81834],[175.3082,-38.81829],[175.31097,-38.82013],[175.31267,-38.81839],[175.31534,-38.81858],[175.31411,-38.8172],[175.31517,-38.81674],[175.31704,-38.81827],[175.31969,-38.81851],[175.32088,-38.82145],[175.32263,-38.82329],[175.32375,-38.82236],[175.32547,-38.8228],[175.32602,-38.82402],[175.32836,-38.82357],[175.33159,-38.82435],[175.33124,-38.82612],[175.33288,-38.82803],[175.33783,-38.82792],[175.33941,-38.82874],[175.34126,-38.83209],[175.34521,-38.83054],[175.34715,-38.831],[175.35333,-38.8275],[175.35668,-38.828],[175.35744,-38.8296],[175.36357,-38.82853],[175.36571,-38.82946],[175.38906,-38.77273],[175.44411,-38.78403],[175.44336,-38.78736],[175.47016,-38.7872],[175.47041,-38.81186]]]},"properties":{"name":"Whanganui"}},{"type":"Feature","id":62,"geometry":{"type":"Polygon","coordinates":[[[174.69858,-36.54015],[174.70267,-36.54038],[174.70661,-36.54217],[174.70889,-36.54211],[174.71528,-36.54909],[174.72032,-36.55073],[174.98503,-36.54474],[174.98068,-36.55564],[174.9741,-36.56777],[174.96109,-36.58661],[174.94998,-36.60079],[174.93518,-36.6176],[174.92117,-36.63172],[174.90758,-36.64405],[174.89026,-36.65825],[174.7438,-36.66072],[174.73616,-36.66145],[174.73478,-36.66361],[174.73095,-36.66636],[174.72833,-36.66716],[174.72396,-36.67106],[174.721,-36.67097],[174.71389,-36.67528],[174.71025,-36.67527],[174.70807,-36.67403],[174.69275,-36.67138],[174.69256,-36.67236],[174.68949,-36.67227],[174.6881,-36.6772],[174.68634,-36.67475],[174.68461,-36.67529],[174.6883,-36.67833],[174.6964,-36.68131],[174.70134,-36.68633],[174.70311,-36.69084],[174.70701,-36.7101],[174.70637,-36.71082],[174.70039,-36.7109],[174.69676,-36.71208],[174.69128,-36.71009],[174.68976,-36.70858],[174.6868,-36.70975],[174.68332,-36.70998],[174.68166,-36.70898],[174.67823,-36.71104],[174.67708,-36.7109],[174.67411,-36.71419],[174.67216,-36.71245],[174.66803,-36.71073],[174.66528,-36.71251],[174.6619,-36.71277],[174.65632,-36.71542],[174.65388,-36.71368],[174.6509,-36.71399],[174.64917,-36.71282],[174.64373,-36.71486],[174.64259,-36.71633],[174.63916,-36.71724],[174.63433,-36.71653],[174.63217,-36.71505],[174.62748,-36.7137],[174.62647,-36.71057],[174.62689,-36.70729],[174.62556,-36.70379],[174.61878,-36.7068],[174.61593,-36.71065],[174.61328,-36.71042],[174.6106,-36.71121],[174.6064,-36.71468],[174.60426,-36.71298],[174.60381,-36.71117],[174.60084,-36.70928],[174.59841,-36.70946],[174.59664,-36.70849],[174.5947,-36.70655],[174.59398,-36.70373],[174.59277,-36.7025],[174.58387,-36.69843],[174.58274,-36.6966],[174.5829,-36.69312],[174.57815,-36.6934],[174.57578,-36.69281],[174.57472,-36.69131],[174.5726,-36.69066],[174.57149,-36.68887],[174.57421,-36.68625],[174.57462,-36.68128],[174.57094,-36.6804],[174.56743,-36.67745],[174.56558,-36.67701],[174.56511,-36.6758],[174.56595,-36.67209],[174.56881,-36.67037],[174.57557,-36.67165],[174.58034,-36.67128],[174.58706,-36.66337],[174.58504,-36.66098],[174.58834,-36.65793],[174.58672,-36.65604],[174.58796,-36.65506],[174.58429,-36.65232],[174.58915,-36.64806],[174.58706,-36.64737],[174.58848,-36.64648],[174.58415,-36.64158],[174.60266,-36.63751],[174.60879,-36.63509],[174.61225,-36.63272],[174.61529,-36.63321],[174.6207,-36.63256],[174.63023,-36.63033],[174.63382,-36.62869],[174.64221,-36.6276],[174.64921,-36.62563],[174.65591,-36.62237],[174.65711,-36.62097],[174.66293,-36.6209],[174.6628,-36.6171],[174.66038,-36.61228],[174.6601,-36.60958],[174.66223,-36.60293],[174.66289,-36.5939],[174.66574,-36.58016],[174.6721,-36.56721],[174.67888,-36.5621],[174.68062,-36.55952],[174.68123,-36.55678],[174.68,-36.55185],[174.68096,-36.5458],[174.68103,-36.53816],[174.68352,-36.53815],[174.68826,-36.54035],[174.69205,-36.53796],[174.69335,-36.5379],[174.69582,-36.53969],[174.69858,-36.54015]]]},"properties":{"name":"Whangaparāoa"}},{"type":"Feature","id":63,"geometry":{"type":"Polygon","coordinates":[[[174.61787,-35.26003],[174.6217,-35.26729],[174.6557,-35.25498],[174.67339,-35.25054],[174.69206,-35.2471],[174.70946,-35.24491],[174.7262,-35.24386],[174.74427,-35.24373],[174.76249,-35.24466],[174.7903,-35.24835],[174.80854,-35.25236],[174.8286,-35.25813],[174.84553,-35.2643],[174.86243,-35.27186],[174.87917,-35.28077],[174.89282,-35.2894],[174.90455,-35.29783],[174.91891,-35.30976],[174.93784,-35.32845],[174.94527,-35.33679],[174.95264,-35.34592],[174.96093,-35.35812],[174.96819,-35.37017],[174.97658,-35.38826],[174.98104,-35.40082],[174.98527,-35.41702],[174.98768,-35.43203],[174.98873,-35.44521],[174.99295,-35.47079],[174.99348,-35.49207],[174.99222,-35.50558],[174.98929,-35.52247],[174.98336,-35.54221],[174.97257,-35.56639],[174.96997,-35.58223],[174.96548,-35.59954],[174.9595,-35.61531],[174.95179,-35.63113],[174.9421,-35.64678],[174.92457,-35.66861],[174.90455,-35.68785],[174.88573,-35.70217],[174.91138,-35.71328],[174.91362,-35.73316],[174.91295,-35.77555],[174.91067,-35.8002],[174.90565,-35.82604],[174.8983,-35.85115],[174.89167,-35.86934],[174.8824,-35.88966],[174.87274,-35.9071],[174.85745,-35.93001],[174.82979,-35.96605],[174.815,-35.98055],[174.80284,-35.99118],[174.78256,-36.00708],[174.58304,-36.0432],[174.58041,-36.05316],[174.5732,-36.06108],[174.57009,-36.0591],[174.56954,-36.05998],[174.5683,-36.05997],[174.56864,-36.06088],[174.56585,-36.06059],[174.56549,-36.06115],[174.56297,-36.05919],[174.55993,-36.0585],[174.55584,-36.05547],[174.55731,-36.05749],[174.56421,-36.06139],[174.56531,-36.06519],[174.56409,-36.06656],[174.55622,-36.06623],[174.54971,-36.0677],[174.54884,-36.06897],[174.54719,-36.06861],[174.54548,-36.0697],[174.54222,-36.0696],[174.54095,-36.06795],[174.53626,-36.06637],[174.53037,-36.06732],[174.52846,-36.06595],[174.52743,-36.06608],[174.52453,-36.06345],[174.51992,-36.06539],[174.5181,-36.06691],[174.51698,-36.06917],[174.51564,-36.069],[174.51016,-36.07257],[174.50549,-36.07119],[174.50196,-36.07408],[174.5005,-36.07332],[174.49984,-36.07396],[174.49547,-36.07413],[174.49296,-36.07201],[174.48931,-36.07344],[174.48774,-36.07257],[174.48467,-36.07302],[174.48165,-36.07051],[174.47737,-36.07079],[174.47287,-36.07196],[174.47276,-36.07525],[174.47024,-36.07727],[174.46729,-36.07877],[174.46514,-36.07857],[174.45778,-36.08173],[174.45457,-36.0822],[174.45412,-36.08394],[174.45217,-36.08468],[174.45168,-36.08567],[174.45049,-36.08534],[174.44702,-36.08662],[174.4404,-36.08604],[174.43549,-36.08397],[174.43376,-36.08161],[174.43007,-36.08099],[174.4299,-36.08151],[174.42937,-36.08055],[174.42659,-36.07947],[174.42285,-36.07983],[174.42311,-36.07905],[174.4217,-36.07924],[174.42073,-36.0782],[174.41884,-36.07861],[174.4171,-36.0773],[174.41087,-36.07728],[174.40815,-36.07872],[174.40876,-36.07747],[174.40804,-36.07684],[174.4041,-36.07587],[174.40031,-36.07721],[174.40051,-36.07579],[174.39571,-36.07175],[174.39019,-36.07092],[174.38706,-36.06948],[174.38501,-36.06754],[174.38796,-36.06775],[174.39051,-36.06532],[174.39022,-36.0608],[174.39085,-36.05818],[174.38976,-36.05635],[174.38751,-36.05598],[174.39052,-36.05517],[174.38634,-36.047],[174.38457,-36.04566],[174.38337,-36.04497],[174.38208,-36.04577],[174.38225,-36.04895],[174.38135,-36.05102],[174.37834,-36.05214],[174.37315,-36.04858],[174.36816,-36.05365],[174.35879,-36.05364],[174.35911,-36.04346],[174.35576,-36.04221],[174.35205,-36.03822],[174.34881,-36.03732],[174.34431,-36.03452],[174.34408,-36.0325],[174.3461,-36.02945],[174.34519,-36.02824],[174.34243,-36.02754],[174.34257,-36.02447],[174.34041,-36.02137],[174.33935,-36.02267],[174.335,-36.02311],[174.33065,-36.02515],[174.33136,-36.0262],[174.32959,-36.02572],[174.32557,-36.02713],[174.3245,-36.02684],[174.32024,-36.00667],[174.31906,-36.00597],[174.31892,-36.0044],[174.31676,-36.00164],[174.31525,-36.00072],[174.31784,-35.99649],[174.31709,-35.99311],[174.31343,-35.99074],[174.31294,-35.98765],[174.31045,-35.98618],[174.31118,-35.98419],[174.31649,-35.98412],[174.31824,-35.98492],[174.32474,-35.98177],[174.3271,-35.9817],[174.32724,-35.95759],[174.30974,-35.95315],[174.28216,-35.92899],[174.2802,-35.92416],[174.27776,-35.92391],[174.27087,-35.92546],[174.26993,-35.92428],[174.27056,-35.9226],[174.26954,-35.92072],[174.26404,-35.91919],[174.26462,-35.91359],[174.26223,-35.90935],[174.2619,-35.90687],[174.26468,-35.90284],[174.2674,-35.90108],[174.26765,-35.89303],[174.26609,-35.89],[174.25366,-35.87366],[174.24664,-35.86585],[174.24828,-35.86433],[174.24906,-35.86177],[174.25084,-35.86197],[174.2511,-35.86063],[174.25023,-35.85922],[174.24552,-35.85762],[174.24494,-35.85677],[174.24584,-35.85634],[174.24613,-35.85456],[174.24561,-35.85302],[174.2449,-35.85341],[174.24555,-35.85179],[174.24472,-35.85052],[174.24779,-35.84889],[174.24733,-35.84825],[174.24855,-35.84718],[174.24788,-35.84644],[174.25655,-35.84308],[174.25329,-35.83672],[174.25151,-35.83488],[174.24899,-35.83469],[174.2448,-35.82896],[174.23727,-35.82759],[174.23374,-35.82475],[174.23663,-35.81961],[174.23926,-35.81728],[174.24352,-35.81509],[174.24368,-35.81343],[174.24717,-35.81112],[174.24599,-35.80989],[174.24398,-35.8109],[174.23687,-35.80147],[174.22914,-35.80621],[174.22914,-35.80798],[174.22595,-35.81329],[174.2075,-35.80569],[174.20809,-35.78887],[174.21493,-35.79023],[174.21777,-35.78005],[174.22077,-35.78064],[174.22256,-35.77427],[174.2193,-35.77488],[174.21382,-35.76932],[174.21018,-35.76831],[174.20127,-35.76363],[174.19876,-35.76315],[174.19776,-35.76395],[174.19749,-35.76193],[174.19961,-35.76178],[174.19827,-35.76086],[174.19939,-35.7599],[174.20128,-35.7545],[174.19695,-35.75439],[174.19711,-35.752],[174.19438,-35.75136],[174.19635,-35.74797],[174.19118,-35.74078],[174.1793,-35.73969],[174.17889,-35.73919],[174.18054,-35.73752],[174.17862,-35.73548],[174.1695,-35.73598],[174.16876,-35.73508],[174.16883,-35.73256],[174.16262,-35.72612],[174.16103,-35.72644],[174.16048,-35.72757],[174.16133,-35.72978],[174.15902,-35.73203],[174.15391,-35.734],[174.15804,-35.73125],[174.15265,-35.72285],[174.14867,-35.72407],[174.14495,-35.72014],[174.13797,-35.72117],[174.13807,-35.70851],[174.13212,-35.70569],[174.13564,-35.70458],[174.13561,-35.70302],[174.13276,-35.70021],[174.13,-35.70153],[174.12902,-35.70288],[174.12763,-35.70228],[174.12647,-35.7032],[174.12385,-35.70242],[174.1238,-35.70159],[174.12177,-35.70272],[174.12077,-35.7022],[174.12007,-35.70293],[174.12107,-35.70357],[174.11996,-35.70453],[174.11972,-35.70342],[174.11717,-35.7025],[174.11609,-35.70482],[174.11374,-35.70368],[174.1133,-35.7022],[174.11412,-35.70126],[174.11084,-35.69941],[174.11255,-35.69859],[174.11674,-35.69933],[174.11791,-35.69646],[174.11832,-35.69841],[174.11959,-35.69871],[174.12127,-35.69484],[174.1188,-35.69449],[174.12161,-35.69228],[174.12196,-35.68949],[174.12594,-35.68656],[174.12644,-35.68525],[174.12543,-35.68251],[174.12645,-35.67977],[174.12983,-35.67728],[174.13611,-35.6771],[174.14,-35.67503],[174.13966,-35.67298],[174.14114,-35.67167],[174.13971,-35.67054],[174.14013,-35.66895],[174.13941,-35.6662],[174.14003,-35.66493],[174.13652,-35.66423],[174.14163,-35.66152],[174.1421,-35.65994],[174.14039,-35.65831],[174.14071,-35.65542],[174.14358,-35.65257],[174.14757,-35.65258],[174.15171,-35.65384],[174.15296,-35.6516],[174.15264,-35.65001],[174.15856,-35.64879],[174.16102,-35.64606],[174.16397,-35.64615],[174.16992,-35.64106],[174.17269,-35.64102],[174.17452,-35.64186],[174.17515,-35.6398],[174.17761,-35.63786],[174.17915,-35.63902],[174.18242,-35.63769],[174.18175,-35.63622],[174.18304,-35.63495],[174.18666,-35.63648],[174.19379,-35.63629],[174.19709,-35.63464],[174.20118,-35.63092],[174.20889,-35.62781],[174.21048,-35.62782],[174.21347,-35.62576],[174.21853,-35.62487],[174.21755,-35.62327],[174.22095,-35.62211],[174.2219,-35.62087],[174.22486,-35.6213],[174.23179,-35.61856],[174.2318,-35.61662],[174.23367,-35.61421],[174.23474,-35.61026],[174.23757,-35.61085],[174.23821,-35.61028],[174.23764,-35.60758],[174.23938,-35.60612],[174.23848,-35.60344],[174.23659,-35.60312],[174.23727,-35.60112],[174.23862,-35.60075],[174.24003,-35.60307],[174.24162,-35.60257],[174.24421,-35.60334],[174.24528,-35.60584],[174.24843,-35.6027],[174.2489,-35.59964],[174.24765,-35.59934],[174.24707,-35.60109],[174.24407,-35.59902],[174.24932,-35.59771],[174.24717,-35.59647],[174.24777,-35.5949],[174.2455,-35.59399],[174.24555,-35.59278],[174.25098,-35.59429],[174.26791,-35.58583],[174.26711,-35.58391],[174.26935,-35.58333],[174.26857,-35.58215],[174.27024,-35.58135],[174.26591,-35.57507],[174.27299,-35.57161],[174.27397,-35.57215],[174.27384,-35.5701],[174.27482,-35.56852],[174.28415,-35.56706],[174.28275,-35.56327],[174.28332,-35.55488],[174.27805,-35.54827],[174.2782,-35.54467],[174.27591,-35.54109],[174.27357,-35.5396],[174.2665,-35.53886],[174.25883,-35.54239],[174.25323,-35.54284],[174.24835,-35.54115],[174.23464,-35.53839],[174.2326,-35.5368],[174.23035,-35.53297],[174.22483,-35.52934],[174.21817,-35.52612],[174.21687,-35.52481],[174.20404,-35.5201],[174.20666,-35.51942],[174.20802,-35.52015],[174.20742,-35.51894],[174.21018,-35.51665],[174.2089,-35.5151],[174.20899,-35.51336],[174.21076,-35.51368],[174.21198,-35.51211],[174.20984,-35.5116],[174.2106,-35.50837],[174.20954,-35.5069],[174.20496,-35.50669],[174.20715,-35.50499],[174.20609,-35.5038],[174.20636,-35.50466],[174.20509,-35.50412],[174.20547,-35.50308],[174.20463,-35.50254],[174.20446,-35.50053],[174.20814,-35.4989],[174.21219,-35.49879],[174.21261,-35.49969],[174.21476,-35.49976],[174.21551,-35.49803],[174.21555,-35.48347],[174.23071,-35.48357],[174.23096,-35.47403],[174.23472,-35.47212],[174.23376,-35.47149],[174.23324,-35.46944],[174.23693,-35.46783],[174.23728,-35.46106],[174.24109,-35.45954],[174.24181,-35.4581],[174.24179,-35.44664],[174.24639,-35.43588],[174.25245,-35.43601],[174.25155,-35.43727],[174.26594,-35.43731],[174.26603,-35.42799],[174.26424,-35.42807],[174.26049,-35.42368],[174.25517,-35.42242],[174.25452,-35.4212],[174.25687,-35.41956],[174.2569,-35.41709],[174.25522,-35.4161],[174.25471,-35.41321],[174.25352,-35.41267],[174.25623,-35.40984],[174.25792,-35.41018],[174.26036,-35.40532],[174.26453,-35.40424],[174.26685,-35.40264],[174.27247,-35.40154],[174.27524,-35.39782],[174.27682,-35.39725],[174.27763,-35.39785],[174.28691,-35.38673],[174.28599,-35.36596],[174.2851,-35.36308],[174.28763,-35.36142],[174.28626,-35.35362],[174.28126,-35.35423],[174.27952,-35.35132],[174.27764,-35.35049],[174.27801,-35.34954],[174.27696,-35.34755],[174.27228,-35.34551],[174.2719,-35.34416],[174.26893,-35.34303],[174.26632,-35.34087],[174.26285,-35.34008],[174.26151,-35.33607],[174.26287,-35.33526],[174.2625,-35.3339],[174.26413,-35.33151],[174.26215,-35.32505],[174.26285,-35.32393],[174.26237,-35.32234],[174.26292,-35.32035],[174.25724,-35.3195],[174.25554,-35.31631],[174.2549,-35.31402],[174.25546,-35.31168],[174.25352,-35.30647],[174.25487,-35.30549],[174.25428,-35.30458],[174.25614,-35.30249],[174.25846,-35.30172],[174.25931,-35.30361],[174.26157,-35.305],[174.2649,-35.30505],[174.26689,-35.30752],[174.28029,-35.31345],[174.28158,-35.31588],[174.2834,-35.31735],[174.28636,-35.31881],[174.28658,-35.31961],[174.28888,-35.32004],[174.3042,-35.30339],[174.30463,-35.30207],[174.31137,-35.30177],[174.59503,-35.22341],[174.60288,-35.2371],[174.61787,-35.26003]]]},"properties":{"name":"Whangārei"}},{"type":"Feature","id":64,"geometry":{"type":"Polygon","coordinates":[[[172.47966,-43.51173],[172.48821,-43.51023],[172.50887,-43.51258],[172.57202,-43.53194],[172.61226,-43.5288],[172.61234,-43.54008],[172.61165,-43.54045],[172.61233,-43.54105],[172.59709,-43.54113],[172.59467,-43.54414],[172.59774,-43.54687],[172.60857,-43.54808],[172.61155,-43.55073],[172.60559,-43.55425],[172.61438,-43.56294],[172.59573,-43.56808],[172.59047,-43.57027],[172.581,-43.56179],[172.57339,-43.56855],[172.57137,-43.57169],[172.55272,-43.5654],[172.55068,-43.56857],[172.54821,-43.56875],[172.54805,-43.57009],[172.54874,-43.57063],[172.54651,-43.57257],[172.55376,-43.57721],[172.54723,-43.58279],[172.53906,-43.57776],[172.53824,-43.57858],[172.53853,-43.57975],[172.53706,-43.58106],[172.53618,-43.58347],[172.53711,-43.58404],[172.53655,-43.58479],[172.53792,-43.58725],[172.53724,-43.58752],[172.53775,-43.58839],[172.53941,-43.58903],[172.5402,-43.59034],[172.5488,-43.5936],[172.55057,-43.59637],[172.54946,-43.59796],[172.55021,-43.59905],[172.55231,-43.59883],[172.55444,-43.59636],[172.55683,-43.59634],[172.55872,-43.59836],[172.56089,-43.59849],[172.56018,-43.59961],[172.5572,-43.60056],[172.55648,-43.60199],[172.55359,-43.60293],[172.55252,-43.60447],[172.55274,-43.60548],[172.55408,-43.60525],[172.55589,-43.60711],[172.56208,-43.6063],[172.56812,-43.60683],[172.56982,-43.60885],[172.56918,-43.61137],[172.57073,-43.61459],[172.5687,-43.61841],[172.56984,-43.62109],[172.56443,-43.62349],[172.56414,-43.62644],[172.55678,-43.62619],[172.55639,-43.62802],[172.54417,-43.62671],[172.54349,-43.62196],[172.5313,-43.61917],[172.53217,-43.61708],[172.53027,-43.61661],[172.5246,-43.61763],[172.48651,-43.61054],[172.46777,-43.60471],[172.47537,-43.59193],[172.48533,-43.58258],[172.47841,-43.57871],[172.4631,-43.56777],[172.42398,-43.51267],[172.42817,-43.50048],[172.4665,-43.50766],[172.47966,-43.51173]]]},"properties":{"name":"Wigram"}}]}
