{"type":"FeatureCollection","features":[{"type":"Feature","id":1,"geometry":{"type":"Polygon","coordinates":[[[176.02181,-36.37127],[176.02853,-36.38773],[176.03286,-36.40276],[176.05553,-36.41155],[176.07629,-36.42177],[176.09615,-36.43395],[176.10947,-36.44375],[176.12285,-36.45497],[176.14022,-36.47288],[176.15044,-36.4858],[176.16247,-36.50443],[176.17305,-36.52677],[176.18008,-36.54882],[176.18532,-36.56125],[176.18996,-36.57576],[176.19302,-36.58848],[176.19606,-36.60698],[176.19745,-36.62794],[176.19519,-36.65461],[176.18958,-36.67784],[176.18105,-36.69949],[176.16815,-36.7223],[176.16628,-36.73116],[176.18477,-36.73743],[176.20938,-36.74807],[176.22674,-36.75738],[176.24989,-36.77304],[176.2956,-36.81054],[176.31388,-36.82991],[176.32307,-36.84201],[176.33169,-36.85515],[176.34009,-36.87121],[176.34531,-36.88343],[176.35305,-36.91109],[176.35574,-36.93623],[176.35552,-36.96371],[176.35453,-36.97382],[176.35187,-36.98843],[176.34528,-37.01054],[176.34017,-37.02252],[176.33368,-37.03505],[176.31335,-37.06682],[176.33638,-37.07084],[176.35673,-37.07606],[176.37072,-37.08053],[176.3957,-37.09068],[176.20429,-37.14098],[175.95446,-37.42083],[175.94397,-37.42038],[175.94483,-37.42146],[175.9129,-37.44156],[175.91695,-37.44457],[175.8946,-37.45492],[175.89635,-37.45599],[175.90053,-37.45584],[175.90648,-37.45822],[175.91397,-37.46291],[175.91686,-37.46253],[175.921,-37.45934],[175.92633,-37.4573],[175.93644,-37.46286],[175.93707,-37.46466],[175.93493,-37.47319],[175.93035,-37.48028],[175.93096,-37.48344],[175.92732,-37.49484],[175.92588,-37.49404],[175.92357,-37.49572],[175.87071,-37.49555],[175.87067,-37.50053],[175.86562,-37.50036],[175.85762,-37.49727],[175.85546,-37.49494],[175.84365,-37.48699],[175.83278,-37.4716],[175.81353,-37.48491],[175.81674,-37.48873],[175.81795,-37.49267],[175.81688,-37.49554],[175.80852,-37.50106],[175.80684,-37.5042],[175.80602,-37.5107],[175.80666,-37.5123],[175.80913,-37.5137],[175.82024,-37.51448],[175.82325,-37.51585],[175.82434,-37.51767],[175.8246,-37.52059],[175.82373,-37.52681],[175.829,-37.53179],[175.83104,-37.53684],[175.82917,-37.54199],[175.82655,-37.54572],[175.81495,-37.55307],[175.81289,-37.55524],[175.81135,-37.56035],[175.81172,-37.56427],[175.82167,-37.57157],[175.82304,-37.58264],[175.83281,-37.59764],[175.83464,-37.59823],[175.83444,-37.60008],[175.83563,-37.60173],[175.8356,-37.6035],[175.83688,-37.60463],[175.83716,-37.60657],[175.83886,-37.60752],[175.83917,-37.60968],[175.84004,-37.61003],[175.84041,-37.61146],[175.84009,-37.61236],[175.84148,-37.61331],[175.83983,-37.61827],[175.84082,-37.62058],[175.83671,-37.62276],[175.83539,-37.62494],[175.83582,-37.62668],[175.83359,-37.62749],[175.83706,-37.63222],[175.83746,-37.63537],[175.84006,-37.63654],[175.84148,-37.63876],[175.8408,-37.64193],[175.84317,-37.64319],[175.84514,-37.64694],[175.84451,-37.64859],[175.84812,-37.65188],[175.85206,-37.66205],[175.85631,-37.66277],[175.86524,-37.66811],[175.86481,-37.67217],[175.87086,-37.67755],[175.87214,-37.68631],[175.87456,-37.69242],[175.87642,-37.69316],[175.8795,-37.69931],[175.88974,-37.70115],[175.89052,-37.70261],[175.88965,-37.704],[175.88991,-37.70919],[175.89214,-37.71121],[175.89683,-37.71181],[175.898,-37.71423],[175.89573,-37.7167],[175.9002,-37.71837],[175.89812,-37.71937],[175.89784,-37.72127],[175.89956,-37.72216],[175.89521,-37.72422],[175.92758,-37.77616],[175.90587,-37.82855],[175.93501,-37.84264],[175.92813,-37.84718],[175.92785,-37.85208],[175.93064,-37.85645],[175.93186,-37.8616],[175.93991,-37.86801],[175.9365,-37.87007],[175.93786,-37.87371],[175.93625,-37.88136],[175.93811,-37.88262],[175.93958,-37.88264],[175.9427,-37.88059],[175.94298,-37.87908],[175.9478,-37.87881],[175.94875,-37.8801],[175.95109,-37.88025],[175.95346,-37.88318],[175.96093,-37.8894],[175.96765,-37.8833],[175.97183,-37.88285],[175.95424,-37.90191],[175.92017,-37.92346],[175.90862,-37.92064],[175.90796,-37.91881],[175.90959,-37.91899],[175.91011,-37.91629],[175.90914,-37.91602],[175.90835,-37.91294],[175.91056,-37.91306],[175.91572,-37.91157],[175.91525,-37.91006],[175.9121,-37.90793],[175.91053,-37.90767],[175.91019,-37.90884],[175.90871,-37.90921],[175.90467,-37.90927],[175.90336,-37.91099],[175.90447,-37.91183],[175.90412,-37.91256],[175.90214,-37.91237],[175.90144,-37.91142],[175.90043,-37.91239],[175.89755,-37.91183],[175.89433,-37.91366],[175.88404,-37.91282],[175.88495,-37.91361],[175.88289,-37.91795],[175.88168,-37.91759],[175.88132,-37.92117],[175.87853,-37.92308],[175.8781,-37.92231],[175.8765,-37.92219],[175.87414,-37.9233],[175.86881,-37.92253],[175.86834,-37.92153],[175.8727,-37.91482],[175.85527,-37.90987],[175.85555,-37.91217],[175.85673,-37.91241],[175.85643,-37.91366],[175.85772,-37.91408],[175.85644,-37.91523],[175.85755,-37.91879],[175.85684,-37.92385],[175.84854,-37.92711],[175.84697,-37.92445],[175.84476,-37.92263],[175.83447,-37.91973],[175.83308,-37.91715],[175.83351,-37.91601],[175.8324,-37.91282],[175.82941,-37.90847],[175.83006,-37.90886],[175.83597,-37.90663],[175.8356,-37.90595],[175.82486,-37.9061],[175.82495,-37.91841],[175.80246,-37.91874],[175.80318,-37.91753],[175.801,-37.91776],[175.80155,-37.91619],[175.80082,-37.9146],[175.79877,-37.91444],[175.79918,-37.91301],[175.80051,-37.91202],[175.79876,-37.91161],[175.79916,-37.91017],[175.79843,-37.90934],[175.79686,-37.90963],[175.7964,-37.90783],[175.79821,-37.90578],[175.80178,-37.90595],[175.80116,-37.9049],[175.80173,-37.90371],[175.79988,-37.90305],[175.80128,-37.90203],[175.7999,-37.90151],[175.79809,-37.90317],[175.79721,-37.90233],[175.79843,-37.90087],[175.7998,-37.89613],[175.79333,-37.89735],[175.79285,-37.89859],[175.79353,-37.90162],[175.77271,-37.90121],[175.77123,-37.90499],[175.7599,-37.90441],[175.74621,-37.91396],[175.73922,-37.91652],[175.72223,-37.90157],[175.71944,-37.90344],[175.71408,-37.90053],[175.70727,-37.90464],[175.69193,-37.94104],[175.6861,-37.93948],[175.68518,-37.94162],[175.68147,-37.94087],[175.67908,-37.94272],[175.67573,-37.94223],[175.67424,-37.94407],[175.67248,-37.94179],[175.66974,-37.94112],[175.66688,-37.94515],[175.66511,-37.94487],[175.66247,-37.94647],[175.6619,-37.94925],[175.65864,-37.95214],[175.65749,-37.95214],[175.65612,-37.94891],[175.65052,-37.94735],[175.65098,-37.94884],[175.64705,-37.94784],[175.64637,-37.9486],[175.63753,-37.9506],[175.6353,-37.95275],[175.62767,-37.9544],[175.62394,-37.95403],[175.62312,-37.95322],[175.61022,-37.94983],[175.59435,-37.94807],[175.58724,-37.94802],[175.57387,-37.94462],[175.56746,-37.94468],[175.55735,-37.94308],[175.55154,-37.93916],[175.54618,-37.93035],[175.54492,-37.92641],[175.53917,-37.92523],[175.53902,-37.92295],[175.53719,-37.92267],[175.53703,-37.92097],[175.51476,-37.94997],[175.5293,-37.96046],[175.51906,-37.9693],[175.52365,-37.97908],[175.52213,-37.97878],[175.52147,-37.97963],[175.51722,-37.97786],[175.51426,-37.97805],[175.51141,-37.98254],[175.50928,-37.98196],[175.50069,-37.98408],[175.49927,-37.9869],[175.49225,-37.98684],[175.49102,-37.98449],[175.48839,-37.98288],[175.48451,-37.98221],[175.48427,-37.98364],[175.48691,-37.9912],[175.48738,-38.0009],[175.49119,-38.00344],[175.49145,-38.00443],[175.48488,-38.01729],[175.48959,-38.01882],[175.48892,-38.0201],[175.4911,-38.02081],[175.48699,-38.0239],[175.4822,-38.03247],[175.4818,-38.03884],[175.47243,-38.04348],[175.45883,-38.05536],[175.45925,-38.05728],[175.45716,-38.05754],[175.45646,-38.05835],[175.45539,-38.05761],[175.45554,-38.05841],[175.45296,-38.05708],[175.45213,-38.05765],[175.45313,-38.05854],[175.45122,-38.05881],[175.45134,-38.05978],[175.44892,-38.05893],[175.44965,-38.05978],[175.44847,-38.06118],[175.44751,-38.06006],[175.44654,-38.06013],[175.44644,-38.05804],[175.44541,-38.05823],[175.44565,-38.05742],[175.44415,-38.0578],[175.4435,-38.0572],[175.44375,-38.05812],[175.44232,-38.05821],[175.44262,-38.05882],[175.44071,-38.05842],[175.44115,-38.05738],[175.4399,-38.05647],[175.44083,-38.05558],[175.43904,-38.05543],[175.43844,-38.05484],[175.43903,-38.05439],[175.43659,-38.05371],[175.43744,-38.05306],[175.43627,-38.05233],[175.43663,-38.05113],[175.43607,-38.05157],[175.43574,-38.05079],[175.43389,-38.05173],[175.43308,-38.0532],[175.43515,-38.05872],[175.43275,-38.0602],[175.43016,-38.06536],[175.43167,-38.07392],[175.42763,-38.07396],[175.41833,-38.06776],[175.41128,-38.06806],[175.40645,-38.06345],[175.39931,-38.0593],[175.39831,-38.05741],[175.3953,-38.05986],[175.39355,-38.06406],[175.39218,-38.06517],[175.39166,-38.06773],[175.38959,-38.06863],[175.3893,-38.07161],[175.38556,-38.07307],[175.38228,-38.08088],[175.37785,-38.08089],[175.37606,-38.08283],[175.37445,-38.08171],[175.37297,-38.08242],[175.36994,-38.08147],[175.37016,-38.0793],[175.36778,-38.07908],[175.3694,-38.07307],[175.37084,-38.07165],[175.36976,-38.07038],[175.37016,-38.06906],[175.36779,-38.0678],[175.36487,-38.06761],[175.36357,-38.07058],[175.36166,-38.07037],[175.36163,-38.069],[175.36024,-38.06881],[175.35876,-38.07056],[175.35743,-38.0692],[175.35518,-38.06942],[175.35281,-38.06791],[175.35309,-38.06732],[175.35537,-38.06737],[175.35441,-38.06495],[175.35215,-38.06715],[175.34889,-38.06351],[175.34414,-38.06574],[175.34303,-38.06333],[175.34366,-38.06099],[175.34308,-38.06017],[175.34166,-38.06006],[175.3409,-38.06173],[175.33812,-38.05873],[175.3348,-38.05946],[175.3296,-38.05627],[175.33012,-38.05396],[175.32764,-38.05258],[175.32762,-38.05104],[175.32528,-38.05135],[175.32354,-38.05049],[175.32226,-38.05131],[175.32331,-38.04895],[175.32055,-38.04654],[175.32243,-38.04458],[175.3211,-38.04408],[175.32062,-38.04245],[175.31868,-38.04189],[175.32124,-38.0408],[175.32113,-38.04016],[175.31876,-38.03875],[175.31267,-38.03801],[175.31114,-38.0361],[175.30986,-38.03713],[175.30977,-38.03824],[175.30706,-38.03936],[175.30616,-38.03838],[175.3074,-38.03614],[175.30494,-38.03718],[175.30391,-38.03652],[175.30335,-38.03472],[175.29872,-38.03336],[175.29891,-38.03532],[175.29804,-38.03553],[175.29676,-38.03287],[175.29756,-38.03125],[175.29593,-38.02981],[175.29355,-38.03041],[175.29201,-38.02925],[175.29074,-38.02979],[175.29009,-38.02751],[175.28778,-38.02818],[175.2877,-38.02663],[175.28637,-38.02671],[175.28782,-38.02535],[175.28693,-38.02543],[175.28552,-38.0164],[175.2872,-38.01565],[175.28431,-38.01372],[175.26221,-38.01339],[175.2598,-38.01175],[175.25362,-38.01013],[175.24104,-38.00919],[175.23186,-38.00579],[175.22664,-38.01464],[175.22727,-38.01519],[175.22649,-38.01629],[175.22746,-38.01702],[175.2266,-38.01801],[175.22334,-38.0156],[175.22046,-38.01414],[175.21901,-38.01424],[175.21761,-38.01281],[175.21472,-38.01166],[175.21394,-38.01057],[175.21384,-38.00598],[175.20234,-38.00533],[175.20082,-38.00399],[175.20121,-38.00175],[175.19706,-38.00188],[175.19586,-38.00309],[175.19552,-38.00474],[175.19682,-38.00578],[175.19673,-38.00745],[175.16289,-38.00162],[175.16292,-38.01195],[175.15458,-38.01115],[175.15129,-38.02717],[175.13122,-38.02724],[175.13121,-38.01362],[175.10434,-38.00398],[175.12022,-37.99437],[175.10175,-37.97831],[175.10101,-37.97861],[175.099,-37.9838],[175.04014,-37.98679],[175.04016,-37.97825],[175.03243,-37.97824],[175.02851,-37.977],[175.02353,-37.97681],[175.02215,-37.9749],[175.01787,-37.97543],[175.01575,-37.97434],[175.01465,-37.97597],[175.01541,-37.97724],[175.01404,-37.97735],[175.01419,-37.97824],[175.01294,-37.97911],[175.00765,-37.97905],[175.0061,-37.97588],[174.99542,-37.97849],[174.99327,-37.97702],[174.99312,-37.9746],[174.99079,-37.97243],[174.97753,-37.97648],[174.97733,-37.97341],[174.97585,-37.97286],[174.97674,-37.97115],[174.97595,-37.97074],[174.97658,-37.96931],[174.9697,-37.96853],[174.96718,-37.96653],[174.95774,-37.96264],[174.95309,-37.96304],[174.954,-37.96391],[174.95309,-37.96701],[174.95392,-37.97053],[174.9514,-37.97193],[174.94752,-37.9717],[174.94099,-37.97507],[174.94179,-37.97692],[174.94142,-37.97853],[174.93747,-37.98098],[174.93738,-37.98394],[174.93516,-37.98769],[174.93155,-37.98825],[174.92904,-37.98965],[174.92528,-37.98989],[174.91846,-38.00292],[174.92782,-38.00076],[174.93099,-38.02133],[174.90972,-38.02331],[174.91319,-38.03302],[174.91024,-38.03271],[174.90717,-38.03378],[174.9066,-38.03592],[174.89695,-38.03961],[174.89494,-38.04159],[174.89485,-38.04271],[174.8931,-38.04308],[174.89317,-38.04377],[174.89126,-38.04377],[174.89131,-38.04526],[174.89074,-38.04593],[174.88945,-38.04575],[174.88989,-38.04639],[174.88875,-38.04753],[174.80912,-38.08481],[174.36881,-38.09647],[174.35882,-38.08594],[174.34951,-38.07451],[174.33522,-38.05251],[174.32862,-38.03936],[174.32286,-38.02515],[174.3192,-38.01362],[174.31639,-38.00064],[174.31378,-37.97566],[174.31401,-37.96209],[174.31572,-37.94731],[174.31738,-37.93749],[174.3211,-37.92365],[174.32677,-37.9082],[174.33312,-37.89483],[174.33986,-37.88309],[174.3476,-37.87173],[174.35751,-37.85905],[174.37324,-37.84286],[174.3923,-37.82685],[174.40777,-37.81607],[174.42685,-37.80484],[174.45835,-37.79079],[174.4749,-37.78505],[174.49543,-37.77954],[174.51174,-37.77616],[174.53183,-37.77334],[174.54065,-37.75686],[174.54767,-37.74614],[174.56194,-37.72803],[174.55414,-37.70944],[174.55009,-37.69593],[174.54167,-37.68267],[174.53569,-37.67155],[174.51922,-37.65565],[174.50241,-37.63474],[174.49038,-37.61559],[174.48154,-37.59634],[174.47493,-37.57515],[174.47099,-37.55296],[174.47024,-37.5309],[174.47194,-37.51455],[174.46625,-37.50298],[174.46155,-37.49088],[174.45572,-37.47066],[174.44955,-37.44207],[174.44736,-37.422],[174.44739,-37.40996],[174.44092,-37.39428],[174.43115,-37.37527],[174.42883,-37.36922],[174.4158,-37.34777],[174.40733,-37.32998],[174.39427,-37.30814],[174.38889,-37.29661],[174.38524,-37.28641],[174.37845,-37.27457],[174.36145,-37.25193],[174.35658,-37.24411],[174.34831,-37.22767],[174.33925,-37.21422],[174.31454,-37.19915],[174.30134,-37.1889],[174.28775,-37.17685],[174.26955,-37.157],[174.25823,-37.14121],[174.25252,-37.13185],[174.26485,-37.12661],[174.27791,-37.1223],[174.29525,-37.11716],[174.32892,-37.10877],[174.35612,-37.10265],[174.43899,-37.08901],[174.47303,-37.08067],[174.49202,-37.07357],[174.51602,-37.06253],[174.52029,-37.05899],[174.52313,-37.05085],[174.52669,-37.04729],[174.53284,-37.04209],[174.54174,-37.0376],[174.55151,-37.0345],[174.56239,-37.03227],[174.58085,-37.03019],[174.59282,-37.03001],[174.60256,-37.02859],[174.60971,-37.0272],[174.62197,-37.02237],[174.62203,-37.02632],[174.63257,-37.02468],[174.65217,-37.03017],[174.66533,-37.02917],[174.68103,-37.03168],[174.68959,-37.03504],[174.69946,-37.03686],[174.71115,-37.03682],[174.74531,-37.03993],[174.76954,-37.03642],[174.77903,-37.03379],[174.79407,-37.03388],[174.80496,-37.03512],[174.82617,-37.03952],[174.84273,-37.04588],[174.86615,-37.05848],[174.87534,-37.06056],[174.89177,-37.05957],[174.90768,-37.05641],[174.91289,-37.0562],[174.92001,-37.05274],[174.92124,-37.05093],[174.92403,-37.05053],[174.92662,-37.04833],[174.92538,-37.04754],[174.92736,-37.04707],[174.92742,-37.0462],[174.93199,-37.04923],[174.95245,-37.04283],[174.93806,-37.01377],[174.93544,-37.01069],[174.93483,-37.00737],[174.92429,-36.99896],[174.92691,-36.999],[174.92697,-36.99973],[174.93058,-37.0005],[174.93268,-36.99803],[174.9372,-36.99739],[174.93634,-37.00034],[174.93863,-36.99986],[174.93906,-37.0017],[174.94347,-37.00147],[174.94092,-36.99629],[174.95347,-36.99986],[174.95262,-36.99122],[174.9501,-36.99045],[174.95205,-36.98562],[174.96378,-36.98554],[174.96468,-36.98344],[174.96698,-36.9838],[174.96843,-36.98295],[174.96266,-36.97656],[174.96183,-36.97703],[174.95616,-36.97582],[174.9562,-36.9769],[174.95492,-36.97755],[174.94914,-36.97748],[174.94968,-36.97643],[174.9483,-36.97597],[174.94896,-36.97452],[174.94756,-36.97296],[174.94699,-36.97057],[174.94602,-36.97041],[174.94676,-36.96795],[174.9455,-36.9673],[174.94385,-36.96365],[174.94874,-36.95749],[174.94709,-36.9558],[174.9435,-36.95556],[174.94267,-36.95426],[174.93981,-36.95356],[174.93772,-36.95171],[174.9375,-36.95025],[174.93407,-36.94912],[174.93554,-36.94718],[174.93559,-36.94275],[174.93715,-36.93922],[174.93623,-36.93855],[174.93704,-36.93799],[174.93607,-36.93599],[174.9337,-36.93425],[174.93283,-36.93132],[174.93413,-36.92581],[174.93586,-36.9236],[174.93715,-36.91984],[174.93956,-36.91756],[174.94845,-36.91444],[174.95285,-36.91116],[174.95636,-36.91034],[174.95886,-36.90851],[174.96066,-36.90377],[174.96239,-36.8863],[174.96167,-36.86459],[174.93758,-36.85702],[174.95091,-36.84975],[174.97202,-36.84391],[174.98904,-36.84226],[175.00687,-36.8443],[175.04127,-36.85316],[175.06554,-36.86269],[175.07596,-36.86849],[175.08758,-36.87634],[175.10807,-36.89663],[175.11823,-36.91338],[175.12122,-36.91678],[175.12839,-36.91977],[175.14649,-36.92293],[175.1484,-36.92429],[175.15292,-36.93009],[175.15786,-36.93211],[175.16278,-36.93251],[175.16687,-36.93159],[175.18216,-36.92007],[175.1864,-36.91863],[175.19292,-36.91787],[175.20329,-36.91949],[175.21509,-36.92464],[175.22697,-36.92793],[175.26093,-36.93223],[175.29583,-36.93373],[175.31656,-36.93585],[175.3282,-36.93625],[175.34142,-36.93494],[175.36154,-36.93033],[175.31101,-36.83838],[175.28957,-36.76811],[175.26664,-36.70384],[175.16308,-36.52393],[175.18066,-36.49998],[175.25102,-36.39972],[175.41692,-36.37989],[175.62812,-36.38503],[175.9033,-36.25828],[175.91931,-36.26684],[175.93964,-36.28029],[175.9667,-36.3007],[175.98133,-36.31408],[175.99326,-36.32712],[176.00575,-36.34307],[176.01456,-36.35724],[176.02181,-36.37127]]]},"properties":{"name":"Hauraki-Waikato"}},{"type":"Feature","id":2,"geometry":{"type":"Polygon","coordinates":[[[178.23342,-37.33333],[178.25618,-37.33556],[178.27944,-37.33956],[178.29859,-37.34432],[178.32999,-37.35502],[178.34869,-37.35647],[178.37435,-37.36033],[178.396,-37.36535],[178.42187,-37.37359],[178.4448,-37.38299],[178.45612,-37.38851],[178.48383,-37.40448],[178.5074,-37.42263],[178.52381,-37.43855],[178.54717,-37.44312],[178.55823,-37.44605],[178.60405,-37.46146],[178.6168,-37.46689],[178.63254,-37.47499],[178.65152,-37.48642],[178.66393,-37.49525],[178.6788,-37.4996],[178.70158,-37.50795],[178.70899,-37.51105],[178.73483,-37.52453],[178.75582,-37.53843],[178.77179,-37.55141],[178.77826,-37.55761],[178.79618,-37.57685],[178.81173,-37.59893],[178.81775,-37.60984],[178.82445,-37.62449],[178.83043,-37.64234],[178.8332,-37.65319],[178.83605,-37.6751],[178.83607,-37.69463],[178.83342,-37.71531],[178.8283,-37.73528],[178.82431,-37.74695],[178.81604,-37.76421],[178.80769,-37.77819],[178.78778,-37.80431],[178.77499,-37.81802],[178.76218,-37.82987],[178.74787,-37.84073],[178.72543,-37.85495],[178.71583,-37.86623],[178.70412,-37.87773],[178.69544,-37.90008],[178.68047,-37.92744],[178.6653,-37.94917],[178.65441,-37.96136],[178.65178,-37.97707],[178.64563,-37.99753],[178.64168,-38.00761],[178.62985,-38.03029],[178.63355,-38.05194],[178.63434,-38.06494],[178.63407,-38.07641],[178.63209,-38.09406],[178.62821,-38.11108],[178.62669,-38.12217],[178.62062,-38.14562],[178.62347,-38.16811],[178.62303,-38.19065],[178.62006,-38.21011],[178.61631,-38.22453],[178.62245,-38.23917],[178.62692,-38.2535],[178.63068,-38.27211],[178.63245,-38.29708],[178.63023,-38.32178],[178.62439,-38.34483],[178.61788,-38.36159],[178.6081,-38.38032],[178.60373,-38.39437],[178.60527,-38.41219],[178.60461,-38.43119],[178.6024,-38.44621],[178.59724,-38.46646],[178.58753,-38.48982],[178.57872,-38.50511],[178.57111,-38.51656],[178.56258,-38.52732],[178.55478,-38.53568],[178.55266,-38.55904],[178.54679,-38.58226],[178.54353,-38.59168],[178.53799,-38.60399],[178.53135,-38.61618],[178.50858,-38.65209],[178.4892,-38.67513],[178.47015,-38.69251],[178.45446,-38.70435],[178.43654,-38.71545],[178.41181,-38.7279],[178.4053,-38.73753],[178.39271,-38.75322],[178.37567,-38.7702],[178.36687,-38.77757],[178.34284,-38.79477],[178.32718,-38.80382],[178.3027,-38.82018],[178.28056,-38.83152],[178.26689,-38.83753],[178.25198,-38.85009],[178.22604,-38.86752],[178.17366,-38.89465],[178.16942,-38.91196],[178.16626,-38.94631],[178.17637,-38.95273],[178.1915,-38.96433],[178.21251,-38.98452],[178.22684,-39.00163],[178.23271,-39.00978],[178.24202,-39.02538],[178.249,-39.04063],[178.25411,-39.05422],[178.25935,-39.07312],[178.26203,-39.08801],[178.26297,-39.11315],[178.26129,-39.13062],[178.25778,-39.14699],[178.25539,-39.1554],[178.24884,-39.17271],[178.23224,-39.2037],[178.21674,-39.22481],[178.20222,-39.24068],[178.20435,-39.25424],[178.20537,-39.26836],[178.20445,-39.28834],[178.19994,-39.31272],[178.19347,-39.3316],[178.18935,-39.34128],[178.17538,-39.3657],[178.16079,-39.38416],[178.14921,-39.39638],[178.13311,-39.41039],[178.11622,-39.42286],[178.10406,-39.43053],[178.08371,-39.44151],[178.06948,-39.44786],[178.04156,-39.45773],[178.02746,-39.46689],[178.00983,-39.47661],[177.97811,-39.49005],[177.95719,-39.49685],[177.93204,-39.50265],[177.91187,-39.50591],[177.88217,-39.50834],[177.86322,-39.50838],[177.84244,-39.5073],[177.8162,-39.50426],[177.78242,-39.49656],[177.75559,-39.48805],[177.73393,-39.47949],[177.7218,-39.47385],[177.6931,-39.4571],[177.66887,-39.43859],[177.65735,-39.42778],[177.64107,-39.4091],[177.63448,-39.40011],[177.62682,-39.38818],[177.61653,-39.36766],[177.60885,-39.34473],[177.60522,-39.32569],[177.60413,-39.30654],[177.59731,-39.28966],[177.59466,-39.28068],[177.58998,-39.25457],[177.56413,-39.25564],[177.52671,-39.25513],[177.49756,-39.25671],[177.45805,-39.26292],[177.43111,-39.2662],[177.37404,-39.28172],[177.33548,-39.29524],[177.31872,-39.30007],[177.29547,-39.30959],[177.35457,-39.61429],[177.35722,-39.63592],[177.35709,-39.64857],[177.3561,-39.66142],[177.35308,-39.67898],[177.34975,-39.69073],[177.34409,-39.70597],[177.33503,-39.72404],[177.3232,-39.74228],[177.31365,-39.7541],[177.30417,-39.7692],[177.29379,-39.78303],[177.28804,-39.7893],[177.29218,-39.80572],[177.29465,-39.82821],[177.2942,-39.84538],[177.29309,-39.85609],[177.28928,-39.87381],[177.28466,-39.88886],[177.27516,-39.90972],[177.26121,-39.93186],[177.24299,-39.95344],[177.22631,-39.96897],[177.20303,-39.98606],[177.1952,-40.00154],[177.18955,-40.00982],[177.1814,-40.02728],[177.17006,-40.04554],[177.16253,-40.05547],[177.16343,-40.07683],[177.16255,-40.08747],[177.15899,-40.10815],[177.15253,-40.12831],[177.14596,-40.14317],[177.14179,-40.15066],[177.13854,-40.16455],[177.13508,-40.17518],[177.13053,-40.18601],[177.1229,-40.20068],[177.11277,-40.21669],[177.08672,-40.25037],[177.07002,-40.26757],[177.0553,-40.27978],[177.04608,-40.29174],[177.02104,-40.31774],[177.01053,-40.33172],[177.00012,-40.34377],[176.99184,-40.35197],[176.97485,-40.36633],[176.95849,-40.3778],[176.94403,-40.3866],[176.91793,-40.39959],[176.9039,-40.42208],[176.90116,-40.43696],[176.89407,-40.4595],[176.8936,-40.48164],[176.88957,-40.50542],[176.87718,-40.54642],[176.86785,-40.56768],[176.8615,-40.57816],[176.85274,-40.59092],[176.8386,-40.60819],[176.82239,-40.62352],[176.811,-40.63282],[176.79616,-40.64339],[176.77254,-40.65728],[176.75536,-40.66536],[176.73139,-40.67464],[176.7074,-40.68169],[176.6913,-40.68537],[176.67043,-40.70738],[176.66056,-40.71661],[176.64746,-40.72728],[176.63174,-40.73805],[176.61736,-40.75229],[176.61384,-40.7585],[176.60419,-40.77201],[176.59583,-40.78198],[176.57908,-40.79887],[176.55824,-40.81625],[176.5385,-40.83047],[176.52997,-40.84515],[176.52214,-40.85639],[176.52,-40.86518],[176.51424,-40.88235],[176.50346,-40.904],[176.49823,-40.91759],[176.49513,-40.92361],[176.49253,-40.93633],[176.48516,-40.95867],[176.4763,-40.97706],[176.46862,-40.98936],[176.45552,-41.00793],[176.4409,-41.02462],[176.43046,-41.03447],[176.40719,-41.05407],[176.39022,-41.06625],[176.37707,-41.07437],[176.36254,-41.0963],[176.35791,-41.11082],[176.35165,-41.12545],[176.34853,-41.14032],[176.33997,-41.16579],[176.33363,-41.18059],[176.32748,-41.19183],[176.32418,-41.21348],[176.31886,-41.23096],[176.31161,-41.24871],[176.29922,-41.26978],[176.29117,-41.28067],[176.27376,-41.30021],[176.25489,-41.31672],[176.23899,-41.3283],[176.21494,-41.34286],[176.19906,-41.35535],[176.18409,-41.36523],[176.16496,-41.38366],[176.14504,-41.39885],[176.12621,-41.41082],[176.10953,-41.41949],[176.10312,-41.43357],[176.09584,-41.44601],[176.08552,-41.4609],[176.0718,-41.477],[176.05471,-41.49325],[176.04712,-41.49938],[176.01926,-41.51828],[175.9941,-41.53117],[175.95995,-41.54447],[175.9322,-41.55189],[175.89692,-41.55794],[175.87994,-41.56648],[175.84015,-41.584],[175.83386,-41.58968],[175.81552,-41.60338],[175.80425,-41.61037],[175.79206,-41.62229],[175.7773,-41.63409],[175.75654,-41.64801],[175.73182,-41.66101],[175.71217,-41.66954],[175.69058,-41.67698],[175.67004,-41.68242],[175.65447,-41.69536],[175.63345,-41.70966],[175.58183,-41.73898],[175.55823,-41.74982],[175.54027,-41.75654],[175.52203,-41.76212],[175.5039,-41.76652],[175.48332,-41.77024],[175.46796,-41.77818],[175.44624,-41.78766],[175.43047,-41.7933],[175.40586,-41.8003],[175.38238,-41.80518],[175.34296,-41.8114],[175.32164,-41.81386],[175.29778,-41.81507],[175.25729,-41.81468],[175.23423,-41.81276],[175.20889,-41.81191],[175.17888,-41.80864],[175.16512,-41.80613],[175.13783,-41.79917],[175.10817,-41.78906],[175.08708,-41.77943],[175.07028,-41.77036],[175.05169,-41.75854],[175.02541,-41.73727],[175.01264,-41.72381],[175.00002,-41.70808],[174.98871,-41.69049],[174.9825,-41.67828],[174.80006,-41.62081],[174.76797,-41.60704],[174.75345,-41.59916],[174.73497,-41.58739],[174.63716,-41.55839],[174.83525,-41.35203],[174.85081,-41.33152],[174.85273,-41.29366],[174.84973,-41.27165],[174.82738,-41.26209],[174.82719,-41.25626],[174.85774,-41.23819],[174.84981,-41.22662],[174.85265,-41.22516],[174.85578,-41.22474],[174.85526,-41.22374],[174.85753,-41.22403],[174.8568,-41.22308],[174.86185,-41.21428],[174.85933,-41.21075],[174.85974,-41.21003],[174.85903,-41.20991],[174.86009,-41.2058],[174.86232,-41.20608],[174.86303,-41.20283],[174.86083,-41.20256],[174.86452,-41.19585],[174.8664,-41.19606],[174.86733,-41.18945],[174.8655,-41.18914],[174.87534,-41.17851],[174.87568,-41.17648],[174.87893,-41.17792],[174.88034,-41.17374],[174.87929,-41.17351],[174.8992,-41.1479],[174.90766,-41.14956],[174.91097,-41.13997],[174.91553,-41.14087],[174.91483,-41.14334],[174.91593,-41.14475],[174.91601,-41.14702],[174.92725,-41.14923],[174.92663,-41.15103],[174.92775,-41.15152],[174.93293,-41.15053],[174.93467,-41.15234],[174.93668,-41.15229],[174.93893,-41.15087],[174.94864,-41.15313],[174.95168,-41.14497],[174.96456,-41.14751],[174.97372,-41.14099],[174.97259,-41.13857],[174.97319,-41.13744],[174.97235,-41.13654],[174.97433,-41.13278],[174.97504,-41.13275],[174.97488,-41.13371],[174.97784,-41.13614],[174.97983,-41.135],[174.98071,-41.13257],[174.98205,-41.13223],[174.98171,-41.13039],[174.98513,-41.12783],[174.98526,-41.12716],[174.98354,-41.12742],[174.98369,-41.12655],[174.98619,-41.12567],[174.98723,-41.12282],[174.98933,-41.12312],[174.99015,-41.12232],[174.9906,-41.12063],[174.98959,-41.12014],[174.99003,-41.11958],[174.98896,-41.1197],[174.98939,-41.11857],[174.98881,-41.11808],[174.99071,-41.11514],[174.99779,-41.11341],[174.99897,-41.11416],[175.00887,-41.11375],[175.00885,-41.10975],[175.01213,-41.1079],[175.0107,-41.10659],[175.00875,-41.10643],[175.01799,-41.10227],[175.02229,-41.10316],[175.035,-41.10208],[175.0346,-41.1014],[175.03578,-41.09797],[175.0347,-41.0973],[175.0328,-41.09762],[175.03203,-41.09664],[175.03251,-41.09566],[175.0343,-41.09507],[175.03375,-41.08922],[175.03246,-41.08858],[175.03223,-41.08659],[175.02985,-41.08478],[175.02944,-41.08346],[175.02682,-41.08249],[175.02685,-41.07281],[175.05393,-41.07286],[175.05151,-41.06602],[175.05237,-41.06188],[175.05525,-41.0619],[175.05522,-41.05866],[175.05623,-41.05716],[175.05521,-41.05566],[175.05558,-41.05348],[175.05437,-41.0505],[175.05491,-41.04552],[175.04744,-41.0453],[175.04445,-41.04616],[175.04448,-41.04383],[175.04166,-41.04286],[175.04448,-41.04251],[175.04457,-41.04055],[175.04216,-41.03994],[175.03944,-41.0412],[175.03824,-41.03997],[175.04034,-41.03973],[175.04138,-41.03764],[175.03977,-41.03739],[175.03961,-41.03563],[175.06168,-40.97027],[175.06298,-40.97084],[175.06338,-40.9721],[175.06763,-40.97377],[175.07436,-40.98332],[175.07554,-40.98311],[175.07499,-40.98213],[175.09877,-40.98213],[175.09172,-40.96128],[175.11436,-40.95685],[175.11381,-40.9549],[175.11156,-40.95282],[175.12919,-40.94934],[175.13445,-40.96459],[175.14477,-40.96449],[175.14733,-40.96717],[175.15361,-40.96659],[175.15721,-40.96882],[175.16039,-40.96849],[175.16247,-40.96695],[175.16468,-40.96769],[175.16518,-40.96746],[175.1643,-40.96558],[175.16683,-40.96599],[175.16926,-40.96507],[175.17043,-40.96552],[175.17368,-40.97098],[175.17862,-40.97289],[175.18198,-40.97282],[175.18696,-40.96961],[175.19348,-40.97354],[175.19687,-40.97912],[175.19843,-40.97988],[175.20144,-40.97987],[175.20277,-40.97895],[175.20757,-40.9684],[175.21627,-40.96596],[175.21951,-40.96717],[175.22454,-40.97233],[175.22842,-40.97339],[175.23381,-40.97279],[175.23894,-40.96937],[175.24606,-40.97186],[175.26112,-40.97088],[175.26192,-40.9675],[175.26715,-40.96724],[175.27235,-40.96343],[175.27649,-40.9615],[175.27783,-40.95893],[175.28075,-40.95687],[175.28169,-40.95228],[175.27977,-40.94906],[175.27483,-40.94453],[175.27111,-40.94451],[175.27262,-40.94117],[175.27022,-40.93895],[175.271,-40.93738],[175.28514,-40.93406],[175.293,-40.93062],[175.29998,-40.92579],[175.31056,-40.92551],[175.31373,-40.92294],[175.31447,-40.92064],[175.31773,-40.91791],[175.33341,-40.91438],[175.33413,-40.90801],[175.33518,-40.90506],[175.33699,-40.9036],[175.33772,-40.90017],[175.34677,-40.89873],[175.34931,-40.89726],[175.35635,-40.88884],[175.35718,-40.8868],[175.35685,-40.88451],[175.36106,-40.87307],[175.35871,-40.86848],[175.35895,-40.86441],[175.36051,-40.86127],[175.35831,-40.8595],[175.35875,-40.85732],[175.35715,-40.85349],[175.35613,-40.84783],[175.35546,-40.83835],[175.35781,-40.83409],[175.35531,-40.8306],[175.35389,-40.82664],[175.35421,-40.82329],[175.35624,-40.82152],[175.3577,-40.81816],[175.35664,-40.8148],[175.35972,-40.81221],[175.37696,-40.80912],[175.37646,-40.80389],[175.37744,-40.80113],[175.37652,-40.79901],[175.37686,-40.79573],[175.37597,-40.79403],[175.37904,-40.78837],[175.37899,-40.78479],[175.38019,-40.7805],[175.3846,-40.77832],[175.38866,-40.77079],[175.39312,-40.76731],[175.39282,-40.76433],[175.39573,-40.75885],[175.3984,-40.75735],[175.3999,-40.75501],[175.40824,-40.75098],[175.41872,-40.74995],[175.42288,-40.74852],[175.42535,-40.74539],[175.43086,-40.74519],[175.43397,-40.74647],[175.43964,-40.74415],[175.44236,-40.74064],[175.44278,-40.7355],[175.44612,-40.73103],[175.44683,-40.72655],[175.44773,-40.72518],[175.48053,-40.68467],[175.62534,-40.51014],[175.683,-40.46674],[175.68916,-40.46558],[175.71458,-40.4378],[175.70552,-40.43299],[175.70667,-40.43323],[175.70969,-40.43088],[175.71308,-40.43037],[175.715,-40.42874],[175.71511,-40.42666],[175.71816,-40.42673],[175.71929,-40.42543],[175.7224,-40.42446],[175.72225,-40.42229],[175.72333,-40.42234],[175.72432,-40.42118],[175.72347,-40.41994],[175.72383,-40.4192],[175.72284,-40.41867],[175.72966,-40.41252],[175.72876,-40.41057],[175.72524,-40.41002],[175.72518,-40.40775],[175.72294,-40.40532],[175.72487,-40.40479],[175.7237,-40.40245],[175.72527,-40.40141],[175.72688,-40.40153],[175.72857,-40.39961],[175.73127,-40.40008],[175.73261,-40.39925],[175.7339,-40.39547],[175.73282,-40.3945],[175.73381,-40.39342],[175.73327,-40.39171],[175.73589,-40.39077],[175.73603,-40.39204],[175.73707,-40.39212],[175.73836,-40.38986],[175.74011,-40.39027],[175.7396,-40.38852],[175.74181,-40.38733],[175.74525,-40.38738],[175.74664,-40.38666],[175.74689,-40.38431],[175.74853,-40.38457],[175.74818,-40.38269],[175.75117,-40.38189],[175.75056,-40.3805],[175.75126,-40.37984],[175.751,-40.37843],[175.75332,-40.37833],[175.75253,-40.37673],[175.75478,-40.37594],[175.75621,-40.37688],[175.75652,-40.37631],[175.75794,-40.37677],[175.75688,-40.37444],[175.75855,-40.37461],[175.75976,-40.37356],[175.76132,-40.374],[175.76328,-40.37272],[175.76361,-40.37362],[175.76466,-40.37372],[175.76729,-40.37093],[175.76683,-40.36995],[175.76528,-40.36993],[175.76456,-40.36866],[175.76361,-40.36945],[175.76266,-40.36834],[175.76154,-40.3688],[175.76035,-40.3658],[175.7624,-40.3647],[175.76177,-40.36345],[175.7631,-40.36299],[175.76284,-40.36209],[175.76481,-40.35991],[175.76633,-40.36004],[175.76707,-40.35912],[175.76854,-40.35949],[175.7688,-40.35871],[175.77057,-40.35914],[175.76945,-40.35819],[175.7697,-40.35709],[175.77361,-40.35541],[175.77393,-40.35028],[175.77767,-40.34781],[175.77818,-40.34585],[175.77919,-40.34543],[175.77863,-40.34358],[175.77581,-40.34069],[175.77652,-40.34066],[175.77596,-40.33898],[175.77725,-40.33869],[175.77938,-40.33973],[175.78148,-40.33914],[175.7793,-40.33861],[175.77952,-40.33589],[175.78183,-40.33413],[175.78177,-40.33326],[175.78404,-40.33252],[175.79059,-40.31354],[175.78119,-40.31155],[175.77114,-40.30572],[175.80506,-40.26504],[175.8066,-40.26625],[175.80792,-40.26898],[175.80972,-40.26899],[175.81223,-40.27194],[175.8146,-40.2722],[175.81502,-40.24722],[175.82745,-40.24724],[175.82754,-40.26201],[175.84148,-40.24611],[175.85825,-40.2546],[175.85951,-40.25441],[175.86395,-40.2498],[175.86446,-40.24798],[175.86702,-40.24627],[175.86603,-40.24519],[175.86345,-40.24504],[175.86249,-40.24399],[175.86429,-40.24046],[175.86585,-40.23924],[175.86649,-40.23725],[175.87222,-40.23347],[175.86932,-40.22744],[175.87159,-40.22309],[175.87332,-40.22173],[175.87415,-40.21917],[175.87377,-40.21608],[175.89369,-40.20052],[175.8984,-40.19215],[175.89912,-40.18805],[175.89826,-40.18465],[175.91858,-40.17348],[175.92741,-40.17534],[175.92912,-40.17358],[175.93849,-40.15526],[175.9575,-40.15603],[175.9794,-40.14246],[175.98767,-40.12808],[176.00326,-40.11483],[176.0172,-40.10538],[176.02725,-40.08763],[176.033,-40.08],[176.04485,-40.07306],[176.06905,-40.06198],[176.07696,-40.05087],[176.08113,-40.0478],[176.0741,-40.03596],[176.07754,-40.02716],[176.0766,-40.01696],[176.07775,-40.01293],[176.07907,-40.01106],[176.08729,-40.0071],[176.08988,-40.00499],[176.09234,-39.99778],[176.09592,-39.99152],[176.09923,-39.98882],[176.10029,-39.98476],[176.1016,-39.98431],[176.10186,-39.97925],[176.10317,-39.97723],[176.11105,-39.97223],[176.11214,-39.97052],[176.11615,-39.96957],[176.12111,-39.96245],[176.11958,-39.96171],[176.11711,-39.95774],[176.1245,-39.94776],[176.11695,-39.94577],[176.10974,-39.94186],[176.10957,-39.93918],[176.11168,-39.93801],[176.11543,-39.9294],[176.11334,-39.9267],[176.11359,-39.92467],[176.10683,-39.91709],[176.10879,-39.9151],[176.12034,-39.90967],[176.12612,-39.90478],[176.12689,-39.89155],[176.12313,-39.88797],[176.11834,-39.88767],[176.1172,-39.88677],[176.12679,-39.8615],[176.13499,-39.85059],[176.13795,-39.82388],[176.17685,-39.74405],[176.16909,-39.71792],[176.18055,-39.71106],[176.18423,-39.68378],[176.19268,-39.67976],[176.20087,-39.67299],[176.19594,-39.66357],[176.16509,-39.64865],[176.18125,-39.61693],[176.17899,-39.60525],[176.17349,-39.60205],[176.17207,-39.60269],[176.16526,-39.6016],[176.1614,-39.60286],[176.15758,-39.5968],[176.15274,-39.59828],[176.14717,-39.59255],[176.14273,-39.58468],[176.14476,-39.58244],[176.15469,-39.58364],[176.15617,-39.58222],[176.16029,-39.58073],[176.16637,-39.58277],[176.17039,-39.5815],[176.17251,-39.57932],[176.17445,-39.57867],[176.17413,-39.5766],[176.17734,-39.57461],[176.17907,-39.57441],[176.17897,-39.57351],[176.18041,-39.5722],[176.18226,-39.57177],[176.18195,-39.57113],[176.18315,-39.57071],[176.18323,-39.56975],[176.18225,-39.56876],[176.18353,-39.56648],[176.18669,-39.56471],[176.18966,-39.55959],[176.19531,-39.55748],[176.1992,-39.55706],[176.19815,-39.55447],[176.20006,-39.5535],[176.19933,-39.55234],[176.19997,-39.55172],[176.19934,-39.54972],[176.20006,-39.54893],[176.19951,-39.54842],[176.19997,-39.54636],[176.20656,-39.54051],[176.20651,-39.53896],[176.20733,-39.53848],[176.20804,-39.53584],[176.21017,-39.53365],[176.21957,-39.53208],[176.22012,-39.53337],[176.2214,-39.53361],[176.22376,-39.53303],[176.22441,-39.53184],[176.22695,-39.53376],[176.22889,-39.53188],[176.23211,-39.53201],[176.2323,-39.53025],[176.23532,-39.53044],[176.23522,-39.52921],[176.23725,-39.52817],[176.23705,-39.52621],[176.23826,-39.525],[176.24322,-39.5248],[176.24612,-39.52353],[176.24775,-39.52119],[176.24938,-39.52107],[176.25085,-39.51709],[176.25421,-39.517],[176.25311,-39.51499],[176.25718,-39.51451],[176.25694,-39.51186],[176.26092,-39.51196],[176.26271,-39.51307],[176.26414,-39.51535],[176.26543,-39.51453],[176.26577,-39.51292],[176.26682,-39.5131],[176.267,-39.51432],[176.2679,-39.51423],[176.26842,-39.51253],[176.27003,-39.51174],[176.27173,-39.50934],[176.27121,-39.50676],[176.27955,-39.50724],[176.27953,-39.5026],[176.28171,-39.50226],[176.28244,-39.50327],[176.28205,-39.50388],[176.28544,-39.50536],[176.29039,-39.50278],[176.29158,-39.50085],[176.2925,-39.50139],[176.29275,-39.50278],[176.29522,-39.50271],[176.29588,-39.50412],[176.30033,-39.50751],[176.30186,-39.5051],[176.29967,-39.50479],[176.2994,-39.50403],[176.30315,-39.50138],[176.30526,-39.50362],[176.30746,-39.50394],[176.30994,-39.50187],[176.31398,-39.50219],[176.31554,-39.50433],[176.31224,-39.50582],[176.31265,-39.50775],[176.31312,-39.50719],[176.31524,-39.50785],[176.31666,-39.50731],[176.31846,-39.50808],[176.32361,-39.50583],[176.32292,-39.5039],[176.32409,-39.50143],[176.32904,-39.50367],[176.33284,-39.50437],[176.33803,-39.50293],[176.33969,-39.5038],[176.34211,-39.50164],[176.34098,-39.5007],[176.33782,-39.50133],[176.33961,-39.49842],[176.33942,-39.49675],[176.33359,-39.49929],[176.33201,-39.49826],[176.33454,-39.49345],[176.33625,-39.49284],[176.33519,-39.49099],[176.33631,-39.49142],[176.33756,-39.49035],[176.33731,-39.48954],[176.33808,-39.489],[176.33718,-39.48834],[176.33404,-39.4893],[176.3307,-39.4877],[176.32812,-39.48844],[176.32553,-39.48765],[176.32506,-39.4885],[176.32574,-39.49347],[176.32187,-39.49333],[176.32088,-39.49763],[176.31594,-39.49723],[176.31625,-39.49532],[176.31814,-39.49378],[176.31528,-39.4932],[176.31796,-39.49073],[176.31791,-39.48858],[176.31938,-39.48772],[176.31548,-39.48404],[176.3139,-39.48376],[176.31379,-39.4824],[176.31616,-39.48034],[176.31633,-39.47905],[176.31881,-39.48112],[176.32158,-39.47895],[176.31781,-39.47428],[176.31495,-39.4756],[176.31273,-39.47451],[176.31273,-39.4734],[176.31447,-39.47287],[176.31452,-39.47182],[176.31113,-39.47182],[176.30855,-39.47079],[176.31176,-39.46902],[176.3076,-39.46477],[176.30708,-39.46298],[176.30938,-39.46192],[176.30927,-39.45991],[176.3135,-39.4589],[176.31277,-39.45645],[176.31085,-39.45624],[176.31032,-39.45463],[176.31443,-39.45354],[176.31363,-39.4528],[176.3137,-39.45149],[176.31193,-39.45106],[176.31041,-39.44523],[176.30572,-39.44468],[176.30524,-39.4439],[176.30621,-39.44212],[176.30382,-39.44131],[176.30508,-39.44086],[176.30765,-39.44185],[176.30868,-39.44101],[176.30646,-39.43834],[176.30249,-39.43711],[176.30372,-39.4367],[176.30509,-39.4343],[176.30902,-39.4312],[176.30618,-39.42997],[176.30649,-39.42809],[176.30844,-39.42812],[176.30898,-39.42528],[176.31129,-39.42403],[176.3115,-39.42284],[176.317,-39.41953],[176.31607,-39.41883],[176.31021,-39.41862],[176.30971,-39.41801],[176.31037,-39.41699],[176.31559,-39.41274],[176.31842,-39.41462],[176.32161,-39.41489],[176.32277,-39.41406],[176.32074,-39.41288],[176.32015,-39.41165],[176.32335,-39.41157],[176.32402,-39.41073],[176.32369,-39.4085],[176.32032,-39.40849],[176.31963,-39.40676],[176.32222,-39.40563],[176.32511,-39.40623],[176.32648,-39.40575],[176.32288,-39.40204],[176.3256,-39.40061],[176.32377,-39.39825],[176.32748,-39.39656],[176.32857,-39.39344],[176.32602,-39.39211],[176.32178,-39.39406],[176.32015,-39.39155],[176.32037,-39.38932],[176.32359,-39.38676],[176.32512,-39.3882],[176.3272,-39.3886],[176.32748,-39.3878],[176.33152,-39.38746],[176.33057,-39.38548],[176.33314,-39.38411],[176.33186,-39.37901],[176.33056,-39.37831],[176.32853,-39.37987],[176.32762,-39.3785],[176.32862,-39.37731],[176.33147,-39.37714],[176.33213,-39.37496],[176.32919,-39.37314],[176.32963,-39.37093],[176.32839,-39.36857],[176.32154,-39.37065],[176.31074,-39.37022],[176.31154,-39.36655],[176.31079,-39.3659],[176.30504,-39.3654],[176.305,-39.36312],[176.30667,-39.36118],[176.30334,-39.35978],[176.30241,-39.35661],[176.29838,-39.35867],[176.2936,-39.35787],[176.29286,-39.3586],[176.29274,-39.36182],[176.29158,-39.36298],[176.28653,-39.36229],[176.28499,-39.35968],[176.28293,-39.36025],[176.28038,-39.35853],[176.27841,-39.35947],[176.27842,-39.36159],[176.27589,-39.3623],[176.27522,-39.36064],[176.27579,-39.35859],[176.27316,-39.35957],[176.27069,-39.35826],[176.27146,-39.35253],[176.26544,-39.34946],[176.2701,-39.34606],[176.26601,-39.34443],[176.26644,-39.34148],[176.26382,-39.33734],[176.26579,-39.33677],[176.27093,-39.33832],[176.2728,-39.33768],[176.27288,-39.33681],[176.27097,-39.33462],[176.27628,-39.32989],[176.2756,-39.32937],[176.27283,-39.3298],[176.2725,-39.32884],[176.27381,-39.32771],[176.27744,-39.32699],[176.27819,-39.32473],[176.27678,-39.32247],[176.27746,-39.31937],[176.28157,-39.31864],[176.28225,-39.31447],[176.27988,-39.31258],[176.28121,-39.31112],[176.28152,-39.30925],[176.28314,-39.30886],[176.28645,-39.3103],[176.28923,-39.309],[176.29128,-39.30692],[176.29355,-39.30792],[176.29886,-39.30527],[176.29989,-39.30285],[176.3026,-39.30065],[176.30164,-39.29762],[176.30506,-39.29192],[176.30421,-39.28563],[176.30059,-39.28601],[176.29925,-39.28517],[176.2994,-39.28441],[176.30103,-39.28385],[176.29993,-39.28207],[176.29924,-39.27596],[176.29331,-39.27718],[176.29542,-39.26694],[176.29275,-39.26375],[176.29307,-39.25863],[176.28927,-39.25982],[176.28807,-39.25917],[176.28845,-39.25778],[176.29174,-39.25544],[176.28807,-39.25477],[176.28734,-39.25138],[176.29138,-39.25165],[176.29233,-39.25102],[176.29069,-39.24968],[176.28974,-39.24637],[176.27877,-39.24258],[176.27655,-39.23998],[176.26548,-39.24174],[176.25726,-39.2446],[176.25667,-39.24397],[176.25774,-39.24282],[176.25803,-39.24066],[176.25517,-39.24003],[176.25544,-39.23665],[176.25435,-39.23672],[176.25275,-39.23875],[176.25133,-39.2388],[176.24948,-39.23742],[176.24904,-39.2346],[176.24674,-39.23518],[176.24446,-39.23439],[176.24205,-39.23596],[176.2397,-39.23289],[176.23517,-39.23318],[176.23082,-39.23215],[176.22767,-39.23294],[176.22318,-39.23566],[176.21954,-39.23129],[176.21506,-39.23086],[176.21293,-39.23242],[176.21152,-39.23237],[176.20951,-39.23151],[176.20949,-39.2288],[176.20847,-39.2277],[176.20413,-39.22529],[176.20036,-39.22593],[176.19819,-39.22362],[176.19797,-39.22235],[176.1961,-39.22143],[176.19676,-39.21798],[176.19608,-39.21497],[176.19469,-39.21459],[176.19447,-39.21205],[176.1929,-39.21144],[176.19343,-39.20996],[176.19583,-39.20831],[176.19384,-39.20557],[176.19324,-39.20187],[176.19382,-39.1999],[176.19547,-39.19873],[176.19473,-39.19643],[176.19297,-39.19495],[176.19048,-39.19485],[176.18872,-39.19203],[176.18704,-39.19106],[176.18651,-39.18946],[176.1798,-39.18506],[176.17999,-39.18059],[176.1824,-39.17941],[176.18014,-39.17675],[176.18201,-39.17583],[176.18216,-39.17387],[176.17901,-39.17172],[176.17818,-39.16993],[176.17856,-39.16913],[176.18008,-39.16976],[176.18086,-39.16913],[176.17896,-39.16478],[176.17895,-39.15994],[176.17676,-39.15718],[176.17551,-39.14934],[176.17683,-39.14578],[176.17612,-39.1439],[176.18466,-39.13364],[176.18258,-39.12944],[176.18383,-39.12743],[176.18486,-39.12647],[176.18861,-39.12661],[176.1903,-39.12544],[176.1924,-39.12524],[176.19395,-39.12389],[176.19633,-39.12363],[176.19637,-39.12212],[176.1974,-39.12149],[176.20173,-39.12101],[176.2028,-39.11965],[176.20773,-39.119],[176.20804,-39.11788],[176.21183,-39.11715],[176.21218,-39.11605],[176.2165,-39.11424],[176.21846,-39.1117],[176.21997,-39.11161],[176.22145,-39.11036],[176.22578,-39.1107],[176.22682,-39.10932],[176.22653,-39.10831],[176.22744,-39.10774],[176.22837,-39.10835],[176.23032,-39.10621],[176.2304,-39.10498],[176.23181,-39.10443],[176.23158,-39.1018],[176.23279,-39.10085],[176.23226,-39.09913],[176.23323,-39.09787],[176.34036,-39.17312],[176.39529,-39.16193],[176.39259,-39.15999],[176.39088,-39.15613],[176.39139,-39.15466],[176.39587,-39.15262],[176.39685,-39.15095],[176.39598,-39.15039],[176.38991,-39.15131],[176.38878,-39.14831],[176.38623,-39.1466],[176.38627,-39.14449],[176.38939,-39.1422],[176.38691,-39.1409],[176.38631,-39.13863],[176.38721,-39.13696],[176.38362,-39.13576],[176.3822,-39.13412],[176.37982,-39.13527],[176.37927,-39.13805],[176.3783,-39.13836],[176.3759,-39.13395],[176.37369,-39.13303],[176.37023,-39.13399],[176.36958,-39.13261],[176.37227,-39.13077],[176.4168,-39.1163],[176.44342,-39.12077],[176.42018,-39.06194],[176.44923,-39.00162],[176.54701,-39.00182],[176.54657,-39.00103],[176.5435,-39.00041],[176.54255,-38.99884],[176.54105,-38.9992],[176.54103,-38.99775],[176.61036,-38.99826],[176.60807,-38.99609],[176.60913,-38.99551],[176.60988,-38.99285],[176.61199,-38.99092],[176.6117,-38.9896],[176.61295,-38.98905],[176.61194,-38.98711],[176.61103,-38.98778],[176.60916,-38.98752],[176.60583,-38.98565],[176.6052,-38.98474],[176.60672,-38.9839],[176.60548,-38.98295],[176.60628,-38.98201],[176.60559,-38.98131],[176.60613,-38.98057],[176.60186,-38.97934],[176.60299,-38.97844],[176.60294,-38.97689],[176.59995,-38.97598],[176.60102,-38.97231],[176.5995,-38.97142],[176.59884,-38.96938],[176.60234,-38.96657],[176.60263,-38.96502],[176.59968,-38.96339],[176.59985,-38.96185],[176.59818,-38.96154],[176.59756,-38.95937],[176.59673,-38.95933],[176.59803,-38.95776],[176.59697,-38.95754],[176.59778,-38.95641],[176.59642,-38.95371],[176.59812,-38.94672],[176.59731,-38.94622],[176.59783,-38.9437],[176.59706,-38.94139],[176.59928,-38.93559],[176.59825,-38.93561],[176.59828,-38.93497],[176.59955,-38.9342],[176.59847,-38.93329],[176.69996,-38.85376],[176.70419,-38.84512],[176.7002,-38.83788],[176.70229,-38.83207],[176.70221,-38.83037],[176.70407,-38.82708],[176.70172,-38.82366],[176.69752,-38.82282],[176.69597,-38.82159],[176.69546,-38.81797],[176.6966,-38.81263],[176.7822,-38.7893],[176.80533,-38.81493],[176.85684,-38.82737],[176.85974,-38.82706],[176.86321,-38.82878],[176.86559,-38.82905],[176.86863,-38.83244],[176.87421,-38.83575],[176.87543,-38.83764],[176.88148,-38.83924],[176.8833,-38.84212],[176.88901,-38.84238],[176.89039,-38.84406],[176.893,-38.84397],[176.89522,-38.84598],[176.89712,-38.84641],[176.9015,-38.84425],[176.90615,-38.84624],[176.90638,-38.84437],[176.90821,-38.84376],[176.91045,-38.84559],[176.96682,-38.84644],[176.9703,-38.84163],[177.00853,-38.84193],[177.03831,-38.82245],[177.03889,-38.82033],[177.04023,-38.82038],[177.0427,-38.82234],[177.04786,-38.82219],[177.05001,-38.82362],[177.05393,-38.822],[177.05663,-38.82248],[177.06273,-38.81997],[177.06388,-38.81813],[177.06671,-38.8166],[177.06769,-38.81471],[177.09333,-38.79749],[177.10268,-38.80615],[177.10237,-38.8159],[177.10351,-38.81604],[177.10553,-38.81339],[177.10803,-38.81389],[177.10681,-38.81643],[177.10733,-38.81858],[177.10625,-38.81954],[177.10686,-38.82186],[177.10576,-38.82317],[177.12583,-38.82333],[177.13492,-38.83417],[177.14642,-38.82826],[177.1463,-38.8384],[177.16202,-38.83897],[177.16186,-38.83787],[177.16416,-38.83888],[177.16779,-38.83866],[177.16909,-38.8413],[177.16657,-38.84289],[177.1641,-38.84321],[177.16378,-38.84431],[177.16508,-38.84506],[177.1686,-38.84449],[177.16906,-38.84589],[177.16642,-38.84654],[177.16757,-38.84867],[177.17144,-38.852],[177.17449,-38.8516],[177.17674,-38.85288],[177.17695,-38.85578],[177.17408,-38.85733],[177.17564,-38.85985],[177.18147,-38.85916],[177.1838,-38.857],[177.18676,-38.85884],[177.18874,-38.85805],[177.18977,-38.85608],[177.19147,-38.85601],[177.19339,-38.85778],[177.19329,-38.85966],[177.19169,-38.86257],[177.192,-38.86379],[177.19523,-38.8648],[177.19797,-38.86462],[177.19826,-38.86794],[177.19694,-38.86873],[177.19931,-38.8704],[177.20229,-38.87495],[177.20659,-38.87619],[177.20735,-38.87853],[177.20984,-38.8786],[177.21126,-38.87479],[177.21344,-38.87392],[177.21622,-38.87691],[177.21887,-38.87636],[177.22313,-38.87723],[177.23053,-38.8823],[177.23271,-38.88191],[177.23607,-38.87941],[177.24023,-38.88003],[177.24485,-38.87932],[177.24474,-38.88151],[177.24658,-38.88178],[177.2475,-38.88297],[177.25317,-38.88363],[177.25656,-38.8828],[177.24644,-38.87954],[177.24583,-38.87798],[177.24414,-38.87709],[177.23991,-38.8773],[177.23713,-38.87867],[177.23507,-38.87731],[177.23518,-38.87611],[177.23985,-38.87406],[177.23914,-38.87266],[177.23938,-38.86789],[177.2375,-38.86245],[177.23785,-38.86089],[177.24086,-38.85792],[177.2476,-38.8549],[177.25244,-38.84966],[177.25248,-38.84826],[177.254,-38.84686],[177.25407,-38.84409],[177.25713,-38.84175],[177.26,-38.83587],[177.26441,-38.83446],[177.26668,-38.83285],[177.27616,-38.83257],[177.28663,-38.83062],[177.29075,-38.82869],[177.29054,-38.82673],[177.29335,-38.82661],[177.2887,-38.82277],[177.2929,-38.82163],[177.29196,-38.81903],[177.29361,-38.81875],[177.29542,-38.82078],[177.29557,-38.81851],[177.29756,-38.8178],[177.29549,-38.81774],[177.29347,-38.81488],[177.29171,-38.8144],[177.29215,-38.81235],[177.29086,-38.81043],[177.29289,-38.80983],[177.29494,-38.80692],[177.29353,-38.8053],[177.2954,-38.80414],[177.29431,-38.8027],[177.29461,-38.80086],[177.29665,-38.79827],[177.29492,-38.79832],[177.29464,-38.79682],[177.29317,-38.79719],[177.29262,-38.79629],[177.29081,-38.79585],[177.29068,-38.79476],[177.28941,-38.79397],[177.28923,-38.79202],[177.28783,-38.79173],[177.28615,-38.78667],[177.28221,-38.78589],[177.2829,-38.78424],[177.28204,-38.78436],[177.28172,-38.78315],[177.2792,-38.78304],[177.27925,-38.78196],[177.2775,-38.78117],[177.27743,-38.77962],[177.27851,-38.77726],[177.27809,-38.77631],[177.27907,-38.77522],[177.27864,-38.7741],[177.2807,-38.77315],[177.28113,-38.76996],[177.28183,-38.76981],[177.28147,-38.76831],[177.2824,-38.7646],[177.28842,-38.76167],[177.29231,-38.76166],[177.29616,-38.75929],[177.29334,-38.75284],[177.24866,-38.74951],[177.25235,-38.71829],[177.2579,-38.71273],[177.25765,-38.71138],[177.2661,-38.70711],[177.26752,-38.70497],[177.27343,-38.70114],[177.2731,-38.70048],[177.27565,-38.70009],[177.27704,-38.69826],[177.27842,-38.69845],[177.27942,-38.69651],[177.27921,-38.69452],[177.28201,-38.69451],[177.28279,-38.69302],[177.28477,-38.69339],[177.28529,-38.69129],[177.28518,-38.68954],[177.28429,-38.68941],[177.28465,-38.68745],[177.28764,-38.68636],[177.28907,-38.68347],[177.28895,-38.67843],[177.28608,-38.67527],[177.2859,-38.67459],[177.28737,-38.67333],[177.28432,-38.66826],[177.28413,-38.66294],[177.28896,-38.65716],[177.28876,-38.65549],[177.28984,-38.65398],[177.29176,-38.65327],[177.30756,-38.6597],[177.30899,-38.5969],[177.35343,-38.62456],[177.34691,-38.51638],[177.39964,-38.52125],[177.38882,-38.51264],[177.43978,-38.47328],[177.4499,-38.47457],[177.45777,-38.4777],[177.46855,-38.46731],[177.47816,-38.47157],[177.48516,-38.4706],[177.49105,-38.47102],[177.49284,-38.47189],[177.50016,-38.47018],[177.5033,-38.46552],[177.50594,-38.46472],[177.50682,-38.46085],[177.50873,-38.45845],[177.508,-38.45793],[177.50979,-38.45602],[177.50961,-38.4537],[177.51105,-38.44742],[177.51451,-38.44504],[177.5147,-38.43876],[177.51573,-38.43901],[177.52535,-38.43256],[177.47906,-38.37724],[177.47902,-38.37573],[177.48056,-38.37577],[177.48213,-38.37692],[177.48497,-38.37447],[177.48557,-38.37476],[177.45397,-38.33757],[177.46369,-38.33354],[177.4863,-38.29627],[177.48428,-38.27445],[177.49755,-38.26077],[177.49549,-38.26074],[177.49228,-38.26248],[177.48991,-38.26115],[177.4887,-38.2582],[177.49084,-38.25331],[177.49109,-38.25004],[177.48971,-38.2498],[177.48997,-38.2484],[177.48525,-38.24387],[177.48326,-38.24303],[177.48342,-38.24136],[177.48174,-38.24087],[177.48198,-38.2385],[177.48424,-38.23713],[177.48597,-38.23746],[177.48619,-38.23906],[177.48894,-38.23914],[177.48981,-38.24015],[177.49183,-38.23973],[177.49236,-38.23588],[177.49129,-38.23539],[177.49188,-38.2347],[177.49056,-38.23364],[177.49092,-38.23246],[177.49357,-38.23228],[177.49379,-38.22946],[177.49282,-38.22907],[177.4939,-38.22869],[177.49461,-38.22669],[177.4933,-38.22523],[177.49347,-38.22406],[177.49513,-38.22491],[177.49564,-38.22275],[177.49391,-38.22231],[177.495,-38.22057],[177.49712,-38.22116],[177.49828,-38.22046],[177.49881,-38.21918],[177.49777,-38.21887],[177.49811,-38.21819],[177.50187,-38.21779],[177.50267,-38.21639],[177.50091,-38.21539],[177.50126,-38.21325],[177.50317,-38.21274],[177.50344,-38.21463],[177.50617,-38.2167],[177.51203,-38.21746],[177.5174,-38.21463],[177.51988,-38.21638],[177.52682,-38.21844],[177.53211,-38.21851],[177.53333,-38.21836],[177.53366,-38.2093],[177.56037,-38.20938],[177.55727,-38.20805],[177.55763,-38.20648],[177.55646,-38.2047],[177.55743,-38.20351],[177.56699,-38.19837],[177.56865,-38.19559],[177.57032,-38.19537],[177.57323,-38.19266],[177.57641,-38.19331],[177.57864,-38.19132],[177.57953,-38.19214],[177.58058,-38.19151],[177.58095,-38.19274],[177.58205,-38.19241],[177.58373,-38.19361],[177.5863,-38.19274],[177.58563,-38.19161],[177.58724,-38.19193],[177.59032,-38.18963],[177.59704,-38.19013],[177.59706,-38.18893],[177.59903,-38.18795],[177.59928,-38.18666],[177.60138,-38.18462],[177.60295,-38.18478],[177.60479,-38.18662],[177.6024,-38.17119],[177.60371,-38.17164],[177.60454,-38.17304],[177.60797,-38.17241],[177.60937,-38.17119],[177.61327,-38.17101],[177.61534,-38.17196],[177.61693,-38.17133],[177.61824,-38.16841],[177.61953,-38.16813],[177.61974,-38.16891],[177.62231,-38.16829],[177.62456,-38.16385],[177.6262,-38.16192],[177.62858,-38.16069],[177.63398,-38.16083],[177.63634,-38.16221],[177.64042,-38.16278],[177.64233,-38.16381],[177.64728,-38.16196],[177.6478,-38.16017],[177.65359,-38.15858],[177.65572,-38.15534],[177.65265,-38.15463],[177.65173,-38.15336],[177.65187,-38.14975],[177.65275,-38.14775],[177.65149,-38.14654],[177.65308,-38.14274],[177.65079,-38.14105],[177.65288,-38.13878],[177.65315,-38.13527],[177.6555,-38.13424],[177.65485,-38.13158],[177.66007,-38.13102],[177.66072,-38.1293],[177.66226,-38.12858],[177.6626,-38.12745],[177.66115,-38.12585],[177.66289,-38.12493],[177.66236,-38.12353],[177.66484,-38.12007],[177.66355,-38.11861],[177.66412,-38.11693],[177.66625,-38.11678],[177.6681,-38.11892],[177.66931,-38.11827],[177.66917,-38.11648],[177.6675,-38.11508],[177.66836,-38.11383],[177.67405,-38.11314],[177.67742,-38.11459],[177.67994,-38.11421],[177.68325,-38.11177],[177.68567,-38.11132],[177.68615,-38.10766],[177.68769,-38.10831],[177.68829,-38.10962],[177.69209,-38.10967],[177.69339,-38.10707],[177.693,-38.1051],[177.69543,-38.1037],[177.69849,-38.10456],[177.70082,-38.10626],[177.70326,-38.1064],[177.69723,-38.10084],[177.69486,-38.10015],[177.69592,-38.09757],[177.69355,-38.09686],[177.68978,-38.09774],[177.69094,-38.09563],[177.69417,-38.09342],[177.68849,-38.09176],[177.68585,-38.08318],[177.68157,-38.08354],[177.67972,-38.08674],[177.67672,-38.0866],[177.678,-38.08536],[177.678,-38.08224],[177.67963,-38.07934],[177.68826,-38.07821],[177.68858,-38.07745],[177.68749,-38.07542],[177.68884,-38.07409],[177.68893,-38.0715],[177.69175,-38.06612],[177.69518,-38.0632],[177.69748,-38.06272],[177.69732,-38.05944],[177.69404,-38.0579],[177.69388,-38.05337],[177.6909,-38.05158],[177.68874,-38.04472],[177.6859,-38.0427],[177.686,-38.04031],[177.6826,-38.03812],[177.68298,-38.03391],[177.67935,-38.03168],[177.68078,-38.0304],[177.6806,-38.02956],[177.67891,-38.02854],[177.67854,-38.02653],[177.67689,-38.0267],[177.67432,-38.02494],[177.67474,-38.02291],[177.67319,-38.01906],[177.67438,-38.01746],[177.67991,-38.01521],[177.68114,-38.01239],[177.68245,-38.015],[177.68999,-38.01396],[177.69119,-38.01629],[177.69607,-38.01734],[177.697,-38.01849],[177.69825,-38.01865],[177.69905,-38.02077],[177.7008,-38.02217],[177.72436,-38.02265],[177.73998,-38.04205],[177.77268,-38.0598],[177.84902,-38.11128],[177.8504,-38.10889],[177.85572,-38.10743],[177.86097,-38.11166],[177.86749,-38.09825],[177.87598,-38.0767],[177.91684,-37.98145],[177.97229,-37.84501],[178.07301,-37.76359],[178.03883,-37.73308],[177.99447,-37.76438],[177.99663,-37.76034],[177.99491,-37.75843],[177.99418,-37.75557],[177.99224,-37.75289],[177.9787,-37.74482],[177.97678,-37.74095],[177.97992,-37.73633],[177.97967,-37.73522],[177.97813,-37.73438],[177.9787,-37.73066],[177.98097,-37.72978],[177.98303,-37.72728],[177.98699,-37.7252],[177.98881,-37.7214],[177.99242,-37.71965],[177.9933,-37.71659],[177.99138,-37.71486],[177.98874,-37.71453],[177.98832,-37.71274],[177.98926,-37.71134],[177.98806,-37.71101],[177.98583,-37.70728],[177.98661,-37.70443],[177.98497,-37.70352],[177.98764,-37.70176],[177.98593,-37.70075],[177.98852,-37.69924],[177.98659,-37.69725],[177.98846,-37.69697],[177.98997,-37.69766],[177.99082,-37.69658],[177.99346,-37.69671],[177.99482,-37.69477],[177.99483,-37.69196],[177.99819,-37.68967],[177.99736,-37.6892],[177.99237,-37.69054],[177.99361,-37.68898],[177.99207,-37.68802],[177.99374,-37.68712],[177.99186,-37.6862],[177.99321,-37.68533],[177.99272,-37.68421],[177.99388,-37.68346],[177.99383,-37.68188],[177.99488,-37.68095],[177.99208,-37.67952],[177.9932,-37.67889],[177.9925,-37.67702],[177.99305,-37.67551],[177.99467,-37.67417],[177.99314,-37.67102],[177.99379,-37.66951],[177.9915,-37.66784],[177.99226,-37.66526],[177.99173,-37.6621],[177.9931,-37.6607],[177.99244,-37.6594],[177.99302,-37.65833],[177.99165,-37.65811],[177.99211,-37.65717],[177.99123,-37.65358],[177.98868,-37.6539],[177.99126,-37.64991],[177.98982,-37.64867],[177.98714,-37.64809],[177.98963,-37.64492],[177.9877,-37.64445],[177.98595,-37.642],[177.98311,-37.64128],[177.9817,-37.63819],[177.98262,-37.63616],[177.98003,-37.63515],[177.9785,-37.63358],[177.97767,-37.63049],[177.97514,-37.63022],[177.97591,-37.62493],[177.97839,-37.62138],[177.9773,-37.61948],[177.97755,-37.61855],[177.98005,-37.61317],[177.98462,-37.61091],[177.98668,-37.60876],[178.02516,-37.60491],[178.02621,-37.60323],[178.02753,-37.60414],[178.02893,-37.60364],[178.0302,-37.6042],[178.03196,-37.60257],[178.03301,-37.60317],[178.03383,-37.60259],[178.03405,-37.5997],[178.03752,-37.59987],[178.03981,-37.59754],[178.10755,-37.59872],[178.09828,-37.586],[178.08909,-37.55122],[178.08528,-37.54239],[178.06487,-37.33808],[178.10163,-37.33922],[178.13171,-37.33391],[178.15929,-37.33164],[178.17678,-37.33137],[178.20345,-37.33303],[178.23342,-37.33333]]]},"properties":{"name":"Ikaroa-Rāwhiti"}},{"type":"Feature","id":3,"geometry":{"type":"Polygon","coordinates":[[[175.28957,-36.76811],[175.31101,-36.83838],[175.36154,-36.93033],[175.34142,-36.93494],[175.3282,-36.93625],[175.31656,-36.93585],[175.29583,-36.93373],[175.26093,-36.93223],[175.22697,-36.92793],[175.21509,-36.92464],[175.20329,-36.91949],[175.19292,-36.91787],[175.1864,-36.91863],[175.18216,-36.92007],[175.16687,-36.93159],[175.16278,-36.93251],[175.15809,-36.93216],[175.15298,-36.93013],[175.1484,-36.92429],[175.14649,-36.92293],[175.12852,-36.9198],[175.12131,-36.91685],[175.11831,-36.91351],[175.10807,-36.89663],[175.08758,-36.87634],[175.0742,-36.86742],[175.05765,-36.85916],[175.03491,-36.85131],[175.01129,-36.84525],[174.99797,-36.84287],[174.98904,-36.84226],[174.98014,-36.84267],[174.95934,-36.84699],[174.94693,-36.85146],[174.93758,-36.85702],[174.96167,-36.86459],[174.96239,-36.8863],[174.96024,-36.90536],[174.95898,-36.90832],[174.95741,-36.90981],[174.95285,-36.91116],[174.94849,-36.91442],[174.94126,-36.91664],[174.93873,-36.91825],[174.93715,-36.91984],[174.93586,-36.9236],[174.93413,-36.92581],[174.93283,-36.93132],[174.9337,-36.93425],[174.93607,-36.93599],[174.93704,-36.93799],[174.93623,-36.93855],[174.93714,-36.93918],[174.93559,-36.94275],[174.93554,-36.94718],[174.93407,-36.94912],[174.9375,-36.95025],[174.93772,-36.95171],[174.93981,-36.95356],[174.94267,-36.95426],[174.9435,-36.95556],[174.94709,-36.9558],[174.94874,-36.95749],[174.94385,-36.96365],[174.9455,-36.9673],[174.94676,-36.96795],[174.94602,-36.97041],[174.94699,-36.97057],[174.94756,-36.97296],[174.94896,-36.97452],[174.9483,-36.97597],[174.94968,-36.97643],[174.94914,-36.97748],[174.95492,-36.97755],[174.9562,-36.9769],[174.95616,-36.97582],[174.96183,-36.97703],[174.96266,-36.97656],[174.96843,-36.98295],[174.96698,-36.9838],[174.96468,-36.98344],[174.96378,-36.98554],[174.95205,-36.98562],[174.9501,-36.99045],[174.95262,-36.99122],[174.95347,-36.99986],[174.94092,-36.99629],[174.94347,-37.00147],[174.93906,-37.0017],[174.93863,-36.99986],[174.93634,-37.00034],[174.9372,-36.99739],[174.93268,-36.99803],[174.93058,-37.0005],[174.92697,-36.99973],[174.92691,-36.999],[174.92429,-36.99896],[174.93483,-37.00737],[174.93544,-37.01069],[174.93806,-37.01377],[174.95245,-37.04283],[174.93199,-37.04923],[174.92742,-37.0462],[174.92736,-37.04707],[174.92538,-37.04754],[174.92662,-37.04833],[174.92403,-37.05053],[174.92124,-37.05093],[174.92001,-37.05274],[174.91289,-37.0562],[174.90768,-37.05641],[174.89177,-37.05957],[174.87534,-37.06056],[174.8697,-37.05975],[174.86233,-37.05663],[174.85404,-37.05141],[174.8419,-37.0455],[174.82617,-37.03952],[174.80273,-37.0348],[174.79181,-37.03378],[174.77903,-37.03379],[174.76817,-37.03666],[174.74776,-37.03975],[174.74271,-37.03983],[174.71115,-37.03682],[174.69791,-37.03668],[174.6892,-37.03493],[174.6809,-37.03165],[174.66363,-37.02899],[174.65273,-37.03025],[174.63257,-37.02468],[174.62217,-37.02634],[174.62197,-37.02237],[174.60971,-37.0272],[174.60256,-37.02859],[174.59282,-37.03001],[174.58085,-37.03019],[174.56239,-37.03227],[174.55151,-37.0345],[174.54174,-37.0376],[174.53284,-37.04209],[174.52669,-37.04729],[174.52313,-37.05085],[174.52029,-37.05899],[174.51602,-37.06253],[174.49202,-37.07357],[174.47303,-37.08067],[174.43899,-37.08901],[174.35612,-37.10265],[174.32892,-37.10877],[174.29525,-37.11716],[174.27791,-37.1223],[174.26485,-37.12661],[174.25252,-37.13185],[174.24218,-37.11064],[174.23752,-37.09747],[174.23436,-37.08574],[174.23186,-37.07193],[174.23074,-37.06389],[174.23013,-37.04931],[174.21555,-36.99799],[174.21073,-36.98685],[174.2045,-36.96779],[174.19524,-36.94696],[174.18474,-36.91106],[174.17858,-36.89699],[174.43811,-36.89375],[174.44019,-36.89301],[174.44126,-36.8903],[174.44212,-36.89122],[174.44814,-36.89021],[174.44995,-36.88789],[174.44985,-36.88468],[174.44786,-36.88268],[174.4482,-36.88142],[174.44702,-36.87844],[174.45024,-36.87527],[174.45661,-36.87389],[174.46107,-36.86801],[174.46275,-36.86785],[174.46442,-36.87067],[174.46994,-36.87117],[174.47313,-36.86943],[174.47726,-36.86949],[174.48015,-36.86865],[174.48195,-36.86948],[174.48866,-36.86782],[174.49105,-36.86862],[174.49859,-36.86819],[174.49774,-36.86752],[174.49913,-36.86619],[174.49937,-36.86724],[174.50057,-36.86639],[174.5025,-36.86774],[174.50273,-36.86701],[174.50178,-36.86658],[174.50339,-36.86578],[174.50874,-36.86925],[174.51336,-36.86979],[174.5158,-36.87193],[174.51798,-36.87225],[174.51865,-36.87409],[174.52019,-36.87511],[174.52368,-36.87485],[174.52675,-36.87637],[174.53703,-36.87607],[174.53775,-36.87704],[174.54149,-36.8783],[174.53949,-36.87869],[174.53642,-36.87738],[174.53557,-36.87805],[174.53865,-36.88039],[174.53837,-36.8822],[174.54325,-36.88719],[174.55101,-36.88298],[174.55903,-36.88578],[174.55561,-36.88842],[174.55874,-36.89177],[174.56171,-36.88824],[174.56506,-36.8864],[174.566,-36.88756],[174.56949,-36.88784],[174.56953,-36.88886],[174.57209,-36.89076],[174.57749,-36.89158],[174.5825,-36.8903],[174.58428,-36.88782],[174.59334,-36.88477],[174.59473,-36.88585],[174.59574,-36.88907],[174.59241,-36.89198],[174.59367,-36.89357],[174.59527,-36.89404],[174.59604,-36.89705],[174.60139,-36.89573],[174.60892,-36.89597],[174.61288,-36.89799],[174.61587,-36.90093],[174.62504,-36.90476],[174.62556,-36.90178],[174.62862,-36.89933],[174.62879,-36.89823],[174.63109,-36.89701],[174.63262,-36.89357],[174.63371,-36.89333],[174.63292,-36.88958],[174.63381,-36.88619],[174.6334,-36.88407],[174.63484,-36.87991],[174.634,-36.87722],[174.63576,-36.87582],[174.6348,-36.87421],[174.63473,-36.87116],[174.63671,-36.8694],[174.63638,-36.8641],[174.63881,-36.86218],[174.63848,-36.85852],[174.64044,-36.85591],[174.64101,-36.85285],[174.65943,-36.86025],[174.66127,-36.85422],[174.66864,-36.84577],[174.67259,-36.84224],[174.68354,-36.83716],[174.7086,-36.83413],[174.73558,-36.83248],[174.75284,-36.83227],[174.77076,-36.83366],[174.80463,-36.83898],[174.82038,-36.83454],[174.88189,-36.83348],[174.89003,-36.84611],[174.89168,-36.84373],[174.8957,-36.84126],[174.90181,-36.8389],[174.91237,-36.83651],[174.91748,-36.83231],[174.91908,-36.82802],[174.91928,-36.82397],[174.91599,-36.81417],[174.91549,-36.8092],[174.91859,-36.80198],[174.92343,-36.79682],[174.95531,-36.77511],[175.01055,-36.73243],[175.20389,-36.59493],[175.26664,-36.70384],[175.28957,-36.76811]]]},"properties":{"name":"Tāmaki Makaurau"}},{"type":"Feature","id":4,"geometry":{"type":"Polygon","coordinates":[[[175.79994,-37.89617],[175.7984,-37.90093],[175.79721,-37.90233],[175.79809,-37.90317],[175.7999,-37.90151],[175.80128,-37.90203],[175.79988,-37.90305],[175.80173,-37.90371],[175.80116,-37.9049],[175.80178,-37.90595],[175.79821,-37.90578],[175.7964,-37.90783],[175.79686,-37.90963],[175.79849,-37.90936],[175.79916,-37.91017],[175.79876,-37.91161],[175.80051,-37.91202],[175.79918,-37.91301],[175.79877,-37.91444],[175.80082,-37.9146],[175.80155,-37.91619],[175.801,-37.91776],[175.80318,-37.91753],[175.80246,-37.91874],[175.82495,-37.91841],[175.82486,-37.9061],[175.8356,-37.90595],[175.83597,-37.90663],[175.83006,-37.90886],[175.82941,-37.90847],[175.8324,-37.91282],[175.83351,-37.91601],[175.83308,-37.91715],[175.83447,-37.91973],[175.84476,-37.92263],[175.84697,-37.92445],[175.84854,-37.92711],[175.85684,-37.92385],[175.85755,-37.91879],[175.85644,-37.91523],[175.85772,-37.91408],[175.85643,-37.91366],[175.85673,-37.91241],[175.85555,-37.91217],[175.85527,-37.90987],[175.8727,-37.91482],[175.86834,-37.92153],[175.86881,-37.92253],[175.87414,-37.9233],[175.8765,-37.92219],[175.8781,-37.92231],[175.87853,-37.92308],[175.88132,-37.92117],[175.88168,-37.91759],[175.88289,-37.91795],[175.88495,-37.91361],[175.88404,-37.91282],[175.89433,-37.91366],[175.89755,-37.91183],[175.90043,-37.91239],[175.90144,-37.91142],[175.90214,-37.91237],[175.90412,-37.91256],[175.90447,-37.91183],[175.90336,-37.91099],[175.90467,-37.90927],[175.90871,-37.90921],[175.91019,-37.90884],[175.91053,-37.90767],[175.9121,-37.90793],[175.91525,-37.91006],[175.91572,-37.91157],[175.91056,-37.91306],[175.90835,-37.91294],[175.90914,-37.91602],[175.91011,-37.91629],[175.90959,-37.91899],[175.90796,-37.91881],[175.90862,-37.92064],[175.92017,-37.92346],[175.95424,-37.90191],[175.95804,-37.90575],[175.97719,-37.91367],[175.9469,-37.92275],[175.94323,-37.92562],[175.94095,-37.92942],[175.94738,-37.95129],[175.94943,-37.95674],[175.95293,-37.96234],[175.96014,-37.96776],[175.96392,-37.96563],[175.96594,-37.96574],[175.96876,-37.96766],[175.97179,-37.97116],[175.97261,-37.97495],[175.97061,-37.98022],[175.97052,-37.98548],[175.97244,-37.98681],[175.98005,-37.98846],[176.00583,-37.99131],[176.01318,-37.99347],[176.02296,-37.99891],[176.03279,-38.00831],[176.0545,-38.01939],[176.05758,-38.0216],[176.06225,-38.02682],[176.05678,-38.03702],[176.00505,-38.12287],[175.99909,-38.13148],[175.98175,-38.13858],[175.98446,-38.142],[176.01578,-38.14173],[176.01973,-38.14245],[176.02198,-38.13932],[176.03074,-38.13924],[176.03071,-38.16658],[176.0583,-38.16669],[176.05831,-38.16416],[176.08875,-38.16427],[176.09004,-38.16696],[176.11011,-38.16686],[176.15033,-38.21819],[176.12052,-38.26791],[176.11599,-38.26905],[176.12927,-38.27316],[176.10863,-38.27578],[176.11077,-38.27584],[176.11034,-38.27754],[176.11239,-38.27701],[176.11347,-38.27784],[176.11402,-38.28041],[176.11537,-38.27977],[176.11593,-38.28064],[176.11784,-38.28098],[176.11972,-38.28023],[176.11991,-38.28126],[176.121,-38.28179],[176.12214,-38.28195],[176.12298,-38.28092],[176.124,-38.28218],[176.12494,-38.28155],[176.12817,-38.28315],[176.12993,-38.28284],[176.13118,-38.28545],[176.13243,-38.28569],[176.13218,-38.28427],[176.13298,-38.2841],[176.1348,-38.28512],[176.13563,-38.28789],[176.13775,-38.28762],[176.13659,-38.28936],[176.13761,-38.29017],[176.13612,-38.29266],[176.13788,-38.29338],[176.13784,-38.2943],[176.13564,-38.29547],[176.1332,-38.29461],[176.12812,-38.29693],[176.1301,-38.29778],[176.13084,-38.2998],[176.12927,-38.30028],[176.12919,-38.30129],[176.13069,-38.30127],[176.13175,-38.3023],[176.1311,-38.30359],[176.12963,-38.30436],[176.1265,-38.30879],[176.12076,-38.31118],[176.11708,-38.3146],[176.11416,-38.31479],[176.10913,-38.31341],[176.09956,-38.3172],[176.09286,-38.3176],[176.08864,-38.322],[176.07286,-38.32717],[176.06416,-38.33471],[176.06159,-38.33519],[176.05859,-38.33443],[176.06022,-38.3356],[176.06113,-38.33859],[176.06294,-38.34042],[176.06077,-38.34282],[176.05548,-38.34314],[176.0553,-38.34412],[176.05737,-38.34432],[176.05705,-38.34528],[176.05531,-38.34582],[176.05496,-38.34705],[176.0522,-38.34761],[176.05054,-38.34938],[176.04879,-38.3498],[176.0501,-38.35437],[176.04775,-38.35417],[176.04653,-38.35641],[176.04261,-38.35708],[176.03977,-38.35875],[176.03762,-38.35816],[176.03564,-38.36085],[176.03113,-38.36357],[176.02618,-38.36372],[176.02382,-38.36502],[176.02399,-38.36661],[176.02514,-38.36651],[176.02478,-38.36864],[176.02723,-38.36913],[176.02759,-38.37344],[176.02852,-38.37567],[176.03025,-38.37713],[176.0313,-38.38002],[176.03038,-38.38153],[176.02666,-38.38347],[176.02596,-38.38484],[176.03014,-38.38654],[176.0427,-38.38521],[176.05293,-38.38954],[176.05903,-38.39339],[176.06163,-38.39683],[176.0631,-38.39614],[176.06555,-38.39802],[176.0684,-38.40129],[176.06892,-38.40563],[176.07393,-38.40791],[176.08288,-38.40859],[176.08506,-38.40703],[176.08794,-38.40668],[176.09236,-38.41046],[176.09679,-38.41235],[176.10591,-38.4134],[176.11175,-38.41119],[176.11865,-38.41322],[176.12611,-38.42063],[176.12697,-38.42281],[176.13002,-38.42587],[176.13166,-38.42899],[176.13195,-38.43261],[176.13909,-38.43865],[176.13932,-38.4406],[176.13761,-38.44194],[176.1404,-38.44557],[176.14238,-38.45247],[176.14121,-38.45514],[176.13131,-38.45572],[176.13131,-38.465],[176.11445,-38.46593],[176.07363,-38.50984],[176.04892,-38.50833],[176.04631,-38.51659],[176.04611,-38.52373],[176.04972,-38.52754],[176.05177,-38.53384],[176.04957,-38.5376],[176.04301,-38.54468],[176.04279,-38.55093],[176.04402,-38.55495],[176.04366,-38.55554],[176.03998,-38.55558],[176.03947,-38.55831],[176.0213,-38.55825],[176.02066,-38.55488],[176.01808,-38.55509],[176.01691,-38.55569],[176.01716,-38.55662],[176.02042,-38.55904],[176.02168,-38.56134],[176.01646,-38.56082],[176.01703,-38.56237],[176.01619,-38.56425],[176.01144,-38.56386],[176.01022,-38.56299],[176.01185,-38.56037],[175.98761,-38.55799],[175.98335,-38.56336],[175.97619,-38.55702],[175.97375,-38.55858],[175.96873,-38.55816],[175.94939,-38.56521],[175.94515,-38.56845],[175.9403,-38.57085],[175.94027,-38.57729],[175.92974,-38.61178],[175.91433,-38.61641],[175.88447,-38.64903],[175.88472,-38.65125],[175.88342,-38.65293],[175.88341,-38.65536],[175.88443,-38.65663],[175.88468,-38.66222],[175.8822,-38.66428],[175.88117,-38.66702],[175.87866,-38.66803],[175.87697,-38.67015],[175.87636,-38.67422],[175.87374,-38.67879],[175.87053,-38.67839],[175.86752,-38.67636],[175.868,-38.67337],[175.86696,-38.66862],[175.8698,-38.66671],[175.86792,-38.66363],[175.86362,-38.66188],[175.84871,-38.66037],[175.84344,-38.6608],[175.84027,-38.66254],[175.83384,-38.66373],[175.83256,-38.66524],[175.82964,-38.66607],[175.82936,-38.66721],[175.82702,-38.66716],[175.82335,-38.66857],[175.82207,-38.66963],[175.82215,-38.67126],[175.82052,-38.67181],[175.82003,-38.67278],[175.82071,-38.67673],[175.81873,-38.67895],[175.8198,-38.6799],[175.81865,-38.68049],[175.81955,-38.68123],[175.81889,-38.68182],[175.81661,-38.6816],[175.81644,-38.68309],[175.81542,-38.68397],[175.81468,-38.68367],[175.81467,-38.68242],[175.81209,-38.68206],[175.80942,-38.67992],[175.80452,-38.68124],[175.80371,-38.68073],[175.80154,-38.68124],[175.80005,-38.68046],[175.79906,-38.68219],[175.79791,-38.68224],[175.79428,-38.67999],[175.792,-38.67635],[175.79084,-38.67598],[175.78046,-38.67823],[175.77743,-38.67964],[175.77492,-38.67951],[175.77116,-38.68454],[175.76744,-38.6948],[175.76954,-38.70142],[175.7725,-38.70339],[175.77176,-38.70349],[175.77239,-38.70486],[175.76086,-38.70977],[175.75927,-38.71119],[175.76038,-38.71128],[175.75632,-38.71801],[175.75257,-38.72032],[175.75184,-38.7197],[175.75072,-38.72015],[175.7481,-38.72202],[175.74353,-38.72782],[175.74361,-38.72956],[175.74164,-38.73446],[175.74035,-38.73552],[175.7411,-38.74266],[175.73605,-38.74397],[175.7323,-38.7477],[175.72695,-38.7482],[175.7217,-38.75161],[175.71704,-38.75001],[175.71443,-38.75079],[175.71404,-38.74966],[175.70825,-38.74656],[175.70574,-38.74753],[175.70111,-38.74713],[175.69582,-38.74826],[175.69479,-38.74739],[175.69467,-38.74593],[175.69245,-38.74458],[175.68965,-38.74382],[175.68586,-38.7443],[175.68258,-38.74223],[175.67789,-38.74335],[175.67649,-38.74169],[175.67312,-38.7423],[175.67076,-38.74182],[175.66292,-38.73696],[175.65333,-38.73971],[175.63634,-38.74083],[175.6355,-38.74185],[175.62899,-38.74456],[175.62497,-38.74484],[175.61243,-38.74824],[175.61138,-38.75088],[175.60571,-38.75374],[175.60512,-38.75664],[175.58292,-38.76264],[175.58109,-38.76487],[175.55824,-38.769],[175.53909,-38.78267],[175.54022,-38.79069],[175.54165,-38.79511],[175.54867,-38.79232],[175.55343,-38.78935],[175.55626,-38.79101],[175.56365,-38.80373],[175.57462,-38.8163],[175.57759,-38.82546],[175.57702,-38.8309],[175.56979,-38.83296],[175.56613,-38.83627],[175.56151,-38.83861],[175.56039,-38.84341],[175.54644,-38.85987],[175.54472,-38.86447],[175.54918,-38.87277],[175.55524,-38.87717],[175.56068,-38.8842],[175.56128,-38.89242],[175.5771,-38.90648],[175.57997,-38.91068],[175.58006,-38.91235],[175.57612,-38.91847],[175.57019,-38.92381],[175.56605,-38.92992],[175.56533,-38.93208],[175.56595,-38.93577],[175.56492,-38.93849],[175.5603,-38.94598],[175.5576,-38.94896],[175.55563,-38.95367],[175.55388,-38.95572],[175.5593,-38.97068],[175.56077,-38.97269],[175.56753,-38.96869],[175.56942,-38.97014],[175.56856,-38.96998],[175.56728,-38.97192],[175.56504,-38.97251],[175.56555,-38.97732],[175.56263,-38.98683],[175.60628,-38.98182],[175.62689,-38.97401],[175.64123,-38.98029],[175.68201,-38.97971],[175.67249,-38.99085],[175.64805,-39.01441],[175.64862,-39.0164],[175.64765,-39.01873],[175.64804,-39.02792],[175.6423,-39.03589],[175.64079,-39.03983],[175.63577,-39.04532],[175.63123,-39.04888],[175.63176,-39.04557],[175.61821,-39.04845],[175.61356,-39.05064],[175.61495,-39.05509],[175.61838,-39.05791],[175.62465,-39.05991],[175.62471,-39.06155],[175.62321,-39.06308],[175.62354,-39.06379],[175.62143,-39.06417],[175.62067,-39.06828],[175.61715,-39.07492],[175.61797,-39.08125],[175.62201,-39.08698],[175.62413,-39.08726],[175.62596,-39.08582],[175.62931,-39.08757],[175.63121,-39.08727],[175.63239,-39.08886],[175.63538,-39.08866],[175.63744,-39.09012],[175.63783,-39.09305],[175.63991,-39.09738],[175.64211,-39.09666],[175.64558,-39.10013],[175.6478,-39.1],[175.64675,-39.10078],[175.64625,-39.10266],[175.64279,-39.10431],[175.6372,-39.12914],[175.66309,-39.13174],[175.66329,-39.13381],[175.66546,-39.13643],[175.66728,-39.13786],[175.66868,-39.1374],[175.67089,-39.13854],[175.67471,-39.14421],[175.6789,-39.14581],[175.67971,-39.14789],[175.6812,-39.1483],[175.68962,-39.15721],[175.69249,-39.15816],[175.69257,-39.15936],[175.69368,-39.16039],[175.69616,-39.16175],[175.70096,-39.16198],[175.70254,-39.16126],[175.70385,-39.16243],[175.70751,-39.1631],[175.72146,-39.17277],[175.72294,-39.17479],[175.72633,-39.17587],[175.72744,-39.17742],[175.72968,-39.17753],[175.73081,-39.17857],[175.73653,-39.17811],[175.73794,-39.18086],[175.7391,-39.1813],[175.74373,-39.17922],[175.7524,-39.17941],[175.75834,-39.18234],[175.76271,-39.18077],[175.76422,-39.18201],[175.76696,-39.18165],[175.77041,-39.18338],[175.77493,-39.18419],[175.77989,-39.1835],[175.78242,-39.18402],[175.78302,-39.18333],[175.7846,-39.18354],[175.78526,-39.18205],[175.78668,-39.18171],[175.78628,-39.18346],[175.78748,-39.18662],[175.78672,-39.18874],[175.78703,-39.19156],[175.79107,-39.19944],[175.79102,-39.20118],[175.78695,-39.20531],[175.78127,-39.20718],[175.7786,-39.20905],[175.77798,-39.21166],[175.77253,-39.21256],[175.77259,-39.21583],[175.77098,-39.22148],[175.77215,-39.22276],[175.77904,-39.22287],[175.78019,-39.22412],[175.78208,-39.22421],[175.78035,-39.22562],[175.77928,-39.22996],[175.78012,-39.23026],[175.78264,-39.22868],[175.78667,-39.22865],[175.78852,-39.23379],[175.78786,-39.23469],[175.7885,-39.23634],[175.78543,-39.23663],[175.78587,-39.23768],[175.78403,-39.24082],[175.78144,-39.23948],[175.77856,-39.23983],[175.77799,-39.24077],[175.77984,-39.24249],[175.77775,-39.24278],[175.77477,-39.24533],[175.77384,-39.24838],[175.77106,-39.25018],[175.77076,-39.25157],[175.76776,-39.25155],[175.76935,-39.2533],[175.7676,-39.25399],[175.76639,-39.25625],[175.76623,-39.25849],[175.76393,-39.26076],[175.76445,-39.26196],[175.76328,-39.26282],[175.76444,-39.26432],[175.76256,-39.26878],[175.76153,-39.2691],[175.76033,-39.26785],[175.75785,-39.26726],[175.7555,-39.27093],[175.74388,-39.2772],[175.74488,-39.27939],[175.74353,-39.28214],[175.74172,-39.28371],[175.741,-39.29264],[175.75185,-39.28788],[175.76533,-39.29144],[175.76963,-39.295],[175.7801,-39.29338],[175.78358,-39.29428],[175.79089,-39.29976],[175.81257,-39.30033],[175.81637,-39.29857],[175.82445,-39.2912],[175.82862,-39.28901],[175.8292,-39.28751],[175.83346,-39.28332],[175.83595,-39.27676],[175.83854,-39.27361],[175.8419,-39.27117],[175.84502,-39.26978],[175.85181,-39.26929],[175.85918,-39.26685],[175.86272,-39.26648],[175.86809,-39.26303],[175.86899,-39.2591],[175.86602,-39.25667],[175.8566,-39.25199],[175.85467,-39.2444],[175.85511,-39.24386],[175.85847,-39.24442],[175.87259,-39.2391],[175.87831,-39.23526],[175.88021,-39.23245],[175.88559,-39.22933],[175.88637,-39.22713],[175.89267,-39.22364],[175.89363,-39.22135],[175.89288,-39.21383],[175.89194,-39.21276],[175.8882,-39.21142],[175.88597,-39.2059],[175.89838,-39.2041],[175.90062,-39.2028],[175.90211,-39.20039],[175.90347,-39.19993],[175.91057,-39.1985],[175.91651,-39.1981],[175.91946,-39.19872],[175.91949,-39.19643],[175.91854,-39.19463],[175.9189,-39.191],[175.92126,-39.18973],[175.92908,-39.18899],[175.93347,-39.18768],[175.93799,-39.1879],[175.94502,-39.18694],[175.95005,-39.18795],[175.9553,-39.18673],[175.95969,-39.18416],[175.96161,-39.18158],[175.96466,-39.17939],[175.96637,-39.17228],[175.96763,-39.17057],[175.96385,-39.16242],[175.96403,-39.15953],[175.97162,-39.1577],[175.97446,-39.15157],[175.97596,-39.15002],[176.04406,-39.15692],[176.07752,-39.15595],[176.07878,-39.15729],[176.08096,-39.15725],[176.09614,-39.1546],[176.10271,-39.15125],[176.10934,-39.15128],[176.11178,-39.15201],[176.11274,-39.15047],[176.11563,-39.14881],[176.11625,-39.14707],[176.11982,-39.14622],[176.12064,-39.14513],[176.12491,-39.14505],[176.1282,-39.14367],[176.13097,-39.14354],[176.13195,-39.1426],[176.13444,-39.14296],[176.13577,-39.13971],[176.1388,-39.13859],[176.14001,-39.13887],[176.14145,-39.1365],[176.14492,-39.13586],[176.14661,-39.13449],[176.1547,-39.13827],[176.16238,-39.13634],[176.16788,-39.1403],[176.17612,-39.1439],[176.17689,-39.14487],[176.17551,-39.14934],[176.17575,-39.15309],[176.17676,-39.15718],[176.17895,-39.15994],[176.17896,-39.16478],[176.18086,-39.16913],[176.18008,-39.16976],[176.17856,-39.16913],[176.17818,-39.16993],[176.17901,-39.17172],[176.18216,-39.17387],[176.18201,-39.17583],[176.18014,-39.17675],[176.1824,-39.17941],[176.17999,-39.18059],[176.1798,-39.18506],[176.18651,-39.18946],[176.18704,-39.19106],[176.18872,-39.19203],[176.19048,-39.19485],[176.19297,-39.19495],[176.19473,-39.19643],[176.19547,-39.19873],[176.19382,-39.1999],[176.19324,-39.20187],[176.19384,-39.20557],[176.19583,-39.20831],[176.19343,-39.20996],[176.1929,-39.21144],[176.19447,-39.21205],[176.19469,-39.21459],[176.19608,-39.21497],[176.19676,-39.21798],[176.19604,-39.22133],[176.19797,-39.22235],[176.20004,-39.22574],[176.20354,-39.22523],[176.20513,-39.22575],[176.2093,-39.22845],[176.20943,-39.23138],[176.21152,-39.23237],[176.21293,-39.23242],[176.21506,-39.23086],[176.21954,-39.23129],[176.22299,-39.23564],[176.22776,-39.2329],[176.23097,-39.23215],[176.23517,-39.23318],[176.2397,-39.23289],[176.24205,-39.23596],[176.24446,-39.23439],[176.24674,-39.23518],[176.24904,-39.2346],[176.24948,-39.23742],[176.25169,-39.23887],[176.25523,-39.23649],[176.25517,-39.24003],[176.25803,-39.24066],[176.25774,-39.24282],[176.25667,-39.24397],[176.25726,-39.2446],[176.26548,-39.24174],[176.27655,-39.23998],[176.27877,-39.24258],[176.28974,-39.24637],[176.29069,-39.24968],[176.29233,-39.25102],[176.29138,-39.25165],[176.28734,-39.25138],[176.28807,-39.25477],[176.29174,-39.25544],[176.28845,-39.25778],[176.28807,-39.25917],[176.28927,-39.25982],[176.29307,-39.25863],[176.29275,-39.26375],[176.29542,-39.26694],[176.29331,-39.27718],[176.29924,-39.27596],[176.29993,-39.28207],[176.30103,-39.28385],[176.2994,-39.28441],[176.29925,-39.28517],[176.30059,-39.28601],[176.30421,-39.28563],[176.30506,-39.29192],[176.30164,-39.29762],[176.3026,-39.30065],[176.29989,-39.30285],[176.29886,-39.30527],[176.29355,-39.30792],[176.29128,-39.30692],[176.28923,-39.309],[176.28645,-39.3103],[176.28314,-39.30886],[176.28152,-39.30925],[176.28121,-39.31112],[176.27988,-39.31258],[176.28225,-39.31447],[176.28157,-39.31864],[176.27746,-39.31937],[176.27678,-39.32247],[176.27819,-39.32473],[176.27744,-39.32699],[176.27381,-39.32771],[176.2725,-39.32884],[176.27283,-39.3298],[176.2756,-39.32937],[176.27628,-39.32989],[176.27097,-39.33462],[176.27288,-39.33681],[176.2728,-39.33768],[176.27093,-39.33832],[176.26579,-39.33677],[176.26382,-39.33734],[176.26644,-39.34148],[176.26601,-39.34443],[176.2701,-39.34606],[176.26544,-39.34946],[176.27146,-39.35253],[176.27069,-39.35826],[176.27316,-39.35957],[176.27579,-39.35859],[176.27522,-39.36064],[176.27589,-39.3623],[176.27842,-39.36159],[176.27841,-39.35947],[176.28038,-39.35853],[176.28293,-39.36025],[176.28499,-39.35968],[176.28653,-39.36229],[176.29158,-39.36298],[176.29274,-39.36182],[176.29286,-39.3586],[176.2936,-39.35787],[176.29838,-39.35867],[176.30241,-39.35661],[176.30334,-39.35978],[176.30667,-39.36118],[176.305,-39.36312],[176.30504,-39.3654],[176.31079,-39.3659],[176.31154,-39.36655],[176.31074,-39.37022],[176.32154,-39.37065],[176.32839,-39.36857],[176.32963,-39.37093],[176.32919,-39.37314],[176.33213,-39.37496],[176.33147,-39.37714],[176.32862,-39.37731],[176.32762,-39.3785],[176.32853,-39.37987],[176.33056,-39.37831],[176.33186,-39.37901],[176.33314,-39.38411],[176.33057,-39.38548],[176.33152,-39.38746],[176.32748,-39.3878],[176.3272,-39.3886],[176.32512,-39.3882],[176.32359,-39.38676],[176.32037,-39.38932],[176.32015,-39.39155],[176.32178,-39.39406],[176.32602,-39.39211],[176.32857,-39.39344],[176.32748,-39.39656],[176.32377,-39.39825],[176.3256,-39.40061],[176.32288,-39.40204],[176.32648,-39.40575],[176.32511,-39.40623],[176.32222,-39.40563],[176.31963,-39.40676],[176.32032,-39.40849],[176.32369,-39.4085],[176.32402,-39.41073],[176.32335,-39.41157],[176.32015,-39.41165],[176.32074,-39.41288],[176.32277,-39.41406],[176.32161,-39.41489],[176.31842,-39.41462],[176.31559,-39.41274],[176.31037,-39.41699],[176.30971,-39.41801],[176.31021,-39.41862],[176.31607,-39.41883],[176.317,-39.41953],[176.3115,-39.42284],[176.31129,-39.42403],[176.30898,-39.42528],[176.30844,-39.42812],[176.30649,-39.42809],[176.30618,-39.42997],[176.30902,-39.4312],[176.30509,-39.4343],[176.30372,-39.4367],[176.30249,-39.43711],[176.30646,-39.43834],[176.30868,-39.44101],[176.30765,-39.44185],[176.30508,-39.44086],[176.30382,-39.44131],[176.30621,-39.44212],[176.30524,-39.4439],[176.30572,-39.44468],[176.31041,-39.44523],[176.31193,-39.45106],[176.3137,-39.45149],[176.31363,-39.4528],[176.31443,-39.45354],[176.31032,-39.45463],[176.31085,-39.45624],[176.31277,-39.45645],[176.3135,-39.4589],[176.30927,-39.45991],[176.30938,-39.46192],[176.30708,-39.46298],[176.3076,-39.46477],[176.31176,-39.46902],[176.30855,-39.47079],[176.31113,-39.47182],[176.31452,-39.47182],[176.31447,-39.47287],[176.31273,-39.4734],[176.31273,-39.47451],[176.31495,-39.4756],[176.31781,-39.47428],[176.32158,-39.47895],[176.31881,-39.48112],[176.31633,-39.47905],[176.31616,-39.48034],[176.31379,-39.4824],[176.3139,-39.48376],[176.31548,-39.48404],[176.31938,-39.48772],[176.31791,-39.48858],[176.31796,-39.49073],[176.31528,-39.4932],[176.31814,-39.49378],[176.31625,-39.49532],[176.31594,-39.49723],[176.32088,-39.49763],[176.32187,-39.49333],[176.32574,-39.49347],[176.32506,-39.4885],[176.32553,-39.48765],[176.32812,-39.48844],[176.3307,-39.4877],[176.33404,-39.4893],[176.33718,-39.48834],[176.33808,-39.489],[176.33731,-39.48954],[176.33756,-39.49035],[176.33631,-39.49142],[176.33519,-39.49099],[176.33625,-39.49284],[176.33454,-39.49345],[176.33201,-39.49826],[176.33359,-39.49929],[176.33942,-39.49675],[176.33961,-39.49842],[176.33782,-39.50133],[176.34163,-39.50077],[176.34194,-39.50232],[176.34044,-39.50255],[176.33969,-39.5038],[176.33803,-39.50293],[176.33284,-39.50437],[176.32904,-39.50367],[176.32409,-39.50143],[176.32292,-39.5039],[176.32361,-39.50583],[176.31846,-39.50808],[176.31666,-39.50731],[176.31524,-39.50785],[176.31312,-39.50719],[176.31265,-39.50775],[176.31224,-39.50582],[176.31554,-39.50433],[176.31398,-39.50219],[176.30994,-39.50187],[176.30746,-39.50394],[176.30526,-39.50362],[176.30315,-39.50138],[176.2994,-39.50403],[176.29967,-39.50479],[176.30186,-39.5051],[176.30033,-39.50751],[176.29588,-39.50412],[176.29522,-39.50271],[176.29275,-39.50278],[176.2925,-39.50139],[176.29158,-39.50085],[176.29039,-39.50278],[176.28544,-39.50536],[176.28205,-39.50388],[176.28244,-39.50327],[176.28171,-39.50226],[176.27953,-39.5026],[176.27955,-39.50724],[176.27121,-39.50676],[176.27173,-39.50934],[176.27003,-39.51174],[176.26842,-39.51253],[176.2679,-39.51423],[176.267,-39.51432],[176.26682,-39.5131],[176.26577,-39.51292],[176.26543,-39.51453],[176.26414,-39.51535],[176.26271,-39.51307],[176.26092,-39.51196],[176.25694,-39.51186],[176.25718,-39.51451],[176.25311,-39.51499],[176.25421,-39.517],[176.25085,-39.51709],[176.24938,-39.52107],[176.24775,-39.52119],[176.24612,-39.52353],[176.24322,-39.5248],[176.23826,-39.525],[176.23705,-39.52621],[176.23725,-39.52817],[176.23522,-39.52921],[176.23532,-39.53044],[176.2323,-39.53025],[176.23211,-39.53201],[176.22889,-39.53188],[176.22695,-39.53376],[176.22441,-39.53184],[176.22376,-39.53303],[176.2214,-39.53361],[176.22012,-39.53337],[176.21957,-39.53208],[176.21017,-39.53365],[176.20804,-39.53584],[176.20733,-39.53848],[176.20651,-39.53896],[176.20656,-39.54051],[176.19997,-39.54636],[176.19951,-39.54842],[176.20006,-39.54893],[176.19934,-39.54972],[176.19997,-39.55172],[176.19933,-39.55234],[176.20006,-39.5535],[176.19815,-39.55447],[176.1992,-39.55706],[176.19531,-39.55748],[176.18966,-39.55959],[176.18669,-39.56471],[176.18353,-39.56648],[176.18225,-39.56876],[176.18323,-39.56975],[176.18315,-39.57071],[176.18195,-39.57113],[176.18226,-39.57177],[176.18041,-39.5722],[176.17897,-39.57351],[176.17907,-39.57441],[176.17734,-39.57461],[176.17413,-39.5766],[176.17445,-39.57867],[176.17251,-39.57932],[176.17039,-39.5815],[176.16637,-39.58277],[176.16029,-39.58073],[176.15617,-39.58222],[176.15469,-39.58364],[176.14476,-39.58244],[176.14273,-39.58468],[176.14717,-39.59255],[176.15274,-39.59828],[176.15758,-39.5968],[176.1614,-39.60286],[176.16526,-39.6016],[176.17207,-39.60269],[176.17349,-39.60205],[176.17899,-39.60525],[176.18125,-39.61693],[176.16509,-39.64865],[176.19594,-39.66357],[176.20087,-39.67299],[176.19268,-39.67976],[176.18423,-39.68378],[176.18055,-39.71106],[176.16909,-39.71792],[176.17685,-39.74405],[176.13795,-39.82388],[176.13499,-39.85059],[176.12679,-39.8615],[176.1172,-39.88677],[176.11834,-39.88767],[176.12313,-39.88797],[176.12689,-39.89155],[176.12612,-39.90478],[176.12034,-39.90967],[176.10879,-39.9151],[176.10683,-39.91709],[176.11359,-39.92467],[176.11334,-39.9267],[176.11543,-39.9294],[176.11168,-39.93801],[176.10957,-39.93918],[176.10974,-39.94186],[176.11695,-39.94577],[176.1245,-39.94776],[176.11711,-39.95774],[176.11958,-39.96171],[176.12111,-39.96245],[176.11615,-39.96957],[176.11214,-39.97052],[176.11105,-39.97223],[176.10317,-39.97723],[176.10186,-39.97925],[176.1016,-39.98431],[176.10029,-39.98476],[176.09923,-39.98882],[176.09592,-39.99152],[176.09234,-39.99778],[176.08988,-40.00499],[176.08729,-40.0071],[176.07907,-40.01106],[176.07775,-40.01293],[176.0766,-40.01696],[176.07754,-40.02716],[176.0741,-40.03596],[176.08113,-40.0478],[176.07696,-40.05087],[176.06905,-40.06198],[176.04485,-40.07306],[176.033,-40.08],[176.02725,-40.08763],[176.0172,-40.10538],[176.00326,-40.11483],[175.98767,-40.12808],[175.9794,-40.14246],[175.9575,-40.15603],[175.93849,-40.15526],[175.92912,-40.17358],[175.92741,-40.17534],[175.91858,-40.17348],[175.89826,-40.18465],[175.89912,-40.18805],[175.8984,-40.19215],[175.89369,-40.20052],[175.87377,-40.21608],[175.87415,-40.21917],[175.87332,-40.22173],[175.87159,-40.22309],[175.86932,-40.22744],[175.87222,-40.23347],[175.86649,-40.23725],[175.86585,-40.23924],[175.86429,-40.24046],[175.86249,-40.24399],[175.86345,-40.24504],[175.86603,-40.24519],[175.86702,-40.24627],[175.86446,-40.24798],[175.86395,-40.2498],[175.85951,-40.25441],[175.85825,-40.2546],[175.84148,-40.24611],[175.82754,-40.26201],[175.82745,-40.24724],[175.81502,-40.24722],[175.8146,-40.2722],[175.81223,-40.27194],[175.80972,-40.26899],[175.80792,-40.26898],[175.8066,-40.26625],[175.80506,-40.26504],[175.77114,-40.30572],[175.78119,-40.31155],[175.79059,-40.31354],[175.78404,-40.33252],[175.78177,-40.33326],[175.78183,-40.33413],[175.77952,-40.33589],[175.7793,-40.33861],[175.78148,-40.33914],[175.77938,-40.33973],[175.77725,-40.33869],[175.77596,-40.33898],[175.77652,-40.34066],[175.77581,-40.34069],[175.77863,-40.34358],[175.77919,-40.34543],[175.77818,-40.34585],[175.77767,-40.34781],[175.77393,-40.35028],[175.77361,-40.35541],[175.7697,-40.35709],[175.76945,-40.35819],[175.77057,-40.35914],[175.7688,-40.35871],[175.76854,-40.35949],[175.76707,-40.35912],[175.76633,-40.36004],[175.76481,-40.35991],[175.76284,-40.36209],[175.7631,-40.36299],[175.76177,-40.36345],[175.7624,-40.3647],[175.76035,-40.3658],[175.76154,-40.3688],[175.76266,-40.36834],[175.76361,-40.36945],[175.76456,-40.36866],[175.76528,-40.36993],[175.76683,-40.36995],[175.76729,-40.37093],[175.76466,-40.37372],[175.76361,-40.37362],[175.76328,-40.37272],[175.76132,-40.374],[175.75976,-40.37356],[175.75855,-40.37461],[175.75688,-40.37444],[175.75794,-40.37677],[175.75652,-40.37631],[175.75621,-40.37688],[175.75478,-40.37594],[175.75253,-40.37673],[175.75332,-40.37833],[175.751,-40.37843],[175.75126,-40.37984],[175.75056,-40.3805],[175.75117,-40.38189],[175.74818,-40.38269],[175.74853,-40.38457],[175.74689,-40.38431],[175.74664,-40.38666],[175.74525,-40.38738],[175.74181,-40.38733],[175.7396,-40.38852],[175.74011,-40.39027],[175.73836,-40.38986],[175.73707,-40.39212],[175.73603,-40.39204],[175.73589,-40.39077],[175.73327,-40.39171],[175.73381,-40.39342],[175.73282,-40.3945],[175.7339,-40.39547],[175.73261,-40.39925],[175.73127,-40.40008],[175.72857,-40.39961],[175.72688,-40.40153],[175.72527,-40.40141],[175.7237,-40.40245],[175.72487,-40.40479],[175.72294,-40.40532],[175.72518,-40.40775],[175.72524,-40.41002],[175.72876,-40.41057],[175.72966,-40.41252],[175.72284,-40.41867],[175.72383,-40.4192],[175.72347,-40.41994],[175.72432,-40.42118],[175.72333,-40.42234],[175.72225,-40.42229],[175.7224,-40.42446],[175.71929,-40.42543],[175.71816,-40.42673],[175.71511,-40.42666],[175.715,-40.42874],[175.71308,-40.43037],[175.70969,-40.43088],[175.70667,-40.43323],[175.70552,-40.43299],[175.71458,-40.4378],[175.68916,-40.46558],[175.683,-40.46674],[175.62534,-40.51014],[175.48053,-40.68467],[175.44773,-40.72518],[175.44683,-40.72655],[175.44612,-40.73103],[175.44278,-40.7355],[175.44236,-40.74064],[175.43964,-40.74415],[175.43397,-40.74647],[175.43086,-40.74519],[175.42535,-40.74539],[175.42273,-40.7486],[175.41485,-40.75075],[175.40881,-40.75082],[175.40126,-40.75416],[175.39909,-40.7557],[175.39835,-40.75739],[175.39626,-40.75829],[175.39387,-40.7615],[175.39274,-40.76491],[175.39312,-40.76731],[175.38866,-40.77079],[175.38464,-40.77827],[175.38041,-40.78014],[175.37899,-40.78479],[175.37904,-40.78837],[175.37597,-40.79403],[175.37686,-40.79573],[175.37652,-40.79901],[175.37744,-40.80113],[175.37646,-40.80389],[175.37696,-40.80912],[175.35972,-40.81221],[175.35778,-40.81334],[175.35648,-40.8154],[175.3577,-40.81816],[175.35624,-40.82152],[175.35414,-40.82344],[175.35391,-40.82674],[175.35588,-40.83167],[175.35781,-40.83409],[175.35546,-40.83835],[175.35613,-40.84783],[175.35715,-40.85349],[175.35875,-40.85732],[175.35831,-40.8595],[175.36051,-40.86127],[175.35895,-40.86441],[175.35871,-40.86848],[175.36107,-40.87293],[175.35685,-40.88451],[175.35658,-40.8884],[175.35081,-40.89597],[175.34686,-40.8987],[175.33772,-40.90017],[175.33699,-40.9036],[175.33518,-40.90506],[175.33413,-40.90801],[175.33321,-40.91451],[175.31773,-40.91791],[175.31447,-40.92064],[175.31373,-40.92294],[175.31056,-40.92551],[175.29998,-40.92579],[175.293,-40.93062],[175.28514,-40.93406],[175.27095,-40.93742],[175.27022,-40.93895],[175.27262,-40.94117],[175.27111,-40.94451],[175.27483,-40.94453],[175.27977,-40.94906],[175.28169,-40.95228],[175.28075,-40.95687],[175.27783,-40.95893],[175.27649,-40.9615],[175.27235,-40.96343],[175.26715,-40.96724],[175.26192,-40.9675],[175.26112,-40.97088],[175.24606,-40.97186],[175.23894,-40.96937],[175.23381,-40.97279],[175.22842,-40.97339],[175.22454,-40.97233],[175.21951,-40.96717],[175.21627,-40.96596],[175.20757,-40.9684],[175.20277,-40.97895],[175.20144,-40.97987],[175.19843,-40.97988],[175.19687,-40.97912],[175.19348,-40.97354],[175.18696,-40.96961],[175.18198,-40.97282],[175.17862,-40.97289],[175.17368,-40.97098],[175.17043,-40.96552],[175.16926,-40.96507],[175.16683,-40.96599],[175.1643,-40.96558],[175.16518,-40.96746],[175.16468,-40.96769],[175.16247,-40.96695],[175.16039,-40.96849],[175.15721,-40.96882],[175.15361,-40.96659],[175.14733,-40.96717],[175.14477,-40.96449],[175.13445,-40.96459],[175.12919,-40.94934],[175.11156,-40.95282],[175.11381,-40.9549],[175.11436,-40.95685],[175.09172,-40.96128],[175.09877,-40.98213],[175.07499,-40.98213],[175.07554,-40.98311],[175.07436,-40.98332],[175.06763,-40.97377],[175.06338,-40.9721],[175.06298,-40.97084],[175.06168,-40.97027],[175.03961,-41.03563],[175.03977,-41.03739],[175.04138,-41.03764],[175.04034,-41.03973],[175.03824,-41.03997],[175.03944,-41.0412],[175.04216,-41.03994],[175.04457,-41.04055],[175.04448,-41.04251],[175.04166,-41.04286],[175.04448,-41.04383],[175.04445,-41.04616],[175.04744,-41.0453],[175.05491,-41.04552],[175.05437,-41.0505],[175.05558,-41.05348],[175.05521,-41.05566],[175.05623,-41.05716],[175.05522,-41.05866],[175.05525,-41.0619],[175.05237,-41.06188],[175.05151,-41.06602],[175.05393,-41.07286],[175.02685,-41.07281],[175.02682,-41.08249],[175.02944,-41.08346],[175.02985,-41.08478],[175.03223,-41.08659],[175.03246,-41.08858],[175.03375,-41.08922],[175.0343,-41.09507],[175.03251,-41.09566],[175.03203,-41.09664],[175.0328,-41.09762],[175.0347,-41.0973],[175.03578,-41.09797],[175.0346,-41.1014],[175.035,-41.10208],[175.02229,-41.10316],[175.01799,-41.10227],[175.00875,-41.10643],[175.0107,-41.10659],[175.01213,-41.1079],[175.00885,-41.10975],[175.00887,-41.11375],[174.99897,-41.11416],[174.99779,-41.11341],[174.99071,-41.11514],[174.98881,-41.11808],[174.98939,-41.11857],[174.98896,-41.1197],[174.99003,-41.11958],[174.98959,-41.12014],[174.9906,-41.12063],[174.99015,-41.12232],[174.98933,-41.12312],[174.98723,-41.12282],[174.98619,-41.12567],[174.98369,-41.12655],[174.98354,-41.12742],[174.98526,-41.12716],[174.98513,-41.12783],[174.98171,-41.13039],[174.98205,-41.13223],[174.98071,-41.13257],[174.97983,-41.135],[174.97784,-41.13614],[174.97488,-41.13371],[174.97504,-41.13275],[174.97433,-41.13278],[174.97235,-41.13654],[174.97319,-41.13744],[174.97259,-41.13857],[174.97372,-41.14099],[174.96456,-41.14751],[174.95168,-41.14497],[174.94864,-41.15313],[174.93893,-41.15087],[174.93668,-41.15229],[174.93467,-41.15234],[174.93293,-41.15053],[174.92775,-41.15152],[174.92663,-41.15103],[174.92725,-41.14923],[174.91601,-41.14702],[174.91593,-41.14475],[174.91483,-41.14334],[174.91553,-41.14087],[174.91097,-41.13997],[174.90766,-41.14956],[174.8992,-41.1479],[174.87929,-41.17351],[174.88034,-41.17374],[174.87893,-41.17792],[174.87568,-41.17648],[174.87534,-41.17851],[174.86806,-41.18633],[174.85449,-41.18466],[174.85314,-41.19178],[174.81284,-41.18819],[174.81348,-41.18338],[174.81082,-41.18316],[174.81173,-41.17894],[174.80878,-41.17859],[174.80939,-41.17792],[174.79605,-41.17058],[174.79445,-41.16362],[174.80444,-41.14914],[174.79022,-41.14354],[174.7873,-41.14777],[174.77809,-41.14395],[174.55916,-41.02419],[174.60348,-40.89586],[174.60249,-40.87888],[174.60347,-40.86054],[174.6063,-40.8444],[174.61145,-40.82657],[174.6174,-40.81177],[174.6252,-40.79701],[174.63586,-40.78085],[174.64387,-40.77063],[174.65989,-40.75358],[174.68962,-40.72748],[174.70107,-40.71255],[174.71734,-40.69548],[174.73203,-40.68286],[174.75016,-40.6697],[174.77923,-40.65324],[174.79636,-40.64548],[174.81331,-40.63907],[174.82924,-40.63407],[174.85141,-40.62859],[174.87341,-40.62471],[174.89391,-40.62244],[174.89957,-40.61349],[174.90771,-40.59571],[174.91721,-40.56738],[174.92364,-40.55198],[174.92803,-40.53764],[174.94163,-40.50117],[174.94637,-40.48152],[174.94755,-40.46616],[174.94964,-40.4544],[174.9539,-40.43876],[174.96192,-40.40303],[174.96627,-40.36822],[174.96507,-40.35262],[174.96555,-40.3362],[174.9636,-40.31658],[174.96056,-40.30147],[174.95732,-40.27671],[174.9521,-40.25684],[174.9499,-40.23962],[174.94671,-40.22879],[174.93849,-40.21156],[174.93318,-40.20359],[174.92738,-40.19641],[174.91146,-40.17993],[174.89487,-40.16521],[174.88654,-40.15649],[174.87291,-40.13964],[174.86021,-40.12705],[174.83648,-40.11616],[174.8109,-40.10124],[174.79058,-40.08601],[174.77035,-40.06712],[174.74618,-40.06908],[174.71718,-40.06896],[174.68903,-40.06671],[174.65138,-40.06078],[174.63113,-40.0557],[174.59654,-40.04498],[174.57246,-40.03539],[174.54492,-40.02122],[174.53059,-40.01657],[174.50683,-40.01356],[174.48289,-40.00875],[174.44857,-39.99826],[174.42682,-39.98923],[174.38902,-39.96946],[174.37292,-39.95996],[174.35658,-39.94877],[174.33186,-39.93649],[174.31577,-39.92664],[174.29995,-39.91854],[174.27987,-39.90653],[174.23486,-39.87174],[174.21804,-39.85608],[174.20167,-39.84487],[174.1895,-39.8353],[174.17791,-39.82499],[174.16898,-39.81578],[174.15883,-39.80365],[174.13738,-39.79526],[174.11765,-39.78544],[174.09747,-39.78189],[174.07591,-39.77679],[174.04322,-39.77507],[174.01144,-39.77023],[173.98629,-39.76414],[173.95626,-39.75375],[173.92858,-39.74995],[173.9132,-39.74692],[173.89246,-39.74134],[173.86964,-39.7334],[173.854,-39.72664],[173.82759,-39.71753],[173.81702,-39.71287],[173.79573,-39.70215],[173.76668,-39.68955],[173.75589,-39.68387],[173.73458,-39.67043],[173.72532,-39.66401],[173.70935,-39.65052],[173.69771,-39.63893],[173.68424,-39.62275],[173.6798,-39.61623],[173.66411,-39.59975],[173.64635,-39.58661],[173.63394,-39.57631],[173.62747,-39.56986],[173.60671,-39.55436],[173.58468,-39.53345],[173.57056,-39.51577],[173.55522,-39.49166],[173.54484,-39.47689],[173.53813,-39.46508],[173.52984,-39.44754],[173.52031,-39.41861],[173.50908,-39.37469],[173.50391,-39.36344],[173.4979,-39.34571],[173.49428,-39.32797],[173.49263,-39.30966],[173.49341,-39.26733],[173.49729,-39.24398],[173.50322,-39.22287],[173.50925,-39.20532],[173.51845,-39.18633],[173.52391,-39.17126],[173.52897,-39.16047],[173.53845,-39.14171],[173.55628,-39.11074],[173.56307,-39.09989],[173.57716,-39.08155],[173.59672,-39.0615],[173.64722,-39.02177],[173.68027,-39.00029],[173.71144,-38.98256],[173.73404,-38.9687],[173.7724,-38.9487],[173.79089,-38.94025],[173.80809,-38.92356],[173.81809,-38.9152],[173.83573,-38.90103],[173.85654,-38.8869],[173.87379,-38.8773],[173.89285,-38.86841],[173.92334,-38.85757],[173.93921,-38.85332],[173.96264,-38.84863],[173.98215,-38.84606],[174.00029,-38.84487],[174.02179,-38.8353],[174.04014,-38.82521],[174.05958,-38.81634],[174.10384,-38.80036],[174.12392,-38.7948],[174.19388,-38.78169],[174.21199,-38.77992],[174.2479,-38.77907],[174.28302,-38.78222],[174.32212,-38.7493],[174.33277,-38.74168],[174.34891,-38.73196],[174.35124,-38.71702],[174.35141,-38.70175],[174.35297,-38.68636],[174.35592,-38.67174],[174.36323,-38.64946],[174.36358,-38.64197],[174.36626,-38.62515],[174.37052,-38.60882],[174.37318,-38.59088],[174.37523,-38.58235],[174.37515,-38.56433],[174.37684,-38.54849],[174.37709,-38.53632],[174.3743,-38.51879],[174.37359,-38.4979],[174.3757,-38.47794],[174.37992,-38.45976],[174.38208,-38.44633],[174.37921,-38.42469],[174.37721,-38.38608],[174.3784,-38.3707],[174.38126,-38.35315],[174.38412,-38.34247],[174.39008,-38.32584],[174.39796,-38.30958],[174.40618,-38.29591],[174.41514,-38.28341],[174.42469,-38.27219],[174.43966,-38.25725],[174.45145,-38.24724],[174.45038,-38.2307],[174.45172,-38.20962],[174.44133,-38.19068],[174.43509,-38.17556],[174.43025,-38.15907],[174.42662,-38.13845],[174.41551,-38.13229],[174.39811,-38.12109],[174.38232,-38.1089],[174.36881,-38.09647],[174.80912,-38.08481],[174.88875,-38.04753],[174.88989,-38.04639],[174.88945,-38.04575],[174.89074,-38.04593],[174.89131,-38.04526],[174.89126,-38.04377],[174.89317,-38.04377],[174.8931,-38.04308],[174.89485,-38.04271],[174.89494,-38.04159],[174.89695,-38.03961],[174.9066,-38.03592],[174.90717,-38.03378],[174.91024,-38.03271],[174.91319,-38.03302],[174.90972,-38.02331],[174.93099,-38.02133],[174.92782,-38.00076],[174.91846,-38.00292],[174.92528,-37.98989],[174.92904,-37.98965],[174.93155,-37.98825],[174.93516,-37.98769],[174.93738,-37.98394],[174.93747,-37.98098],[174.94142,-37.97853],[174.94179,-37.97692],[174.94099,-37.97507],[174.94752,-37.9717],[174.9514,-37.97193],[174.95392,-37.97053],[174.95309,-37.96701],[174.954,-37.96391],[174.95309,-37.96304],[174.95774,-37.96264],[174.96718,-37.96653],[174.9697,-37.96853],[174.97658,-37.96931],[174.97595,-37.97074],[174.97674,-37.97115],[174.97585,-37.97286],[174.97733,-37.97341],[174.97753,-37.97648],[174.99079,-37.97243],[174.99312,-37.9746],[174.99327,-37.97702],[174.99542,-37.97849],[175.0061,-37.97588],[175.00765,-37.97905],[175.01294,-37.97911],[175.01419,-37.97824],[175.01404,-37.97735],[175.01541,-37.97724],[175.01465,-37.97597],[175.01575,-37.97434],[175.01787,-37.97543],[175.02215,-37.9749],[175.02353,-37.97681],[175.02851,-37.977],[175.03243,-37.97824],[175.04016,-37.97825],[175.04014,-37.98679],[175.099,-37.9838],[175.10101,-37.97861],[175.10175,-37.97831],[175.12022,-37.99437],[175.10434,-38.00398],[175.13121,-38.01362],[175.13122,-38.02724],[175.15129,-38.02717],[175.15458,-38.01115],[175.16292,-38.01195],[175.16289,-38.00162],[175.19673,-38.00745],[175.19682,-38.00578],[175.19552,-38.00474],[175.19586,-38.00309],[175.19706,-38.00188],[175.20121,-38.00175],[175.20082,-38.00399],[175.20234,-38.00533],[175.21384,-38.00598],[175.21394,-38.01057],[175.21472,-38.01166],[175.21761,-38.01281],[175.21901,-38.01424],[175.22046,-38.01414],[175.22334,-38.0156],[175.2266,-38.01801],[175.22746,-38.01702],[175.22649,-38.01629],[175.22727,-38.01519],[175.22664,-38.01464],[175.23186,-38.00579],[175.24104,-38.00919],[175.25362,-38.01013],[175.2598,-38.01175],[175.26221,-38.01339],[175.28431,-38.01372],[175.2872,-38.01565],[175.28552,-38.0164],[175.28693,-38.02543],[175.28782,-38.02535],[175.28637,-38.02671],[175.2877,-38.02663],[175.28778,-38.02818],[175.29009,-38.02751],[175.29074,-38.02979],[175.29201,-38.02925],[175.29355,-38.03041],[175.29593,-38.02981],[175.29756,-38.03125],[175.29676,-38.03287],[175.29804,-38.03553],[175.29891,-38.03532],[175.29872,-38.03336],[175.30335,-38.03472],[175.30391,-38.03652],[175.30494,-38.03718],[175.3074,-38.03614],[175.30616,-38.03838],[175.30706,-38.03936],[175.30977,-38.03824],[175.30986,-38.03713],[175.31114,-38.0361],[175.31267,-38.03801],[175.31876,-38.03875],[175.32113,-38.04016],[175.32124,-38.0408],[175.31868,-38.04189],[175.32062,-38.04245],[175.3211,-38.04408],[175.32243,-38.04458],[175.32055,-38.04654],[175.32331,-38.04895],[175.32226,-38.05131],[175.32354,-38.05049],[175.32528,-38.05135],[175.32762,-38.05104],[175.32764,-38.05258],[175.33012,-38.05396],[175.3296,-38.05627],[175.3348,-38.05946],[175.33812,-38.05873],[175.3409,-38.06173],[175.34166,-38.06006],[175.34308,-38.06017],[175.34366,-38.06099],[175.34303,-38.06333],[175.34414,-38.06574],[175.34889,-38.06351],[175.35215,-38.06715],[175.35441,-38.06495],[175.35537,-38.06737],[175.35309,-38.06732],[175.35281,-38.06791],[175.35518,-38.06942],[175.35743,-38.0692],[175.35876,-38.07056],[175.36024,-38.06881],[175.36163,-38.069],[175.36166,-38.07037],[175.36357,-38.07058],[175.36487,-38.06761],[175.36779,-38.0678],[175.37016,-38.06906],[175.36976,-38.07038],[175.37084,-38.07165],[175.3694,-38.07307],[175.36778,-38.07908],[175.37016,-38.0793],[175.36994,-38.08147],[175.37297,-38.08242],[175.37445,-38.08171],[175.37606,-38.08283],[175.37785,-38.08089],[175.38228,-38.08088],[175.38556,-38.07307],[175.3893,-38.07161],[175.38959,-38.06863],[175.39166,-38.06773],[175.39218,-38.06517],[175.39355,-38.06406],[175.3953,-38.05986],[175.39831,-38.05741],[175.39931,-38.0593],[175.40645,-38.06345],[175.41128,-38.06806],[175.41833,-38.06776],[175.42763,-38.07396],[175.43167,-38.07392],[175.43016,-38.06536],[175.43275,-38.0602],[175.43515,-38.05872],[175.43308,-38.0532],[175.43389,-38.05173],[175.43574,-38.05079],[175.43607,-38.05157],[175.43663,-38.05113],[175.43627,-38.05233],[175.43744,-38.05306],[175.43659,-38.05371],[175.43903,-38.05439],[175.43844,-38.05484],[175.43904,-38.05543],[175.44083,-38.05558],[175.4399,-38.05647],[175.44115,-38.05738],[175.44071,-38.05842],[175.44262,-38.05882],[175.44232,-38.05821],[175.44375,-38.05812],[175.4435,-38.0572],[175.44415,-38.0578],[175.44565,-38.05742],[175.44541,-38.05823],[175.44644,-38.05804],[175.44654,-38.06013],[175.44751,-38.06006],[175.44847,-38.06118],[175.44965,-38.05978],[175.44892,-38.05893],[175.45134,-38.05978],[175.45122,-38.05881],[175.45313,-38.05854],[175.45213,-38.05765],[175.45296,-38.05708],[175.45554,-38.05841],[175.45539,-38.05761],[175.45646,-38.05835],[175.45716,-38.05754],[175.45925,-38.05728],[175.45883,-38.05536],[175.47243,-38.04348],[175.4818,-38.03884],[175.4822,-38.03247],[175.48699,-38.0239],[175.4911,-38.02081],[175.48892,-38.0201],[175.48959,-38.01882],[175.48488,-38.01729],[175.49145,-38.00443],[175.49119,-38.00344],[175.48738,-38.0009],[175.48691,-37.9912],[175.48427,-37.98364],[175.48451,-37.98221],[175.48839,-37.98288],[175.49102,-37.98449],[175.49225,-37.98684],[175.49927,-37.9869],[175.50069,-37.98408],[175.50928,-37.98196],[175.51141,-37.98254],[175.51426,-37.97805],[175.51722,-37.97786],[175.52147,-37.97963],[175.52213,-37.97878],[175.52365,-37.97908],[175.51906,-37.9693],[175.5293,-37.96046],[175.51476,-37.94997],[175.53703,-37.92097],[175.53719,-37.92267],[175.53902,-37.92295],[175.53917,-37.92523],[175.54492,-37.92641],[175.54618,-37.93035],[175.55154,-37.93916],[175.55735,-37.94308],[175.56746,-37.94468],[175.57387,-37.94462],[175.58724,-37.94802],[175.59435,-37.94807],[175.61022,-37.94983],[175.62312,-37.95322],[175.62441,-37.95415],[175.62929,-37.95422],[175.6353,-37.95275],[175.63753,-37.9506],[175.64637,-37.9486],[175.64705,-37.94784],[175.65098,-37.94884],[175.65052,-37.94735],[175.65612,-37.94891],[175.65749,-37.95214],[175.65864,-37.95214],[175.6619,-37.94925],[175.66247,-37.94647],[175.66511,-37.94487],[175.66688,-37.94515],[175.66974,-37.94112],[175.67248,-37.94179],[175.67424,-37.94407],[175.67573,-37.94223],[175.67908,-37.94272],[175.68147,-37.94087],[175.68518,-37.94162],[175.6861,-37.93948],[175.69193,-37.94104],[175.70727,-37.90464],[175.71408,-37.90053],[175.71944,-37.90344],[175.72223,-37.90157],[175.73922,-37.91652],[175.74621,-37.91396],[175.7599,-37.90441],[175.77123,-37.90499],[175.77271,-37.90121],[175.79353,-37.90162],[175.79285,-37.89859],[175.79333,-37.89735],[175.79994,-37.89617]]]},"properties":{"name":"Te Tai Hauāuru"}},{"type":"Feature","id":5,"geometry":{"type":"MultiPolygon","coordinates":[[[[173.12963,-34.21388],[173.14448,-34.22031],[173.15748,-34.22715],[173.17167,-34.23595],[173.18518,-34.24181],[173.197,-34.24865],[173.2112,-34.25787],[173.22422,-34.26765],[173.23843,-34.27995],[173.25029,-34.29211],[173.26164,-34.30539],[173.26843,-34.31574],[173.27795,-34.3314],[173.2851,-34.34693],[173.2904,-34.36219],[173.29469,-34.37787],[173.29712,-34.39356],[173.29786,-34.40925],[173.29791,-34.42102],[173.29645,-34.43531],[173.29363,-34.44961],[173.28645,-34.4736],[173.27957,-34.48833],[173.27117,-34.50405],[173.26005,-34.51977],[173.24956,-34.53234],[173.2464,-34.54832],[173.24208,-34.56256],[173.24255,-34.56452],[173.24587,-34.56669],[173.36075,-34.56776],[173.38923,-34.5706],[173.40466,-34.57335],[173.43365,-34.57533],[173.44908,-34.57765],[173.47556,-34.58398],[173.48982,-34.58826],[173.51124,-34.59657],[173.53149,-34.6067],[173.55943,-34.62478],[173.57086,-34.63397],[173.59052,-34.65306],[173.60269,-34.66813],[173.62079,-34.68107],[173.64114,-34.69861],[173.66273,-34.72048],[173.69504,-34.74243],[173.71101,-34.7433],[173.72598,-34.74516],[173.7527,-34.75044],[173.76612,-34.75035],[173.79876,-34.75263],[173.8386,-34.76003],[173.87562,-34.77206],[173.89291,-34.76897],[173.92991,-34.76585],[173.9537,-34.7662],[173.97991,-34.7689],[173.9995,-34.77264],[174.0169,-34.77724],[174.0336,-34.78058],[174.05921,-34.78818],[174.07237,-34.79296],[174.10268,-34.80765],[174.11709,-34.81577],[174.14531,-34.83664],[174.16901,-34.86092],[174.18552,-34.88177],[174.20024,-34.90713],[174.20519,-34.91787],[174.21146,-34.93646],[174.21331,-34.94485],[174.22604,-34.952],[174.23207,-34.95628],[174.35334,-34.96306],[174.39422,-34.96844],[174.41617,-34.97256],[174.43846,-34.9795],[174.46446,-34.99053],[174.48888,-35.00399],[174.50264,-35.01323],[174.5177,-35.02519],[174.53546,-35.04238],[174.54526,-35.05386],[174.5544,-35.06612],[174.56682,-35.08732],[174.57234,-35.09942],[174.57823,-35.11583],[174.58379,-35.14145],[174.58521,-35.15619],[174.58516,-35.17247],[174.58657,-35.19238],[174.58574,-35.21041],[174.59503,-35.22341],[174.60288,-35.2371],[174.61459,-35.25441],[174.6217,-35.26729],[174.64707,-35.25769],[174.66421,-35.25271],[174.69206,-35.2471],[174.71827,-35.24415],[174.74427,-35.24373],[174.76249,-35.24466],[174.7903,-35.24835],[174.81963,-35.25531],[174.84553,-35.2643],[174.86243,-35.27186],[174.88599,-35.28497],[174.90455,-35.29783],[174.91891,-35.30976],[174.94159,-35.33253],[174.95692,-35.3519],[174.96819,-35.37017],[174.97658,-35.38826],[174.98104,-35.40082],[174.98679,-35.42502],[174.98873,-35.44521],[174.99231,-35.46513],[174.99354,-35.48437],[174.99222,-35.50558],[174.98929,-35.52247],[174.98336,-35.54221],[174.97257,-35.56639],[174.96997,-35.58223],[174.96548,-35.59954],[174.9595,-35.61531],[174.95179,-35.63113],[174.9421,-35.64678],[174.92457,-35.66861],[174.90455,-35.68785],[174.88573,-35.70217],[174.90952,-35.71235],[174.93202,-35.72472],[174.95293,-35.71608],[174.981,-35.70747],[175.00737,-35.70203],[175.0391,-35.69873],[175.06692,-35.69859],[175.09081,-35.70065],[175.11612,-35.69936],[175.1435,-35.70044],[175.16424,-35.703],[175.18683,-35.70742],[175.20907,-35.71365],[175.23299,-35.72265],[175.25346,-35.73269],[175.2724,-35.74398],[175.29766,-35.75555],[175.31338,-35.76437],[175.33274,-35.77774],[175.3467,-35.78926],[175.35618,-35.79821],[175.366,-35.80895],[175.37886,-35.82524],[175.39605,-35.82404],[175.42296,-35.82424],[175.43816,-35.82529],[175.46176,-35.82863],[175.48487,-35.83377],[175.50264,-35.8391],[175.52458,-35.84751],[175.54233,-35.85601],[175.55585,-35.86357],[175.57081,-35.87347],[175.59439,-35.89273],[175.60593,-35.90428],[175.62606,-35.92819],[175.63884,-35.94759],[175.65562,-35.95587],[175.67351,-35.96679],[175.6965,-35.9843],[175.71726,-36.00465],[175.73364,-36.02574],[175.74218,-36.03979],[175.75239,-36.06145],[175.75923,-36.08296],[175.76258,-36.10097],[175.76424,-36.12494],[175.76382,-36.14357],[175.76128,-36.16254],[175.75897,-36.17299],[175.75496,-36.18568],[175.76744,-36.20461],[175.77896,-36.22798],[175.79834,-36.2291],[175.81467,-36.23105],[175.84303,-36.23662],[175.87704,-36.24685],[175.9033,-36.25828],[175.62812,-36.38503],[175.41692,-36.37989],[175.25102,-36.39972],[175.18066,-36.49998],[175.16308,-36.52393],[175.20389,-36.59493],[175.01055,-36.73243],[174.95531,-36.77511],[174.92343,-36.79682],[174.91859,-36.80198],[174.91549,-36.8092],[174.91599,-36.81417],[174.91928,-36.82397],[174.91908,-36.82802],[174.91748,-36.83231],[174.91237,-36.83651],[174.90181,-36.8389],[174.8957,-36.84126],[174.89168,-36.84373],[174.89003,-36.84611],[174.88189,-36.83348],[174.82038,-36.83454],[174.80463,-36.83898],[174.77076,-36.83366],[174.75284,-36.83227],[174.73558,-36.83248],[174.7086,-36.83413],[174.68354,-36.83716],[174.67259,-36.84224],[174.66864,-36.84577],[174.66127,-36.85422],[174.65943,-36.86025],[174.64101,-36.85285],[174.64044,-36.85591],[174.63848,-36.85852],[174.63881,-36.86218],[174.63638,-36.8641],[174.63671,-36.8694],[174.63473,-36.87116],[174.6348,-36.87421],[174.63576,-36.87582],[174.634,-36.87722],[174.63484,-36.87991],[174.6334,-36.88407],[174.63381,-36.88619],[174.63292,-36.88958],[174.63371,-36.89333],[174.63262,-36.89357],[174.63109,-36.89701],[174.62879,-36.89823],[174.62862,-36.89933],[174.62556,-36.90178],[174.62504,-36.90476],[174.61587,-36.90093],[174.61288,-36.89799],[174.60892,-36.89597],[174.60139,-36.89573],[174.59604,-36.89705],[174.59527,-36.89404],[174.59367,-36.89357],[174.59241,-36.89198],[174.59574,-36.88907],[174.59473,-36.88585],[174.59334,-36.88477],[174.58428,-36.88782],[174.5825,-36.8903],[174.57749,-36.89158],[174.57209,-36.89076],[174.56953,-36.88886],[174.56949,-36.88784],[174.566,-36.88756],[174.56506,-36.8864],[174.56171,-36.88824],[174.55874,-36.89177],[174.55561,-36.88842],[174.55903,-36.88578],[174.55101,-36.88298],[174.54325,-36.88719],[174.53837,-36.8822],[174.53865,-36.88039],[174.53557,-36.87805],[174.53642,-36.87738],[174.53949,-36.87869],[174.54149,-36.8783],[174.53775,-36.87704],[174.53703,-36.87607],[174.52675,-36.87637],[174.52368,-36.87485],[174.52019,-36.87511],[174.51865,-36.87409],[174.51798,-36.87225],[174.5158,-36.87193],[174.51336,-36.86979],[174.50874,-36.86925],[174.50339,-36.86578],[174.50178,-36.86658],[174.50273,-36.86701],[174.5025,-36.86774],[174.50057,-36.86639],[174.49937,-36.86724],[174.49913,-36.86619],[174.49774,-36.86752],[174.49859,-36.86819],[174.49105,-36.86862],[174.48866,-36.86782],[174.48195,-36.86948],[174.48015,-36.86865],[174.47726,-36.86949],[174.47313,-36.86943],[174.46994,-36.87117],[174.46442,-36.87067],[174.46275,-36.86785],[174.46107,-36.86801],[174.45661,-36.87389],[174.45024,-36.87527],[174.44702,-36.87844],[174.4482,-36.88142],[174.44786,-36.88268],[174.44985,-36.88468],[174.44995,-36.88789],[174.44814,-36.89021],[174.44212,-36.89122],[174.44126,-36.8903],[174.44019,-36.89301],[174.43811,-36.89375],[174.17858,-36.89699],[174.17446,-36.8852],[174.17024,-36.86718],[174.15542,-36.84765],[174.14074,-36.82215],[174.12778,-36.80805],[174.11555,-36.79186],[174.10333,-36.77073],[174.09532,-36.75961],[174.08779,-36.74709],[174.07377,-36.73131],[174.05934,-36.71019],[174.04156,-36.694],[174.02586,-36.67587],[174.00984,-36.65971],[173.9994,-36.64698],[173.99391,-36.63899],[173.98132,-36.6269],[173.96756,-36.61055],[173.86555,-36.53536],[173.85272,-36.52388],[173.84052,-36.51155],[173.82469,-36.49261],[173.81185,-36.47207],[173.79841,-36.44732],[173.78867,-36.42321],[173.78563,-36.41266],[173.78276,-36.39846],[173.78098,-36.38245],[173.78065,-36.37121],[173.7748,-36.35118],[173.76251,-36.33322],[173.75407,-36.3172],[173.72556,-36.28119],[173.71935,-36.27162],[173.70568,-36.25817],[173.6924,-36.24178],[173.67993,-36.22904],[173.67108,-36.21848],[173.66222,-36.206],[173.6466,-36.18861],[173.63895,-36.17826],[173.62335,-36.16284],[173.61011,-36.14639],[173.59019,-36.12638],[173.57443,-36.10556],[173.55842,-36.08626],[173.54502,-36.07334],[173.52283,-36.04873],[173.50479,-36.03268],[173.49845,-36.02603],[173.47041,-35.99227],[173.46141,-35.98034],[173.4434,-35.96345],[173.42836,-35.94547],[173.42009,-35.93741],[173.40889,-35.92431],[173.39336,-35.91335],[173.37032,-35.89417],[173.34681,-35.87183],[173.33952,-35.86359],[173.32771,-35.8479],[173.31582,-35.82692],[173.30136,-35.81275],[173.28951,-35.79863],[173.26724,-35.78335],[173.24767,-35.76632],[173.23944,-35.75769],[173.22568,-35.74104],[173.21799,-35.72954],[173.20809,-35.7117],[173.18448,-35.69101],[173.16688,-35.67139],[173.15486,-35.6545],[173.14906,-35.64468],[173.1394,-35.62717],[173.13311,-35.61347],[173.11796,-35.59715],[173.10734,-35.58318],[173.08346,-35.5604],[173.06977,-35.54626],[173.06427,-35.53941],[173.04935,-35.52824],[173.03224,-35.51269],[173.0183,-35.49698],[173.0025,-35.47721],[172.99145,-35.46525],[172.97629,-35.44498],[172.96484,-35.43285],[172.95278,-35.41786],[172.93894,-35.39567],[172.93408,-35.38528],[172.91778,-35.36995],[172.90246,-35.35146],[172.88158,-35.33612],[172.86914,-35.32493],[172.85697,-35.31217],[172.84611,-35.29863],[172.83683,-35.28503],[172.82797,-35.26874],[172.81981,-35.24874],[172.81723,-35.24032],[172.81486,-35.23105],[172.81023,-35.20368],[172.80974,-35.19442],[172.81033,-35.16692],[172.8138,-35.14631],[172.82224,-35.1184],[172.82825,-35.10466],[172.84265,-35.07719],[172.85052,-35.06542],[172.86642,-35.04594],[172.87531,-35.03669],[172.89102,-35.0224],[172.88439,-35.01258],[172.87724,-35.00527],[172.83372,-34.95304],[172.78041,-34.89474],[172.7738,-34.88645],[172.77024,-34.88055],[172.74076,-34.84571],[172.72074,-34.83205],[172.70414,-34.81715],[172.68688,-34.79901],[172.67859,-34.78819],[172.67286,-34.77891],[172.65557,-34.76947],[172.64659,-34.76355],[172.63711,-34.75706],[172.61935,-34.74284],[172.60752,-34.73158],[172.59774,-34.72033],[172.58526,-34.70458],[172.58123,-34.69727],[172.56398,-34.68781],[172.54268,-34.67342],[172.5226,-34.65665],[172.51317,-34.64679],[172.49137,-34.63491],[172.47483,-34.62418],[172.44838,-34.6019],[172.43947,-34.59204],[172.42136,-34.56839],[172.41434,-34.55658],[172.40386,-34.53297],[172.39614,-34.5042],[172.39344,-34.48358],[172.39239,-34.46788],[172.39355,-34.45121],[172.39502,-34.43693],[172.39801,-34.42321],[172.40166,-34.41146],[172.40839,-34.39413],[172.4168,-34.37848],[172.42468,-34.36577],[172.44259,-34.34331],[172.45978,-34.32673],[172.47235,-34.31699],[172.48002,-34.30624],[172.50365,-34.28282],[172.51672,-34.2721],[172.53858,-34.25707],[172.56413,-34.24387],[172.59017,-34.23375],[172.61381,-34.22739],[172.64639,-34.22177],[172.6641,-34.22029],[172.69664,-34.22038],[172.73321,-34.22497],[172.75849,-34.23091],[172.78448,-34.22312],[172.82024,-34.21675],[172.83846,-34.21524],[172.8597,-34.21485],[172.88398,-34.21628],[172.89629,-34.21587],[172.90995,-34.21042],[172.92412,-34.20609],[172.95244,-34.19924],[172.98447,-34.19533],[173.01751,-34.19351],[173.05409,-34.1949],[173.06993,-34.19727],[173.10366,-34.20467],[173.12963,-34.21388]]],[[[172.06438,-34.39034],[172.02124,-34.38964],[171.98916,-34.38605],[171.95687,-34.37888],[171.92745,-34.36859],[171.91232,-34.36149],[171.89267,-34.35064],[171.88117,-34.34361],[171.86774,-34.334],[171.84642,-34.31501],[171.83566,-34.30309],[171.82663,-34.29133],[171.81586,-34.27411],[171.80664,-34.25405],[171.7895,-34.19276],[171.80164,-34.12379],[171.83025,-34.06268],[171.87693,-34.02324],[171.91961,-34.00369],[171.97621,-33.9845],[172.0373,-33.97059],[172.11425,-33.96161],[172.17661,-33.9585],[172.21717,-33.96123],[172.27361,-33.97009],[172.31842,-33.98489],[172.35461,-34.00548],[172.37654,-34.02863],[172.39286,-34.06403],[172.40189,-34.09018],[172.4081,-34.11467],[172.40715,-34.1632],[172.39799,-34.20175],[172.39133,-34.22259],[172.38499,-34.23684],[172.37679,-34.25171],[172.36587,-34.2676],[172.35655,-34.27898],[172.34488,-34.29121],[172.33293,-34.302],[172.32094,-34.31139],[172.28859,-34.33208],[172.25946,-34.34579],[172.23734,-34.35381],[172.2186,-34.35947],[172.17263,-34.37037],[172.13223,-34.38095],[172.09458,-34.38773],[172.06438,-34.39034]]]]},"properties":{"name":"Te Tai Tokerau"}},{"type":"Feature","id":6,"geometry":{"type":"MultiPolygon","coordinates":[[[[-176.37463,-43.55501],[-176.361,-43.55759],[-176.3424,-43.55297],[-176.3234,-43.54929],[-176.3041,-43.54658],[-176.28459,-43.54486],[-176.24531,-43.54439],[-176.20632,-43.54788],[-176.18717,-43.5511],[-176.16837,-43.55528],[-176.15001,-43.5604],[-176.13219,-43.56643],[-176.11499,-43.57335],[-176.09848,-43.58113],[-176.08276,-43.58972],[-176.0679,-43.59908],[-176.05397,-43.60918],[-176.04103,-43.61995],[-176.02916,-43.63135],[-176.01841,-43.64333],[-176.00882,-43.65582],[-176.00046,-43.66876],[-175.99336,-43.6821],[-175.98756,-43.69576],[-175.98308,-43.70968],[-175.97994,-43.72379],[-175.97818,-43.73803],[-175.97778,-43.75232],[-175.97959,-43.77263],[-175.96276,-43.76388],[-175.94513,-43.756],[-175.92679,-43.74902],[-175.90783,-43.74298],[-175.88833,-43.73792],[-175.8684,-43.73385],[-175.84813,-43.73079],[-175.82761,-43.72877],[-175.80695,-43.72778],[-175.78625,-43.72783],[-175.7656,-43.72893],[-175.74511,-43.73107],[-175.72487,-43.73424],[-175.70498,-43.73842],[-175.68554,-43.74359],[-175.66664,-43.74972],[-175.64837,-43.7568],[-175.63082,-43.76478],[-175.61408,-43.77362],[-175.59823,-43.78329],[-175.58334,-43.79373],[-175.56948,-43.8049],[-175.55673,-43.81674],[-175.54515,-43.82919],[-175.53479,-43.8422],[-175.52571,-43.8557],[-175.51794,-43.86962],[-175.51153,-43.8839],[-175.50652,-43.89847],[-175.50291,-43.91325],[-175.50075,-43.92818],[-175.50002,-43.94319],[-175.50075,-43.95819],[-175.50293,-43.97312],[-175.50654,-43.98791],[-175.51158,-44.00247],[-175.51801,-44.01675],[-175.52581,-44.03067],[-175.53494,-44.04416],[-175.54536,-44.05715],[-175.55702,-44.06959],[-175.56985,-44.08142],[-175.5838,-44.09256],[-175.59881,-44.10298],[-175.61479,-44.11261],[-175.63166,-44.12142],[-175.64936,-44.12935],[-175.66778,-44.13637],[-175.68685,-44.14245],[-175.71025,-44.14841],[-175.69345,-44.15635],[-175.67746,-44.16511],[-175.66235,-44.17465],[-175.64819,-44.18492],[-175.63506,-44.19588],[-175.62302,-44.20747],[-175.61213,-44.21964],[-175.60244,-44.23232],[-175.594,-44.24545],[-175.58686,-44.25898],[-175.58104,-44.27283],[-175.57657,-44.28693],[-175.57349,-44.30123],[-175.5718,-44.31565],[-175.57151,-44.33011],[-175.57263,-44.34456],[-175.57515,-44.35891],[-175.57907,-44.37311],[-175.58435,-44.38707],[-175.59099,-44.40073],[-175.59894,-44.41403],[-175.60817,-44.4269],[-175.61863,-44.43927],[-175.63028,-44.45109],[-175.64306,-44.46229],[-175.6569,-44.47283],[-175.67174,-44.48265],[-175.6875,-44.49171],[-175.70411,-44.49995],[-175.72149,-44.50734],[-175.73955,-44.51384],[-175.75821,-44.51942],[-175.77737,-44.52405],[-175.79693,-44.52772],[-175.81681,-44.53039],[-175.8369,-44.53206],[-175.8571,-44.53273],[-175.87732,-44.53237],[-175.89746,-44.53101],[-175.91741,-44.52864],[-175.93708,-44.52528],[-175.95638,-44.52094],[-175.9752,-44.51565],[-176.00258,-44.50588],[-176.0189,-44.52005],[-176.03657,-44.53337],[-176.0555,-44.54577],[-176.07561,-44.55719],[-176.09678,-44.56758],[-176.11893,-44.57688],[-176.14193,-44.58506],[-176.16569,-44.59206],[-176.19007,-44.59785],[-176.21496,-44.60241],[-176.24025,-44.60571],[-176.26579,-44.60774],[-176.29147,-44.60849],[-176.31717,-44.60795],[-176.34274,-44.60612],[-176.36807,-44.60302],[-176.39304,-44.59865],[-176.41751,-44.59305],[-176.44137,-44.58624],[-176.4645,-44.57825],[-176.48679,-44.56912],[-176.50813,-44.5589],[-176.5284,-44.54763],[-176.54753,-44.53538],[-176.5654,-44.5222],[-176.58194,-44.50816],[-176.59716,-44.49321],[-176.62036,-44.47412],[-176.64162,-44.45391],[-176.66085,-44.43268],[-176.67796,-44.41055],[-176.69285,-44.38761],[-176.70547,-44.36398],[-176.71735,-44.33534],[-176.75081,-44.32417],[-176.78309,-44.31135],[-176.81403,-44.29693],[-176.84348,-44.28099],[-176.87129,-44.2636],[-176.89733,-44.24486],[-176.92147,-44.22485],[-176.9436,-44.20367],[-176.9636,-44.18144],[-176.98138,-44.15825],[-176.99686,-44.13422],[-177.00996,-44.10947],[-177.01699,-44.09351],[-177.03771,-44.09518],[-177.05854,-44.0958],[-177.07938,-44.09537],[-177.10013,-44.09389],[-177.12068,-44.09137],[-177.14094,-44.08781],[-177.1608,-44.08324],[-177.18016,-44.07768],[-177.19894,-44.07116],[-177.21703,-44.0637],[-177.23436,-44.05535],[-177.25083,-44.04615],[-177.26636,-44.03614],[-177.28088,-44.02537],[-177.29432,-44.01389],[-177.30662,-44.00177],[-177.31771,-43.98905],[-177.32753,-43.97581],[-177.33605,-43.9621],[-177.34322,-43.94799],[-177.34901,-43.93356],[-177.35339,-43.91887],[-177.35634,-43.904],[-177.35785,-43.88901],[-177.3579,-43.87398],[-177.35651,-43.85899],[-177.35368,-43.84411],[-177.34942,-43.8294],[-177.34375,-43.81494],[-177.33671,-43.80081],[-177.32833,-43.78706],[-177.31866,-43.77377],[-177.30773,-43.761],[-177.2956,-43.74882],[-177.28233,-43.73727],[-177.26799,-43.72642],[-177.25265,-43.71632],[-177.23638,-43.70702],[-177.21925,-43.69857],[-177.20137,-43.69099],[-177.1828,-43.68434],[-177.15338,-43.67605],[-177.16559,-43.66552],[-177.17676,-43.6544],[-177.18682,-43.64274],[-177.19574,-43.6306],[-177.20346,-43.61804],[-177.20996,-43.60511],[-177.2152,-43.59189],[-177.21916,-43.57843],[-177.22181,-43.5648],[-177.22315,-43.55108],[-177.22317,-43.53732],[-177.22186,-43.52359],[-177.21925,-43.50996],[-177.21534,-43.4965],[-177.21015,-43.48327],[-177.20371,-43.47033],[-177.19605,-43.45775],[-177.1872,-43.44559],[-177.17722,-43.43391],[-177.16614,-43.42277],[-177.15403,-43.41221],[-177.14095,-43.40229],[-177.12695,-43.39306],[-177.11211,-43.38457],[-177.09649,-43.37684],[-177.08018,-43.36993],[-177.06325,-43.36386],[-177.02786,-43.35438],[-176.99102,-43.34856],[-176.95344,-43.34653],[-176.91583,-43.34833],[-176.89724,-43.35065],[-176.86095,-43.3581],[-176.84343,-43.36319],[-176.82417,-43.37002],[-176.7888,-43.37133],[-176.77129,-43.37333],[-176.73706,-43.37995],[-176.70441,-43.38998],[-176.67398,-43.40322],[-176.64636,-43.41941],[-176.61412,-43.44149],[-176.59431,-43.4567],[-176.576,-43.47287],[-176.55927,-43.48993],[-176.5442,-43.5078],[-176.5334,-43.52262],[-176.50695,-43.52665],[-176.48152,-43.53332],[-176.45761,-43.54249],[-176.44117,-43.55078],[-176.40769,-43.55121],[-176.37463,-43.55501]]],[[[172.73937,-40.30129],[172.74776,-40.30249],[172.77679,-40.30007],[172.79247,-40.29993],[172.83348,-40.30141],[172.85682,-40.30336],[172.88914,-40.3088],[172.91801,-40.31035],[172.99556,-40.32025],[173.02053,-40.32532],[173.0464,-40.33287],[173.07315,-40.339],[173.08899,-40.34378],[173.10956,-40.35143],[173.13516,-40.36195],[173.16224,-40.37476],[173.21054,-40.40361],[173.24093,-40.42475],[173.25943,-40.43909],[173.27758,-40.45477],[173.2936,-40.47187],[173.30377,-40.48515],[173.31977,-40.50969],[173.32797,-40.52517],[173.33501,-40.5432],[173.33968,-40.56077],[173.34229,-40.57864],[173.34282,-40.59595],[173.34185,-40.60931],[173.34023,-40.62047],[173.33595,-40.63723],[173.33186,-40.64912],[173.289,-40.74924],[173.45623,-40.87932],[173.47777,-40.87038],[173.50067,-40.86287],[173.50305,-40.85845],[173.50507,-40.84751],[173.50919,-40.83278],[173.51864,-40.80652],[173.52156,-40.79106],[173.52546,-40.77762],[173.53579,-40.7533],[173.54713,-40.73464],[173.56515,-40.70963],[173.57277,-40.70045],[173.57727,-40.68938],[173.58448,-40.67542],[173.59171,-40.66376],[173.60268,-40.6491],[173.61858,-40.63171],[173.6395,-40.61378],[173.6603,-40.5995],[173.6803,-40.58833],[173.69491,-40.57753],[173.70886,-40.56876],[173.73342,-40.55575],[173.7535,-40.54739],[173.77139,-40.54124],[173.79259,-40.5279],[173.82241,-40.51331],[173.8433,-40.50007],[173.8659,-40.48874],[173.88455,-40.48098],[173.90242,-40.47503],[173.93324,-40.46734],[173.95762,-40.4633],[173.98195,-40.46124],[174.00483,-40.46081],[174.03205,-40.46231],[174.05661,-40.46558],[174.08099,-40.47065],[174.10413,-40.47737],[174.12695,-40.48594],[174.14433,-40.49397],[174.16313,-40.50432],[174.18897,-40.52207],[174.21089,-40.54096],[174.22664,-40.55725],[174.23534,-40.5677],[174.25025,-40.58998],[174.26096,-40.61231],[174.26685,-40.63012],[174.26969,-40.64339],[174.27151,-40.65674],[174.28584,-40.67375],[174.2979,-40.692],[174.30746,-40.71078],[174.31459,-40.73049],[174.3328,-40.7437],[174.34684,-40.75594],[174.36139,-40.77093],[174.37297,-40.78551],[174.39232,-40.78844],[174.42028,-40.79486],[174.44486,-40.80284],[174.46951,-40.81301],[174.49069,-40.82418],[174.51203,-40.83807],[174.53099,-40.8532],[174.54255,-40.86426],[174.55769,-40.87031],[174.57334,-40.87782],[174.59112,-40.88778],[174.60348,-40.89586],[174.55916,-41.02419],[174.77809,-41.14395],[174.7873,-41.14777],[174.79022,-41.14354],[174.80444,-41.14914],[174.79445,-41.16362],[174.79605,-41.17058],[174.80939,-41.17792],[174.80878,-41.17859],[174.81173,-41.17894],[174.81082,-41.18316],[174.81348,-41.18338],[174.81284,-41.18819],[174.85314,-41.19178],[174.85449,-41.18466],[174.86806,-41.18633],[174.8655,-41.18914],[174.86733,-41.18945],[174.8664,-41.19606],[174.86452,-41.19585],[174.86083,-41.20256],[174.86303,-41.20283],[174.86232,-41.20608],[174.86009,-41.2058],[174.85903,-41.20991],[174.85974,-41.21003],[174.85933,-41.21075],[174.86185,-41.21428],[174.8568,-41.22308],[174.85753,-41.22403],[174.85526,-41.22374],[174.85578,-41.22474],[174.85265,-41.22516],[174.84981,-41.22662],[174.85774,-41.23819],[174.82719,-41.25626],[174.82738,-41.26209],[174.84973,-41.27165],[174.85273,-41.29366],[174.85081,-41.33152],[174.83525,-41.35203],[174.63716,-41.55839],[174.60163,-41.54753],[174.57761,-41.5381],[174.56139,-41.53426],[174.54317,-41.52881],[174.52402,-41.52185],[174.50868,-41.51513],[174.48567,-41.50308],[174.46298,-41.48787],[174.44457,-41.47276],[174.42942,-41.45735],[174.41121,-41.47057],[174.395,-41.48039],[174.40067,-41.49163],[174.40628,-41.50521],[174.41263,-41.52825],[174.42017,-41.54343],[174.44004,-41.55283],[174.46446,-41.56741],[174.47797,-41.57716],[174.49544,-41.59216],[174.50755,-41.60438],[174.53076,-41.63283],[174.54322,-41.65105],[174.55168,-41.66698],[174.5592,-41.68576],[174.56393,-41.70419],[174.56743,-41.73153],[174.56772,-41.74658],[174.56586,-41.76651],[174.56192,-41.7841],[174.55614,-41.80086],[174.54818,-41.81777],[174.54137,-41.82914],[174.52889,-41.84667],[174.51819,-41.85989],[174.50471,-41.87394],[174.48117,-41.89352],[174.464,-41.9049],[174.44768,-41.91419],[174.43762,-41.93049],[174.42716,-41.94426],[174.4134,-41.95933],[174.40273,-41.96904],[174.38502,-41.98865],[174.36752,-42.00453],[174.34025,-42.02367],[174.32876,-42.03846],[174.30955,-42.06067],[174.29739,-42.07321],[174.27379,-42.09255],[174.25885,-42.10264],[174.24582,-42.11022],[174.2301,-42.12758],[174.20789,-42.1467],[174.20874,-42.16994],[174.20809,-42.1797],[174.20496,-42.19834],[174.20089,-42.21213],[174.19575,-42.22543],[174.19108,-42.23529],[174.18152,-42.25156],[174.16425,-42.274],[174.13746,-42.30045],[174.1165,-42.31666],[174.09598,-42.32943],[174.08672,-42.33876],[174.07076,-42.35243],[174.05033,-42.37167],[174.03238,-42.38508],[174.01167,-42.39783],[173.99493,-42.41167],[173.99507,-42.43038],[173.99246,-42.4514],[173.98837,-42.46727],[173.98379,-42.48009],[173.97996,-42.4888],[173.97126,-42.50485],[173.95634,-42.52588],[173.94712,-42.53622],[173.9284,-42.55395],[173.90178,-42.5745],[173.88311,-42.58693],[173.86146,-42.5991],[173.83712,-42.61037],[173.81822,-42.6175],[173.79016,-42.62558],[173.77036,-42.62979],[173.76081,-42.64514],[173.74668,-42.66485],[173.72987,-42.68383],[173.71596,-42.69654],[173.70021,-42.72306],[173.67608,-42.76857],[173.65772,-42.79781],[173.65113,-42.81238],[173.63926,-42.83431],[173.63123,-42.85875],[173.62229,-42.87694],[173.61362,-42.89074],[173.60673,-42.90001],[173.59339,-42.91529],[173.58298,-42.92543],[173.5767,-42.94349],[173.56796,-42.96151],[173.55615,-42.97971],[173.54515,-42.99356],[173.52848,-43.01054],[173.49095,-43.04248],[173.48282,-43.05356],[173.47139,-43.0669],[173.45437,-43.08325],[173.44344,-43.09202],[173.43174,-43.10046],[173.41635,-43.11009],[173.37545,-43.13172],[173.3509,-43.14318],[173.32334,-43.15362],[173.30988,-43.17095],[173.28981,-43.19117],[173.26924,-43.20739],[173.24642,-43.22186],[173.2269,-43.23187],[173.21043,-43.23899],[173.1925,-43.24556],[173.17364,-43.25122],[173.14622,-43.2574],[173.12395,-43.2608],[173.10484,-43.26257],[173.08368,-43.2634],[173.04469,-43.27452],[173.03505,-43.27818],[173.00635,-43.29584],[172.99957,-43.30899],[172.98823,-43.33693],[172.98436,-43.354],[172.98421,-43.36216],[172.98552,-43.3718],[172.98889,-43.42473],[173.00473,-43.43002],[173.03743,-43.4381],[173.06913,-43.44417],[173.10462,-43.45479],[173.12767,-43.45905],[173.15274,-43.46547],[173.17155,-43.4717],[173.19044,-43.47927],[173.21546,-43.49167],[173.23159,-43.50144],[173.24602,-43.51138],[173.26551,-43.52782],[173.27847,-43.5359],[173.29269,-43.54622],[173.32083,-43.56989],[173.33726,-43.58629],[173.35209,-43.60432],[173.36013,-43.61584],[173.37188,-43.63569],[173.39255,-43.68056],[173.39855,-43.69664],[173.40267,-43.71042],[173.40508,-43.72244],[173.40681,-43.73814],[173.40732,-43.76829],[173.40675,-43.78834],[173.40542,-43.79964],[173.40149,-43.81778],[173.392,-43.84233],[173.38485,-43.85575],[173.37491,-43.87079],[173.36948,-43.88781],[173.35963,-43.90853],[173.34821,-43.92652],[173.33962,-43.93758],[173.33033,-43.94791],[173.31877,-43.95903],[173.28601,-43.98678],[173.26798,-44.00005],[173.24028,-44.01641],[173.21022,-44.02998],[173.17235,-44.05019],[173.14303,-44.06284],[173.1112,-44.07314],[173.06718,-44.08263],[173.04633,-44.08898],[173.02767,-44.09343],[172.99869,-44.09833],[172.95464,-44.10234],[172.91902,-44.10289],[172.88699,-44.10056],[172.85114,-44.09928],[172.83217,-44.09717],[172.80898,-44.09336],[172.78518,-44.08775],[172.76691,-44.08535],[172.74397,-44.081],[172.71332,-44.07277],[172.68152,-44.06166],[172.66376,-44.05446],[172.64065,-44.04291],[172.62284,-44.0321],[172.58411,-44.03704],[172.55483,-44.03902],[172.52507,-44.04335],[172.5082,-44.0448],[172.48478,-44.04555],[172.45697,-44.04858],[172.4321,-44.05359],[172.40124,-44.05732],[172.38425,-44.0618],[172.36223,-44.07077],[172.33833,-44.07847],[172.30604,-44.08588],[172.28524,-44.09253],[172.25669,-44.09942],[172.23205,-44.10901],[172.1977,-44.11874],[172.17153,-44.13011],[172.13832,-44.14085],[172.12108,-44.15013],[172.10172,-44.15882],[172.07688,-44.16792],[172.05858,-44.17324],[172.04161,-44.18324],[172.02655,-44.19077],[172.01119,-44.19746],[171.98679,-44.20615],[171.97495,-44.21286],[171.95238,-44.22364],[171.92993,-44.23239],[171.9097,-44.23868],[171.89121,-44.24791],[171.85904,-44.26045],[171.83558,-44.27097],[171.79939,-44.283],[171.78079,-44.29277],[171.763,-44.30064],[171.73458,-44.31492],[171.71362,-44.32759],[171.68653,-44.34058],[171.67039,-44.35087],[171.6561,-44.35876],[171.63415,-44.36887],[171.61611,-44.37579],[171.59612,-44.39035],[171.57144,-44.40489],[171.55624,-44.41757],[171.54448,-44.42605],[171.54247,-44.44117],[171.54017,-44.45073],[171.53865,-44.46529],[171.53511,-44.48213],[171.52911,-44.4995],[171.52356,-44.51153],[171.51711,-44.52302],[171.50519,-44.54133],[171.49519,-44.55448],[171.48031,-44.5709],[171.46381,-44.58538],[171.45519,-44.60282],[171.44567,-44.61752],[171.44145,-44.62689],[171.44049,-44.6347],[171.44459,-44.6515],[171.44682,-44.66932],[171.44631,-44.69296],[171.45034,-44.71583],[171.45144,-44.7483],[171.45106,-44.76735],[171.45291,-44.77623],[171.4549,-44.79316],[171.45604,-44.82523],[171.45436,-44.84176],[171.4545,-44.85113],[171.45341,-44.866],[171.44947,-44.8858],[171.44726,-44.90531],[171.44424,-44.91815],[171.43873,-44.93447],[171.43452,-44.95262],[171.42696,-44.97291],[171.41609,-44.99289],[171.40945,-45.00974],[171.40117,-45.02574],[171.39242,-45.03895],[171.38233,-45.05169],[171.37658,-45.06213],[171.36799,-45.07501],[171.35755,-45.08825],[171.34498,-45.1013],[171.33538,-45.11402],[171.32727,-45.12318],[171.31413,-45.13599],[171.29803,-45.14927],[171.27568,-45.16436],[171.26515,-45.17422],[171.25155,-45.18533],[171.24567,-45.19649],[171.23767,-45.20925],[171.22462,-45.22598],[171.21447,-45.23683],[171.19951,-45.2505],[171.17385,-45.26926],[171.15952,-45.28898],[171.13977,-45.30993],[171.14573,-45.32616],[171.14999,-45.34348],[171.15184,-45.35863],[171.15227,-45.37095],[171.15076,-45.38931],[171.15106,-45.40573],[171.14891,-45.42385],[171.14375,-45.44389],[171.13933,-45.45541],[171.12844,-45.47716],[171.11246,-45.49931],[171.10814,-45.51999],[171.10287,-45.53502],[171.09203,-45.557],[171.08472,-45.56818],[171.06847,-45.5885],[171.04849,-45.60768],[171.02557,-45.6249],[171.00757,-45.63597],[170.99859,-45.65767],[170.98785,-45.67604],[170.99957,-45.6906],[171.00847,-45.70398],[171.02232,-45.73156],[171.02726,-45.74507],[171.03427,-45.77142],[171.03623,-45.78044],[171.03793,-45.79474],[171.03841,-45.8048],[171.03766,-45.82046],[171.03404,-45.84051],[171.03605,-45.87273],[171.03526,-45.8871],[171.03339,-45.90027],[171.02836,-45.91884],[171.02283,-45.93285],[171.01586,-45.9465],[171.0077,-45.95946],[171.00146,-45.96806],[170.99073,-45.98064],[170.97366,-45.99726],[170.95247,-46.01388],[170.92535,-46.03146],[170.90505,-46.0424],[170.89087,-46.04896],[170.85859,-46.06099],[170.8295,-46.06885],[170.80263,-46.08231],[170.77561,-46.09284],[170.74843,-46.10099],[170.70833,-46.10902],[170.69161,-46.11119],[170.66522,-46.113],[170.626,-46.11262],[170.60022,-46.12079],[170.57646,-46.12644],[170.55741,-46.1299],[170.53745,-46.13248],[170.50598,-46.13451],[170.48212,-46.1411],[170.47752,-46.15634],[170.4716,-46.17222],[170.44962,-46.21984],[170.44302,-46.23043],[170.43219,-46.24526],[170.4087,-46.27021],[170.3952,-46.28284],[170.37509,-46.29825],[170.34724,-46.31521],[170.31815,-46.33564],[170.28896,-46.35226],[170.27053,-46.36054],[170.25268,-46.36746],[170.22863,-46.38074],[170.20695,-46.39746],[170.17014,-46.42181],[170.15253,-46.43191],[170.13724,-46.43942],[170.11585,-46.45364],[170.11342,-46.47862],[170.10796,-46.49926],[170.09906,-46.52022],[170.08556,-46.54196],[170.0776,-46.55247],[170.06737,-46.56374],[170.05177,-46.57833],[170.03574,-46.59095],[170.02496,-46.59827],[170.00189,-46.61187],[169.97329,-46.62499],[169.94438,-46.63526],[169.92325,-46.64687],[169.90213,-46.66279],[169.88326,-46.6745],[169.85527,-46.68896],[169.83199,-46.69881],[169.81213,-46.70869],[169.79886,-46.7143],[169.7766,-46.72917],[169.75868,-46.73914],[169.72739,-46.75304],[169.69387,-46.76411],[169.67218,-46.76943],[169.64784,-46.77395],[169.62424,-46.77675],[169.60292,-46.77814],[169.58522,-46.78624],[169.55601,-46.79695],[169.5359,-46.8028],[169.5147,-46.80755],[169.48486,-46.81889],[169.46065,-46.82591],[169.44465,-46.82961],[169.4216,-46.83373],[169.38856,-46.83778],[169.36435,-46.83922],[169.34206,-46.83922],[169.32534,-46.84518],[169.30169,-46.85201],[169.27333,-46.85819],[169.2531,-46.86124],[169.2165,-46.8643],[169.19175,-46.86443],[169.16095,-46.86268],[169.1419,-46.86625],[169.12151,-46.86899],[169.10003,-46.87086],[169.07854,-46.8716],[169.04669,-46.87571],[169.02244,-46.87719],[168.99479,-46.87716],[168.97245,-46.87589],[168.90671,-46.86788],[168.87482,-46.86982],[168.83814,-46.86901],[168.82006,-46.88862],[168.79967,-46.90613],[168.77335,-46.92382],[168.75167,-46.93954],[168.72372,-46.95555],[168.70853,-46.96266],[168.68801,-46.97095],[168.66517,-46.97836],[168.6443,-46.98372],[168.61964,-46.99436],[168.60145,-47.0008],[168.57873,-47.00736],[168.54407,-47.015],[168.55611,-47.03848],[168.56338,-47.06096],[168.56678,-47.0824],[168.56639,-47.10836],[168.56202,-47.13054],[168.55263,-47.15537],[168.53858,-47.17906],[168.5236,-47.19766],[168.50863,-47.21273],[168.49727,-47.22237],[168.48074,-47.23443],[168.46379,-47.24499],[168.44034,-47.25739],[168.40887,-47.27011],[168.38893,-47.28162],[168.36086,-47.29468],[168.32981,-47.30571],[168.29362,-47.31487],[168.26303,-47.31991],[168.23743,-47.32232],[168.19548,-47.32787],[168.20052,-47.34505],[168.20287,-47.3567],[168.20427,-47.37896],[168.20244,-47.39942],[168.20001,-47.41094],[168.19556,-47.42496],[168.18882,-47.44069],[168.18307,-47.45129],[168.1716,-47.46819],[168.1573,-47.48514],[168.14177,-47.49981],[168.13032,-47.50918],[168.1301,-47.53183],[168.12717,-47.55017],[168.12455,-47.55965],[168.11643,-47.58059],[168.10926,-47.594],[168.0996,-47.60849],[168.08385,-47.62717],[168.06905,-47.6414],[168.05024,-47.65623],[168.0345,-47.66672],[168.01254,-47.67899],[167.98982,-47.68937],[167.96028,-47.70071],[167.93227,-47.70959],[167.90387,-47.7162],[167.86399,-47.72201],[167.83416,-47.72389],[167.79591,-47.72336],[167.7624,-47.71997],[167.73058,-47.71436],[167.69425,-47.70462],[167.6707,-47.69601],[167.64065,-47.6822],[167.61615,-47.66783],[167.60624,-47.66097],[167.58999,-47.64822],[167.57552,-47.63453],[167.56525,-47.62334],[167.55327,-47.60769],[167.54663,-47.59703],[167.53799,-47.57939],[167.53271,-47.56492],[167.52884,-47.54961],[167.52693,-47.53539],[167.52668,-47.51765],[167.52771,-47.5067],[167.5312,-47.4893],[167.47668,-47.48888],[167.46016,-47.48772],[167.43405,-47.48456],[167.381,-47.47506],[167.35325,-47.46845],[167.32903,-47.46558],[167.31088,-47.46253],[167.29225,-47.45838],[167.26792,-47.45163],[167.23352,-47.4388],[167.20858,-47.42672],[167.19426,-47.41844],[167.17571,-47.40626],[167.16082,-47.39469],[167.13717,-47.38316],[167.12177,-47.37431],[167.09662,-47.35648],[167.08581,-47.34733],[167.07288,-47.33466],[167.06362,-47.32418],[167.05344,-47.31051],[167.04494,-47.29664],[167.03858,-47.2836],[167.03033,-47.25924],[167.02789,-47.2475],[167.02618,-47.23265],[167.02622,-47.21755],[167.02732,-47.20671],[167.03245,-47.18364],[167.03756,-47.16979],[167.04227,-47.15984],[167.04832,-47.14884],[167.05828,-47.13409],[167.07861,-47.11033],[167.09694,-47.0931],[167.10768,-47.08444],[167.12277,-47.07402],[167.13596,-47.05295],[167.14887,-47.03709],[167.17106,-47.01537],[167.18231,-47.00611],[167.19822,-46.99465],[167.20989,-46.98693],[167.23125,-46.97499],[167.24742,-46.96735],[167.27352,-46.95708],[167.29729,-46.94962],[167.31761,-46.94469],[167.33749,-46.94098],[167.36167,-46.93767],[167.3654,-46.93458],[167.36689,-46.92151],[167.36941,-46.90971],[167.35497,-46.89513],[167.34703,-46.88562],[167.33963,-46.87557],[167.3316,-46.86274],[167.32224,-46.84322],[167.3171,-46.82759],[167.30928,-46.80757],[167.30644,-46.79705],[167.30124,-46.77024],[167.3001,-46.74799],[167.30108,-46.73438],[167.30276,-46.72445],[167.30692,-46.70834],[167.3107,-46.69778],[167.32022,-46.67849],[167.33506,-46.65639],[167.34914,-46.64045],[167.36764,-46.62341],[167.38721,-46.60877],[167.41527,-46.59215],[167.4417,-46.57977],[167.46076,-46.57262],[167.48354,-46.56558],[167.50559,-46.54986],[167.52381,-46.53915],[167.54085,-46.53064],[167.53335,-46.51277],[167.29237,-46.45909],[167.26651,-46.46256],[167.24586,-46.46414],[167.21262,-46.46452],[167.19135,-46.46567],[167.15463,-46.46503],[167.16268,-46.47519],[167.17179,-46.4886],[167.17776,-46.49912],[167.18361,-46.51187],[167.19068,-46.53297],[167.19563,-46.56336],[167.19653,-46.58461],[167.19377,-46.60714],[167.19153,-46.61681],[167.18701,-46.63055],[167.17851,-46.64904],[167.16692,-46.66817],[167.14903,-46.68988],[167.12941,-46.70836],[167.10631,-46.72543],[167.08787,-46.73663],[167.07536,-46.74318],[167.05123,-46.75395],[167.0166,-46.76569],[166.99327,-46.77155],[166.96344,-46.77698],[166.94495,-46.77935],[166.90634,-46.78165],[166.87795,-46.78168],[166.86011,-46.78087],[166.84035,-46.77895],[166.81714,-46.77551],[166.78166,-46.76741],[166.75026,-46.75724],[166.69777,-46.73597],[166.67459,-46.72401],[166.65635,-46.71263],[166.63921,-46.69986],[166.62086,-46.68347],[166.60477,-46.66517],[166.59148,-46.64593],[166.58488,-46.63362],[166.57984,-46.62211],[166.57366,-46.60253],[166.57065,-46.58584],[166.56988,-46.56572],[166.57185,-46.54664],[166.57757,-46.52455],[166.58133,-46.51462],[166.58851,-46.49929],[166.59816,-46.4837],[166.61146,-46.46671],[166.62744,-46.45043],[166.65168,-46.43062],[166.6703,-46.41845],[166.65916,-46.4153],[166.63377,-46.41238],[166.60926,-46.40809],[166.58982,-46.4035],[166.56501,-46.39598],[166.49979,-46.37055],[166.4578,-46.35013],[166.43442,-46.33579],[166.41678,-46.32254],[166.39979,-46.30718],[166.3831,-46.28845],[166.37636,-46.27886],[166.363,-46.26538],[166.34148,-46.25522],[166.31748,-46.24127],[166.29354,-46.22383],[166.27838,-46.21007],[166.26072,-46.19037],[166.24765,-46.17103],[166.24183,-46.16013],[166.22816,-46.1484],[166.21762,-46.13769],[166.20099,-46.1175],[166.19199,-46.10333],[166.18366,-46.08682],[166.17625,-46.06507],[166.16931,-46.04847],[166.16465,-46.0325],[166.15948,-46.00541],[166.15851,-45.99336],[166.15888,-45.97941],[166.14861,-45.95812],[166.14212,-45.93703],[166.13947,-45.92134],[166.13872,-45.89877],[166.14042,-45.88351],[166.14399,-45.86692],[166.14125,-45.84277],[166.14185,-45.82398],[166.14676,-45.79913],[166.15269,-45.78233],[166.1574,-45.77196],[166.15411,-45.75945],[166.15134,-45.73625],[166.15166,-45.71846],[166.15366,-45.70359],[166.15771,-45.68769],[166.16626,-45.66597],[166.17741,-45.64618],[166.18974,-45.6294],[166.22154,-45.59397],[166.23803,-45.57905],[166.25308,-45.56793],[166.25746,-45.56378],[166.2706,-45.5449],[166.28471,-45.52893],[166.31981,-45.49635],[166.33138,-45.48723],[166.34853,-45.47548],[166.36894,-45.46384],[166.4,-45.44996],[166.41369,-45.43891],[166.41941,-45.43043],[166.44137,-45.4019],[166.44717,-45.3844],[166.45629,-45.36499],[166.47684,-45.33281],[166.48871,-45.31816],[166.50331,-45.28686],[166.51702,-45.26595],[166.52491,-45.25627],[166.54562,-45.22721],[166.57078,-45.19953],[166.58652,-45.1848],[166.60028,-45.16683],[166.61208,-45.14462],[166.62538,-45.12621],[166.63621,-45.11397],[166.65141,-45.09943],[166.66844,-45.0794],[166.6824,-45.06597],[166.693,-45.05722],[166.707,-45.04715],[166.72391,-45.02953],[166.74156,-45.01476],[166.76198,-45.00075],[166.78254,-44.98917],[166.7914,-44.98089],[166.81066,-44.95915],[166.82558,-44.94587],[166.84044,-44.93456],[166.85598,-44.91566],[166.88371,-44.88893],[166.9071,-44.87059],[166.91925,-44.85756],[166.93773,-44.84137],[166.94945,-44.83259],[166.96685,-44.82156],[166.98064,-44.81155],[166.99729,-44.79349],[167.01792,-44.7759],[167.03514,-44.75831],[167.05402,-44.74136],[167.0684,-44.73],[167.08784,-44.71702],[167.11052,-44.70465],[167.12597,-44.69768],[167.14697,-44.68961],[167.16685,-44.67495],[167.19816,-44.65455],[167.21425,-44.64551],[167.23022,-44.6377],[167.24879,-44.62996],[167.2663,-44.61903],[167.2824,-44.61055],[167.31191,-44.59783],[167.32483,-44.58085],[167.34218,-44.56277],[167.35884,-44.54872],[167.39335,-44.52377],[167.41454,-44.51071],[167.43222,-44.50166],[167.44733,-44.49131],[167.46113,-44.48314],[167.48035,-44.47339],[167.50202,-44.46435],[167.52805,-44.45036],[167.54044,-44.43125],[167.54971,-44.41977],[167.56184,-44.40695],[167.57076,-44.39489],[167.58133,-44.38285],[167.60287,-44.36296],[167.61305,-44.34802],[167.63136,-44.32701],[167.65051,-44.30988],[167.66327,-44.30029],[167.68137,-44.28869],[167.69284,-44.27795],[167.7199,-44.255],[167.73845,-44.24155],[167.7489,-44.22735],[167.76111,-44.21367],[167.77372,-44.2017],[167.78398,-44.19329],[167.79303,-44.17694],[167.80202,-44.16408],[167.81575,-44.14775],[167.82858,-44.13517],[167.84279,-44.12327],[167.86531,-44.10636],[167.87815,-44.09772],[167.9048,-44.08278],[167.92105,-44.07535],[167.93882,-44.06843],[167.96431,-44.05005],[167.99725,-44.03119],[168.01451,-44.02254],[168.03083,-44.01082],[168.05099,-43.98915],[168.06991,-43.97296],[168.08022,-43.95601],[168.08998,-43.94316],[168.10059,-43.93125],[168.11207,-43.9201],[168.12236,-43.90609],[168.1334,-43.89351],[168.14211,-43.88484],[168.15506,-43.87364],[168.17488,-43.85915],[168.19571,-43.84663],[168.22778,-43.83173],[168.26928,-43.81748],[168.29114,-43.81163],[168.32013,-43.80611],[168.35878,-43.80142],[168.39283,-43.79991],[168.42187,-43.80103],[168.45199,-43.78927],[168.47376,-43.78203],[168.49336,-43.77674],[168.51192,-43.77292],[168.54574,-43.76342],[168.58408,-43.75689],[168.62047,-43.75437],[168.63189,-43.74453],[168.64722,-43.73308],[168.67117,-43.71839],[168.70034,-43.70444],[168.72696,-43.6948],[168.7521,-43.68375],[168.80533,-43.66601],[168.82607,-43.66014],[168.85959,-43.65342],[168.89485,-43.64979],[168.92304,-43.64252],[168.93819,-43.62782],[168.95953,-43.61101],[168.9935,-43.58808],[169.04042,-43.5596],[169.07513,-43.5413],[169.09653,-43.53112],[169.17609,-43.50067],[169.1907,-43.49099],[169.2061,-43.48207],[169.23294,-43.46945],[169.26212,-43.4578],[169.29005,-43.44858],[169.32084,-43.43945],[169.34671,-43.43359],[169.37336,-43.42618],[169.39589,-43.42168],[169.4132,-43.4138],[169.43603,-43.40534],[169.46351,-43.3977],[169.48681,-43.39298],[169.49988,-43.38631],[169.51321,-43.37339],[169.52565,-43.35802],[169.54567,-43.33662],[169.56197,-43.31511],[169.57645,-43.30008],[169.59702,-43.28289],[169.61895,-43.26813],[169.63239,-43.26051],[169.64865,-43.25265],[169.66254,-43.24321],[169.67956,-43.23325],[169.70842,-43.21972],[169.72697,-43.21285],[169.75466,-43.20482],[169.77819,-43.19988],[169.80147,-43.19657],[169.82804,-43.16904],[169.85017,-43.15001],[169.88108,-43.12896],[169.8995,-43.11884],[169.91285,-43.11251],[169.92238,-43.10335],[169.93952,-43.0893],[169.96089,-43.07509],[169.97511,-43.06705],[169.98566,-43.05052],[169.9958,-43.03776],[170.00673,-43.02597],[170.01782,-43.0156],[170.0286,-43.00183],[170.04057,-42.98888],[170.05788,-42.97319],[170.07596,-42.95997],[170.09239,-42.94967],[170.11862,-42.9365],[170.14876,-42.92483],[170.1768,-42.91688],[170.20349,-42.91171],[170.22263,-42.89677],[170.25313,-42.87759],[170.2728,-42.86744],[170.30291,-42.855],[170.32922,-42.84698],[170.35518,-42.83792],[170.3754,-42.83251],[170.42671,-42.82119],[170.46263,-42.81624],[170.48638,-42.80035],[170.50478,-42.78986],[170.52769,-42.7793],[170.56229,-42.76519],[170.57041,-42.75871],[170.58895,-42.74596],[170.60903,-42.7347],[170.62497,-42.71935],[170.64668,-42.70265],[170.66595,-42.67503],[170.67397,-42.66512],[170.69128,-42.64719],[170.72273,-42.6099],[170.73784,-42.59486],[170.76195,-42.57577],[170.78369,-42.56209],[170.79357,-42.55298],[170.83308,-42.52106],[170.8576,-42.50544],[170.86801,-42.49223],[170.87629,-42.47946],[170.88501,-42.46802],[170.89815,-42.45255],[170.91078,-42.44008],[170.92041,-42.42399],[170.92396,-42.40385],[170.93096,-42.38227],[170.94225,-42.35957],[170.95258,-42.34398],[170.95754,-42.32612],[170.96097,-42.31732],[170.97773,-42.281],[170.98791,-42.26459],[170.99791,-42.25149],[171.00913,-42.23898],[171.02779,-42.22205],[171.03999,-42.20737],[171.04608,-42.19647],[171.04583,-42.18728],[171.04683,-42.17185],[171.04908,-42.15773],[171.05242,-42.14494],[171.05384,-42.13041],[171.05638,-42.11765],[171.05662,-42.10356],[171.05789,-42.0914],[171.06033,-42.07851],[171.06555,-42.06101],[171.08506,-42.01676],[171.10075,-41.9921],[171.10651,-41.97425],[171.11603,-41.95365],[171.12884,-41.93356],[171.14503,-41.91431],[171.14652,-41.89922],[171.14917,-41.88556],[171.15898,-41.85645],[171.17079,-41.83347],[171.1859,-41.81219],[171.18188,-41.78867],[171.18114,-41.75728],[171.18351,-41.73725],[171.18997,-41.71361],[171.19547,-41.69993],[171.20735,-41.67818],[171.21493,-41.65969],[171.22016,-41.64985],[171.23186,-41.63159],[171.24376,-41.61672],[171.25782,-41.60111],[171.27006,-41.58979],[171.28671,-41.57662],[171.30035,-41.56749],[171.31758,-41.55759],[171.33704,-41.54818],[171.35296,-41.54175],[171.37755,-41.53375],[171.39417,-41.52947],[171.41957,-41.52475],[171.44057,-41.52222],[171.46431,-41.52101],[171.48291,-41.52115],[171.50351,-41.5224],[171.52394,-41.52481],[171.54778,-41.52928],[171.57221,-41.52725],[171.59795,-41.52689],[171.62166,-41.51268],[171.64199,-41.5021],[171.65402,-41.48978],[171.66845,-41.47737],[171.68014,-41.46267],[171.7069,-41.41375],[171.71622,-41.40038],[171.72558,-41.38921],[171.73646,-41.36855],[171.74256,-41.35897],[171.75838,-41.33768],[171.77243,-41.32227],[171.78522,-41.3105],[171.79895,-41.2996],[171.81341,-41.29005],[171.82322,-41.28068],[171.82663,-41.27011],[171.83066,-41.24495],[171.83168,-41.22962],[171.8353,-41.21111],[171.83561,-41.20197],[171.83904,-41.17286],[171.83853,-41.15952],[171.83482,-41.14561],[171.8324,-41.13064],[171.83145,-41.11744],[171.83151,-41.09697],[171.83326,-41.07835],[171.84016,-41.04194],[171.84225,-41.02482],[171.83672,-41.00931],[171.83228,-40.99088],[171.83046,-40.97643],[171.82999,-40.96106],[171.82665,-40.93965],[171.8264,-40.92014],[171.82883,-40.89242],[171.83217,-40.87571],[171.83666,-40.86149],[171.84883,-40.83201],[171.85546,-40.81815],[171.86829,-40.79741],[171.88445,-40.77637],[171.8892,-40.76734],[171.89742,-40.75445],[171.91106,-40.73704],[171.92757,-40.72],[171.94567,-40.70506],[171.95744,-40.69141],[171.9682,-40.68091],[171.98021,-40.67064],[171.99631,-40.65888],[172.0147,-40.64095],[172.0353,-40.62507],[172.05613,-40.61205],[172.07968,-40.60029],[172.10932,-40.58897],[172.13418,-40.58205],[172.15553,-40.56643],[172.17669,-40.55406],[172.18972,-40.54001],[172.20369,-40.52747],[172.22494,-40.51183],[172.23821,-40.50098],[172.27435,-40.47552],[172.29486,-40.46324],[172.31578,-40.45316],[172.33449,-40.44205],[172.35162,-40.43364],[172.3636,-40.42339],[172.37741,-40.41332],[172.39537,-40.40214],[172.41863,-40.39036],[172.44823,-40.36937],[172.46749,-40.35677],[172.48504,-40.34665],[172.51454,-40.33285],[172.5415,-40.32265],[172.59006,-40.30941],[172.60923,-40.30537],[172.63709,-40.30145],[172.67539,-40.29841],[172.7061,-40.29867],[172.73937,-40.30129]]]]},"properties":{"name":"Te Tai Tonga"}},{"type":"Feature","id":7,"geometry":{"type":"Polygon","coordinates":[[[176.60136,-37.39649],[176.61975,-37.41205],[176.63276,-37.42564],[176.65377,-37.43423],[176.67666,-37.44625],[176.69487,-37.45794],[176.70253,-37.46376],[176.72674,-37.48541],[176.74005,-37.50076],[176.7467,-37.50983],[176.75919,-37.53013],[176.76554,-37.54347],[176.77591,-37.55578],[176.7908,-37.57824],[176.80063,-37.59787],[176.80862,-37.62305],[176.82451,-37.6197],[176.84694,-37.61651],[176.86752,-37.61504],[176.88409,-37.61485],[176.91541,-37.61664],[176.93262,-37.61899],[176.95024,-37.62257],[176.92967,-37.60405],[176.91697,-37.59008],[176.90764,-37.5778],[176.89627,-37.55949],[176.88896,-37.5442],[176.88313,-37.52863],[176.87802,-37.50689],[176.87615,-37.49254],[176.87582,-37.47654],[176.87708,-37.45993],[176.88092,-37.44019],[176.88595,-37.42406],[176.89272,-37.40771],[176.90533,-37.38573],[176.91659,-37.37017],[176.9324,-37.35264],[176.94696,-37.33949],[176.95877,-37.3301],[176.97134,-37.32158],[176.98429,-37.31378],[177.00582,-37.30313],[177.03339,-37.29214],[177.04592,-37.28812],[177.07004,-37.28209],[177.10105,-37.27719],[177.11966,-37.27586],[177.15182,-37.27605],[177.17026,-37.27782],[177.1934,-37.28149],[177.22412,-37.28914],[177.24126,-37.29501],[177.26176,-37.30384],[177.27992,-37.31338],[177.29879,-37.32526],[177.31569,-37.33822],[177.34118,-37.35079],[177.36413,-37.36548],[177.38468,-37.38223],[177.39793,-37.39511],[177.40774,-37.40615],[177.41884,-37.42165],[177.42355,-37.42896],[177.43349,-37.44851],[177.44169,-37.47145],[177.44432,-37.4816],[177.44699,-37.50003],[177.44771,-37.53202],[177.4464,-37.5469],[177.4432,-37.56428],[177.43509,-37.58902],[177.425,-37.60944],[177.41241,-37.62867],[177.39985,-37.644],[177.37605,-37.66762],[177.35988,-37.68112],[177.34084,-37.69412],[177.32358,-37.70394],[177.29341,-37.71742],[177.27228,-37.7245],[177.24731,-37.73044],[177.22384,-37.73428],[177.19037,-37.73662],[177.19783,-37.74478],[177.21046,-37.76104],[177.22372,-37.78381],[177.24747,-37.78999],[177.31144,-37.78934],[177.32695,-37.77853],[177.34875,-37.76599],[177.35746,-37.74986],[177.36979,-37.73166],[177.37624,-37.72374],[177.39322,-37.70608],[177.40504,-37.69568],[177.42727,-37.67404],[177.43375,-37.66002],[177.44114,-37.64709],[177.45022,-37.63409],[177.46264,-37.61898],[177.48366,-37.59895],[177.50019,-37.58626],[177.51694,-37.56505],[177.52995,-37.55188],[177.55792,-37.52828],[177.57785,-37.51498],[177.60149,-37.50237],[177.61717,-37.49562],[177.63992,-37.48772],[177.65256,-37.48424],[177.67627,-37.47922],[177.70229,-37.47596],[177.71644,-37.46463],[177.72705,-37.4573],[177.73851,-37.45015],[177.75839,-37.44003],[177.76987,-37.42414],[177.77629,-37.41675],[177.79187,-37.4009],[177.80778,-37.3878],[177.8193,-37.37979],[177.83787,-37.36853],[177.85745,-37.35881],[177.87936,-37.34999],[177.89996,-37.3437],[177.91697,-37.33961],[177.93257,-37.3367],[177.95252,-37.33427],[177.97884,-37.33306],[177.99617,-37.33351],[178.01634,-37.33511],[178.04513,-37.33975],[178.06487,-37.33808],[178.08528,-37.54239],[178.08909,-37.55122],[178.09828,-37.586],[178.10755,-37.59872],[178.03981,-37.59754],[178.03752,-37.59987],[178.03405,-37.5997],[178.03383,-37.60259],[178.03301,-37.60317],[178.03196,-37.60257],[178.0302,-37.6042],[178.02893,-37.60364],[178.02753,-37.60414],[178.02621,-37.60323],[178.02516,-37.60491],[177.98668,-37.60876],[177.98462,-37.61091],[177.98005,-37.61317],[177.97755,-37.61855],[177.9773,-37.61948],[177.97839,-37.62138],[177.97591,-37.62493],[177.97514,-37.63022],[177.97767,-37.63049],[177.9785,-37.63358],[177.98003,-37.63515],[177.98262,-37.63616],[177.9817,-37.63819],[177.98311,-37.64128],[177.98595,-37.642],[177.9877,-37.64445],[177.98963,-37.64492],[177.98714,-37.64809],[177.98982,-37.64867],[177.99126,-37.64991],[177.98868,-37.6539],[177.99123,-37.65358],[177.99211,-37.65717],[177.99165,-37.65811],[177.99302,-37.65833],[177.99244,-37.6594],[177.9931,-37.6607],[177.99173,-37.6621],[177.99226,-37.66526],[177.9915,-37.66784],[177.99379,-37.66951],[177.99314,-37.67102],[177.99467,-37.67417],[177.99305,-37.67551],[177.9925,-37.67702],[177.9932,-37.67889],[177.99208,-37.67952],[177.99488,-37.68095],[177.99383,-37.68188],[177.99388,-37.68346],[177.99272,-37.68421],[177.99321,-37.68533],[177.99186,-37.6862],[177.99374,-37.68712],[177.99207,-37.68802],[177.99361,-37.68898],[177.99237,-37.69054],[177.99736,-37.6892],[177.99819,-37.68967],[177.99483,-37.69196],[177.99482,-37.69477],[177.99346,-37.69671],[177.99082,-37.69658],[177.98997,-37.69766],[177.98846,-37.69697],[177.98659,-37.69725],[177.98852,-37.69924],[177.98593,-37.70075],[177.98764,-37.70176],[177.98497,-37.70352],[177.98661,-37.70443],[177.98583,-37.70728],[177.98806,-37.71101],[177.98926,-37.71134],[177.98832,-37.71274],[177.98874,-37.71453],[177.99138,-37.71486],[177.9933,-37.71659],[177.99242,-37.71965],[177.98881,-37.7214],[177.98699,-37.7252],[177.98303,-37.72728],[177.98097,-37.72978],[177.9787,-37.73066],[177.97813,-37.73438],[177.97967,-37.73522],[177.97992,-37.73633],[177.97678,-37.74095],[177.9787,-37.74482],[177.99224,-37.75289],[177.99418,-37.75557],[177.99491,-37.75843],[177.99663,-37.76034],[177.99447,-37.76438],[178.03883,-37.73308],[178.07301,-37.76359],[177.97229,-37.84501],[177.91684,-37.98145],[177.87598,-38.0767],[177.86749,-38.09825],[177.86097,-38.11166],[177.85572,-38.10743],[177.8504,-38.10889],[177.84902,-38.11128],[177.77268,-38.0598],[177.73998,-38.04205],[177.72436,-38.02265],[177.7008,-38.02217],[177.69905,-38.02077],[177.69825,-38.01865],[177.697,-38.01849],[177.69607,-38.01734],[177.69119,-38.01629],[177.68999,-38.01396],[177.68245,-38.015],[177.68114,-38.01239],[177.67991,-38.01521],[177.67438,-38.01746],[177.67319,-38.01906],[177.67474,-38.02291],[177.67432,-38.02494],[177.67689,-38.0267],[177.67854,-38.02653],[177.67891,-38.02854],[177.6806,-38.02956],[177.68078,-38.0304],[177.67935,-38.03168],[177.68298,-38.03391],[177.6826,-38.03812],[177.686,-38.04031],[177.6859,-38.0427],[177.68874,-38.04472],[177.6909,-38.05158],[177.69388,-38.05337],[177.69404,-38.0579],[177.69732,-38.05944],[177.69748,-38.06272],[177.69518,-38.0632],[177.69175,-38.06612],[177.68893,-38.0715],[177.68884,-38.07409],[177.68749,-38.07542],[177.68858,-38.07745],[177.68826,-38.07821],[177.67963,-38.07934],[177.678,-38.08224],[177.678,-38.08536],[177.67672,-38.0866],[177.67972,-38.08674],[177.68157,-38.08354],[177.68585,-38.08318],[177.68849,-38.09176],[177.69417,-38.09342],[177.69094,-38.09563],[177.68978,-38.09774],[177.69355,-38.09686],[177.69592,-38.09757],[177.69486,-38.10015],[177.69723,-38.10084],[177.70326,-38.1064],[177.70082,-38.10626],[177.69849,-38.10456],[177.69543,-38.1037],[177.693,-38.1051],[177.69339,-38.10707],[177.69209,-38.10967],[177.68829,-38.10962],[177.68769,-38.10831],[177.68615,-38.10766],[177.68567,-38.11132],[177.68325,-38.11177],[177.67994,-38.11421],[177.67742,-38.11459],[177.67405,-38.11314],[177.66836,-38.11383],[177.6675,-38.11508],[177.66917,-38.11648],[177.66931,-38.11827],[177.6681,-38.11892],[177.66625,-38.11678],[177.66412,-38.11693],[177.66355,-38.11861],[177.66484,-38.12007],[177.66236,-38.12353],[177.66289,-38.12493],[177.66115,-38.12585],[177.6626,-38.12745],[177.66226,-38.12858],[177.66072,-38.1293],[177.66007,-38.13102],[177.65485,-38.13158],[177.6555,-38.13424],[177.65315,-38.13527],[177.65288,-38.13878],[177.65079,-38.14105],[177.65308,-38.14274],[177.65149,-38.14654],[177.65275,-38.14775],[177.65187,-38.14975],[177.65173,-38.15336],[177.65265,-38.15463],[177.65572,-38.15534],[177.65359,-38.15858],[177.6478,-38.16017],[177.64728,-38.16196],[177.64233,-38.16381],[177.64042,-38.16278],[177.63634,-38.16221],[177.63398,-38.16083],[177.62858,-38.16069],[177.6262,-38.16192],[177.62456,-38.16385],[177.62231,-38.16829],[177.61974,-38.16891],[177.61953,-38.16813],[177.61824,-38.16841],[177.61693,-38.17133],[177.61534,-38.17196],[177.61327,-38.17101],[177.60937,-38.17119],[177.60797,-38.17241],[177.60454,-38.17304],[177.60371,-38.17164],[177.6024,-38.17119],[177.60479,-38.18662],[177.60295,-38.18478],[177.60138,-38.18462],[177.59928,-38.18666],[177.59903,-38.18795],[177.59706,-38.18893],[177.59704,-38.19013],[177.59032,-38.18963],[177.58724,-38.19193],[177.58563,-38.19161],[177.5863,-38.19274],[177.58373,-38.19361],[177.58205,-38.19241],[177.58095,-38.19274],[177.58058,-38.19151],[177.57953,-38.19214],[177.57864,-38.19132],[177.57641,-38.19331],[177.57323,-38.19266],[177.57032,-38.19537],[177.56865,-38.19559],[177.56699,-38.19837],[177.55743,-38.20351],[177.55646,-38.2047],[177.55763,-38.20648],[177.55727,-38.20805],[177.56037,-38.20938],[177.53366,-38.2093],[177.53333,-38.21836],[177.52682,-38.21844],[177.51988,-38.21638],[177.5174,-38.21463],[177.51203,-38.21746],[177.50617,-38.2167],[177.50344,-38.21463],[177.50317,-38.21274],[177.5009,-38.21359],[177.50091,-38.21539],[177.50267,-38.21639],[177.50187,-38.21779],[177.49811,-38.21819],[177.49777,-38.21887],[177.4988,-38.21921],[177.49718,-38.22114],[177.495,-38.22057],[177.49391,-38.22237],[177.49561,-38.2227],[177.4956,-38.22367],[177.49513,-38.22491],[177.49347,-38.22406],[177.4933,-38.22523],[177.49461,-38.22674],[177.4939,-38.22869],[177.49282,-38.22908],[177.49379,-38.22946],[177.49357,-38.23228],[177.49092,-38.23246],[177.49057,-38.23357],[177.49188,-38.2347],[177.49129,-38.23539],[177.49236,-38.23588],[177.49183,-38.23973],[177.48981,-38.24015],[177.48894,-38.23914],[177.48626,-38.23908],[177.48592,-38.23742],[177.48404,-38.23713],[177.48202,-38.23845],[177.48175,-38.23992],[177.48203,-38.24143],[177.48342,-38.24136],[177.4833,-38.24308],[177.48525,-38.24387],[177.48997,-38.2484],[177.48971,-38.2498],[177.49109,-38.25004],[177.49084,-38.25331],[177.4887,-38.2582],[177.48991,-38.26115],[177.49228,-38.26248],[177.49549,-38.26074],[177.49755,-38.26077],[177.48428,-38.27445],[177.4863,-38.29627],[177.46369,-38.33354],[177.45397,-38.33757],[177.48557,-38.37476],[177.48497,-38.37447],[177.48213,-38.37692],[177.48056,-38.37577],[177.47902,-38.37573],[177.47906,-38.37724],[177.52535,-38.43256],[177.51573,-38.43901],[177.5147,-38.43876],[177.51451,-38.44504],[177.51105,-38.44742],[177.50961,-38.4537],[177.50979,-38.45602],[177.508,-38.45793],[177.50873,-38.45845],[177.50682,-38.46085],[177.50594,-38.46472],[177.5033,-38.46552],[177.50016,-38.47018],[177.49284,-38.47189],[177.49105,-38.47102],[177.48516,-38.4706],[177.47816,-38.47157],[177.46855,-38.46731],[177.45777,-38.4777],[177.4499,-38.47457],[177.43978,-38.47328],[177.38882,-38.51264],[177.39964,-38.52125],[177.34691,-38.51638],[177.35343,-38.62456],[177.30899,-38.5969],[177.30756,-38.6597],[177.29176,-38.65327],[177.28984,-38.65398],[177.28876,-38.65549],[177.28896,-38.65716],[177.28413,-38.66294],[177.28432,-38.66826],[177.28737,-38.67333],[177.2859,-38.67459],[177.28608,-38.67527],[177.28895,-38.67843],[177.28907,-38.68347],[177.28764,-38.68636],[177.28465,-38.68745],[177.28429,-38.68941],[177.28518,-38.68954],[177.28529,-38.69129],[177.28477,-38.69339],[177.28279,-38.69302],[177.28201,-38.69451],[177.27921,-38.69452],[177.27942,-38.69651],[177.27842,-38.69845],[177.27704,-38.69826],[177.27565,-38.70009],[177.2731,-38.70048],[177.27343,-38.70114],[177.26752,-38.70497],[177.2661,-38.70711],[177.25765,-38.71138],[177.2579,-38.71273],[177.25235,-38.71829],[177.24866,-38.74951],[177.29334,-38.75284],[177.29616,-38.75929],[177.29231,-38.76166],[177.28842,-38.76167],[177.2824,-38.7646],[177.28147,-38.76831],[177.28183,-38.76981],[177.28113,-38.76996],[177.2807,-38.77315],[177.27864,-38.7741],[177.27907,-38.77522],[177.27809,-38.77631],[177.27851,-38.77726],[177.27743,-38.77962],[177.2775,-38.78117],[177.27925,-38.78196],[177.2792,-38.78304],[177.28172,-38.78315],[177.28204,-38.78436],[177.2829,-38.78424],[177.28221,-38.78589],[177.28615,-38.78667],[177.28783,-38.79173],[177.28923,-38.79202],[177.28941,-38.79397],[177.29068,-38.79476],[177.29081,-38.79585],[177.29262,-38.79629],[177.29317,-38.79719],[177.29464,-38.79682],[177.29492,-38.79832],[177.29665,-38.79827],[177.29461,-38.80086],[177.29431,-38.8027],[177.2954,-38.80414],[177.29353,-38.8053],[177.29494,-38.80692],[177.29289,-38.80983],[177.29086,-38.81043],[177.29215,-38.81235],[177.29171,-38.8144],[177.29347,-38.81488],[177.29549,-38.81774],[177.29756,-38.8178],[177.29557,-38.81851],[177.29542,-38.82078],[177.29361,-38.81875],[177.29196,-38.81903],[177.2929,-38.82163],[177.2887,-38.82277],[177.29335,-38.82661],[177.29054,-38.82673],[177.29075,-38.82869],[177.28663,-38.83062],[177.27616,-38.83257],[177.26668,-38.83285],[177.26441,-38.83446],[177.26,-38.83587],[177.25713,-38.84175],[177.25407,-38.84409],[177.254,-38.84686],[177.25248,-38.84826],[177.25244,-38.84966],[177.2476,-38.8549],[177.24086,-38.85792],[177.23785,-38.86089],[177.2375,-38.86245],[177.23938,-38.86789],[177.23914,-38.87266],[177.23985,-38.87406],[177.23518,-38.87611],[177.23507,-38.87731],[177.23713,-38.87867],[177.23991,-38.8773],[177.24414,-38.87709],[177.24583,-38.87798],[177.24644,-38.87954],[177.25656,-38.8828],[177.25317,-38.88363],[177.2475,-38.88297],[177.24658,-38.88178],[177.24474,-38.88151],[177.24485,-38.87932],[177.24023,-38.88003],[177.23607,-38.87941],[177.23271,-38.88191],[177.23053,-38.8823],[177.22313,-38.87723],[177.21887,-38.87636],[177.21622,-38.87691],[177.21344,-38.87392],[177.21126,-38.87479],[177.20984,-38.8786],[177.20735,-38.87853],[177.20659,-38.87619],[177.20229,-38.87495],[177.19931,-38.8704],[177.19694,-38.86873],[177.19826,-38.86794],[177.19797,-38.86462],[177.19523,-38.8648],[177.192,-38.86379],[177.19169,-38.86257],[177.19329,-38.85966],[177.19339,-38.85778],[177.19147,-38.85601],[177.18977,-38.85608],[177.18874,-38.85805],[177.18676,-38.85884],[177.1838,-38.857],[177.18147,-38.85916],[177.17564,-38.85985],[177.17408,-38.85733],[177.17695,-38.85578],[177.17674,-38.85288],[177.17449,-38.8516],[177.17144,-38.852],[177.16757,-38.84867],[177.16642,-38.84654],[177.16906,-38.84589],[177.1686,-38.84449],[177.16508,-38.84506],[177.16378,-38.84431],[177.1641,-38.84321],[177.16657,-38.84289],[177.16909,-38.8413],[177.16779,-38.83866],[177.16416,-38.83888],[177.16186,-38.83787],[177.16202,-38.83897],[177.1463,-38.8384],[177.14642,-38.82826],[177.13492,-38.83417],[177.12583,-38.82333],[177.10576,-38.82317],[177.10686,-38.82186],[177.10625,-38.81954],[177.10733,-38.81858],[177.10681,-38.81643],[177.10803,-38.81389],[177.10553,-38.81339],[177.10351,-38.81604],[177.10237,-38.8159],[177.10268,-38.80615],[177.09333,-38.79749],[177.06769,-38.81471],[177.06671,-38.8166],[177.06388,-38.81813],[177.06273,-38.81997],[177.05663,-38.82248],[177.05393,-38.822],[177.05001,-38.82362],[177.04786,-38.82219],[177.0427,-38.82234],[177.04023,-38.82038],[177.03889,-38.82033],[177.03831,-38.82245],[177.00853,-38.84193],[176.9703,-38.84163],[176.96682,-38.84644],[176.91045,-38.84559],[176.90821,-38.84376],[176.90638,-38.84437],[176.90615,-38.84624],[176.9015,-38.84425],[176.89712,-38.84641],[176.89522,-38.84598],[176.893,-38.84397],[176.89039,-38.84406],[176.88901,-38.84238],[176.8833,-38.84212],[176.88148,-38.83924],[176.87543,-38.83764],[176.87421,-38.83575],[176.86863,-38.83244],[176.86559,-38.82905],[176.86321,-38.82878],[176.85974,-38.82706],[176.85684,-38.82737],[176.80533,-38.81493],[176.7822,-38.7893],[176.6966,-38.81263],[176.69546,-38.81797],[176.69597,-38.82159],[176.69752,-38.82282],[176.70172,-38.82366],[176.70407,-38.82708],[176.70221,-38.83037],[176.70229,-38.83207],[176.7002,-38.83788],[176.70419,-38.84512],[176.69996,-38.85376],[176.59847,-38.93329],[176.59955,-38.9342],[176.59828,-38.93497],[176.59825,-38.93561],[176.59928,-38.93559],[176.59706,-38.94139],[176.59783,-38.9437],[176.59731,-38.94622],[176.59812,-38.94672],[176.59642,-38.95371],[176.59778,-38.95641],[176.59697,-38.95754],[176.59803,-38.95776],[176.59673,-38.95933],[176.59756,-38.95937],[176.59818,-38.96154],[176.59985,-38.96185],[176.59968,-38.96339],[176.60263,-38.96502],[176.60234,-38.96657],[176.59884,-38.96938],[176.5995,-38.97142],[176.60102,-38.97231],[176.59995,-38.97598],[176.60294,-38.97689],[176.60299,-38.97844],[176.60186,-38.97934],[176.60613,-38.98057],[176.60559,-38.98131],[176.60628,-38.98201],[176.60548,-38.98295],[176.60672,-38.9839],[176.6052,-38.98474],[176.60583,-38.98565],[176.60916,-38.98752],[176.61103,-38.98778],[176.61194,-38.98711],[176.61295,-38.98905],[176.6117,-38.9896],[176.61199,-38.99092],[176.60988,-38.99285],[176.60913,-38.99551],[176.60807,-38.99609],[176.61036,-38.99826],[176.54103,-38.99775],[176.54105,-38.9992],[176.54255,-38.99884],[176.5435,-39.00041],[176.54657,-39.00103],[176.54701,-39.00182],[176.44923,-39.00162],[176.42018,-39.06194],[176.44342,-39.12077],[176.4168,-39.1163],[176.37227,-39.13077],[176.36958,-39.13261],[176.37023,-39.13399],[176.37369,-39.13303],[176.3759,-39.13395],[176.3783,-39.13836],[176.37927,-39.13805],[176.37982,-39.13527],[176.3822,-39.13412],[176.38362,-39.13576],[176.38721,-39.13696],[176.38631,-39.13863],[176.38691,-39.1409],[176.38939,-39.1422],[176.38627,-39.14449],[176.38623,-39.1466],[176.38878,-39.14831],[176.38991,-39.15131],[176.39598,-39.15039],[176.39685,-39.15095],[176.39587,-39.15262],[176.39139,-39.15466],[176.39088,-39.15613],[176.39259,-39.15999],[176.39529,-39.16193],[176.34036,-39.17312],[176.23311,-39.09786],[176.23225,-39.09914],[176.23279,-39.10085],[176.23158,-39.1018],[176.23181,-39.10443],[176.2304,-39.10498],[176.23032,-39.10621],[176.22837,-39.10835],[176.22744,-39.10774],[176.22653,-39.10831],[176.22682,-39.10932],[176.22578,-39.1107],[176.22145,-39.11036],[176.21997,-39.11161],[176.21846,-39.1117],[176.2165,-39.11424],[176.21218,-39.11605],[176.21183,-39.11715],[176.20804,-39.11788],[176.20775,-39.11899],[176.2028,-39.11965],[176.20173,-39.12101],[176.1974,-39.12149],[176.19637,-39.12212],[176.19636,-39.12361],[176.19395,-39.12389],[176.18863,-39.1266],[176.18467,-39.12658],[176.18258,-39.12944],[176.18466,-39.13364],[176.17612,-39.1439],[176.16788,-39.1403],[176.16238,-39.13634],[176.1547,-39.13827],[176.14661,-39.13449],[176.14492,-39.13586],[176.14145,-39.1365],[176.14001,-39.13887],[176.1388,-39.13859],[176.13577,-39.13971],[176.13444,-39.14296],[176.13195,-39.1426],[176.13097,-39.14354],[176.1282,-39.14367],[176.12491,-39.14505],[176.12064,-39.14513],[176.11982,-39.14622],[176.11625,-39.14707],[176.11563,-39.14881],[176.11274,-39.15047],[176.11178,-39.15201],[176.10934,-39.15128],[176.10271,-39.15125],[176.09614,-39.1546],[176.08096,-39.15725],[176.07878,-39.15729],[176.07752,-39.15595],[176.04406,-39.15692],[175.97596,-39.15002],[175.97446,-39.15157],[175.97162,-39.1577],[175.96403,-39.15953],[175.96385,-39.16242],[175.96763,-39.17057],[175.96637,-39.17228],[175.96466,-39.17939],[175.96161,-39.18158],[175.95969,-39.18416],[175.9553,-39.18673],[175.95005,-39.18795],[175.94502,-39.18694],[175.93799,-39.1879],[175.93347,-39.18768],[175.92908,-39.18899],[175.92126,-39.18973],[175.9189,-39.191],[175.91854,-39.19463],[175.91949,-39.19643],[175.91946,-39.19872],[175.91651,-39.1981],[175.91057,-39.1985],[175.90347,-39.19993],[175.90211,-39.20039],[175.90062,-39.2028],[175.89838,-39.2041],[175.88597,-39.2059],[175.8882,-39.21142],[175.89194,-39.21276],[175.89288,-39.21383],[175.89363,-39.22135],[175.89267,-39.22364],[175.88637,-39.22713],[175.88559,-39.22933],[175.88021,-39.23245],[175.87831,-39.23526],[175.87259,-39.2391],[175.85847,-39.24442],[175.85511,-39.24386],[175.85467,-39.2444],[175.8566,-39.25199],[175.86602,-39.25667],[175.86899,-39.2591],[175.86809,-39.26303],[175.86272,-39.26648],[175.85918,-39.26685],[175.85181,-39.26929],[175.84502,-39.26978],[175.8419,-39.27117],[175.83854,-39.27361],[175.83595,-39.27676],[175.83346,-39.28332],[175.8292,-39.28751],[175.82862,-39.28901],[175.82445,-39.2912],[175.81637,-39.29857],[175.81257,-39.30033],[175.79089,-39.29976],[175.78358,-39.29428],[175.7801,-39.29338],[175.76963,-39.295],[175.76533,-39.29144],[175.75185,-39.28788],[175.741,-39.29264],[175.74172,-39.28371],[175.74353,-39.28214],[175.74488,-39.27939],[175.74388,-39.2772],[175.7555,-39.27093],[175.75785,-39.26726],[175.76033,-39.26785],[175.76153,-39.2691],[175.76256,-39.26878],[175.76444,-39.26432],[175.76328,-39.26282],[175.76445,-39.26196],[175.76393,-39.26076],[175.76623,-39.25849],[175.76639,-39.25625],[175.7676,-39.25399],[175.76935,-39.2533],[175.76776,-39.25155],[175.77076,-39.25157],[175.77106,-39.25018],[175.77384,-39.24838],[175.77477,-39.24533],[175.77775,-39.24278],[175.77984,-39.24249],[175.77799,-39.24077],[175.77856,-39.23983],[175.78144,-39.23948],[175.78403,-39.24082],[175.78587,-39.23768],[175.78543,-39.23663],[175.7885,-39.23634],[175.78786,-39.23469],[175.78852,-39.23379],[175.78667,-39.22865],[175.78264,-39.22868],[175.78012,-39.23026],[175.77928,-39.22996],[175.78035,-39.22562],[175.78208,-39.22421],[175.78019,-39.22412],[175.77904,-39.22287],[175.77215,-39.22276],[175.77098,-39.22148],[175.77259,-39.21583],[175.77253,-39.21256],[175.77798,-39.21166],[175.7786,-39.20905],[175.78127,-39.20718],[175.78695,-39.20531],[175.79102,-39.20118],[175.79107,-39.19944],[175.78703,-39.19156],[175.78672,-39.18874],[175.78748,-39.18662],[175.78628,-39.18346],[175.78668,-39.18171],[175.78526,-39.18205],[175.7846,-39.18354],[175.78302,-39.18333],[175.78242,-39.18402],[175.77989,-39.1835],[175.77493,-39.18419],[175.77041,-39.18338],[175.76696,-39.18165],[175.76422,-39.18201],[175.76271,-39.18077],[175.75834,-39.18234],[175.7524,-39.17941],[175.74373,-39.17922],[175.7391,-39.1813],[175.73794,-39.18086],[175.73653,-39.17811],[175.73081,-39.17857],[175.72968,-39.17753],[175.72744,-39.17742],[175.72633,-39.17587],[175.72294,-39.17479],[175.72146,-39.17277],[175.70751,-39.1631],[175.70385,-39.16243],[175.70254,-39.16126],[175.70096,-39.16198],[175.69616,-39.16175],[175.69368,-39.16039],[175.69257,-39.15936],[175.69249,-39.15816],[175.68962,-39.15721],[175.6812,-39.1483],[175.67971,-39.14789],[175.6789,-39.14581],[175.67471,-39.14421],[175.67089,-39.13854],[175.66868,-39.1374],[175.66728,-39.13786],[175.66546,-39.13643],[175.66329,-39.13381],[175.66309,-39.13174],[175.6372,-39.12914],[175.64279,-39.10431],[175.64625,-39.10266],[175.64675,-39.10078],[175.6478,-39.1],[175.64558,-39.10013],[175.64211,-39.09666],[175.63991,-39.09738],[175.63783,-39.09305],[175.63744,-39.09012],[175.63538,-39.08866],[175.63239,-39.08886],[175.63121,-39.08727],[175.62931,-39.08757],[175.62596,-39.08582],[175.62413,-39.08726],[175.62201,-39.08698],[175.61875,-39.0826],[175.61715,-39.07492],[175.62067,-39.06828],[175.62143,-39.06417],[175.62354,-39.06379],[175.62321,-39.06308],[175.62471,-39.06155],[175.62465,-39.05991],[175.61838,-39.05791],[175.61495,-39.05509],[175.61356,-39.05064],[175.61821,-39.04845],[175.63176,-39.04557],[175.63123,-39.04888],[175.63577,-39.04532],[175.64079,-39.03983],[175.6423,-39.03589],[175.64804,-39.02792],[175.64765,-39.01873],[175.64862,-39.0164],[175.64805,-39.01441],[175.67249,-38.99085],[175.68201,-38.97971],[175.64123,-38.98029],[175.62689,-38.97401],[175.60628,-38.98182],[175.56263,-38.98683],[175.56555,-38.97732],[175.56504,-38.97251],[175.56728,-38.97192],[175.56856,-38.96998],[175.56942,-38.97014],[175.56753,-38.96869],[175.56077,-38.97269],[175.5593,-38.97068],[175.55388,-38.95572],[175.55563,-38.95367],[175.5576,-38.94896],[175.5603,-38.94598],[175.56492,-38.93849],[175.56595,-38.93577],[175.56533,-38.93208],[175.56605,-38.92992],[175.57019,-38.92381],[175.57612,-38.91847],[175.58006,-38.91235],[175.57997,-38.91068],[175.5771,-38.90648],[175.56128,-38.89242],[175.56068,-38.8842],[175.55524,-38.87717],[175.54918,-38.87277],[175.54472,-38.86447],[175.54644,-38.85987],[175.56039,-38.84341],[175.56151,-38.83861],[175.56613,-38.83627],[175.56979,-38.83296],[175.57702,-38.8309],[175.57759,-38.82546],[175.57462,-38.8163],[175.56365,-38.80373],[175.55626,-38.79101],[175.55343,-38.78935],[175.54867,-38.79232],[175.54165,-38.79511],[175.54022,-38.79069],[175.53909,-38.78267],[175.55824,-38.769],[175.58109,-38.76487],[175.58292,-38.76264],[175.60512,-38.75664],[175.60571,-38.75374],[175.61138,-38.75088],[175.61243,-38.74824],[175.62497,-38.74484],[175.62899,-38.74456],[175.6355,-38.74185],[175.63634,-38.74083],[175.65333,-38.73971],[175.66292,-38.73696],[175.67076,-38.74182],[175.67312,-38.7423],[175.67649,-38.74169],[175.67789,-38.74335],[175.68258,-38.74223],[175.68586,-38.7443],[175.68965,-38.74382],[175.69245,-38.74458],[175.69467,-38.74593],[175.69479,-38.74739],[175.69582,-38.74826],[175.70111,-38.74713],[175.70574,-38.74753],[175.70825,-38.74656],[175.71404,-38.74966],[175.71443,-38.75079],[175.71704,-38.75001],[175.7217,-38.75161],[175.72695,-38.7482],[175.7323,-38.7477],[175.73605,-38.74397],[175.7411,-38.74266],[175.74035,-38.73552],[175.74164,-38.73446],[175.74361,-38.72956],[175.74353,-38.72782],[175.7481,-38.72202],[175.75072,-38.72015],[175.75184,-38.7197],[175.75257,-38.72032],[175.75632,-38.71801],[175.76038,-38.71128],[175.75927,-38.71119],[175.76086,-38.70977],[175.77239,-38.70486],[175.77176,-38.70349],[175.7725,-38.70339],[175.76954,-38.70142],[175.76744,-38.6948],[175.77116,-38.68454],[175.77492,-38.67951],[175.77743,-38.67964],[175.78046,-38.67823],[175.79084,-38.67598],[175.792,-38.67635],[175.79428,-38.67999],[175.79791,-38.68224],[175.79906,-38.68219],[175.80005,-38.68046],[175.80154,-38.68124],[175.80371,-38.68073],[175.80452,-38.68124],[175.80942,-38.67992],[175.81209,-38.68206],[175.81467,-38.68242],[175.81468,-38.68367],[175.81542,-38.68397],[175.81644,-38.68309],[175.81661,-38.6816],[175.81889,-38.68182],[175.81955,-38.68123],[175.81865,-38.68049],[175.8198,-38.6799],[175.81873,-38.67895],[175.82071,-38.67673],[175.82003,-38.67278],[175.82052,-38.67181],[175.82215,-38.67126],[175.82207,-38.66963],[175.82335,-38.66857],[175.82702,-38.66716],[175.82936,-38.66721],[175.82964,-38.66607],[175.83256,-38.66524],[175.83384,-38.66373],[175.84027,-38.66254],[175.84344,-38.6608],[175.84871,-38.66037],[175.86362,-38.66188],[175.86792,-38.66363],[175.8698,-38.66671],[175.86696,-38.66862],[175.868,-38.67337],[175.86752,-38.67636],[175.87053,-38.67839],[175.87374,-38.67879],[175.87636,-38.67422],[175.87697,-38.67015],[175.87866,-38.66803],[175.88117,-38.66702],[175.8822,-38.66428],[175.88468,-38.66222],[175.88443,-38.65663],[175.88341,-38.65536],[175.88342,-38.65293],[175.88472,-38.65125],[175.88447,-38.64903],[175.91433,-38.61641],[175.92974,-38.61178],[175.94027,-38.57729],[175.9403,-38.57085],[175.94515,-38.56845],[175.94939,-38.56521],[175.96873,-38.55816],[175.97375,-38.55858],[175.97619,-38.55702],[175.98335,-38.56336],[175.98761,-38.55799],[176.01185,-38.56037],[176.01022,-38.56299],[176.01144,-38.56386],[176.01619,-38.56425],[176.01703,-38.56237],[176.01646,-38.56082],[176.02168,-38.56134],[176.02042,-38.55904],[176.01716,-38.55662],[176.01691,-38.55569],[176.01808,-38.55509],[176.02066,-38.55488],[176.0213,-38.55825],[176.03947,-38.55831],[176.03998,-38.55558],[176.04366,-38.55554],[176.04402,-38.55495],[176.04279,-38.55093],[176.04301,-38.54468],[176.04957,-38.5376],[176.05177,-38.53384],[176.04972,-38.52754],[176.04611,-38.52373],[176.04631,-38.51659],[176.04892,-38.50833],[176.07363,-38.50984],[176.11445,-38.46593],[176.13131,-38.465],[176.13131,-38.45572],[176.14121,-38.45514],[176.14244,-38.45194],[176.14037,-38.44551],[176.13761,-38.44194],[176.13932,-38.4406],[176.13905,-38.43859],[176.13195,-38.43261],[176.13166,-38.42899],[176.13002,-38.42587],[176.12697,-38.42281],[176.12611,-38.42063],[176.11865,-38.41322],[176.11175,-38.41119],[176.10591,-38.4134],[176.09679,-38.41235],[176.09236,-38.41046],[176.08794,-38.40668],[176.08506,-38.40703],[176.08288,-38.40859],[176.07393,-38.40791],[176.06892,-38.40563],[176.0684,-38.40129],[176.06555,-38.39802],[176.0631,-38.39614],[176.06163,-38.39683],[176.05903,-38.39339],[176.05293,-38.38954],[176.0427,-38.38521],[176.03014,-38.38654],[176.02598,-38.38493],[176.02666,-38.38347],[176.03038,-38.38153],[176.0313,-38.38002],[176.03025,-38.37713],[176.02852,-38.37567],[176.02759,-38.37344],[176.02723,-38.36913],[176.02478,-38.36864],[176.02514,-38.36651],[176.02399,-38.36661],[176.02382,-38.36502],[176.02618,-38.36372],[176.03113,-38.36357],[176.03564,-38.36085],[176.03762,-38.35816],[176.03977,-38.35875],[176.04261,-38.35708],[176.04653,-38.35641],[176.04775,-38.35417],[176.0501,-38.35437],[176.04879,-38.3498],[176.05054,-38.34938],[176.0522,-38.34761],[176.05496,-38.34705],[176.05531,-38.34582],[176.05705,-38.34528],[176.05737,-38.34432],[176.0553,-38.34412],[176.05548,-38.34314],[176.06077,-38.34282],[176.06294,-38.34042],[176.06113,-38.33859],[176.06022,-38.3356],[176.05859,-38.33443],[176.06159,-38.33519],[176.06416,-38.33471],[176.07286,-38.32717],[176.08864,-38.322],[176.09286,-38.3176],[176.09956,-38.3172],[176.10913,-38.31341],[176.11416,-38.31479],[176.11708,-38.3146],[176.12076,-38.31118],[176.1265,-38.30879],[176.12963,-38.30436],[176.1311,-38.30359],[176.13175,-38.3023],[176.13069,-38.30127],[176.12919,-38.30129],[176.12927,-38.30028],[176.13084,-38.2998],[176.1301,-38.29778],[176.12812,-38.29693],[176.1332,-38.29461],[176.13564,-38.29547],[176.13784,-38.2943],[176.13788,-38.29338],[176.13612,-38.29266],[176.13761,-38.29017],[176.13659,-38.28936],[176.13775,-38.28762],[176.13563,-38.28789],[176.1348,-38.28512],[176.13298,-38.2841],[176.13218,-38.28427],[176.13243,-38.28569],[176.13118,-38.28545],[176.12993,-38.28284],[176.12817,-38.28315],[176.12494,-38.28155],[176.124,-38.28218],[176.12298,-38.28092],[176.12214,-38.28195],[176.121,-38.28179],[176.11991,-38.28126],[176.11972,-38.28023],[176.11784,-38.28098],[176.11593,-38.28064],[176.11537,-38.27977],[176.11402,-38.28041],[176.11347,-38.27784],[176.11239,-38.27701],[176.11034,-38.27754],[176.11077,-38.27584],[176.10863,-38.27578],[176.12927,-38.27316],[176.11599,-38.26905],[176.12052,-38.26791],[176.15033,-38.21819],[176.11011,-38.16686],[176.09004,-38.16696],[176.08875,-38.16427],[176.05831,-38.16416],[176.0583,-38.16669],[176.03071,-38.16658],[176.03074,-38.13924],[176.02198,-38.13932],[176.01973,-38.14245],[176.01578,-38.14173],[175.98446,-38.142],[175.98175,-38.13858],[175.99909,-38.13148],[176.00505,-38.12287],[176.05678,-38.03702],[176.06225,-38.02682],[176.05758,-38.0216],[176.0545,-38.01939],[176.03279,-38.00831],[176.02296,-37.99891],[176.01318,-37.99347],[176.00583,-37.99131],[175.98336,-37.98897],[175.97148,-37.98641],[175.97028,-37.98504],[175.97013,-37.98352],[175.97088,-37.97892],[175.97263,-37.97448],[175.9711,-37.97015],[175.96802,-37.967],[175.96526,-37.96555],[175.96377,-37.96569],[175.96098,-37.96778],[175.95928,-37.96751],[175.95328,-37.96276],[175.94943,-37.95674],[175.94225,-37.93555],[175.94094,-37.93028],[175.9414,-37.92782],[175.94665,-37.92291],[175.94923,-37.92181],[175.97719,-37.91367],[175.95804,-37.90575],[175.95424,-37.90191],[175.97183,-37.88285],[175.96765,-37.8833],[175.96093,-37.8894],[175.95346,-37.88318],[175.95109,-37.88025],[175.94875,-37.8801],[175.9478,-37.87881],[175.94298,-37.87908],[175.9427,-37.88059],[175.93958,-37.88264],[175.93811,-37.88262],[175.93625,-37.88136],[175.93786,-37.87371],[175.9365,-37.87007],[175.93991,-37.86801],[175.93186,-37.8616],[175.93064,-37.85645],[175.92785,-37.85208],[175.92813,-37.84718],[175.93501,-37.84264],[175.90587,-37.82855],[175.92758,-37.77616],[175.89521,-37.72422],[175.89956,-37.72216],[175.89784,-37.72127],[175.89812,-37.71937],[175.9002,-37.71837],[175.89573,-37.7167],[175.898,-37.71423],[175.89683,-37.71181],[175.89214,-37.71121],[175.88991,-37.70919],[175.88965,-37.704],[175.89052,-37.70261],[175.88974,-37.70115],[175.8795,-37.69931],[175.87642,-37.69316],[175.87456,-37.69242],[175.87214,-37.68631],[175.87086,-37.67755],[175.86481,-37.67217],[175.86524,-37.66811],[175.85631,-37.66277],[175.85206,-37.66205],[175.84812,-37.65188],[175.84451,-37.64859],[175.84514,-37.64694],[175.84317,-37.64319],[175.8408,-37.64193],[175.84148,-37.63876],[175.84006,-37.63654],[175.83746,-37.63537],[175.83706,-37.63222],[175.83359,-37.62749],[175.83582,-37.62668],[175.83539,-37.62494],[175.83671,-37.62276],[175.84082,-37.62058],[175.83983,-37.61827],[175.84148,-37.61331],[175.84009,-37.61236],[175.84041,-37.61146],[175.84004,-37.61003],[175.83917,-37.60968],[175.83886,-37.60752],[175.83716,-37.60657],[175.83688,-37.60463],[175.8356,-37.6035],[175.83563,-37.60173],[175.83444,-37.60008],[175.83464,-37.59823],[175.83281,-37.59764],[175.82304,-37.58264],[175.82167,-37.57157],[175.81172,-37.56427],[175.81135,-37.56035],[175.81289,-37.55524],[175.81495,-37.55307],[175.82655,-37.54572],[175.82917,-37.54199],[175.83104,-37.53684],[175.829,-37.53179],[175.82373,-37.52681],[175.8246,-37.52059],[175.82434,-37.51767],[175.82325,-37.51585],[175.82024,-37.51448],[175.80913,-37.5137],[175.80666,-37.5123],[175.80602,-37.5107],[175.80684,-37.5042],[175.80852,-37.50106],[175.81688,-37.49554],[175.81795,-37.49267],[175.81674,-37.48873],[175.81353,-37.48491],[175.83278,-37.4716],[175.84365,-37.48699],[175.85546,-37.49494],[175.85762,-37.49727],[175.86562,-37.50036],[175.87067,-37.50053],[175.87071,-37.49555],[175.92357,-37.49572],[175.92588,-37.49404],[175.92732,-37.49484],[175.93096,-37.48344],[175.93035,-37.48028],[175.93493,-37.47319],[175.93707,-37.46466],[175.93644,-37.46286],[175.92633,-37.4573],[175.921,-37.45934],[175.91686,-37.46253],[175.91397,-37.46291],[175.90648,-37.45822],[175.90053,-37.45584],[175.89635,-37.45599],[175.8946,-37.45492],[175.91695,-37.44457],[175.9129,-37.44156],[175.94483,-37.42146],[175.94397,-37.42038],[175.95446,-37.42083],[176.20429,-37.14098],[176.3957,-37.09068],[176.41144,-37.09853],[176.42629,-37.10724],[176.44665,-37.1214],[176.46411,-37.1356],[176.48199,-37.15326],[176.49667,-37.17092],[176.50703,-37.18653],[176.51632,-37.20459],[176.52204,-37.21888],[176.52711,-37.23679],[176.52986,-37.25202],[176.53109,-37.27372],[176.53071,-37.28439],[176.52755,-37.30614],[176.5219,-37.33094],[176.51463,-37.35308],[176.5428,-37.36298],[176.56304,-37.37235],[176.58698,-37.38615],[176.60136,-37.39649]]]},"properties":{"name":"Waiariki"}}]}
